 F  pb nrl nc  
 converted from F.pbe-mt-cpi.UPF (UPF 2.0.1, semilocal norm-conserving)
 2s(  2.00) rc= 1.2748 2p(  5.00) rc= 1.2748
   2  0  953  6.944444444444E-04  1.219994341177E-02  7.000000000000E+00   nl nls nr a b zion
 Radial grid follows
  8.524073808202E-06  1.715277777778E-05  2.588739620904E-05  3.472922916667E-05
  4.367959267318E-05  5.273981890486E-05  6.191125638999E-05  7.119527020959E-05
  8.059324220060E-05  9.010657116154E-05  9.973667306073E-05  1.094849812470E-04
  1.193529466631E-04  1.293420380616E-04  1.394537422235E-04  1.496895641795E-04
  1.600510274342E-04  1.705396741925E-04  1.811570655896E-04  1.919047819228E-04
  2.027844228874E-04  2.137976078141E-04  2.249459759105E-04  2.362311865049E-04
  2.476549192933E-04  2.592188745893E-04  2.709247735776E-04  2.827743585695E-04
  2.947693932627E-04  3.069116630039E-04  3.192029750541E-04  3.316451588579E-04
  3.442400663157E-04  3.569895720595E-04  3.698955737315E-04  3.829599922671E-04
  3.961847721804E-04  4.095718818539E-04  4.231233138311E-04  4.368410851134E-04
  4.507272374605E-04  4.647838376935E-04  4.790129780035E-04  4.934167762623E-04
  5.079973763380E-04  5.227569484138E-04  5.376976893113E-04  5.528218228174E-04
  5.681316000151E-04  5.836292996188E-04  5.993172283132E-04  6.151977210971E-04
  6.312731416303E-04  6.475458825860E-04  6.640183660064E-04  6.806930436636E-04
  6.975723974245E-04  7.146589396199E-04  7.319552134187E-04  7.494637932063E-04
  7.671872849679E-04  7.851283266763E-04  8.032895886844E-04  8.216737741230E-04
  8.402836193027E-04  8.591218941216E-04  8.781914024772E-04  8.974949826842E-04
  9.170355078962E-04  9.368158865342E-04  9.568390627190E-04  9.771080167094E-04
  9.976257653459E-04  1.018395362500E-03  1.039419899528E-03  1.060702505731E-03
  1.082246348824E-03  1.104054635401E-03  1.126130611418E-03  1.148477562673E-03
  1.171098815297E-03  1.193997736249E-03  1.217177733813E-03  1.240642258112E-03
  1.264394801616E-03  1.288438899665E-03  1.312778130994E-03  1.337416118265E-03
  1.362356528607E-03  1.387603074163E-03  1.413159512641E-03  1.439029647873E-03
  1.465217330381E-03  1.491726457953E-03  1.518560976220E-03  1.545724879243E-03
  1.573222210110E-03  1.601057061538E-03  1.629233576477E-03  1.657755948735E-03
  1.686628423594E-03  1.715855298447E-03  1.745440923435E-03  1.775389702096E-03
  1.805706092021E-03  1.836394605516E-03  1.867459810272E-03  1.898906330050E-03
  1.930738845364E-03  1.962962094180E-03  1.995580872622E-03  2.028600035684E-03
  2.062024497953E-03  2.095859234343E-03  2.130109280831E-03  2.164779735209E-03
  2.199875757845E-03  2.235402572447E-03  2.271365466842E-03  2.307769793764E-03
  2.344620971650E-03  2.381924485448E-03  2.419685887428E-03  2.457910798016E-03
  2.496604906625E-03  2.535773972505E-03  2.575423825596E-03  2.615560367403E-03
  2.656189571866E-03  2.697317486256E-03  2.738950232069E-03  2.781094005944E-03
  2.823755080579E-03  2.866939805669E-03  2.910654608847E-03  2.954905996647E-03
  2.999700555464E-03  3.045044952542E-03  3.090945936961E-03  3.137410340647E-03
  3.184445079382E-03  3.232057153839E-03  3.280253650621E-03  3.329041743316E-03
  3.378428693569E-03  3.428421852154E-03  3.479028660078E-03  3.530256649680E-03
  3.582113445759E-03  3.634606766705E-03  3.687744425647E-03  3.741534331620E-03
  3.795984490739E-03  3.851103007389E-03  3.906898085438E-03  3.963378029449E-03
  4.020551245926E-03  4.078426244555E-03  4.137011639478E-03  4.196316150573E-03
  4.256348604751E-03  4.317117937270E-03  4.378633193066E-03  4.440903528098E-03
  4.503938210712E-03  4.567746623020E-03  4.632338262295E-03  4.697722742386E-03
  4.763909795151E-03  4.830909271901E-03  4.898731144869E-03  4.967385508695E-03
  5.036882581925E-03  5.107232708537E-03  5.178446359477E-03  5.250534134216E-03
  5.323506762333E-03  5.397375105109E-03  5.472150157141E-03  5.547843047983E-03
  5.624465043800E-03  5.702027549046E-03  5.780542108160E-03  5.860020407285E-03
  5.940474276009E-03  6.021915689123E-03  6.104356768404E-03  6.187809784422E-03
  6.272287158362E-03  6.357801463875E-03  6.444365428951E-03  6.531991937810E-03
  6.620694032824E-03  6.710484916452E-03  6.801377953212E-03  6.893386671666E-03
  6.986524766434E-03  7.080806100234E-03  7.176244705943E-03  7.272854788688E-03
  7.370650727958E-03  7.469647079746E-03  7.569858578716E-03  7.671300140394E-03
  7.773986863388E-03  7.877934031639E-03  7.983157116692E-03  8.089671779998E-03
  8.197493875252E-03  8.306639450742E-03  8.417124751748E-03  8.528966222953E-03
  8.642180510894E-03  8.756784466438E-03  8.872795147291E-03  8.990229820537E-03
  9.109105965207E-03  9.229441274882E-03  9.351253660325E-03  9.474561252149E-03
  9.599382403513E-03  9.725735692855E-03  9.853639926657E-03  9.983114142246E-03
  1.011417761062E-02  1.024684983934E-02  1.038115057538E-02  1.051709980815E-02
  1.065471777237E-02  1.079402495119E-02  1.093504207913E-02  1.107779014526E-02
  1.122229039626E-02  1.136856433962E-02  1.151663374683E-02  1.166652065659E-02
  1.181824737815E-02  1.197183649459E-02  1.212731086617E-02  1.228469363378E-02
  1.244400822234E-02  1.260527834431E-02  1.276852800321E-02  1.293378149719E-02
  1.310106342267E-02  1.327039867795E-02  1.344181246699E-02  1.361533030308E-02
  1.379097801270E-02  1.396878173934E-02  1.414876794739E-02  1.433096342608E-02
  1.451539529347E-02  1.470209100048E-02  1.489107833499E-02  1.508238542597E-02
  1.527604074765E-02  1.547207312377E-02  1.567051173189E-02  1.587138610770E-02
  1.607472614945E-02  1.628056212234E-02  1.648892466312E-02  1.669984478454E-02
  1.691335388007E-02  1.712948372850E-02  1.734826649869E-02  1.756973475437E-02
  1.779392145898E-02  1.802085998058E-02  1.825058409680E-02  1.848312799988E-02
  1.871852630177E-02  1.895681403925E-02  1.919802667920E-02  1.944220012380E-02
  1.968937071595E-02  1.993957524464E-02  2.019285095041E-02  2.044923553096E-02
  2.070876714667E-02  2.097148442635E-02  2.123742647297E-02  2.150663286946E-02
  2.177914368463E-02  2.205499947911E-02  2.233424131142E-02  2.261691074402E-02
  2.290304984959E-02  2.319270121718E-02  2.348590795865E-02  2.378271371502E-02
  2.408316266300E-02  2.438729952156E-02  2.469516955856E-02  2.500681859752E-02
  2.532229302443E-02  2.564163979466E-02  2.596490643991E-02  2.629214107536E-02
  2.662339240676E-02  2.695870973770E-02  2.729814297698E-02  2.764174264600E-02
  2.798955988629E-02  2.834164646713E-02  2.869805479326E-02  2.905883791265E-02
  2.942404952443E-02  2.979374398687E-02  3.016797632546E-02  3.054680224112E-02
  3.093027811848E-02  3.131846103426E-02  3.171140876578E-02  3.210917979958E-02
  3.251183334008E-02  3.291942931841E-02  3.333202840135E-02  3.374969200035E-02
  3.417248228065E-02  3.460046217054E-02  3.503369537075E-02  3.547224636393E-02
  3.591618042419E-02  3.636556362689E-02  3.682046285845E-02  3.728094582626E-02
  3.774708106883E-02  3.821893796594E-02  3.869658674900E-02  3.918009851148E-02
  3.966954521948E-02  4.016499972249E-02  4.066653576418E-02  4.117422799341E-02
  4.168815197533E-02  4.220838420263E-02  4.273500210690E-02  4.326808407021E-02
  4.380770943672E-02  4.435395852452E-02  4.490691263759E-02  4.546665407786E-02
  4.603326615751E-02  4.660683321136E-02  4.718744060938E-02  4.777517476946E-02
  4.837012317021E-02  4.897237436404E-02  4.958201799029E-02  5.019914478861E-02
  5.082384661243E-02  5.145621644267E-02  5.209634840154E-02  5.274433776658E-02
  5.340028098483E-02  5.406427568719E-02  5.473642070293E-02  5.541681607444E-02
  5.610556307207E-02  5.680276420926E-02  5.750852325773E-02  5.822294526300E-02
  5.894613655998E-02  5.967820478878E-02  6.041925891079E-02  6.116940922484E-02
  6.192876738366E-02  6.269744641047E-02  6.347556071581E-02  6.426322611459E-02
  6.506055984327E-02  6.586768057739E-02  6.668470844918E-02  6.751176506543E-02
  6.834897352565E-02  6.919645844033E-02  7.005434594951E-02  7.092276374158E-02
  7.180184107224E-02  7.269170878378E-02  7.359249932451E-02  7.450434676851E-02
  7.542738683560E-02  7.636175691147E-02  7.730759606822E-02  7.826504508496E-02
  7.923424646888E-02  8.021534447634E-02  8.120848513444E-02  8.221381626268E-02
  8.323148749504E-02  8.426165030215E-02  8.530445801394E-02  8.636006584239E-02
  8.742863090466E-02  8.851031224648E-02  8.960527086579E-02  9.071366973674E-02
  9.183567383395E-02  9.297145015702E-02  9.412116775542E-02  9.528499775367E-02
  9.646311337676E-02  9.765568997597E-02  9.886290505495E-02  1.000849382962E-01
  1.013219715876E-01  1.025741890498E-01  1.038417770636E-01  1.051249242972E-01
  1.064238217348E-01  1.077386627051E-01  1.090696429094E-01  1.104169604517E-01
  1.117808158671E-01  1.131614121526E-01  1.145589547968E-01  1.159736518105E-01
  1.174057137580E-01  1.188553537880E-01  1.203227876656E-01  1.218082338044E-01
  1.233119132988E-01  1.248340499571E-01  1.263748703350E-01  1.279346037688E-01
  1.295134824101E-01  1.311117412597E-01  1.327296182034E-01  1.343673540466E-01
  1.360251925508E-01  1.377033804693E-01  1.394021675846E-01  1.411218067447E-01
  1.428625539017E-01  1.446246681491E-01  1.464084117608E-01  1.482140502301E-01
  1.500418523091E-01  1.518920900486E-01  1.537650388389E-01  1.556609774506E-01
  1.575801880760E-01  1.595229563714E-01  1.614895714993E-01  1.634803261715E-01
  1.654955166931E-01  1.675354430058E-01  1.696004087332E-01  1.716907212258E-01
  1.738066916067E-01  1.759486348178E-01  1.781168696671E-01  1.803117188756E-01
  1.825335091257E-01  1.847825711096E-01  1.870592395789E-01  1.893638533938E-01
  1.916967555742E-01  1.940582933504E-01  1.964488182147E-01  1.988686859739E-01
  2.013182568024E-01  2.037978952953E-01  2.063079705232E-01  2.088488560868E-01
  2.114209301729E-01  2.140245756100E-01  2.166601799259E-01  2.193281354053E-01
  2.220288391479E-01  2.247626931276E-01  2.275301042526E-01  2.303314844256E-01
  2.331672506054E-01  2.360378248687E-01  2.389436344731E-01  2.418851119208E-01
  2.448626950224E-01  2.478768269630E-01  2.509279563672E-01  2.540165373667E-01
  2.571430296673E-01  2.603078986175E-01  2.635116152778E-01  2.667546564911E-01
  2.700375049530E-01  2.733606492842E-01  2.767245841031E-01  2.801298100993E-01
  2.835768341082E-01  2.870661691865E-01  2.905983346885E-01  2.941738563432E-01
  2.977932663331E-01  3.014571033727E-01  3.051659127893E-01  3.089202466038E-01
  3.127206636129E-01  3.165677294727E-01  3.204620167820E-01  3.244041051684E-01
  3.283945813743E-01  3.324340393438E-01  3.365230803120E-01  3.406623128934E-01
  3.448523531735E-01  3.490938247997E-01  3.533873590746E-01  3.577335950500E-01
  3.621331796215E-01  3.665867676255E-01  3.710950219360E-01  3.756586135636E-01
  3.802782217556E-01  3.849545340964E-01  3.896882466107E-01  3.944800638664E-01
  3.993306990798E-01  4.042408742217E-01  4.092113201248E-01  4.142427765927E-01
  4.193359925097E-01  4.244917259523E-01  4.297107443024E-01  4.349938243611E-01
  4.403417524645E-01  4.457553246006E-01  4.512353465281E-01  4.567826338960E-01
  4.623980123652E-01  4.680823177311E-01  4.738363960484E-01  4.796611037568E-01
  4.855573078085E-01  4.915258857974E-01  4.975677260892E-01  5.036837279543E-01
  5.098748017014E-01  5.161418688126E-01  5.224858620812E-01  5.289077257500E-01
  5.354084156523E-01  5.419888993538E-01  5.486501562967E-01  5.553931779457E-01
  5.622189679350E-01  5.691285422187E-01  5.761229292208E-01  5.832031699893E-01
  5.903703183504E-01  5.976254410658E-01  6.049696179914E-01  6.124039422379E-01
  6.199295203335E-01  6.275474723889E-01  6.352589322636E-01  6.430650477347E-01
  6.509669806683E-01  6.589659071915E-01  6.670630178685E-01  6.752595178770E-01
  6.835566271877E-01  6.919555807463E-01  7.004576286570E-01  7.090640363685E-01
  7.177760848626E-01  7.265950708446E-01  7.355223069365E-01  7.445591218722E-01
  7.537068606956E-01  7.629668849602E-01  7.723405729325E-01  7.818293197965E-01
  7.914345378617E-01  8.011576567733E-01  8.110001237247E-01  8.209634036734E-01
  8.310489795585E-01  8.412583525219E-01  8.515930421314E-01  8.620545866069E-01
  8.726445430498E-01  8.833644876739E-01  8.942160160409E-01  9.052007432972E-01
  9.163203044149E-01  9.275763544345E-01  9.389705687117E-01  9.505046431668E-01
  9.621802945367E-01  9.739992606308E-01  9.859633005895E-01  9.980741951461E-01
  1.010333746892E+00  1.022743780544E+00  1.035306143218E+00  1.048022704701E+00
  1.060895357733E+00  1.073926018285E+00  1.087116625847E+00  1.100469143715E+00
  1.113985559283E+00  1.127667884342E+00  1.141518155375E+00  1.155538433863E+00
  1.169730806591E+00  1.184097385957E+00  1.198640310291E+00  1.213361744168E+00
  1.228263878733E+00  1.243348932027E+00  1.258619149316E+00  1.274076803426E+00
  1.289724195082E+00  1.305563653248E+00  1.321597535478E+00  1.337828228261E+00
  1.354258147382E+00  1.370889738277E+00  1.387725476400E+00  1.404767867590E+00
  1.422019448445E+00  1.439482786697E+00  1.457160481599E+00  1.475055164307E+00
  1.493169498273E+00  1.511506179643E+00  1.530067937658E+00  1.548857535058E+00
  1.567877768496E+00  1.587131468952E+00  1.606621502155E+00  1.626350769012E+00
  1.646322206036E+00  1.666538785785E+00  1.687003517303E+00  1.707719446571E+00
  1.728689656958E+00  1.749917269680E+00  1.771405444263E+00  1.793157379018E+00
  1.815176311514E+00  1.837465519058E+00  1.860028319186E+00  1.882868070156E+00
  1.905988171448E+00  1.929392064267E+00  1.953083232060E+00  1.977065201032E+00
  2.001341540670E+00  2.025915864276E+00  2.050791829502E+00  2.075973138901E+00
  2.101463540469E+00  2.127266828210E+00  2.153386842696E+00  2.179827471644E+00
  2.206592650489E+00  2.233686362971E+00  2.261112641733E+00  2.288875568915E+00
  2.316979276762E+00  2.345427948245E+00  2.374225817676E+00  2.403377171344E+00
  2.432886348150E+00  2.462757740254E+00  2.492995793727E+00  2.523605009216E+00
  2.554589942610E+00  2.585955205721E+00  2.617705466970E+00  2.649845452081E+00
  2.682379944782E+00  2.715313787525E+00  2.748651882196E+00  2.782399190854E+00
  2.816560736464E+00  2.851141603646E+00  2.886146939433E+00  2.921581954034E+00
  2.957451921615E+00  2.993762181077E+00  3.030518136856E+00  3.067725259727E+00
  3.105389087614E+00  3.143515226420E+00  3.182109350856E+00  3.221177205290E+00
  3.260724604600E+00  3.300757435039E+00  3.341281655111E+00  3.382303296462E+00
  3.423828464770E+00  3.465863340662E+00  3.508414180628E+00  3.551487317955E+00
  3.595089163667E+00  3.639226207486E+00  3.683905018788E+00  3.729132247588E+00
  3.774914625530E+00  3.821258966882E+00  3.868172169558E+00  3.915661216141E+00
  3.963733174924E+00  4.012395200958E+00  4.061654537122E+00  4.111518515199E+00
  4.161994556967E+00  4.213090175303E+00  4.264812975302E+00  4.317170655410E+00
  4.370171008569E+00  4.423821923377E+00  4.478131385259E+00  4.533107477662E+00
  4.588758383253E+00  4.645092385138E+00  4.702117868097E+00  4.759843319829E+00
  4.818277332216E+00  4.877428602606E+00  4.937305935100E+00  4.997918241868E+00
  5.059274544475E+00  5.121383975220E+00  5.184255778501E+00  5.247899312186E+00
  5.312324049008E+00  5.377539577975E+00  5.443555605796E+00  5.510381958328E+00
  5.578028582037E+00  5.646505545477E+00  5.715823040791E+00  5.785991385228E+00
  5.857021022676E+00  5.928922525221E+00  6.001706594714E+00  6.075384064372E+00
  6.149965900382E+00  6.225463203539E+00  6.301887210899E+00  6.379249297445E+00
  6.457560977786E+00  6.536833907869E+00  6.617079886715E+00  6.698310858171E+00
  6.780538912694E+00  6.863776289146E+00  6.948035376616E+00  7.033328716266E+00
  7.119669003196E+00  7.207069088335E+00  7.295541980353E+00  7.385100847595E+00
  7.475759020045E+00  7.567529991308E+00  7.660427420618E+00  7.754465134871E+00
  7.849657130685E+00  7.946017576480E+00  8.043560814591E+00  8.142301363397E+00
  8.242253919489E+00  8.343433359851E+00  8.445854744078E+00  8.549533316617E+00
  8.654484509035E+00  8.760723942315E+00  8.868267429186E+00  8.977130976468E+00
  9.087330787464E+00  9.198883264365E+00  9.311805010692E+00  9.426112833772E+00
  9.541823747234E+00  9.658954973544E+00  9.777523946569E+00  9.897548314169E+00
  1.001904594083E+01  1.014203491031E+01  1.026653352834E+01  1.039256032537E+01
  1.052013405927E+01  1.064927371818E+01  1.077999852331E+01  1.091232793180E+01
  1.104628163962E+01  1.118187958449E+01  1.131914194889E+01  1.145808916301E+01
  1.159874190781E+01  1.174112111811E+01  1.188524798571E+01  1.203114396251E+01
  1.217883076373E+01  1.232833037116E+01  1.247966503638E+01  1.263285728410E+01
  1.278792991555E+01  1.294490601180E+01  1.310380893724E+01  1.326466234307E+01
  1.342749017077E+01  1.359231665572E+01  1.375916633077E+01  1.392806402989E+01
  1.409903489191E+01  1.427210436421E+01  1.444729820652E+01  1.462464249478E+01
  1.480416362500E+01  1.498588831718E+01  1.516984361932E+01  1.535605691140E+01
  1.554455590949E+01  1.573536866988E+01  1.592852359323E+01  1.612404942881E+01
  1.632197527876E+01  1.652233060248E+01  1.672514522093E+01  1.693044932114E+01
  1.713827346066E+01  1.734864857215E+01  1.756160596792E+01  1.777717734466E+01
  1.799539478810E+01  1.821629077785E+01  1.843989819215E+01  1.866625031284E+01
  1.889538083027E+01  1.912732384834E+01  1.936211388956E+01  1.959978590017E+01
  1.984037525541E+01  2.008391776469E+01  2.033044967699E+01  2.058000768625E+01
  2.083262893679E+01  2.108835102888E+01  2.134721202431E+01  2.160925045207E+01
  2.187450531409E+01  2.214301609102E+01  2.241482274812E+01  2.268996574124E+01
  2.296848602278E+01  2.325042504783E+01  2.353582478032E+01  2.382472769929E+01
  2.411717680517E+01  2.441321562624E+01  2.471288822504E+01  2.501623920498E+01
  2.532331371697E+01  2.563415746612E+01  2.594881671856E+01  2.626733830831E+01
  2.658976964429E+01  2.691615871731E+01  2.724655410728E+01  2.758100499040E+01
  2.791956114651E+01  2.826227296644E+01  2.860919145960E+01  2.896036826149E+01
  2.931585564143E+01  2.967570651033E+01  3.003997442855E+01  3.040871361391E+01
  3.078197894972E+01  3.115982599295E+01  3.154231098255E+01  3.192949084776E+01
  3.232142321660E+01  3.271816642448E+01  3.311977952283E+01  3.352632228794E+01
  3.393785522982E+01  3.435443960123E+01  3.477613740677E+01  3.520301141216E+01
  3.563512515350E+01  3.607254294681E+01  3.651532989757E+01  3.696355191038E+01
  3.741727569882E+01  3.787656879534E+01  3.834149956135E+01  3.881213719736E+01
  3.928855175330E+01  3.977081413892E+01  4.025899613438E+01  4.075317040093E+01
  4.125341049168E+01  4.175979086261E+01  4.227238688360E+01  4.279127484969E+01
  4.331653199240E+01  4.384823649126E+01  4.438646748539E+01  4.493130508537E+01
  4.548283038506E+01  4.604112547375E+01  4.660627344835E+01  4.717835842573E+01
  4.775746555530E+01  4.834368103163E+01  4.893709210730E+01  4.953778710589E+01
  5.014585543512E+01  5.076138760018E+01  5.138447521715E+01  5.201521102668E+01
  5.265368890779E+01  5.330000389182E+01  5.395425217659E+01  5.461653114072E+01
  5.528693935813E+01  5.596557661268E+01  5.665254391305E+01  5.734794350779E+01
  5.805187890048E+01  5.876445486521E+01  5.948577746210E+01  6.021595405316E+01
  6.095509331819E+01  6.170330527105E+01  6.246070127593E+01  6.322739406402E+01
  6.400349775022E+01  6.478912785018E+01  6.558440129743E+01  6.638943646086E+01
  6.720435316226E+01  6.802927269422E+01  6.886431783814E+01  6.970961288254E+01
  7.056528364152E+01  7.143145747352E+01  7.230826330025E+01  7.319583162589E+01
  7.409429455654E+01  7.500378581983E+01  7.592444078486E+01  7.685639648236E+01
  7.779979162503E+01
 Pseudopotential follows (l on next line)
 0
 -1.762684254482E-04 -3.547004964500E-04 -5.353227810338E-04 -7.181621739529E-04
 -9.032459007244E-04 -1.090601521720E-03 -1.280256936305E-03 -1.472240387035E-03
 -1.666580463899E-03 -1.863306108624E-03 -2.062446619023E-03 -2.264031653409E-03
 -2.468091235057E-03 -2.674655756727E-03 -2.883755985243E-03 -3.095423066126E-03
 -3.309688528295E-03 -3.526584288817E-03 -3.746142657724E-03 -3.968396342890E-03
 -4.193378454969E-03 -4.421122512397E-03 -4.651662446456E-03 -4.885032606406E-03
 -5.121267764677E-03 -5.360403122135E-03 -5.602474313406E-03 -5.847517412278E-03
 -6.095568937166E-03 -6.346665856648E-03 -6.600845595074E-03 -6.858146038244E-03
 -7.118605539166E-03 -7.382262923878E-03 -7.649157497357E-03 -7.919329049491E-03
 -8.192817861143E-03 -8.469664710280E-03 -8.749910878193E-03 -9.033598155790E-03
 -9.320768849974E-03 -9.611465790104E-03 -9.905732334543E-03 -1.020361237728E-02
 -1.050515035467E-02 -1.081039125221E-02 -1.111938061146E-02 -1.143216453700E-02
 -1.174878970355E-02 -1.206930336311E-02 -1.239375335224E-02 -1.272218809942E-02
 -1.305465663251E-02 -1.339120858631E-02 -1.373189421023E-02 -1.407676437605E-02
 -1.442587076850E-02 -1.477926532550E-02 -1.513700079733E-02 -1.549913061830E-02
 -1.586570888373E-02 -1.623679035800E-02 -1.661243058086E-02 -1.699268572504E-02
 -1.737761253582E-02 -1.776726854591E-02 -1.816171199962E-02 -1.856100186135E-02
 -1.896519782426E-02 -1.937436031892E-02 -1.978855052206E-02 -2.020783039047E-02
 -2.063226343207E-02 -2.106191244580E-02 -2.149684170199E-02 -2.193711626336E-02
 -2.238280199408E-02 -2.283396556884E-02 -2.329067604755E-02 -2.375300047624E-02
 -2.422100803713E-02 -2.469476877337E-02 -2.517435359553E-02 -2.565983669254E-02
 -2.615128868971E-02 -2.664878316726E-02 -2.715239460508E-02 -2.766220034601E-02
 -2.817827654914E-02 -2.870069922710E-02 -2.922954661353E-02 -2.976490030319E-02
 -3.030684062930E-02 -3.085544686250E-02 -3.141080117217E-02 -3.197299119736E-02
 -3.254209884705E-02 -3.311820805451E-02 -3.370140638914E-02 -3.429178643859E-02
 -3.488943118787E-02 -3.549443017532E-02 -3.610688106300E-02 -3.672687192767E-02
 -3.735449357636E-02 -3.798984524492E-02 -3.863302393019E-02 -3.928412049797E-02
 -3.994323631305E-02 -4.061047690950E-02 -4.128593344947E-02 -4.196971027476E-02
 -4.266192056598E-02 -4.336265624870E-02 -4.407202586866E-02 -4.479014869476E-02
 -4.551711818646E-02 -4.625304880428E-02 -4.699806348327E-02 -4.775225838190E-02
 -4.851575619823E-02 -4.928868000729E-02 -5.007113033820E-02 -5.086324121641E-02
 -5.166513093494E-02 -5.247690670796E-02 -5.329871793255E-02 -5.413067144867E-02
 -5.497288628260E-02 -5.582552641315E-02 -5.668868439518E-02 -5.756250584055E-02
 -5.844713803923E-02 -5.934268567359E-02 -6.024932045810E-02 -6.116716107564E-02
 -6.209633511782E-02 -6.303703345895E-02 -6.398934649840E-02 -6.495345036458E-02
 -6.592949504077E-02 -6.691759409095E-02 -6.791796909276E-02 -6.893070858021E-02
 -6.995599395291E-02 -7.099400136216E-02 -7.204483722791E-02 -7.310874731791E-02
 -7.418582176146E-02 -7.527625547490E-02 -7.638023916328E-02 -7.749787654348E-02
 -7.862945190454E-02 -7.977503572681E-02 -8.093485927543E-02 -8.210910676345E-02
 -8.329789851591E-02 -8.450154661476E-02 -8.572010014799E-02 -8.695385198996E-02
 -8.820294547967E-02 -8.946756058613E-02 -9.074798281062E-02 -9.204427396127E-02
 -9.335681411216E-02 -9.468565292461E-02 -9.603108567549E-02 -9.739331693109E-02
 -9.877248952293E-02 -1.001689818115E-01 -1.015828066844E-01 -1.030144113707E-01
 -1.044638387378E-01 -1.059314189356E-01 -1.074173799132E-01 -1.089218689603E-01
 -1.104453213009E-01 -1.119877112548E-01 -1.135496076659E-01 -1.151309669698E-01
 -1.167322392059E-01 -1.183535955047E-01 -1.199952733723E-01 -1.216576841421E-01
 -1.233408267571E-01 -1.250453803013E-01 -1.267711741859E-01 -1.285188935251E-01
 -1.302885077405E-01 -1.320804975362E-01 -1.338951011514E-01 -1.357325323617E-01
 -1.375933289802E-01 -1.394774065294E-01 -1.413856354377E-01 -1.433177052324E-01
 -1.452745366843E-01 -1.472559462437E-01 -1.492626232011E-01 -1.512947050758E-01
 -1.533525622298E-01 -1.554366888818E-01 -1.575471002828E-01 -1.596846853809E-01
 -1.618490657185E-01 -1.640415654641E-01 -1.662615616156E-01 -1.685102858635E-01
 -1.707874334328E-01 -1.730938918801E-01 -1.754297577829E-01 -1.777955201673E-01
 -1.801917186292E-01 -1.826184015632E-01 -1.850765955476E-01 -1.875658639676E-01
 -1.900877666148E-01 -1.926414244623E-01 -1.952287113280E-01 -1.978487030484E-01
 -2.005030135459E-01 -2.031911821750E-01 -2.059143644399E-01 -2.086726082149E-01
 -2.114665654437E-01 -2.142968392298E-01 -2.171635311872E-01 -2.200678478789E-01
 -2.230092923980E-01 -2.259897242864E-01 -2.290079987552E-01 -2.320666788484E-01
 -2.351641222005E-01 -2.383030449599E-01 -2.414819956818E-01 -2.447032816389E-01
 -2.479660283782E-01 -2.512719760243E-01 -2.546208723519E-01 -2.580138457196E-01
 -2.614513111105E-01 -2.649337409566E-01 -2.684622616502E-01 -2.720366465463E-01
 -2.756587762695E-01 -2.793276835881E-01 -2.830460441226E-01 -2.868121109017E-01
 -2.906293924782E-01 -2.944954121738E-01 -2.984142876485E-01 -3.023833332775E-01
 -3.064063355521E-01 -3.104812705326E-01 -3.146112818751E-01 -3.187950383934E-01
 -3.230350117935E-01 -3.273305902506E-01 -3.316835492218E-01 -3.360940174096E-01
 -3.405630555521E-01 -3.450915475424E-01 -3.496798278522E-01 -3.543295425844E-01
 -3.590402964922E-01 -3.638144960477E-01 -3.686510221735E-01 -3.735530297269E-01
 -3.785186923383E-01 -3.835518897790E-01 -3.886501169436E-01 -3.938179421657E-01
 -3.990522849711E-01 -4.043581674521E-01 -4.097324243418E-01 -4.151796549657E-01
 -4.206974046938E-01 -4.262895963266E-01 -4.319544631397E-01 -4.376952783745E-01
 -4.435109279647E-01 -4.494040755234E-01 -4.553742107202E-01 -4.614234415931E-01
 -4.675517978283E-01 -4.737609011756E-01 -4.800512417607E-01 -4.864240406100E-01
 -4.928801518756E-01 -4.994204986515E-01 -5.060461850041E-01 -5.127579569379E-01
 -5.195570358955E-01 -5.264441303658E-01 -5.334204276432E-01 -5.404867575059E-01
 -5.476441022259E-01 -5.548935911988E-01 -5.622358113090E-01 -5.696723894816E-01
 -5.772033074652E-01 -5.848309070087E-01 -5.925543359783E-01 -6.003768871374E-01
 -6.082966274042E-01 -6.163179844167E-01 -6.244378910639E-01 -6.326617512108E-01
 -6.409858096498E-01 -6.494159664761E-01 -6.579480351206E-01 -6.665882621031E-01
 -6.753321860590E-01 -6.841862361220E-01 -6.931458466599E-01 -7.022174526275E-01
 -7.113965675011E-01 -7.206894435608E-01 -7.300918682433E-01 -7.396097124824E-01
 -7.492392423800E-01 -7.589857404490E-01 -7.688461641480E-01 -7.788249940895E-01
 -7.889200976775E-01 -7.991349359504E-01 -8.094685084463E-01 -8.199230371571E-01
 -8.304988770682E-01 -8.411967924080E-01 -8.520187154227E-01 -8.629637372947E-01
 -8.740355851041E-01 -8.852314679081E-01 -8.965571181364E-01 -9.080076626632E-01
 -9.195910398728E-01 -9.313001062458E-01 -9.431451939692E-01 -9.551167155548E-01
 -9.672275692884E-01 -9.794655674819E-01 -9.918463285678E-01 -1.004354928349E+00
 -1.017009838650E+00 -1.029793284785E+00 -1.042726702055E+00 -1.055789375814E+00
 -1.069005789631E+00 -1.082352225872E+00 -1.095856274025E+00 -1.109491178490E+00
 -1.123287663652E+00 -1.137215930292E+00 -1.151309836846E+00 -1.165536565019E+00
 -1.179933075842E+00 -1.194463587170E+00 -1.209168100232E+00 -1.224007954931E+00
 -1.239026099485E+00 -1.254181111960E+00 -1.269518041834E+00 -1.284995017651E+00
 -1.300656512754E+00 -1.316462175429E+00 -1.332454671521E+00 -1.348595658680E+00
 -1.364925890536E+00 -1.381409133874E+00 -1.398084145786E+00 -1.414916880466E+00
 -1.431944034910E+00 -1.449133807178E+00 -1.466520791449E+00 -1.484075464274E+00
 -1.501830294904E+00 -1.519758051485E+00 -1.537889076298E+00 -1.556198421280E+00
 -1.574714318940E+00 -1.593414077238E+00 -1.612323854193E+00 -1.631423167327E+00
 -1.650736152103E+00 -1.670244472002E+00 -1.689970306818E+00 -1.709897387095E+00
 -1.730046016837E+00 -1.750401901584E+00 -1.770983560236E+00 -1.791778570422E+00
 -1.812803765089E+00 -1.834048482741E+00 -1.855527975482E+00 -1.877233225838E+00
 -1.899178013562E+00 -1.921354845486E+00 -1.943776138257E+00 -1.966435803234E+00
 -1.989345001359E+00 -2.012498931457E+00 -2.035907601815E+00 -2.059567387070E+00
 -2.083487239172E+00 -2.107664604868E+00 -2.132107467213E+00 -2.156814251625E+00
 -2.181792048933E+00 -2.207040182093E+00 -2.232564914066E+00 -2.258366398193E+00
 -2.284450120457E+00 -2.310817012702E+00 -2.337471820644E+00 -2.364416218831E+00
 -2.391654235025E+00 -2.419188267092E+00 -2.447021633068E+00 -2.475157450923E+00
 -2.503598323994E+00 -2.532348102510E+00 -2.561408658406E+00 -2.590784600275E+00
 -2.620477042298E+00 -2.650491389455E+00 -2.680827964856E+00 -2.711493017162E+00
 -2.742486041432E+00 -2.773814183281E+00 -2.805476072955E+00 -2.837479808414E+00
 -2.869823122997E+00 -2.902515120051E+00 -2.935552613544E+00 -2.968945757932E+00
 -3.002690440406E+00 -3.036797899456E+00 -3.071263108978E+00 -3.106098405757E+00
 -3.141297890909E+00 -3.176874988892E+00 -3.212823001958E+00 -3.249156400297E+00
 -3.285867801118E+00 -3.322972640481E+00 -3.360463010804E+00 -3.398355189619E+00
 -3.436640957691E+00 -3.475337258546E+00 -3.514435833566E+00 -3.553954059372E+00
 -3.593883975372E+00 -3.634243094879E+00 -3.675024163507E+00 -3.716244465685E+00
 -3.757897937405E+00 -3.800001194211E+00 -3.842549927411E+00 -3.885559564497E+00
 -3.929028202086E+00 -3.972969477053E+00 -4.017384630180E+00 -4.062284818058E+00
 -4.107675256667E+00 -4.153563842360E+00 -4.199960692274E+00 -4.246869569678E+00
 -4.294306515836E+00 -4.342270193188E+00 -4.390783688285E+00 -4.439839498926E+00
 -4.489468976074E+00 -4.539657293031E+00 -4.590445379885E+00 -4.641809831409E+00
 -4.693802561328E+00 -4.746390242480E+00 -4.799637255477E+00 -4.853498927811E+00
 -4.908053649969E+00 -4.963243917045E+00 -5.019163701418E+00 -5.075741141865E+00
 -5.133087346365E+00 -5.191114578348E+00 -5.249952546402E+00 -5.309496187223E+00
 -5.369895085090E+00 -5.431025557386E+00 -5.493058008191E+00 -5.555849130046E+00
 -5.619590569765E+00 -5.684118851217E+00 -5.749646518037E+00 -5.815990073003E+00
 -5.883381532173E+00 -5.951618506587E+00 -6.020949613513E+00 -6.091156033291E+00
 -6.162498256120E+00 -6.234745220519E+00 -6.308162289463E+00 -6.382512486712E+00
 -6.458056421620E+00 -6.534560034693E+00 -6.612266732872E+00 -6.690956941621E+00
 -6.770841685036E+00 -6.851730155155E+00 -6.933783604880E+00 -7.016856566739E+00
 -7.101042014879E+00 -7.186257734256E+00 -7.272510514660E+00 -7.359799074062E+00
 -7.448029007475E+00 -7.537295263356E+00 -7.627392746969E+00 -7.718523023400E+00
 -7.810368827459E+00 -7.903241317222E+00 -7.996719368586E+00 -8.091217398859E+00
 -8.186228974410E+00 -8.282255434006E+00 -8.378732512189E+00 -8.476223098085E+00
 -8.574138394418E+00 -8.673071184369E+00 -8.772442789202E+00 -8.872842127185E+00
 -8.973731626849E+00 -9.075665344049E+00 -9.178169575517E+00 -9.281739869384E+00
 -9.385977646609E+00 -9.491307106481E+00 -9.597403016102E+00 -9.704617980112E+00
 -9.812685506418E+00 -9.921899018910E+00 -1.003202487660E+01 -1.014332107003E+01
 -1.025555191494E+01 -1.036897289842E+01 -1.048330481445E+01 -1.059884037796E+01
 -1.071521091159E+01 -1.083279074885E+01 -1.095107288368E+01 -1.107056068754E+01
 -1.119055802515E+01 -1.131174671074E+01 -1.143318919246E+01 -1.155579659195E+01
 -1.167833628310E+01 -1.180200085348E+01 -1.192520754774E+01 -1.204948387432E+01
 -1.217284051728E+01 -1.229719463672E+01 -1.242009279054E+01 -1.254389757937E+01
 -1.266563334895E+01 -1.278816442063E+01 -1.290793544039E+01 -1.302836817201E+01
 -1.314527241634E+01 -1.326268089079E+01 -1.337571822819E+01 -1.348907703538E+01
 -1.359715459692E+01 -1.370534459026E+01 -1.380728716526E+01 -1.390910641307E+01
 -1.400367320961E+01 -1.409785450614E+01 -1.418376370447E+01 -1.426900009497E+01
 -1.434496265423E+01 -1.441994245709E+01 -1.448470657644E+01 -1.454815931916E+01
 -1.460056675928E+01 -1.465132123785E+01 -1.469037632014E+01 -1.472743158457E+01
 -1.475238303080E+01 -1.477499241787E+01 -1.478542717481E+01 -1.479319445262E+01
 -1.478914113440E+01 -1.478212625817E+01 -1.476416364885E+01 -1.474299336102E+01
 -1.471235627867E+01 -1.467833153968E+01 -1.463700186519E+01 -1.459218945084E+01
 -1.454295366504E+01 -1.449024258925E+01 -1.443668787121E+01 -1.437978169053E+01
 -1.432618932636E+01 -1.426949163737E+01 -1.422056767543E+01 -1.416889869414E+01
 -1.412925571741E+01 -1.408731094772E+01 -1.406057960450E+01 -1.403200531392E+01
 -1.401940770503E+01 -1.400532003181E+01 -1.400347643129E+01 -1.400018860681E+01
 -1.400103261561E+01 -1.400008485928E+01 -1.400103569378E+01 -1.400008427900E+01
 -1.400103705470E+01 -1.400008325477E+01 -1.400103802965E+01 -1.400008195809E+01
 -1.400103872577E+01 -1.400008047936E+01 -1.400103922281E+01 -1.400007888511E+01
 -1.400103957939E+01 -1.400007722355E+01 -1.400103983800E+01 -1.400007552909E+01
 -1.400104002908E+01 -1.400007382584E+01 -1.400104017408E+01 -1.400007213033E+01
 -1.400104028790E+01 -1.400007045361E+01 -1.400104038072E+01 -1.400006880284E+01
 -1.400104045936E+01 -1.400006718244E+01 -1.400000000000E+01 -1.400000000000E+01
 -1.400000000000E+01 -1.400000000000E+01 -1.400000000000E+01 -1.400000000000E+01
 -1.400000000000E+01 -1.400000000000E+01 -1.400000000000E+01 -1.400000000000E+01
 -1.400000000000E+01 -1.400000000000E+01 -1.400000000000E+01 -1.400000000000E+01
 -1.400000000000E+01 -1.400000000000E+01 -1.400000000000E+01 -1.400000000000E+01
 -1.400000000000E+01 -1.400000000000E+01 -1.400000000000E+01 -1.400000000000E+01
 -1.400000000000E+01 -1.400000000000E+01 -1.400000000000E+01 -1.400000000000E+01
 -1.400000000000E+01 -1.400000000000E+01 -1.400000000000E+01 -1.400000000000E+01
 -1.400000000000E+01 -1.400000000000E+01 -1.400000000000E+01 -1.400000000000E+01
 -1.400000000000E+01 -1.400000000000E+01 -1.400000000000E+01 -1.400000000000E+01
 -1.400000000000E+01 -1.400000000000E+01 -1.400000000000E+01 -1.400000000000E+01
 -1.400000000000E+01 -1.400000000000E+01 -1.400000000000E+01 -1.400000000000E+01
 -1.400000000000E+01 -1.400000000000E+01 -1.400000000000E+01 -1.400000000000E+01
 -1.400000000000E+01 -1.400000000000E+01 -1.400000000000E+01 -1.400000000000E+01
 -1.400000000000E+01 -1.400000000000E+01 -1.400000000000E+01 -1.400000000000E+01
 -1.400000000000E+01 -1.400000000000E+01 -1.400000000000E+01 -1.400000000000E+01
 -1.400000000000E+01 -1.400000000000E+01 -1.400000000000E+01 -1.400000000000E+01
 -1.400000000000E+01 -1.400000000000E+01 -1.400000000000E+01 -1.400000000000E+01
 -1.400000000000E+01 -1.400000000000E+01 -1.400000000000E+01 -1.400000000000E+01
 -1.400000000000E+01 -1.400000000000E+01 -1.400000000000E+01 -1.400000000000E+01
 -1.400000000000E+01 -1.400000000000E+01 -1.400000000000E+01 -1.400000000000E+01
 -1.400000000000E+01 -1.400000000000E+01 -1.400000000000E+01 -1.400000000000E+01
 -1.400000000000E+01 -1.400000000000E+01 -1.400000000000E+01 -1.400000000000E+01
 -1.400000000000E+01 -1.400000000000E+01 -1.400000000000E+01 -1.400000000000E+01
 -1.400000000000E+01 -1.400000000000E+01 -1.400000000000E+01 -1.400000000000E+01
 -1.400000000000E+01 -1.400000000000E+01 -1.400000000000E+01 -1.400000000000E+01
 -1.400000000000E+01 -1.400000000000E+01 -1.400000000000E+01 -1.400000000000E+01
 -1.400000000000E+01 -1.400000000000E+01 -1.400000000000E+01 -1.400000000000E+01
 -1.400000000000E+01 -1.400000000000E+01 -1.400000000000E+01 -1.400000000000E+01
 -1.400000000000E+01 -1.400000000000E+01 -1.400000000000E+01 -1.400000000000E+01
 -1.400000000000E+01 -1.400000000000E+01 -1.400000000000E+01 -1.400000000000E+01
 -1.400000000000E+01 -1.400000000000E+01 -1.400000000000E+01 -1.400000000000E+01
 -1.400000000000E+01 -1.400000000000E+01 -1.400000000000E+01 -1.400000000000E+01
 -1.400000000000E+01 -1.400000000000E+01 -1.400000000000E+01 -1.400000000000E+01
 -1.400000000000E+01 -1.400000000000E+01 -1.400000000000E+01 -1.400000000000E+01
 -1.400000000000E+01 -1.400000000000E+01 -1.400000000000E+01 -1.400000000000E+01
 -1.400000000000E+01 -1.400000000000E+01 -1.400000000000E+01 -1.400000000000E+01
 -1.400000000000E+01 -1.400000000000E+01 -1.400000000000E+01 -1.400000000000E+01
 -1.400000000000E+01 -1.400000000000E+01 -1.400000000000E+01 -1.400000000000E+01
 -1.400000000000E+01 -1.400000000000E+01 -1.400000000000E+01 -1.400000000000E+01
 -1.400000000000E+01 -1.400000000000E+01 -1.400000000000E+01 -1.400000000000E+01
 -1.400000000000E+01 -1.400000000000E+01 -1.400000000000E+01 -1.400000000000E+01
 -1.400000000000E+01 -1.400000000000E+01 -1.400000000000E+01 -1.400000000000E+01
 -1.400000000000E+01 -1.400000000000E+01 -1.400000000000E+01 -1.400000000000E+01
 -1.400000000000E+01 -1.400000000000E+01 -1.400000000000E+01 -1.400000000000E+01
 -1.400000000000E+01 -1.400000000000E+01 -1.400000000000E+01 -1.400000000000E+01
 -1.400000000000E+01 -1.400000000000E+01 -1.400000000000E+01 -1.400000000000E+01
 -1.400000000000E+01 -1.400000000000E+01 -1.400000000000E+01 -1.400000000000E+01
 -1.400000000000E+01 -1.400000000000E+01 -1.400000000000E+01 -1.400000000000E+01
 -1.400000000000E+01 -1.400000000000E+01 -1.400000000000E+01 -1.400000000000E+01
 -1.400000000000E+01 -1.400000000000E+01 -1.400000000000E+01 -1.400000000000E+01
 -1.400000000000E+01 -1.400000000000E+01 -1.400000000000E+01 -1.400000000000E+01
 -1.400000000000E+01 -1.400000000000E+01 -1.400000000000E+01 -1.400000000000E+01
 -1.400000000000E+01 -1.400000000000E+01 -1.400000000000E+01 -1.400000000000E+01
 -1.400000000000E+01 -1.400000000000E+01 -1.400000000000E+01 -1.400000000000E+01
 -1.400000000000E+01 -1.400000000000E+01 -1.400000000000E+01 -1.400000000000E+01
 -1.400000000000E+01 -1.400000000000E+01 -1.400000000000E+01 -1.400000000000E+01
 -1.400000000000E+01 -1.400000000000E+01 -1.400000000000E+01 -1.400000000000E+01
 -1.400000000000E+01 -1.400000000000E+01 -1.400000000000E+01 -1.400000000000E+01
 -1.400000000000E+01 -1.400000000000E+01 -1.400000000000E+01 -1.400000000000E+01
 -1.400000000000E+01 -1.400000000000E+01 -1.400000000000E+01 -1.400000000000E+01
 -1.400000000000E+01 -1.400000000000E+01 -1.400000000000E+01 -1.400000000000E+01
 -1.400000000000E+01 -1.400000000000E+01 -1.400000000000E+01 -1.400000000000E+01
 -1.400000000000E+01 -1.400000000000E+01 -1.400000000000E+01 -1.400000000000E+01
 -1.400000000000E+01 -1.400000000000E+01 -1.400000000000E+01 -1.400000000000E+01
 -1.400000000000E+01 -1.400000000000E+01 -1.400000000000E+01 -1.400000000000E+01
 -1.400000000000E+01 -1.400000000000E+01 -1.400000000000E+01 -1.400000000000E+01
 -1.400000000000E+01 -1.400000000000E+01 -1.400000000000E+01 -1.400000000000E+01
 -1.400000000000E+01 -1.400000000000E+01 -1.400000000000E+01 -1.400000000000E+01
 -1.400000000000E+01 -1.400000000000E+01 -1.400000000000E+01 -1.400000000000E+01
 -1.400000000000E+01 -1.400000000000E+01 -1.400000000000E+01 -1.400000000000E+01
 -1.400000000000E+01 -1.400000000000E+01 -1.400000000000E+01 -1.400000000000E+01
 -1.400000000000E+01 -1.400000000000E+01 -1.400000000000E+01 -1.400000000000E+01
 -1.400000000000E+01 -1.400000000000E+01 -1.400000000000E+01 -1.400000000000E+01
 -1.400000000000E+01 -1.400000000000E+01 -1.400000000000E+01 -1.400000000000E+01
 -1.400000000000E+01 -1.400000000000E+01 -1.400000000000E+01 -1.400000000000E+01
 -1.400000000000E+01 -1.400000000000E+01 -1.400000000000E+01 -1.400000000000E+01
 -1.400000000000E+01 -1.400000000000E+01 -1.400000000000E+01 -1.400000000000E+01
 -1.400000000000E+01
 Pseudopotential follows (l on next line)
 1
 -3.411224400176E-04 -6.864320536032E-04 -1.035980246916E-03 -1.389819057721E-03
 -1.748001163167E-03 -2.110579887670E-03 -2.477609210883E-03 -2.849143775777E-03
 -3.225238896813E-03 -3.605950568222E-03 -3.991335472383E-03 -4.381450988312E-03
 -4.776355200248E-03 -5.176106906355E-03 -5.580765627527E-03 -5.990391616303E-03
 -6.405045865897E-03 -6.824790119336E-03 -7.249686878717E-03 -7.679799414575E-03
 -8.115191775373E-03 -8.555928797106E-03 -9.002076113027E-03 -9.453700163500E-03
 -9.910868205965E-03 -1.037364832504E-02 -1.084210944275E-02 -1.131632132885E-02
 -1.179635461135E-02 -1.228228078711E-02 -1.277417223256E-02 -1.327210221464E-02
 -1.377614490175E-02 -1.428637537498E-02 -1.480286963935E-02 -1.532570463529E-02
 -1.585495825020E-02 -1.639070933020E-02 -1.693303769201E-02 -1.748202413497E-02
 -1.803775045324E-02 -1.860029944812E-02 -1.916975494056E-02 -1.974620178380E-02
 -2.032972587621E-02 -2.092041417422E-02 -2.151835470552E-02 -2.212363658233E-02
 -2.273635001489E-02 -2.335658632511E-02 -2.398443796042E-02 -2.461999850773E-02
 -2.526336270765E-02 -2.591462646885E-02 -2.657388688258E-02 -2.724124223743E-02
 -2.791679221700E-02 -2.860063734720E-02 -2.929287956275E-02 -2.999362208608E-02
 -3.070296941180E-02 -3.142102732217E-02 -3.214790300112E-02 -3.288370489938E-02
 -3.362854268199E-02 -3.438252745099E-02 -3.514577167754E-02 -3.591838921851E-02
 -3.670049533335E-02 -3.749220670094E-02 -3.829364143676E-02 -3.910491913525E-02
 -3.992616164948E-02 -4.075749083969E-02 -4.159903076248E-02 -4.245090700069E-02
 -4.331324668148E-02 -4.418617849449E-02 -4.506983427582E-02 -4.596434461825E-02
 -4.686984303073E-02 -4.778646467277E-02 -4.871434637055E-02 -4.965362903773E-02
 -5.060445084334E-02 -5.156695374043E-02 -5.254128142094E-02 -5.352758128937E-02
 -5.452600042639E-02 -5.553668663677E-02 -5.655979082755E-02 -5.759546815887E-02
 -5.864387343237E-02 -5.970516130118E-02 -6.077949024243E-02 -6.186702513959E-02
 -6.296792609424E-02 -6.408235619199E-02 -6.521048312619E-02 -6.635248059190E-02
 -6.750851367713E-02 -6.867875503101E-02 -6.986338644650E-02 -7.106258116401E-02
 -7.227651619951E-02 -7.350537805604E-02 -7.474935206873E-02 -7.600861852607E-02
 -7.728336931313E-02 -7.857380159535E-02 -7.988009929104E-02 -8.120246063669E-02
 -8.254109386011E-02 -8.389618710076E-02 -8.526794629927E-02 -8.665658931491E-02
 -8.806230940766E-02 -8.948532206362E-02 -9.092585248340E-02 -9.238410034638E-02
 -9.386029314219E-02 -9.535466002369E-02 -9.686740889995E-02 -9.839878249434E-02
 -9.994900913212E-02 -1.015183074103E-01 -1.031069394758E-01 -1.047151263027E-01
 -1.063431024522E-01 -1.079911488561E-01 -1.096594764579E-01 -1.113483507114E-01
 -1.130580402192E-01 -1.147887724657E-01 -1.165408434745E-01 -1.183144977637E-01
 -1.201099903047E-01 -1.219276409147E-01 -1.237676705194E-01 -1.256303873752E-01
 -1.275160752153E-01 -1.294249829954E-01 -1.313574693467E-01 -1.333137615391E-01
 -1.352941814110E-01 -1.372990472763E-01 -1.393286094628E-01 -1.413832594119E-01
 -1.434632347153E-01 -1.455688795616E-01 -1.477005357601E-01 -1.498584599872E-01
 -1.520430913682E-01 -1.542546571212E-01 -1.564935471724E-01 -1.587601063434E-01
 -1.610546175397E-01 -1.633775574185E-01 -1.657291416642E-01 -1.681098317914E-01
 -1.705199418501E-01 -1.729598246157E-01 -1.754299405161E-01 -1.779305284349E-01
 -1.804621476930E-01 -1.830250294010E-01 -1.856196525105E-01 -1.882464075179E-01
 -1.909056254674E-01 -1.935978752407E-01 -1.963233625881E-01 -1.990827299651E-01
 -2.018762178653E-01 -2.047043564883E-01 -2.075675762891E-01 -2.104662295498E-01
 -2.134009590007E-01 -2.163719490189E-01 -2.193799810784E-01 -2.224252268611E-01
 -2.255083542898E-01 -2.286297550553E-01 -2.317898899314E-01 -2.349893962571E-01
 -2.382285017604E-01 -2.415081171102E-01 -2.448283061557E-01 -2.481899913164E-01
 -2.515933822406E-01 -2.550392028017E-01 -2.585279373960E-01 -2.620600489784E-01
 -2.656363275947E-01 -2.692569441061E-01 -2.729230273987E-01 -2.766345286491E-01
 -2.803926334690E-01 -2.841974264185E-01 -2.880498681747E-01 -2.919503709837E-01
 -2.958995833029E-01 -2.998982808569E-01 -3.039467638683E-01 -3.080462097363E-01
 -3.121965320224E-01 -3.163993504606E-01 -3.206543412873E-01 -3.249630390606E-01
 -3.293254456281E-01 -3.337427589033E-01 -3.382153896497E-01 -3.427441449268E-01
 -3.473298862650E-01 -3.519729879603E-01 -3.566748064627E-01 -3.614352391242E-01
 -3.662561837383E-01 -3.711371035095E-01 -3.760802185945E-01 -3.810849555172E-01
 -3.861532831016E-01 -3.912851000361E-01 -3.964819255087E-01 -4.017441755843E-01
 -4.070728748938E-01 -4.124690038016E-01 -4.179330458399E-01 -4.234665941220E-01
 -4.290695431227E-01 -4.347441484478E-01 -4.404896663936E-01 -4.463090658093E-01
 -4.522011153532E-01 -4.581689469891E-01 -4.642115304420E-01 -4.703315990911E-01
 -4.765287100237E-01 -4.828050400300E-01 -4.891607790437E-01 -4.955975029172E-01
 -5.021160796643E-01 -5.087174403157E-01 -5.154031754245E-01 -5.221735283348E-01
 -5.290308552242E-01 -5.359746705351E-01 -5.430081370998E-01 -5.501300016104E-01
 -5.573442717612E-01 -5.646489768296E-01 -5.720487458537E-01 -5.795414117081E-01
 -5.871312849127E-01 -5.948168727697E-01 -6.026018559742E-01 -6.104854476218E-01
 -6.184706698073E-01 -6.265574683296E-01 -6.347481827343E-01 -6.430435129962E-01
 -6.514450980046E-01 -6.599544068828E-01 -6.685723666924E-01 -6.773012230369E-01
 -6.861411880883E-01 -6.950952824046E-01 -7.041630095617E-01 -7.133481534043E-01
 -7.226495258729E-01 -7.320716509441E-01 -7.416126779199E-01 -7.512778348736E-01
 -7.610647122672E-01 -7.709790078654E-01 -7.810182441235E-01 -7.911877127317E-01
 -8.014856636138E-01 -8.119167291898E-01 -8.224798644890E-01 -8.331790701015E-01
 -8.440139712839E-01 -8.549879772223E-01 -8.661013348457E-01 -8.773569165079E-01
 -8.887555274553E-01 -9.002995730402E-01 -9.119903376086E-01 -9.238298456474E-01
 -9.358197645420E-01 -9.479618413064E-01 -9.602580125957E-01 -9.727098694304E-01
 -9.853194855266E-01 -9.980884361594E-01 -1.011018780894E+00 -1.024112238782E+00
 -1.037370684654E+00 -1.050796160431E+00 -1.064390166111E+00 -1.078155265209E+00
 -1.092092373382E+00 -1.106204793908E+00 -1.120492629551E+00 -1.134960160488E+00
 -1.149606429675E+00 -1.164436878817E+00 -1.179449438827E+00 -1.194650553997E+00
 -1.210037491355E+00 -1.225617216837E+00 -1.241386591542E+00 -1.257352953694E+00
 -1.273512915828E+00 -1.289874025067E+00 -1.306432816771E+00 -1.323196870559E+00
 -1.340162828912E+00 -1.357338115798E+00 -1.374719676666E+00 -1.392314581459E+00
 -1.410120284382E+00 -1.428143294511E+00 -1.446381788675E+00 -1.464841501765E+00
 -1.483521553109E+00 -1.502426685811E+00 -1.521557185300E+00 -1.540916583381E+00
 -1.560506556457E+00 -1.580329206157E+00 -1.600387823390E+00 -1.620682864016E+00
 -1.641219452933E+00 -1.661996190670E+00 -1.683020248752E+00 -1.704288171632E+00
 -1.725809380439E+00 -1.747578174411E+00 -1.769606414782E+00 -1.791885980800E+00
 -1.814431349072E+00 -1.837231821102E+00 -1.860304646260E+00 -1.883636410100E+00
 -1.907247271770E+00 -1.931120984562E+00 -1.955280731733E+00 -1.979707342020E+00
 -2.004427112379E+00 -2.029417880558E+00 -2.054709120301E+00 -2.080275639318E+00
 -2.106150123278E+00 -2.132304339372E+00 -2.158774191319E+00 -2.185528424634E+00
 -2.212606137555E+00 -2.239973102426E+00 -2.267671558607E+00 -2.295664383303E+00
 -2.323996874012E+00 -2.352629119719E+00 -2.381608633298E+00 -2.410895043103E+00
 -2.440535380307E+00 -2.470490798895E+00 -2.500806607757E+00 -2.531445979083E+00
 -2.562452397354E+00 -2.593791151777E+00 -2.625503820571E+00 -2.657557887353E+00
 -2.689992962833E+00 -2.722778780728E+00 -2.755952943603E+00 -2.789487469301E+00
 -2.823417931926E+00 -2.857718646171E+00 -2.892423157056E+00 -2.927508068240E+00
 -2.963004913792E+00 -2.998892558867E+00 -3.035200562217E+00 -3.071910004802E+00
 -3.109048521613E+00 -3.146599347177E+00 -3.184588258344E+00 -3.223000566417E+00
 -3.261860267642E+00 -3.301154661017E+00 -3.340906049255E+00 -3.381103620209E+00
 -3.421768077054E+00 -3.462890390648E+00 -3.504489762759E+00 -3.546558837324E+00
 -3.589115414059E+00 -3.632153699032E+00 -3.675690187478E+00 -3.719720538781E+00
 -3.764260036437E+00 -3.809305689646E+00 -3.854871655050E+00 -3.900956196626E+00
 -3.947572418244E+00 -3.994719755141E+00 -4.042410318861E+00 -4.090644646851E+00
 -4.139433902475E+00 -4.188779673526E+00 -4.238692200625E+00 -4.289174089722E+00
 -4.340234663243E+00 -4.391877534997E+00 -4.444111091016E+00 -4.496939966424E+00
 -4.550371568393E+00 -4.604411592092E+00 -4.659066397921E+00 -4.714342806245E+00
 -4.770246036513E+00 -4.826784126616E+00 -4.883961034156E+00 -4.941786134422E+00
 -5.000261975453E+00 -5.059399417340E+00 -5.119199424233E+00 -5.179674515609E+00
 -5.240823871297E+00 -5.302661871240E+00 -5.365185685124E+00 -5.428411780020E+00
 -5.492335065134E+00 -5.556974345778E+00 -5.622321996771E+00 -5.688399436016E+00
 -5.755196207361E+00 -5.822736637659E+00 -5.891007121272E+00 -5.960035211265E+00
 -6.029803812497E+00 -6.100344041580E+00 -6.171634952307E+00 -6.243711581812E+00
 -6.316548749071E+00 -6.390185788512E+00 -6.464592876867E+00 -6.539814043361E+00
 -6.615814388904E+00 -6.692643057643E+00 -6.770259611271E+00 -6.848718754631E+00
 -6.927974011960E+00 -7.008086124612E+00 -7.089002039679E+00 -7.170789046786E+00
 -7.253386926460E+00 -7.336870071896E+00 -7.421170447754E+00 -7.506370159066E+00
 -7.592392633332E+00 -7.679328360036E+00 -7.767091422047E+00 -7.855781443716E+00
 -7.945302253251E+00 -8.035763453675E+00 -8.127057587278E+00 -8.219305190810E+00
 -8.312386346951E+00 -8.406433612764E+00 -8.501313271215E+00 -8.597171140704E+00
 -8.693858170701E+00 -8.791534862361E+00 -8.890035072884E+00 -8.989535617657E+00
 -9.089851241297E+00 -9.191176949323E+00 -9.293306048429E+00 -9.396453895198E+00
 -9.500389675082E+00 -9.605351590809E+00 -9.711081599459E+00 -9.817843639858E+00
 -9.925348826498E+00 -1.003389019569E+01 -1.014314379147E+01 -1.025343567835E+01
 -1.036440185147E+01 -1.047640602949E+01 -1.058903825427E+01 -1.070270538166E+01
 -1.081694444785E+01 -1.093221199198E+01 -1.104798356868E+01 -1.116477326679E+01
 -1.128198492818E+01 -1.140019969088E+01 -1.151873731476E+01 -1.163825748446E+01
 -1.175798095634E+01 -1.187865985836E+01 -1.199939806405E+01 -1.212105684370E+01
 -1.224260202279E+01 -1.236502385788E+01 -1.248712552643E+01 -1.261004944895E+01
 -1.273240828404E+01 -1.285552303602E+01 -1.297778533113E+01 -1.310072390030E+01
 -1.322247741194E+01 -1.334481310095E+01 -1.346558524821E+01 -1.358683025820E+01
 -1.370608962236E+01 -1.382569708999E+01 -1.394285890842E+01 -1.406022904320E+01
 -1.417466485789E+01 -1.428915525116E+01 -1.440020610391E+01 -1.451114548165E+01
 -1.461813720647E+01 -1.472484105334E+01 -1.482709955711E+01 -1.492888541562E+01
 -1.502574963122E+01 -1.512194974447E+01 -1.521278034733E+01 -1.530274980801E+01
 -1.538693276240E+01 -1.547005237938E+01 -1.554699765946E+01 -1.562267206244E+01
 -1.569180908630E+01 -1.575946175974E+01 -1.582023383340E+01 -1.587930146597E+01
 -1.593116168754E+01 -1.598109029775E+01 -1.602350097148E+01 -1.606374580484E+01
 -1.609618267423E+01 -1.612621309158E+01 -1.614817488123E+01 -1.616748463534E+01
 -1.617850769817E+01 -1.618663032093E+01 -1.618630772133E+01 -1.618283630513E+01
 -1.617084043103E+01 -1.615545087424E+01 -1.613155860303E+01 -1.610403533781E+01
 -1.606815480283E+01 -1.602841805253E+01 -1.598061610158E+01 -1.592874975909E+01
 -1.586927921815E+01 -1.580555845444E+01 -1.573488428858E+01 -1.565980197299E+01
 -1.557862537008E+01 -1.549291631146E+01 -1.540219561096E+01 -1.530685751983E+01
 -1.520782478169E+01 -1.510413472241E+01 -1.499830659134E+01 -1.488783155026E+01
 -1.477701292676E+01 -1.466161297543E+01 -1.454789185637E+01 -1.442971423767E+01
 -1.431544592778E+01 -1.419690822769E+01 -1.408468693230E+01 -1.396844730291E+01
 -1.386106286585E+01 -1.374997501063E+01 -1.365035223634E+01 -1.354740253283E+01
 -1.345852011819E+01 -1.336674382693E+01 -1.329152945822E+01 -1.321390248615E+01
 -1.315510024401E+01 -1.309440251661E+01 -1.305440863389E+01 -1.301305505417E+01
 -1.299371876783E+01 -1.297355450173E+01 -1.297594302544E+01 -1.297800227859E+01
 -1.300213400396E+01 -1.302636679321E+01 -1.307092639862E+01 -1.311590781774E+01
 -1.317797323032E+01 -1.324062663118E+01 -1.331546342296E+01 -1.339085551629E+01
 -1.347187235000E+01 -1.355317756626E+01 -1.363219003602E+01 -1.371097693708E+01
 -1.377900030347E+01 -1.384606820975E+01 -1.389495709175E+01 -1.394205152367E+01
 -1.396743488851E+01 -1.399030454061E+01 -1.399644263797E+01 -1.399988434200E+01
 -1.400103261561E+01 -1.400008485928E+01 -1.400103569378E+01 -1.400008427900E+01
 -1.400103705470E+01 -1.400008325477E+01 -1.400103802965E+01 -1.400008195809E+01
 -1.400103872577E+01 -1.400008047936E+01 -1.400103922281E+01 -1.400007888511E+01
 -1.400103957939E+01 -1.400007722355E+01 -1.400103983800E+01 -1.400007552909E+01
 -1.400104002908E+01 -1.400007382584E+01 -1.400104017408E+01 -1.400007213033E+01
 -1.400104028790E+01 -1.400007045361E+01 -1.400104038072E+01 -1.400006880284E+01
 -1.400104045936E+01 -1.400006718244E+01 -1.400000000000E+01 -1.400000000000E+01
 -1.400000000000E+01 -1.400000000000E+01 -1.400000000000E+01 -1.400000000000E+01
 -1.400000000000E+01 -1.400000000000E+01 -1.400000000000E+01 -1.400000000000E+01
 -1.400000000000E+01 -1.400000000000E+01 -1.400000000000E+01 -1.400000000000E+01
 -1.400000000000E+01 -1.400000000000E+01 -1.400000000000E+01 -1.400000000000E+01
 -1.400000000000E+01 -1.400000000000E+01 -1.400000000000E+01 -1.400000000000E+01
 -1.400000000000E+01 -1.400000000000E+01 -1.400000000000E+01 -1.400000000000E+01
 -1.400000000000E+01 -1.400000000000E+01 -1.400000000000E+01 -1.400000000000E+01
 -1.400000000000E+01 -1.400000000000E+01 -1.400000000000E+01 -1.400000000000E+01
 -1.400000000000E+01 -1.400000000000E+01 -1.400000000000E+01 -1.400000000000E+01
 -1.400000000000E+01 -1.400000000000E+01 -1.400000000000E+01 -1.400000000000E+01
 -1.400000000000E+01 -1.400000000000E+01 -1.400000000000E+01 -1.400000000000E+01
 -1.400000000000E+01 -1.400000000000E+01 -1.400000000000E+01 -1.400000000000E+01
 -1.400000000000E+01 -1.400000000000E+01 -1.400000000000E+01 -1.400000000000E+01
 -1.400000000000E+01 -1.400000000000E+01 -1.400000000000E+01 -1.400000000000E+01
 -1.400000000000E+01 -1.400000000000E+01 -1.400000000000E+01 -1.400000000000E+01
 -1.400000000000E+01 -1.400000000000E+01 -1.400000000000E+01 -1.400000000000E+01
 -1.400000000000E+01 -1.400000000000E+01 -1.400000000000E+01 -1.400000000000E+01
 -1.400000000000E+01 -1.400000000000E+01 -1.400000000000E+01 -1.400000000000E+01
 -1.400000000000E+01 -1.400000000000E+01 -1.400000000000E+01 -1.400000000000E+01
 -1.400000000000E+01 -1.400000000000E+01 -1.400000000000E+01 -1.400000000000E+01
 -1.400000000000E+01 -1.400000000000E+01 -1.400000000000E+01 -1.400000000000E+01
 -1.400000000000E+01 -1.400000000000E+01 -1.400000000000E+01 -1.400000000000E+01
 -1.400000000000E+01 -1.400000000000E+01 -1.400000000000E+01 -1.400000000000E+01
 -1.400000000000E+01 -1.400000000000E+01 -1.400000000000E+01 -1.400000000000E+01
 -1.400000000000E+01 -1.400000000000E+01 -1.400000000000E+01 -1.400000000000E+01
 -1.400000000000E+01 -1.400000000000E+01 -1.400000000000E+01 -1.400000000000E+01
 -1.400000000000E+01 -1.400000000000E+01 -1.400000000000E+01 -1.400000000000E+01
 -1.400000000000E+01 -1.400000000000E+01 -1.400000000000E+01 -1.400000000000E+01
 -1.400000000000E+01 -1.400000000000E+01 -1.400000000000E+01 -1.400000000000E+01
 -1.400000000000E+01 -1.400000000000E+01 -1.400000000000E+01 -1.400000000000E+01
 -1.400000000000E+01 -1.400000000000E+01 -1.400000000000E+01 -1.400000000000E+01
 -1.400000000000E+01 -1.400000000000E+01 -1.400000000000E+01 -1.400000000000E+01
 -1.400000000000E+01 -1.400000000000E+01 -1.400000000000E+01 -1.400000000000E+01
 -1.400000000000E+01 -1.400000000000E+01 -1.400000000000E+01 -1.400000000000E+01
 -1.400000000000E+01 -1.400000000000E+01 -1.400000000000E+01 -1.400000000000E+01
 -1.400000000000E+01 -1.400000000000E+01 -1.400000000000E+01 -1.400000000000E+01
 -1.400000000000E+01 -1.400000000000E+01 -1.400000000000E+01 -1.400000000000E+01
 -1.400000000000E+01 -1.400000000000E+01 -1.400000000000E+01 -1.400000000000E+01
 -1.400000000000E+01 -1.400000000000E+01 -1.400000000000E+01 -1.400000000000E+01
 -1.400000000000E+01 -1.400000000000E+01 -1.400000000000E+01 -1.400000000000E+01
 -1.400000000000E+01 -1.400000000000E+01 -1.400000000000E+01 -1.400000000000E+01
 -1.400000000000E+01 -1.400000000000E+01 -1.400000000000E+01 -1.400000000000E+01
 -1.400000000000E+01 -1.400000000000E+01 -1.400000000000E+01 -1.400000000000E+01
 -1.400000000000E+01 -1.400000000000E+01 -1.400000000000E+01 -1.400000000000E+01
 -1.400000000000E+01 -1.400000000000E+01 -1.400000000000E+01 -1.400000000000E+01
 -1.400000000000E+01 -1.400000000000E+01 -1.400000000000E+01 -1.400000000000E+01
 -1.400000000000E+01 -1.400000000000E+01 -1.400000000000E+01 -1.400000000000E+01
 -1.400000000000E+01 -1.400000000000E+01 -1.400000000000E+01 -1.400000000000E+01
 -1.400000000000E+01 -1.400000000000E+01 -1.400000000000E+01 -1.400000000000E+01
 -1.400000000000E+01 -1.400000000000E+01 -1.400000000000E+01 -1.400000000000E+01
 -1.400000000000E+01 -1.400000000000E+01 -1.400000000000E+01 -1.400000000000E+01
 -1.400000000000E+01 -1.400000000000E+01 -1.400000000000E+01 -1.400000000000E+01
 -1.400000000000E+01 -1.400000000000E+01 -1.400000000000E+01 -1.400000000000E+01
 -1.400000000000E+01 -1.400000000000E+01 -1.400000000000E+01 -1.400000000000E+01
 -1.400000000000E+01 -1.400000000000E+01 -1.400000000000E+01 -1.400000000000E+01
 -1.400000000000E+01 -1.400000000000E+01 -1.400000000000E+01 -1.400000000000E+01
 -1.400000000000E+01 -1.400000000000E+01 -1.400000000000E+01 -1.400000000000E+01
 -1.400000000000E+01 -1.400000000000E+01 -1.400000000000E+01 -1.400000000000E+01
 -1.400000000000E+01 -1.400000000000E+01 -1.400000000000E+01 -1.400000000000E+01
 -1.400000000000E+01 -1.400000000000E+01 -1.400000000000E+01 -1.400000000000E+01
 -1.400000000000E+01 -1.400000000000E+01 -1.400000000000E+01 -1.400000000000E+01
 -1.400000000000E+01 -1.400000000000E+01 -1.400000000000E+01 -1.400000000000E+01
 -1.400000000000E+01 -1.400000000000E+01 -1.400000000000E+01 -1.400000000000E+01
 -1.400000000000E+01 -1.400000000000E+01 -1.400000000000E+01 -1.400000000000E+01
 -1.400000000000E+01 -1.400000000000E+01 -1.400000000000E+01 -1.400000000000E+01
 -1.400000000000E+01 -1.400000000000E+01 -1.400000000000E+01 -1.400000000000E+01
 -1.400000000000E+01 -1.400000000000E+01 -1.400000000000E+01 -1.400000000000E+01
 -1.400000000000E+01 -1.400000000000E+01 -1.400000000000E+01 -1.400000000000E+01
 -1.400000000000E+01 -1.400000000000E+01 -1.400000000000E+01 -1.400000000000E+01
 -1.400000000000E+01 -1.400000000000E+01 -1.400000000000E+01 -1.400000000000E+01
 -1.400000000000E+01 -1.400000000000E+01 -1.400000000000E+01 -1.400000000000E+01
 -1.400000000000E+01 -1.400000000000E+01 -1.400000000000E+01 -1.400000000000E+01
 -1.400000000000E+01 -1.400000000000E+01 -1.400000000000E+01 -1.400000000000E+01
 -1.400000000000E+01 -1.400000000000E+01 -1.400000000000E+01 -1.400000000000E+01
 -1.400000000000E+01 -1.400000000000E+01 -1.400000000000E+01 -1.400000000000E+01
 -1.400000000000E+01 -1.400000000000E+01 -1.400000000000E+01 -1.400000000000E+01
 -1.400000000000E+01 -1.400000000000E+01 -1.400000000000E+01 -1.400000000000E+01
 -1.400000000000E+01
 Core charge follows
  0.000000000000E+00  0.000000000000E+00  0.000000000000E+00  0.000000000000E+00
  0.000000000000E+00  0.000000000000E+00  0.000000000000E+00  0.000000000000E+00
  0.000000000000E+00  0.000000000000E+00  0.000000000000E+00  0.000000000000E+00
  0.000000000000E+00  0.000000000000E+00  0.000000000000E+00  0.000000000000E+00
  0.000000000000E+00  0.000000000000E+00  0.000000000000E+00  0.000000000000E+00
  0.000000000000E+00  0.000000000000E+00  0.000000000000E+00  0.000000000000E+00
  0.000000000000E+00  0.000000000000E+00  0.000000000000E+00  0.000000000000E+00
  0.000000000000E+00  0.000000000000E+00  0.000000000000E+00  0.000000000000E+00
  0.000000000000E+00  0.000000000000E+00  0.000000000000E+00  0.000000000000E+00
  0.000000000000E+00  0.000000000000E+00  0.000000000000E+00  0.000000000000E+00
  0.000000000000E+00  0.000000000000E+00  0.000000000000E+00  0.000000000000E+00
  0.000000000000E+00  0.000000000000E+00  0.000000000000E+00  0.000000000000E+00
  0.000000000000E+00  0.000000000000E+00  0.000000000000E+00  0.000000000000E+00
  0.000000000000E+00  0.000000000000E+00  0.000000000000E+00  0.000000000000E+00
  0.000000000000E+00  0.000000000000E+00  0.000000000000E+00  0.000000000000E+00
  0.000000000000E+00  0.000000000000E+00  0.000000000000E+00  0.000000000000E+00
  0.000000000000E+00  0.000000000000E+00  0.000000000000E+00  0.000000000000E+00
  0.000000000000E+00  0.000000000000E+00  0.000000000000E+00  0.000000000000E+00
  0.000000000000E+00  0.000000000000E+00  0.000000000000E+00  0.000000000000E+00
  0.000000000000E+00  0.000000000000E+00  0.000000000000E+00  0.000000000000E+00
  0.000000000000E+00  0.000000000000E+00  0.000000000000E+00  0.000000000000E+00
  0.000000000000E+00  0.000000000000E+00  0.000000000000E+00  0.000000000000E+00
  0.000000000000E+00  0.000000000000E+00  0.000000000000E+00  0.000000000000E+00
  0.000000000000E+00  0.000000000000E+00  0.000000000000E+00  0.000000000000E+00
  0.000000000000E+00  0.000000000000E+00  0.000000000000E+00  0.000000000000E+00
  0.000000000000E+00  0.000000000000E+00  0.000000000000E+00  0.000000000000E+00
  0.000000000000E+00  0.000000000000E+00  0.000000000000E+00  0.000000000000E+00
  0.000000000000E+00  0.000000000000E+00  0.000000000000E+00  0.000000000000E+00
  0.000000000000E+00  0.000000000000E+00  0.000000000000E+00  0.000000000000E+00
  0.000000000000E+00  0.000000000000E+00  0.000000000000E+00  0.000000000000E+00
  0.000000000000E+00  0.000000000000E+00  0.000000000000E+00  0.000000000000E+00
  0.000000000000E+00  0.000000000000E+00  0.000000000000E+00  0.000000000000E+00
  0.000000000000E+00  0.000000000000E+00  0.000000000000E+00  0.000000000000E+00
  0.000000000000E+00  0.000000000000E+00  0.000000000000E+00  0.000000000000E+00
  0.000000000000E+00  0.000000000000E+00  0.000000000000E+00  0.000000000000E+00
  0.000000000000E+00  0.000000000000E+00  0.000000000000E+00  0.000000000000E+00
  0.000000000000E+00  0.000000000000E+00  0.000000000000E+00  0.000000000000E+00
  0.000000000000E+00  0.000000000000E+00  0.000000000000E+00  0.000000000000E+00
  0.000000000000E+00  0.000000000000E+00  0.000000000000E+00  0.000000000000E+00
  0.000000000000E+00  0.000000000000E+00  0.000000000000E+00  0.000000000000E+00
  0.000000000000E+00  0.000000000000E+00  0.000000000000E+00  0.000000000000E+00
  0.000000000000E+00  0.000000000000E+00  0.000000000000E+00  0.000000000000E+00
  0.000000000000E+00  0.000000000000E+00  0.000000000000E+00  0.000000000000E+00
  0.000000000000E+00  0.000000000000E+00  0.000000000000E+00  0.000000000000E+00
  0.000000000000E+00  0.000000000000E+00  0.000000000000E+00  0.000000000000E+00
  0.000000000000E+00  0.000000000000E+00  0.000000000000E+00  0.000000000000E+00
  0.000000000000E+00  0.000000000000E+00  0.000000000000E+00  0.000000000000E+00
  0.000000000000E+00  0.000000000000E+00  0.000000000000E+00  0.000000000000E+00
  0.000000000000E+00  0.000000000000E+00  0.000000000000E+00  0.000000000000E+00
  0.000000000000E+00  0.000000000000E+00  0.000000000000E+00  0.000000000000E+00
  0.000000000000E+00  0.000000000000E+00  0.000000000000E+00  0.000000000000E+00
  0.000000000000E+00  0.000000000000E+00  0.000000000000E+00  0.000000000000E+00
  0.000000000000E+00  0.000000000000E+00  0.000000000000E+00  0.000000000000E+00
  0.000000000000E+00  0.000000000000E+00  0.000000000000E+00  0.000000000000E+00
  0.000000000000E+00  0.000000000000E+00  0.000000000000E+00  0.000000000000E+00
  0.000000000000E+00  0.000000000000E+00  0.000000000000E+00  0.000000000000E+00
  0.000000000000E+00  0.000000000000E+00  0.000000000000E+00  0.000000000000E+00
  0.000000000000E+00  0.000000000000E+00  0.000000000000E+00  0.000000000000E+00
  0.000000000000E+00  0.000000000000E+00  0.000000000000E+00  0.000000000000E+00
  0.000000000000E+00  0.000000000000E+00  0.000000000000E+00  0.000000000000E+00
  0.000000000000E+00  0.000000000000E+00  0.000000000000E+00  0.000000000000E+00
  0.000000000000E+00  0.000000000000E+00  0.000000000000E+00  0.000000000000E+00
  0.000000000000E+00  0.000000000000E+00  0.000000000000E+00  0.000000000000E+00
  0.000000000000E+00  0.000000000000E+00  0.000000000000E+00  0.000000000000E+00
  0.000000000000E+00  0.000000000000E+00  0.000000000000E+00  0.000000000000E+00
  0.000000000000E+00  0.000000000000E+00  0.000000000000E+00  0.000000000000E+00
  0.000000000000E+00  0.000000000000E+00  0.000000000000E+00  0.000000000000E+00
  0.000000000000E+00  0.000000000000E+00  0.000000000000E+00  0.000000000000E+00
  0.000000000000E+00  0.000000000000E+00  0.000000000000E+00  0.000000000000E+00
  0.000000000000E+00  0.000000000000E+00  0.000000000000E+00  0.000000000000E+00
  0.000000000000E+00  0.000000000000E+00  0.000000000000E+00  0.000000000000E+00
  0.000000000000E+00  0.000000000000E+00  0.000000000000E+00  0.000000000000E+00
  0.000000000000E+00  0.000000000000E+00  0.000000000000E+00  0.000000000000E+00
  0.000000000000E+00  0.000000000000E+00  0.000000000000E+00  0.000000000000E+00
  0.000000000000E+00  0.000000000000E+00  0.000000000000E+00  0.000000000000E+00
  0.000000000000E+00  0.000000000000E+00  0.000000000000E+00  0.000000000000E+00
  0.000000000000E+00  0.000000000000E+00  0.000000000000E+00  0.000000000000E+00
  0.000000000000E+00  0.000000000000E+00  0.000000000000E+00  0.000000000000E+00
  0.000000000000E+00  0.000000000000E+00  0.000000000000E+00  0.000000000000E+00
  0.000000000000E+00  0.000000000000E+00  0.000000000000E+00  0.000000000000E+00
  0.000000000000E+00  0.000000000000E+00  0.000000000000E+00  0.000000000000E+00
  0.000000000000E+00  0.000000000000E+00  0.000000000000E+00  0.000000000000E+00
  0.000000000000E+00  0.000000000000E+00  0.000000000000E+00  0.000000000000E+00
  0.000000000000E+00  0.000000000000E+00  0.000000000000E+00  0.000000000000E+00
  0.000000000000E+00  0.000000000000E+00  0.000000000000E+00  0.000000000000E+00
  0.000000000000E+00  0.000000000000E+00  0.000000000000E+00  0.000000000000E+00
  0.000000000000E+00  0.000000000000E+00  0.000000000000E+00  0.000000000000E+00
  0.000000000000E+00  0.000000000000E+00  0.000000000000E+00  0.000000000000E+00
  0.000000000000E+00  0.000000000000E+00  0.000000000000E+00  0.000000000000E+00
  0.000000000000E+00  0.000000000000E+00  0.000000000000E+00  0.000000000000E+00
  0.000000000000E+00  0.000000000000E+00  0.000000000000E+00  0.000000000000E+00
  0.000000000000E+00  0.000000000000E+00  0.000000000000E+00  0.000000000000E+00
  0.000000000000E+00  0.000000000000E+00  0.000000000000E+00  0.000000000000E+00
  0.000000000000E+00  0.000000000000E+00  0.000000000000E+00  0.000000000000E+00
  0.000000000000E+00  0.000000000000E+00  0.000000000000E+00  0.000000000000E+00
  0.000000000000E+00  0.000000000000E+00  0.000000000000E+00  0.000000000000E+00
  0.000000000000E+00  0.000000000000E+00  0.000000000000E+00  0.000000000000E+00
  0.000000000000E+00  0.000000000000E+00  0.000000000000E+00  0.000000000000E+00
  0.000000000000E+00  0.000000000000E+00  0.000000000000E+00  0.000000000000E+00
  0.000000000000E+00  0.000000000000E+00  0.000000000000E+00  0.000000000000E+00
  0.000000000000E+00  0.000000000000E+00  0.000000000000E+00  0.000000000000E+00
  0.000000000000E+00  0.000000000000E+00  0.000000000000E+00  0.000000000000E+00
  0.000000000000E+00  0.000000000000E+00  0.000000000000E+00  0.000000000000E+00
  0.000000000000E+00  0.000000000000E+00  0.000000000000E+00  0.000000000000E+00
  0.000000000000E+00  0.000000000000E+00  0.000000000000E+00  0.000000000000E+00
  0.000000000000E+00  0.000000000000E+00  0.000000000000E+00  0.000000000000E+00
  0.000000000000E+00  0.000000000000E+00  0.000000000000E+00  0.000000000000E+00
  0.000000000000E+00  0.000000000000E+00  0.000000000000E+00  0.000000000000E+00
  0.000000000000E+00  0.000000000000E+00  0.000000000000E+00  0.000000000000E+00
  0.000000000000E+00  0.000000000000E+00  0.000000000000E+00  0.000000000000E+00
  0.000000000000E+00  0.000000000000E+00  0.000000000000E+00  0.000000000000E+00
  0.000000000000E+00  0.000000000000E+00  0.000000000000E+00  0.000000000000E+00
  0.000000000000E+00  0.000000000000E+00  0.000000000000E+00  0.000000000000E+00
  0.000000000000E+00  0.000000000000E+00  0.000000000000E+00  0.000000000000E+00
  0.000000000000E+00  0.000000000000E+00  0.000000000000E+00  0.000000000000E+00
  0.000000000000E+00  0.000000000000E+00  0.000000000000E+00  0.000000000000E+00
  0.000000000000E+00  0.000000000000E+00  0.000000000000E+00  0.000000000000E+00
  0.000000000000E+00  0.000000000000E+00  0.000000000000E+00  0.000000000000E+00
  0.000000000000E+00  0.000000000000E+00  0.000000000000E+00  0.000000000000E+00
  0.000000000000E+00  0.000000000000E+00  0.000000000000E+00  0.000000000000E+00
  0.000000000000E+00  0.000000000000E+00  0.000000000000E+00  0.000000000000E+00
  0.000000000000E+00  0.000000000000E+00  0.000000000000E+00  0.000000000000E+00
  0.000000000000E+00  0.000000000000E+00  0.000000000000E+00  0.000000000000E+00
  0.000000000000E+00  0.000000000000E+00  0.000000000000E+00  0.000000000000E+00
  0.000000000000E+00  0.000000000000E+00  0.000000000000E+00  0.000000000000E+00
  0.000000000000E+00  0.000000000000E+00  0.000000000000E+00  0.000000000000E+00
  0.000000000000E+00  0.000000000000E+00  0.000000000000E+00  0.000000000000E+00
  0.000000000000E+00  0.000000000000E+00  0.000000000000E+00  0.000000000000E+00
  0.000000000000E+00  0.000000000000E+00  0.000000000000E+00  0.000000000000E+00
  0.000000000000E+00  0.000000000000E+00  0.000000000000E+00  0.000000000000E+00
  0.000000000000E+00  0.000000000000E+00  0.000000000000E+00  0.000000000000E+00
  0.000000000000E+00  0.000000000000E+00  0.000000000000E+00  0.000000000000E+00
  0.000000000000E+00  0.000000000000E+00  0.000000000000E+00  0.000000000000E+00
  0.000000000000E+00  0.000000000000E+00  0.000000000000E+00  0.000000000000E+00
  0.000000000000E+00  0.000000000000E+00  0.000000000000E+00  0.000000000000E+00
  0.000000000000E+00  0.000000000000E+00  0.000000000000E+00  0.000000000000E+00
  0.000000000000E+00  0.000000000000E+00  0.000000000000E+00  0.000000000000E+00
  0.000000000000E+00  0.000000000000E+00  0.000000000000E+00  0.000000000000E+00
  0.000000000000E+00  0.000000000000E+00  0.000000000000E+00  0.000000000000E+00
  0.000000000000E+00  0.000000000000E+00  0.000000000000E+00  0.000000000000E+00
  0.000000000000E+00  0.000000000000E+00  0.000000000000E+00  0.000000000000E+00
  0.000000000000E+00  0.000000000000E+00  0.000000000000E+00  0.000000000000E+00
  0.000000000000E+00  0.000000000000E+00  0.000000000000E+00  0.000000000000E+00
  0.000000000000E+00  0.000000000000E+00  0.000000000000E+00  0.000000000000E+00
  0.000000000000E+00  0.000000000000E+00  0.000000000000E+00  0.000000000000E+00
  0.000000000000E+00  0.000000000000E+00  0.000000000000E+00  0.000000000000E+00
  0.000000000000E+00  0.000000000000E+00  0.000000000000E+00  0.000000000000E+00
  0.000000000000E+00  0.000000000000E+00  0.000000000000E+00  0.000000000000E+00
  0.000000000000E+00  0.000000000000E+00  0.000000000000E+00  0.000000000000E+00
  0.000000000000E+00  0.000000000000E+00  0.000000000000E+00  0.000000000000E+00
  0.000000000000E+00  0.000000000000E+00  0.000000000000E+00  0.000000000000E+00
  0.000000000000E+00  0.000000000000E+00  0.000000000000E+00  0.000000000000E+00
  0.000000000000E+00  0.000000000000E+00  0.000000000000E+00  0.000000000000E+00
  0.000000000000E+00  0.000000000000E+00  0.000000000000E+00  0.000000000000E+00
  0.000000000000E+00  0.000000000000E+00  0.000000000000E+00  0.000000000000E+00
  0.000000000000E+00  0.000000000000E+00  0.000000000000E+00  0.000000000000E+00
  0.000000000000E+00  0.000000000000E+00  0.000000000000E+00  0.000000000000E+00
  0.000000000000E+00  0.000000000000E+00  0.000000000000E+00  0.000000000000E+00
  0.000000000000E+00  0.000000000000E+00  0.000000000000E+00  0.000000000000E+00
  0.000000000000E+00  0.000000000000E+00  0.000000000000E+00  0.000000000000E+00
  0.000000000000E+00  0.000000000000E+00  0.000000000000E+00  0.000000000000E+00
  0.000000000000E+00  0.000000000000E+00  0.000000000000E+00  0.000000000000E+00
  0.000000000000E+00  0.000000000000E+00  0.000000000000E+00  0.000000000000E+00
  0.000000000000E+00  0.000000000000E+00  0.000000000000E+00  0.000000000000E+00
  0.000000000000E+00  0.000000000000E+00  0.000000000000E+00  0.000000000000E+00
  0.000000000000E+00  0.000000000000E+00  0.000000000000E+00  0.000000000000E+00
  0.000000000000E+00  0.000000000000E+00  0.000000000000E+00  0.000000000000E+00
  0.000000000000E+00  0.000000000000E+00  0.000000000000E+00  0.000000000000E+00
  0.000000000000E+00  0.000000000000E+00  0.000000000000E+00  0.000000000000E+00
  0.000000000000E+00  0.000000000000E+00  0.000000000000E+00  0.000000000000E+00
  0.000000000000E+00  0.000000000000E+00  0.000000000000E+00  0.000000000000E+00
  0.000000000000E+00  0.000000000000E+00  0.000000000000E+00  0.000000000000E+00
  0.000000000000E+00  0.000000000000E+00  0.000000000000E+00  0.000000000000E+00
  0.000000000000E+00  0.000000000000E+00  0.000000000000E+00  0.000000000000E+00
  0.000000000000E+00  0.000000000000E+00  0.000000000000E+00  0.000000000000E+00
  0.000000000000E+00  0.000000000000E+00  0.000000000000E+00  0.000000000000E+00
  0.000000000000E+00  0.000000000000E+00  0.000000000000E+00  0.000000000000E+00
  0.000000000000E+00  0.000000000000E+00  0.000000000000E+00  0.000000000000E+00
  0.000000000000E+00  0.000000000000E+00  0.000000000000E+00  0.000000000000E+00
  0.000000000000E+00  0.000000000000E+00  0.000000000000E+00  0.000000000000E+00
  0.000000000000E+00  0.000000000000E+00  0.000000000000E+00  0.000000000000E+00
  0.000000000000E+00  0.000000000000E+00  0.000000000000E+00  0.000000000000E+00
  0.000000000000E+00  0.000000000000E+00  0.000000000000E+00  0.000000000000E+00
  0.000000000000E+00  0.000000000000E+00  0.000000000000E+00  0.000000000000E+00
  0.000000000000E+00  0.000000000000E+00  0.000000000000E+00  0.000000000000E+00
  0.000000000000E+00  0.000000000000E+00  0.000000000000E+00  0.000000000000E+00
  0.000000000000E+00  0.000000000000E+00  0.000000000000E+00  0.000000000000E+00
  0.000000000000E+00  0.000000000000E+00  0.000000000000E+00  0.000000000000E+00
  0.000000000000E+00  0.000000000000E+00  0.000000000000E+00  0.000000000000E+00
  0.000000000000E+00  0.000000000000E+00  0.000000000000E+00  0.000000000000E+00
  0.000000000000E+00  0.000000000000E+00  0.000000000000E+00  0.000000000000E+00
  0.000000000000E+00  0.000000000000E+00  0.000000000000E+00  0.000000000000E+00
  0.000000000000E+00  0.000000000000E+00  0.000000000000E+00  0.000000000000E+00
  0.000000000000E+00  0.000000000000E+00  0.000000000000E+00  0.000000000000E+00
  0.000000000000E+00  0.000000000000E+00  0.000000000000E+00  0.000000000000E+00
  0.000000000000E+00  0.000000000000E+00  0.000000000000E+00  0.000000000000E+00
  0.000000000000E+00  0.000000000000E+00  0.000000000000E+00  0.000000000000E+00
  0.000000000000E+00  0.000000000000E+00  0.000000000000E+00  0.000000000000E+00
  0.000000000000E+00  0.000000000000E+00  0.000000000000E+00  0.000000000000E+00
  0.000000000000E+00  0.000000000000E+00  0.000000000000E+00  0.000000000000E+00
  0.000000000000E+00  0.000000000000E+00  0.000000000000E+00  0.000000000000E+00
  0.000000000000E+00  0.000000000000E+00  0.000000000000E+00  0.000000000000E+00
  0.000000000000E+00  0.000000000000E+00  0.000000000000E+00  0.000000000000E+00
  0.000000000000E+00  0.000000000000E+00  0.000000000000E+00  0.000000000000E+00
  0.000000000000E+00  0.000000000000E+00  0.000000000000E+00  0.000000000000E+00
  0.000000000000E+00  0.000000000000E+00  0.000000000000E+00  0.000000000000E+00
  0.000000000000E+00  0.000000000000E+00  0.000000000000E+00  0.000000000000E+00
  0.000000000000E+00  0.000000000000E+00  0.000000000000E+00  0.000000000000E+00
  0.000000000000E+00  0.000000000000E+00  0.000000000000E+00  0.000000000000E+00
  0.000000000000E+00  0.000000000000E+00  0.000000000000E+00  0.000000000000E+00
  0.000000000000E+00  0.000000000000E+00  0.000000000000E+00  0.000000000000E+00
  0.000000000000E+00  0.000000000000E+00  0.000000000000E+00  0.000000000000E+00
  0.000000000000E+00  0.000000000000E+00  0.000000000000E+00  0.000000000000E+00
  0.000000000000E+00  0.000000000000E+00  0.000000000000E+00  0.000000000000E+00
  0.000000000000E+00  0.000000000000E+00  0.000000000000E+00  0.000000000000E+00
  0.000000000000E+00  0.000000000000E+00  0.000000000000E+00  0.000000000000E+00
  0.000000000000E+00  0.000000000000E+00  0.000000000000E+00  0.000000000000E+00
  0.000000000000E+00  0.000000000000E+00  0.000000000000E+00  0.000000000000E+00
  0.000000000000E+00  0.000000000000E+00  0.000000000000E+00  0.000000000000E+00
  0.000000000000E+00  0.000000000000E+00  0.000000000000E+00  0.000000000000E+00
  0.000000000000E+00  0.000000000000E+00  0.000000000000E+00  0.000000000000E+00
  0.000000000000E+00  0.000000000000E+00  0.000000000000E+00  0.000000000000E+00
  0.000000000000E+00  0.000000000000E+00  0.000000000000E+00  0.000000000000E+00
  0.000000000000E+00  0.000000000000E+00  0.000000000000E+00  0.000000000000E+00
  0.000000000000E+00  0.000000000000E+00  0.000000000000E+00  0.000000000000E+00
  0.000000000000E+00  0.000000000000E+00  0.000000000000E+00  0.000000000000E+00
  0.000000000000E+00  0.000000000000E+00  0.000000000000E+00  0.000000000000E+00
  0.000000000000E+00  0.000000000000E+00  0.000000000000E+00  0.000000000000E+00
  0.000000000000E+00  0.000000000000E+00  0.000000000000E+00  0.000000000000E+00
  0.000000000000E+00  0.000000000000E+00  0.000000000000E+00  0.000000000000E+00
  0.000000000000E+00  0.000000000000E+00  0.000000000000E+00  0.000000000000E+00
  0.000000000000E+00  0.000000000000E+00  0.000000000000E+00  0.000000000000E+00
  0.000000000000E+00  0.000000000000E+00  0.000000000000E+00  0.000000000000E+00
  0.000000000000E+00  0.000000000000E+00  0.000000000000E+00  0.000000000000E+00
  0.000000000000E+00  0.000000000000E+00  0.000000000000E+00  0.000000000000E+00
  0.000000000000E+00  0.000000000000E+00  0.000000000000E+00  0.000000000000E+00
  0.000000000000E+00  0.000000000000E+00  0.000000000000E+00  0.000000000000E+00
  0.000000000000E+00  0.000000000000E+00  0.000000000000E+00  0.000000000000E+00
  0.000000000000E+00
 Valence charge follows
  4.996399466216E-10  2.023206459063E-09  4.608430506326E-09  8.294117314916E-09
  1.312018148841E-08  1.912767794032E-08  2.635883266641E-08  3.485707396938E-08
  4.466706433089E-08  5.583473301872E-08  6.840730948057E-08  8.243335756086E-08
  9.796281057069E-08  1.150470072378E-07  1.337387285623E-07  1.540922356025E-07
  1.761633082165E-07  2.000092847837E-07  2.256891029327E-07  2.532633412989E-07
  2.827942623415E-07  3.143458562436E-07  3.479838859240E-07  3.837759331892E-07
  4.217914460530E-07  4.621017872540E-07  5.047802840009E-07  5.499022789757E-07
  5.975451826270E-07  6.477885267857E-07  7.007140196354E-07  7.564056020725E-07
  8.149495054897E-07  8.764343110191E-07  9.409510102713E-07  1.008593067608E-06
  1.079456483984E-06  1.153639862406E-06  1.231244475033E-06  1.312374331978E-06
  1.397136251839E-06  1.485639934010E-06  1.577998032811E-06  1.674326233491E-06
  1.774743330138E-06  1.879371305559E-06  1.988335413164E-06  2.101764260913E-06
  2.219789897379E-06  2.342547899968E-06  2.470177465367E-06  2.602821502261E-06
  2.740626726380E-06  2.883743757938E-06  3.032327221522E-06  3.186535848481E-06
  3.347137572811E-06  3.513097613527E-06  3.685148334080E-06  3.863455528461E-06
  4.048184754170E-06  4.239500877404E-06  4.437913078025E-06  4.643716847001E-06
  4.856785438762E-06  5.077294490459E-06  5.305417412319E-06  5.541324697031E-06
  5.785183163092E-06  6.037155127275E-06  6.297397501016E-06  6.566133498298E-06
  6.845800795379E-06  7.134534639976E-06  7.432492769798E-06  7.739824146213E-06
  8.056667633227E-06  8.383150563788E-06  8.723311749516E-06  9.073883903468E-06
  9.434967528366E-06  9.806676347599E-06  1.018912634319E-05  1.058789932520E-05
  1.099822480969E-05  1.142019438872E-05  1.185387760407E-05  1.230344837029E-05
  1.276839451437E-05  1.324602006853E-05  1.373635527719E-05  1.424413731742E-05
  1.476944839121E-05  1.530846737637E-05  1.586116971507E-05  1.643569266597E-05
  1.702745253291E-05  1.763391063203E-05  1.825718963849E-05  1.890602741204E-05
  1.957061518585E-05  2.025081182155E-05  2.095789178526E-05  2.168527154082E-05
  2.242929357076E-05  2.319779457411E-05  2.399292806422E-05  2.480575386368E-05
  2.564160264367E-05  2.650976116274E-05  2.739666957511E-05  2.830637223655E-05
  2.925314544456E-05  3.021972245931E-05  3.121042287979E-05  3.224172598250E-05
  3.329386941856E-05  3.437341352817E-05  3.549549237691E-05  3.663941408452E-05
  3.781642062764E-05  3.903585422756E-05  4.027807924039E-05  4.156201768883E-05
  4.288571751953E-05  4.423307949630E-05  4.563435585176E-05  4.706956130699E-05
  4.853136678466E-05  5.005924479575E-05  5.161351393779E-05  5.321013011459E-05
  5.486423320089E-05  5.654542789818E-05  5.829003027822E-05  6.007868779573E-05
  6.190002567227E-05  6.380202740179E-05  6.573386982724E-05  6.772533861893E-05
  6.977907929157E-05  7.186300755847E-05  7.404130609619E-05  7.625621811423E-05
  7.853182162862E-05  8.088485843603E-05  8.327062120344E-05  8.576114633288E-05
  8.829518828439E-05  9.089792148409E-05  9.358830402556E-05  9.631381727960E-05
  9.916388208145E-05  1.020570642876E-04  1.050365443684E-04  1.081064876248E-04
  1.112216570628E-04  1.144779273743E-04  1.177745265932E-04  1.211880300468E-04
  1.246842485507E-04  1.282542895864E-04  1.319609058771E-04  1.357097801936E-04
  1.396234441328E-04  1.435974847241E-04  1.476917735423E-04  1.519031131547E-04
  1.561868180913E-04  1.606482207989E-04  1.651567847542E-04  1.698554608180E-04
  1.746313384585E-04  1.795486401537E-04  1.846061843107E-04  1.897527783329E-04
  1.951070881347E-04  2.005130728989E-04  2.061611286117E-04  2.118839778435E-04
  2.177967642828E-04  2.238534382828E-04  2.300439040073E-04  2.364522446102E-04
  2.429339810594E-04  2.497127571355E-04  2.565514602062E-04  2.636689863857E-04
  2.709027285804E-04  2.783566775708E-04  2.860065181798E-04  2.938133994345E-04
  3.019014920795E-04  3.100786377276E-04  3.186282870266E-04  3.272455546099E-04
  3.362296147612E-04  3.453384668329E-04  3.547503686350E-04  3.643769247610E-04
  3.742377358126E-04  3.844094735066E-04  3.947413153611E-04  4.054871406991E-04
  4.163132425503E-04  4.276635645322E-04  4.390936452608E-04  4.509951285707E-04
  4.630681898203E-04  4.755411036899E-04  4.882911912468E-04  5.013637975448E-04
  5.148267298968E-04  5.285287119882E-04  5.427421731381E-04  5.571047088826E-04
  5.721083461595E-04  5.872018623863E-04  6.029997119321E-04  6.189325632683E-04
  6.354945608413E-04  6.523110903727E-04  6.696752105406E-04  6.874220770199E-04
  7.056282166139E-04  7.243545168089E-04  7.434445946679E-04  7.632019924188E-04
  7.832200545175E-04  8.040629168964E-04  8.250552471701E-04  8.470407881628E-04
  8.691379831559E-04  8.922444575141E-04  9.155538106042E-04  9.397884129464E-04
  9.643738679041E-04  9.897930781879E-04  1.015721940086E-03  1.042385128379E-03
  1.069728244192E-03  1.097697823407E-03  1.126529772825E-03  1.155871359962E-03
  1.186270657055E-03  1.217053243470E-03  1.249102549869E-03  1.281398681116E-03
  1.315185031439E-03  1.349108705002E-03  1.384686037557E-03  1.420450032591E-03
  1.457782312713E-03  1.495483874973E-03  1.534659889346E-03  1.574401440215E-03
  1.615514594954E-03  1.657404017040E-03  1.700552588852E-03  1.744703528476E-03
  1.789990930480E-03  1.836523118194E-03  1.884058181335E-03  1.933097771640E-03
  1.982995042724E-03  2.034674974288E-03  2.087055031722E-03  2.141515409466E-03
  2.196505197868E-03  2.253893698410E-03  2.311626883359E-03  2.372099185414E-03
  2.432758555293E-03  2.496436771132E-03  2.560360304620E-03  2.627227797362E-03
  2.694589649217E-03  2.764810986857E-03  2.835794843103E-03  2.909543442020E-03
  2.984343073807E-03  3.061801706626E-03  3.140621559515E-03  3.221982895042E-03
  3.305038716270E-03  3.390505893778E-03  3.478025400249E-03  3.567812640581E-03
  3.660036230578E-03  3.754369486709E-03  3.851550998543E-03  3.950668648491E-03
  4.053076169577E-03  4.157229754742E-03  4.265146484884E-03  4.374601497189E-03
  4.488326670160E-03  4.603363391614E-03  4.723213259470E-03  4.844127658084E-03
  4.970436543007E-03  5.097541229320E-03  5.230662648212E-03  5.364287897032E-03
  5.504595764500E-03  5.645203511415E-03  5.792980522729E-03  5.941197733612E-03
  6.096604541465E-03  6.252851876554E-03  6.416301153161E-03  6.581023963972E-03
  6.752952324438E-03  6.926622249537E-03  7.107491785916E-03  7.290608462580E-03
  7.480908388344E-03  7.674001289470E-03  7.874249703239E-03  8.077880109664E-03
  8.288625887792E-03  8.503389007099E-03  8.725213835553E-03  8.951741079375E-03
  9.185261636219E-03  9.424223069107E-03  9.670093369932E-03  9.922200344006E-03
  1.018111426365E-02  1.044712225449E-02  1.071981623963E-02  1.100052790018E-02
  1.128778388855E-02  1.158405233936E-02  1.188670090283E-02  1.219943327847E-02
  1.251835700858E-02  1.284851828185E-02  1.318465543820E-02  1.353327254561E-02
  1.388762098903E-02  1.425578728315E-02  1.462940871773E-02  1.501828877407E-02
  1.541231332404E-02  1.582314813279E-02  1.623877928250E-02  1.667289185779E-02
  1.711141178562E-02  1.757021322795E-02  1.803298856748E-02  1.851798461806E-02
  1.900647268266E-02  1.951927081160E-02  2.003502632186E-02  2.057734339580E-02
  2.112202575242E-02  2.169569633105E-02  2.227107747949E-02  2.287806279448E-02
  2.348603573141E-02  2.412843340597E-02  2.477161061123E-02  2.545107595378E-02
  2.613199531287E-02  2.685055674677E-02  2.757162897029E-02  2.833176373035E-02
  2.909557090818E-02  2.989993151461E-02  3.070924054769E-02  3.156066847488E-02
  3.241844562341E-02  3.331998609759E-02  3.422941273847E-02  3.518433075781E-02
  3.614882045179E-02  3.716061812915E-02  3.818383510524E-02  3.925627044189E-02
  4.034214961499E-02  4.147925682110E-02  4.263202546704E-02  4.383813695334E-02
  4.506233817447E-02  4.634210834811E-02  4.764262647175E-02  4.900105747861E-02
  5.038314554024E-02  5.182561510520E-02  5.329492457813E-02  5.482721610462E-02
  5.638982904807E-02  5.801816414806E-02  5.968062795564E-02  6.141170159123E-02
  6.318106653227E-02  6.502208496009E-02  6.690594471636E-02  6.886466643583E-02
  7.087120184617E-02  7.295598176216E-02  7.509400799697E-02  7.731384501669E-02
  7.959286241306E-02  8.195745070501E-02  8.438769950088E-02  8.690748365111E-02
  8.950000286356E-02  9.218623717023E-02  9.495292786728E-02  9.781774001835E-02
  1.007714332363E-01  1.038278926171E-01  1.069824221747E-01  1.102446130505E-01
  1.136148935079E-01  1.170979933214E-01  1.207001033225E-01  1.244204663380E-01
  1.282717375624E-01  1.322469840717E-01  1.363660960021E-01  1.406152072888E-01
  1.450222879724E-01  1.495657071997E-01  1.542824401475E-01  1.591421792993E-01
  1.641919166187E-01  1.693916695750E-01  1.747995513748E-01  1.803648131421E-01
  1.861578931747E-01  1.921160852174E-01  1.983234626367E-01  2.047040641640E-01
  2.113570211671E-01  2.181917061233E-01  2.253238511181E-01  2.326466304879E-01
  2.402940462738E-01  2.481414151630E-01  2.563428114325E-01  2.647539001994E-01
  2.735507694563E-01  2.825674979545E-01  2.920042736986E-01  3.016715074437E-01
  3.117957231875E-01  3.221614299740E-01  3.330238773294E-01  3.441392824912E-01
  3.557941661928E-01  3.677139043293E-01  3.802189916341E-01  3.930012521946E-01
  4.064180136234E-01  4.201246772645E-01  4.345184151131E-01  4.492151772072E-01
  4.646551376600E-01  4.804116147366E-01  4.969710787587E-01  5.138608930025E-01
  5.316172404644E-01  5.497180766763E-01  5.687528173834E-01  5.881464460318E-01
  6.085452104906E-01  6.293174696412E-01  6.511699514999E-01  6.734106795312E-01
  6.968105206962E-01  7.206134307770E-01  7.456580392418E-01  7.711205255968E-01
  7.979108150412E-01  8.251336800700E-01  8.537737193303E-01  8.828608097053E-01
  9.134573692994E-01  9.445151082796E-01  9.771770903453E-01  1.010313892748E+00
  1.045151630067E+00  1.080477185686E+00  1.117601594975E+00  1.155226005793E+00
  1.194747580236E+00  1.234780336603E+00  1.276807962718E+00  1.319356743876E+00
  1.363996328432E+00  1.409165613401E+00  1.456518507238E+00  1.504407983327E+00
  1.554569190775E+00  1.605271948880E+00  1.658328114139E+00  1.711928622727E+00
  1.767955788164E+00  1.824527641529E+00  1.883588777549E+00  1.943192218694E+00
  2.005334530753E+00  2.068013755235E+00  2.133265780791E+00  2.199046035190E+00
  2.267414552067E+00  2.336299049416E+00  2.407765827170E+00  2.479732511890E+00
  2.554250949344E+00  2.629249155760E+00  2.706740860801E+00  2.784687922250E+00
  2.865039304080E+00  2.945817183612E+00  3.028876142573E+00  3.112328171060E+00
  3.197900986463E+00  3.283828809049E+00  3.371677340499E+00  3.459838187107E+00
  3.549677518798E+00  3.639781928068E+00  3.731278597481E+00  3.822988735029E+00
  3.915759696174E+00  4.008688416282E+00  4.102300891815E+00  4.196011695292E+00
  4.289984070106E+00  4.383992108666E+00  4.477796008431E+00  4.571570276188E+00
  4.664633956516E+00  4.757600790713E+00  4.849313934990E+00  4.940861919852E+00
  5.030581905608E+00  5.120068234493E+00  5.207127879282E+00  5.293886181061E+00
  5.377602919782E+00  5.460952496172E+00  5.540638874071E+00  5.619895227101E+00
  5.694870518865E+00  5.769356974275E+00  5.838959663302E+00  5.908019820183E+00
  5.971620597936E+00  6.034631261985E+00  6.091646140866E+00  6.148030333719E+00
  6.197933414132E+00  6.247173000428E+00  6.289508399870E+00  6.331155842956E+00
  6.365548287416E+00  6.399237039293E+00  6.425400639358E+00  6.450853694670E+00
  6.468598482520E+00  6.485634682006E+00  6.494870570471E+00  6.503408325572E+00
  6.504146262799E+00  6.504204486123E+00  6.496554712160E+00  6.488250871000E+00
  6.472418325628E+00  6.455963677650E+00  6.432240749869E+00  6.407932959141E+00
  6.376689894774E+00  6.344903349624E+00  6.306576732335E+00  6.267750982197E+00
  6.222830765797E+00  6.177457553458E+00  6.126473145533E+00  6.075082530417E+00
  6.018588411956E+00  5.961734462502E+00  5.900295785774E+00  5.838542275587E+00
  5.772720831634E+00  5.706627323533E+00  5.636968235346E+00  5.567076904157E+00
  5.494096408774E+00  5.420919964088E+00  5.345094719241E+00  5.269105865716E+00
  5.190864364679E+00  5.112487389323E+00  5.032204278521E+00  4.951809567443E+00
  4.869803886236E+00  4.787706397210E+00  4.704244901796E+00  4.620707755285E+00
  4.536014398072E+00  4.451258645713E+00  4.365530756572E+00  4.279751840517E+00
  4.193182367795E+00  4.106572567855E+00  4.019375668108E+00  3.932149732578E+00
  3.844583893549E+00  3.757001913061E+00  3.669380146389E+00  3.581757033762E+00
  3.494434274024E+00  3.407126095051E+00  3.320455970670E+00  3.233815438806E+00
  3.148131629265E+00  3.062490812315E+00  2.978104351845E+00  2.893772679988E+00
  2.810970481941E+00  2.728233298099E+00  2.647277013261E+00  2.566394445749E+00
  2.487519640012E+00  2.408725792631E+00  2.332141435255E+00  2.255643886069E+00
  2.181532136290E+00  2.107511732878E+00  2.036028009649E+00  1.964638945681E+00
  1.895912262880E+00  1.827282418442E+00  1.761415965916E+00  1.695647492051E+00
  1.632719441319E+00  1.569889567743E+00  1.509954080056E+00  1.450116123866E+00
  1.393204537466E+00  1.336389089813E+00  1.282511262658E+00  1.228727529786E+00
  1.177873313580E+00  1.127110588200E+00  1.079251409291E+00  1.031480647981E+00
  9.865711705536E-01  9.417466527156E-01  8.997264996334E-01  8.577875434971E-01
  8.185830503250E-01  7.794557616104E-01  7.429817396764E-01  7.065807688966E-01
  6.727422539182E-01  6.389725389442E-01  6.076665027700E-01  5.764249743074E-01
  5.475419787571E-01  5.187192078202E-01  4.921449814988E-01  4.656267498548E-01
  4.412436711319E-01  4.169124480027E-01  3.946009200521E-01  3.723372310593E-01
  3.519769378634E-01  3.316606152042E-01  3.131316506259E-01  2.946429566593E-01
  2.778268219625E-01  2.610474416449E-01  2.458279100562E-01  2.306418108726E-01
  2.169056608188E-01  2.031998218763E-01  1.908374432898E-01  1.785024579845E-01
  1.674083384473E-01  1.563388974826E-01  1.464119969295E-01  1.365072603974E-01
  1.276512845657E-01  1.188151532566E-01  1.109387370339E-01  1.030800340992E-01
  9.609684639301E-02  8.912942094159E-02  8.295820268807E-02  7.680096689270E-02
  7.136551338830E-02  6.594242423450E-02  6.117152217719E-02  5.641151819221E-02
  5.223884673826E-02  4.807574895636E-02  4.443975283381E-02  4.081213799175E-02
  3.765587935931E-02  3.450693196813E-02  3.177792637048E-02  2.905527497691E-02
  2.670531550873E-02  2.436085722761E-02  2.234582994864E-02  2.033554628389E-02
  1.861523906901E-02  1.689900518886E-02  1.543691156900E-02  1.397830057834E-02
  1.274141972191E-02  1.150750307380E-02  1.046613685003E-02  9.427281833013E-03
  8.554829845366E-03  7.684495033286E-03  6.957248568159E-03  6.231778177431E-03
  5.628714132617E-03  5.027132351827E-03  4.529708347704E-03  4.033514843262E-03
  3.625466843559E-03  3.218434768478E-03  2.885578620961E-03  2.553556536874E-03
  2.283594872647E-03  2.014314022868E-03  1.796649919767E-03  1.579538257470E-03
  1.405096979705E-03  1.231101261508E-03  1.092161241118E-03  9.535783495371E-04
  8.436123860950E-04  7.339308551510E-04  6.474582912770E-04  5.612107907413E-04
  4.936611855859E-04  4.262884842251E-04  3.738770679971E-04  3.216037574267E-04
  2.812187185506E-04  2.409407482538E-04  2.100421903277E-04  1.792260504318E-04
  1.557562660175E-04  1.323494647408E-04  1.146540121391E-04  9.700633437136E-05
  8.376527470257E-05  7.056017973283E-05  6.072873568682E-05  5.092415646181E-05
  4.368199016649E-05  3.645973280227E-05  3.116800619167E-05  2.589091458154E-05
  2.205628824634E-05  1.823233132815E-05  1.547707325388E-05  1.272952797891E-05
  1.076693762661E-05  8.809874723859E-06  7.424276311043E-06  6.042604299279E-06
  5.073221768830E-06  4.106603218480E-06  3.434694435290E-06  2.764713426889E-06
  2.303409257306E-06  1.843436973380E-06  1.529799242313E-06  1.217072834125E-06
  1.005951434666E-06  7.954474470081E-07  6.547793631718E-07  5.145253501969E-07
  4.217758285696E-07  3.293011395933E-07  2.687989587265E-07  2.084772664296E-07
  1.694416505883E-07  1.305232838469E-07  1.056194622997E-07  8.079096509205E-08
  6.508491298856E-08  4.942670312339E-08  3.963761967202E-08  2.987857062679E-08
  2.385067728227E-08  1.784141491877E-08  1.417527683781E-08  1.052055533142E-08
  8.318949512038E-09  6.124252294565E-09  4.819217630644E-09  3.518310267143E-09
  2.754972169795E-09  1.994067549603E-09  1.553633122229E-09  1.114614272845E-09
  8.640216327454E-10  6.142411534092E-10  4.736922051526E-10  3.336026711169E-10
  2.559234690684E-10  1.785004025243E-10  1.362100365096E-10  9.406036684434E-11
  7.138912217430E-11  4.879399495593E-11  3.683100926244E-11  2.490856614436E-11
  1.869751458031E-11  1.250771471984E-11  9.336156435726E-12  6.175557079368E-12
  4.583416889580E-12  2.996833829494E-12  2.211397199235E-12  1.428730401074E-12
  1.048124620911E-12  6.688752748042E-13  4.877911527980E-13  3.073594102275E-13
  2.228066874113E-13  1.385619735993E-13  9.983504304395E-14  6.125080093886E-14
  3.065865273057E-14  9.096291106020E-17  0.000000000000E+00  0.000000000000E+00
  0.000000000000E+00  0.000000000000E+00  0.000000000000E+00  0.000000000000E+00
  0.000000000000E+00  0.000000000000E+00  0.000000000000E+00  0.000000000000E+00
  0.000000000000E+00  0.000000000000E+00  0.000000000000E+00  0.000000000000E+00
  0.000000000000E+00  0.000000000000E+00  0.000000000000E+00  0.000000000000E+00
  0.000000000000E+00  0.000000000000E+00  0.000000000000E+00  0.000000000000E+00
  0.000000000000E+00  0.000000000000E+00  0.000000000000E+00  0.000000000000E+00
  0.000000000000E+00  0.000000000000E+00  0.000000000000E+00  0.000000000000E+00
  0.000000000000E+00  0.000000000000E+00  0.000000000000E+00  0.000000000000E+00
  0.000000000000E+00  0.000000000000E+00  0.000000000000E+00  0.000000000000E+00
  0.000000000000E+00  0.000000000000E+00  0.000000000000E+00  0.000000000000E+00
  0.000000000000E+00  0.000000000000E+00  0.000000000000E+00  0.000000000000E+00
  0.000000000000E+00  0.000000000000E+00  0.000000000000E+00  0.000000000000E+00
  0.000000000000E+00  0.000000000000E+00  0.000000000000E+00  0.000000000000E+00
  0.000000000000E+00  0.000000000000E+00  0.000000000000E+00  0.000000000000E+00
  0.000000000000E+00  0.000000000000E+00  0.000000000000E+00  0.000000000000E+00
  0.000000000000E+00  0.000000000000E+00  0.000000000000E+00  0.000000000000E+00
  0.000000000000E+00  0.000000000000E+00  0.000000000000E+00  0.000000000000E+00
  0.000000000000E+00  0.000000000000E+00  0.000000000000E+00  0.000000000000E+00
  0.000000000000E+00  0.000000000000E+00  0.000000000000E+00  0.000000000000E+00
  0.000000000000E+00  0.000000000000E+00  0.000000000000E+00  0.000000000000E+00
  0.000000000000E+00  0.000000000000E+00  0.000000000000E+00  0.000000000000E+00
  0.000000000000E+00  0.000000000000E+00  0.000000000000E+00  0.000000000000E+00
  0.000000000000E+00  0.000000000000E+00  0.000000000000E+00  0.000000000000E+00
  0.000000000000E+00  0.000000000000E+00  0.000000000000E+00  0.000000000000E+00
  0.000000000000E+00  0.000000000000E+00  0.000000000000E+00  0.000000000000E+00
  0.000000000000E+00  0.000000000000E+00  0.000000000000E+00  0.000000000000E+00
  0.000000000000E+00  0.000000000000E+00  0.000000000000E+00  0.000000000000E+00
  0.000000000000E+00  0.000000000000E+00  0.000000000000E+00  0.000000000000E+00
  0.000000000000E+00
 Pseudo-wave-function follows (l, zelect, rc)
 0  2.000000000000E+00  1.274771247870E+00
  1.580656282133E-05  3.180714592638E-05  4.800413084940E-05  6.439992835715E-05
  8.099697880777E-05  9.779775251396E-05  1.148047501107E-04  1.320205029274E-04
  1.494475733648E-04  1.670885552761E-04  1.849460743533E-04  2.030227885179E-04
  2.213213883163E-04  2.398445973206E-04  2.585951725341E-04  2.775759048009E-04
  2.967896192220E-04  3.162391755758E-04  3.359274687432E-04  3.558574291389E-04
  3.760320231476E-04  3.964542535651E-04  4.171271600457E-04  4.380538195545E-04
  4.592373468252E-04  4.806808948239E-04  5.023876552182E-04  5.243608588524E-04
  5.466037762285E-04  5.691197179925E-04  5.919120354277E-04  6.149841209533E-04
  6.383394086292E-04  6.619813746673E-04  6.859135379487E-04  7.101394605479E-04
  7.346627482625E-04  7.594870511499E-04  7.846160640709E-04  8.100535272397E-04
  8.358032267799E-04  8.618689952889E-04  8.882547124077E-04  9.149643053989E-04
  9.420017497306E-04  9.693710696686E-04  9.970763388753E-04  1.025121681016E-03
  1.053511270372E-03  1.082249332463E-03  1.111340144677E-03  1.140788036902E-03
  1.170597392176E-03  1.200772647339E-03  1.231318293690E-03  1.262238877655E-03
  1.293597159764E-03  1.325280826727E-03  1.357350068544E-03  1.389808963372E-03
  1.422661296327E-03  1.455910556334E-03  1.489588897691E-03  1.523708038113E-03
  1.558244910143E-03  1.593202264032E-03  1.628582548341E-03  1.664387902214E-03
  1.700620146836E-03  1.737280776080E-03  1.774370946358E-03  1.811896478810E-03
  1.850011887095E-03  1.888574430102E-03  1.927584462906E-03  1.967041966535E-03
  2.006946533880E-03  2.047297354851E-03  2.088326982478E-03  2.129821123842E-03
  2.171776724320E-03  2.214192022198E-03  2.257065867926E-03  2.300692872902E-03
  2.344793771574E-03  2.389365762547E-03  2.434405539500E-03  2.480116596032E-03
  2.526453587121E-03  2.573270837700E-03  2.620563840043E-03  2.668548623018E-03
  2.717208856775E-03  2.766356049015E-03  2.815984355481E-03  2.866442992550E-03
  2.917509609547E-03  2.969067116570E-03  3.021199940034E-03  3.074251588727E-03
  3.127803177050E-03  3.181846462057E-03  3.236812830656E-03  3.292423725356E-03
  3.348533608040E-03  3.405428324393E-03  3.463164096826E-03  3.521405221124E-03
  3.580337525190E-03  3.640264076047E-03  3.700701329362E-03  3.761784635037E-03
  3.823968159517E-03  3.886666627820E-03  3.950018847152E-03  4.014525782885E-03
  4.079550688369E-03  4.145294557978E-03  4.212191516025E-03  4.279608137529E-03
  4.347871549339E-03  4.417225228312E-03  4.487098804493E-03  4.558015142659E-03
  4.629892225812E-03  4.702287840814E-03  4.775996326566E-03  4.850463361486E-03
  4.925500888861E-03  5.002091858640E-03  5.079215119010E-03  5.157266160134E-03
  5.236584341663E-03  5.316429670398E-03  5.397649506928E-03  5.479762274296E-03
  5.562508689387E-03  5.646945956255E-03  5.731920075800E-03  5.818082249570E-03
  5.905456656939E-03  5.993358084069E-03  6.083109799330E-03  6.173488871849E-03
  6.264986985818E-03  6.357905731213E-03  6.451355942461E-03  6.546720030543E-03
  6.642790707302E-03  6.740045657037E-03  6.838802238192E-03  6.938091589072E-03
  7.039508586881E-03  7.141568186812E-03  7.245030515320E-03  7.349929403513E-03
  7.455491572954E-03  7.563300455299E-03  7.671657078769E-03  7.781809467873E-03
  7.893166217114E-03  8.005587557262E-03  8.120019030716E-03  8.234991603557E-03
  8.352351519312E-03  8.470492805459E-03  8.590302885388E-03  8.711691577875E-03
  8.834015620460E-03  8.958732328651E-03  9.083995911450E-03  9.211762891463E-03
  9.340454810774E-03  9.470934616634E-03  9.603139893302E-03  9.736402463806E-03
  9.872208195812E-03  1.000856059929E-02  1.014782051145E-02  1.028788036861E-02
  1.043014148753E-02  1.057400064207E-02  1.071933972546E-02  1.086709227009E-02
  1.101558788284E-02  1.116733021566E-02  1.131962938219E-02  1.147489365995E-02
  1.163129942628E-02  1.178996611035E-02  1.195058010059E-02  1.211273551089E-02
  1.227766184268E-02  1.244339435511E-02  1.261273970173E-02  1.278264300559E-02
  1.295601345552E-02  1.313046317836E-02  1.330768772997E-02  1.348679629142E-02
  1.366797212159E-02  1.385185470310E-02  1.403708132264E-02  1.422585593584E-02
  1.441523524919E-02  1.460902280601E-02  1.480337578664E-02  1.500158355656E-02
  1.520109169395E-02  1.540377199290E-02  1.560856266495E-02  1.581582762187E-02
  1.602603133807E-02  1.623799579402E-02  1.645374627263E-02  1.667052784918E-02
  1.689196209630E-02  1.711395394203E-02  1.734093965596E-02  1.756877381740E-02
  1.780094617215E-02  1.803476692047E-02  1.827225539718E-02  1.851221055081E-02
  1.875514777689E-02  1.900138878861E-02  1.924991061627E-02  1.950259266239E-02
  1.975683824898E-02  2.001612032060E-02  2.027623221086E-02  2.054227720730E-02
  2.080888714357E-02  2.108137624194E-02  2.135493438994E-02  2.163373800346E-02
  2.191441581735E-02  2.219969091857E-02  2.248766406535E-02  2.277957145460E-02
  2.307501991692E-02  2.337372431678E-02  2.367683249822E-02  2.398250265019E-02
  2.429345948295E-02  2.460626824640E-02  2.492526730156E-02  2.524539175498E-02
  2.557263135530E-02  2.590043092846E-02  2.623593623531E-02  2.657219782908E-02
  2.691557594673E-02  2.726050818136E-02  2.761195413807E-02  2.796577075049E-02
  2.832548433586E-02  2.868840430358E-02  2.905659018469E-02  2.942883785255E-02
  2.980570569287E-02  3.018751090268E-02  3.057327548359E-02  3.096487370676E-02
  3.135975505196E-02  3.176138752511E-02  3.216561102779E-02  3.257752489150E-02
  3.299132144443E-02  3.341376988507E-02  3.383737601364E-02  3.427061840838E-02
  3.470442194106E-02  3.514857847177E-02  3.559345998560E-02  3.604817048398E-02
  3.650440262711E-02  3.696992754930E-02  3.743778962551E-02  3.791439577127E-02
  3.839417389848E-02  3.888213456309E-02  3.937412183526E-02  3.987371696473E-02
  4.037821361742E-02  4.088972996704E-02  4.140704354637E-02  4.193077484275E-02
  4.246122037806E-02  4.299746748461E-02  4.354136766474E-02  4.409043875070E-02
  4.464812410396E-02  4.521033481701E-02  4.578214389488E-02  4.635781753734E-02
  4.694409710199E-02  4.753356481071E-02  4.813467002625E-02  4.873827095619E-02
  4.935456558386E-02  4.997264709541E-02  5.060450369254E-02  5.123742154261E-02
  5.188522166555E-02  5.253358628562E-02  5.319747461339E-02  5.386219180986E-02
  5.454203585325E-02  5.522350623163E-02  5.591969732627E-02  5.661833113178E-02
  5.733127002254E-02  5.804748735876E-02  5.877758441399E-02  5.951181546541E-02
  6.025949089496E-02  6.101217615343E-02  6.177786023063E-02  6.254945072571E-02
  6.333358401312E-02  6.412454154620E-02  6.492757512522E-02  6.573837250756E-02
  6.656076821182E-02  6.739188950614E-02  6.823412015860E-02  6.908606092453E-02
  6.994861057829E-02  7.082187812122E-02  7.170524230391E-02  7.260035592748E-02
  7.350504188912E-02  7.442253315095E-02  7.534906011532E-02  7.628947308603E-02
  7.723837250520E-02  7.820226403049E-02  7.917407984263E-02  8.016201980825E-02
  8.115730869830E-02  8.216988029775E-02  8.318921196101E-02  8.422701196565E-02
  8.527096937391E-02  8.633460840537E-02  8.740378807542E-02  8.849389087988E-02
  8.958890314416E-02  9.070610886832E-02  9.182757814739E-02  9.297254061561E-02
  9.412110569212E-02  9.529449368459E-02  9.647080797838E-02  9.767330550963E-02
  9.887803735367E-02  1.001103439511E-01  1.013441768676E-01  1.026070078494E-01
  1.038706408260E-01  1.051647275783E-01  1.064593794205E-01  1.077849655948E-01
  1.091116384124E-01  1.104692169863E-01  1.118286754523E-01  1.132190100122E-01
  1.146120356840E-01  1.160359066389E-01  1.174632982234E-01  1.189215030664E-01
  1.203840766797E-01  1.218774302449E-01  1.233760196659E-01  1.249053543791E-01
  1.264408112965E-01  1.280069774185E-01  1.295801716691E-01  1.311840375306E-01
  1.327958573282E-01  1.344383095549E-01  1.360896617082E-01  1.377716054352E-01
  1.394634155534E-01  1.411857746264E-01  1.429189873103E-01  1.446827044725E-01
  1.464582834903E-01  1.482643205535E-01  1.500832489979E-01  1.519325869957E-01
  1.537958674216E-01  1.556895067412E-01  1.575981612811E-01  1.595371217741E-01
  1.614921922285E-01  1.634775132955E-01  1.654800611957E-01  1.675128018439E-01
  1.695639084850E-01  1.716451473544E-01  1.737459137941E-01  1.758767491510E-01
  1.780282961719E-01  1.802098458636E-01  1.824133138947E-01  1.846467152645E-01
  1.869032642579E-01  1.891896740148E-01  1.915004832735E-01  1.938410773119E-01
  1.962073452641E-01  1.986033184303E-01  2.010262623449E-01  2.034788281440E-01
  2.059596837817E-01  2.084700740199E-01  2.110100952145E-01  2.135795595713E-01
  2.161800177345E-01  2.188098232570E-01  2.214720067995E-01  2.241634373143E-01
  2.268886509764E-01  2.296430064083E-01  2.324325704915E-01  2.352511660847E-01
  2.381064155755E-01  2.409905810047E-01  2.439128645819E-01  2.468639429473E-01
  2.498546218612E-01  2.528739685546E-01  2.559344153689E-01  2.590233968015E-01
  2.621549939844E-01  2.653149861634E-01  2.685191245160E-01  2.717515114572E-01
  2.750295883648E-01  2.783357603281E-01  2.816891778198E-01  2.850705293510E-01
  2.885006919503E-01  2.919586197141E-01  2.954669320638E-01  2.990028324495E-01
  3.025906966917E-01  3.062059631722E-01  3.098747760615E-01  3.135707962862E-01
  3.173219460148E-01  3.211000986113E-01  3.249349613209E-01  3.287966123832E-01
  3.327165483375E-01  3.366630475725E-01  3.406693969607E-01  3.447020734654E-01
  3.487961518061E-01  3.529163094423E-01  3.570994025530E-01  3.613083148867E-01
  3.655816733825E-01  3.698805781497E-01  3.742454114296E-01  3.786355044880E-01
  3.830929741655E-01  3.875754028887E-01  3.921266156179E-01  3.967024716817E-01
  4.013484713270E-01  4.060187828372E-01  4.107605419284E-01  4.155262648312E-01
  4.203646752419E-01  4.252266839536E-01  4.301625467336E-01  4.351216239223E-01
  4.401556382101E-01  4.452124636524E-01  4.503452145848E-01  4.555003530166E-01
  4.607322985462E-01  4.659861864171E-01  4.713176429402E-01  4.766705739733E-01
  4.821017006604E-01  4.875538101101E-01  4.930845918232E-01  4.986358393147E-01
  5.042660679829E-01  5.099162188045E-01  5.156454731206E-01  5.213940778310E-01
  5.272217011170E-01  5.330680733159E-01  5.389931493954E-01  5.449363414943E-01
  5.509576683934E-01  5.569964452094E-01  5.631125064976E-01  5.692453164800E-01
  5.754542500463E-01  5.816791939326E-01  5.879787579786E-01  5.942935546615E-01
  6.006810906826E-01  6.070830400600E-01  6.135554325720E-01  6.200413751380E-01
  6.265950078988E-01  6.331612808256E-01  6.397919892953E-01  6.464343787531E-01
  6.531373985343E-01  6.598510879915E-01  6.666209989976E-01  6.734005132526E-01
  6.802311793643E-01  6.870703240737E-01  6.939548280713E-01  7.008466245649E-01
  7.077771981597E-01  7.147138133745E-01  7.216817622234E-01  7.286544336457E-01
  7.356500573119E-01  7.426490129007E-01  7.496615198324E-01  7.566758930061E-01
  7.636933107464E-01  7.707110506608E-01  7.777201316895E-01  7.847279092206E-01
  7.917140330587E-01  7.986971431415E-01  8.056442156426E-01  8.125864769093E-01
  8.194768280190E-01  8.263604810427E-01  8.331747627423E-01  8.399803686275E-01
  8.466974552957E-01  8.534037968799E-01  8.600006909157E-01  8.665846794571E-01
  8.730364257156E-01  8.794730166513E-01  8.857526300457E-01  8.920147522087E-01
  8.980931637284E-01  9.041516673074E-01  9.099976946751E-01  9.158213241700E-01
  9.214016743876E-01  9.269570738379E-01  9.322363859105E-01  9.374881447007E-01
  9.424290818204E-01  9.473398303493E-01  9.519032316862E-01  9.564337970334E-01
  9.605788999126E-01  9.646885322392E-01  9.683732757382E-01  9.720199563892E-01
  9.752013771101E-01  9.783422190622E-01  9.809769488153E-01  9.835686990537E-01
  9.856135722204E-01  9.876132236065E-01  9.890259987982E-01  9.903915157819E-01
  9.911317118564E-01  9.918228697750E-01  9.918527101309E-01  9.918320416385E-01
  9.911174928611E-01  9.903513271393E-01  9.888632085261E-01  9.873227793487E-01
  9.850379087611E-01  9.827004964030E-01  9.796028256761E-01  9.764528854683E-01
  9.725345659168E-01  9.685647836319E-01  9.638270900086E-01  9.590392922134E-01
  9.534933231218E-01  9.478991604674E-01  9.415662263756E-01  9.351875412057E-01
  9.280991498623E-01  9.209679384980E-01  9.131652940670E-01  9.053231810393E-01
  8.968561303942E-01  8.883532894801E-01  8.792786801343E-01  8.701721686226E-01
  8.605516319340E-01  8.509031543374E-01  8.408004006738E-01  8.306735919251E-01
  8.201514096840E-01  8.096088340454E-01  7.987261337616E-01  7.878263463437E-01
  7.766358014848E-01  7.654310314238E-01  7.539780152563E-01  7.425131727544E-01
  7.308375220841E-01  7.191520942743E-01  7.072920330286E-01  6.954240899903E-01
  6.834174287206E-01  6.714046797836E-01  6.592888715453E-01  6.471686730162E-01
  6.349806550832E-01  6.227898447662E-01  6.105658776372E-01  5.983406145491E-01
  5.861161267916E-01  5.738917366775E-01  5.617011761750E-01  5.495120033905E-01
  5.373886955352E-01  5.252679618380E-01  5.132439752057E-01  5.012236459909E-01
  4.893296660413E-01  4.774403245672E-01  4.657055359422E-01  4.539762661200E-01
  4.424282441525E-01  4.308865225143E-01  4.195511346118E-01  4.082227321233E-01
  3.971240497386E-01  3.860329441721E-01  3.751931661220E-01  3.643614657495E-01
  3.538008536609E-01  3.432487330504E-01  3.329855597114E-01  3.227312084019E-01
  3.127817197454E-01  3.028413045281E-01  2.932196958827E-01  2.836073373200E-01
  2.743257444152E-01  2.650535080821E-01  2.561220130990E-01  2.471999158342E-01
  2.386265685527E-01  2.300625997667E-01  2.218534535925E-01  2.136536114113E-01
  2.058127737737E-01  1.979811155071E-01  1.905108118374E-01  1.830495179785E-01
  1.759501682074E-01  1.688596189009E-01  1.621299251778E-01  1.554087878618E-01
  1.490458320147E-01  1.426911587535E-01  1.366905078677E-01  1.306978407614E-01
  1.250536591879E-01  1.194171421713E-01  1.141223082578E-01  1.088348035884E-01
  1.038810294727E-01  9.893423725387E-02  9.431219015348E-02  8.969676933324E-02
  8.539619290574E-02  8.110188233340E-02  7.711171685488E-02  7.312745514853E-02
  6.943595545143E-02  6.574999862457E-02  6.234484894013E-02  5.894488493788E-02
  5.581330998691E-02  5.268656948029E-02  4.981544133759E-02  4.694880430470E-02
  4.432474471452E-02  4.170484248862E-02  3.931432042354E-02  3.692763300171E-02
  3.475705732907E-02  3.259000580609E-02  3.062581295553E-02  2.866484697616E-02
  2.689358349325E-02  2.512526360665E-02  2.353366344029E-02  2.194473820310E-02
  2.051979452081E-02  1.909727214136E-02  1.782630341050E-02  1.655751767079E-02
  1.542822769790E-02  1.430089784460E-02  1.330142944068E-02  1.230371371221E-02
  1.142269565610E-02  1.054323811751E-02  9.769825124761E-03  8.997795518409E-03
  8.321700990356E-03  7.646827376993E-03  7.058348797557E-03  6.470942856383E-03
  5.960979817735E-03  5.451954787077E-03  5.012019750656E-03  4.572901116439E-03
  4.195123145020E-03  3.818052313196E-03  3.495174134749E-03  3.172905448663E-03
  2.898274326979E-03  2.624165904625E-03  2.391718889680E-03  2.159717853486E-03
  1.963962062622E-03  1.768584812220E-03  1.604573449193E-03  1.440881683381E-03
  1.304186535444E-03  1.167759762431E-03  1.054440926431E-03  9.413462121070E-04
  8.479197904445E-04  7.546794841850E-04  6.780839627635E-04  6.016421115192E-04
  5.392040871720E-04  4.768922039201E-04  4.262920713431E-04  3.757948665857E-04
  3.350330076961E-04  2.943546256450E-04  2.617185706996E-04  2.291497983109E-04
  2.031827510561E-04  1.772695911434E-04  1.567406325014E-04  1.362545545277E-04
  1.201307632879E-04  1.040408695506E-04  9.146152630472E-05  7.890879914478E-05
  6.916177296012E-05  5.943550202713E-05  5.193585935851E-05  4.445228810485E-05
  3.872311107572E-05  3.300628940736E-05  2.866164633883E-05  2.432643220750E-05
  2.105640728448E-05  1.779352411208E-05  1.535118519605E-05  1.291421422018E-05
  1.110437763616E-05  9.298544146897E-06  7.968182173876E-06  6.640781560603E-06
  5.670911575897E-06  4.703214357893E-06  4.002107263192E-06  3.302580975325E-06
  2.800129752630E-06  2.298818787635E-06  1.941914877305E-06  1.585826230416E-06
  1.334601002608E-06  1.083953436256E-06  9.087535138904E-07  7.339591340825E-07
  6.129369769347E-07  4.921968474026E-07  4.094111790984E-07  3.268197517702E-07
  2.707535682952E-07  2.148198443539E-07  1.772364574713E-07  1.397424865613E-07
  1.148120077160E-07  8.994126402949E-08  7.358090160428E-08  5.726002294784E-08
  4.664141309197E-08  3.604861802065E-08  2.923407607427E-08  2.243622443685E-08
  1.811329008084E-08  1.380102384163E-08  1.109102505776E-08  8.387765608847E-09
  6.709424309083E-09  5.035289571881E-09  4.008737271884E-09  2.984778497363E-09
  2.364856603230E-09  1.746513682726E-09  1.377017686426E-09  1.008470645195E-09
  7.911712500564E-10  5.744346659097E-10  4.483865042421E-10  3.226676392970E-10
  2.505746945881E-10  1.786717583439E-10  1.380295620804E-10  9.749544973222E-11
  7.492027718931E-11  5.240569550369E-11  4.005426325991E-11  2.773629057848E-11
  2.108308862513E-11  1.444808538698E-11  7.235944227432E-12  2.199739278913E-14
  0.000000000000E+00  0.000000000000E+00  0.000000000000E+00  0.000000000000E+00
  0.000000000000E+00  0.000000000000E+00  0.000000000000E+00  0.000000000000E+00
  0.000000000000E+00  0.000000000000E+00  0.000000000000E+00  0.000000000000E+00
  0.000000000000E+00  0.000000000000E+00  0.000000000000E+00  0.000000000000E+00
  0.000000000000E+00  0.000000000000E+00  0.000000000000E+00  0.000000000000E+00
  0.000000000000E+00  0.000000000000E+00  0.000000000000E+00  0.000000000000E+00
  0.000000000000E+00  0.000000000000E+00  0.000000000000E+00  0.000000000000E+00
  0.000000000000E+00  0.000000000000E+00  0.000000000000E+00  0.000000000000E+00
  0.000000000000E+00  0.000000000000E+00  0.000000000000E+00  0.000000000000E+00
  0.000000000000E+00  0.000000000000E+00  0.000000000000E+00  0.000000000000E+00
  0.000000000000E+00  0.000000000000E+00  0.000000000000E+00  0.000000000000E+00
  0.000000000000E+00  0.000000000000E+00  0.000000000000E+00  0.000000000000E+00
  0.000000000000E+00  0.000000000000E+00  0.000000000000E+00  0.000000000000E+00
  0.000000000000E+00  0.000000000000E+00  0.000000000000E+00  0.000000000000E+00
  0.000000000000E+00  0.000000000000E+00  0.000000000000E+00  0.000000000000E+00
  0.000000000000E+00  0.000000000000E+00  0.000000000000E+00  0.000000000000E+00
  0.000000000000E+00  0.000000000000E+00  0.000000000000E+00  0.000000000000E+00
  0.000000000000E+00  0.000000000000E+00  0.000000000000E+00  0.000000000000E+00
  0.000000000000E+00  0.000000000000E+00  0.000000000000E+00  0.000000000000E+00
  0.000000000000E+00  0.000000000000E+00  0.000000000000E+00  0.000000000000E+00
  0.000000000000E+00  0.000000000000E+00  0.000000000000E+00  0.000000000000E+00
  0.000000000000E+00  0.000000000000E+00  0.000000000000E+00  0.000000000000E+00
  0.000000000000E+00  0.000000000000E+00  0.000000000000E+00  0.000000000000E+00
  0.000000000000E+00  0.000000000000E+00  0.000000000000E+00  0.000000000000E+00
  0.000000000000E+00  0.000000000000E+00  0.000000000000E+00  0.000000000000E+00
  0.000000000000E+00  0.000000000000E+00  0.000000000000E+00  0.000000000000E+00
  0.000000000000E+00  0.000000000000E+00  0.000000000000E+00  0.000000000000E+00
  0.000000000000E+00  0.000000000000E+00  0.000000000000E+00  0.000000000000E+00
  0.000000000000E+00  0.000000000000E+00  0.000000000000E+00  0.000000000000E+00
  0.000000000000E+00
 Pseudo-wave-function follows (l, zelect, rc)
 1  5.000000000000E+00  1.274771247870E+00
  4.542687831171E-10  1.839447566843E-09  4.189818710646E-09  7.540649915539E-09
  1.192822026288E-08  1.738984691722E-08  2.396391250982E-08  3.168989321996E-08
  4.060838757151E-08  5.076114596267E-08  6.219110094733E-08  7.494239828680E-08
  8.906042879129E-08  1.045918609709E-07  1.215846745162E-07  1.400881946298E-07
  1.601531272295E-07  1.818315950447E-07  2.051771746300E-07  2.302449343165E-07
  2.570914731266E-07  2.857749606746E-07  3.163551780791E-07  3.488935599119E-07
  3.834532372086E-07  4.200990815694E-07  4.588977503752E-07  4.999177331482E-07
  5.432293990856E-07  5.889050457947E-07  6.370189492601E-07  6.876474150749E-07
  7.408688309647E-07  7.967637206393E-07  8.554147990043E-07  9.169070287662E-07
  9.813276784661E-07  1.048766381978E-06  1.119315199507E-06  1.193068680129E-06
  1.270123925901E-06  1.350580657593E-06  1.434541282074E-06  1.522110961397E-06
  1.613397683620E-06  1.708512335417E-06  1.807568776508E-06  1.910683915972E-06
  2.017977790474E-06  2.129573644460E-06  2.245598012372E-06  2.366180802929E-06
  2.491455385525E-06  2.621558678801E-06  2.756631241442E-06  2.896817365254E-06
  3.042815140066E-06  3.193683869617E-06  3.350089215324E-06  3.512181873258E-06
  3.680112330305E-06  3.854030401742E-06  4.034398924753E-06  4.221486478685E-06
  4.415177819823E-06  4.615632576326E-06  4.823008350002E-06  5.037460088582E-06
  5.259139397985E-06  5.488193790203E-06  5.724765862093E-06  5.969058477315E-06
  6.223287408968E-06  6.485757561140E-06  6.756612268911E-06  7.035986888350E-06
  7.324007596197E-06  7.620790087268E-06  7.930005413193E-06  8.248683655790E-06
  8.576916108681E-06  8.914806082961E-06  9.262458943730E-06  9.624948084499E-06
  9.997937347109E-06  1.038150991307E-05  1.077572892522E-05  1.118438798851E-05
  1.160702142247E-05  1.204117876185E-05  1.248688742340E-05  1.294845281114E-05
  1.342594942391E-05  1.391590424015E-05  1.441829486609E-05  1.494051664343E-05
  1.547840346094E-05  1.602964796411E-05  1.659617918346E-05  1.718593786637E-05
  1.779000952243E-05  1.840826581335E-05  1.905095247687E-05  1.971208619055E-05
  2.038834301727E-05  2.108684432583E-05  2.180954659181E-05  2.254832541756E-05
  2.330802468909E-05  2.409708267188E-05  2.490317737145E-05  2.572998366550E-05
  2.659047311168E-05  2.746895593602E-05  2.836935694964E-05  2.930664859421E-05
  3.026287431252E-05  3.124399457471E-05  3.226375864521E-05  3.330336642279E-05
  3.437303133092E-05  3.548123968565E-05  3.661015218322E-05  3.777695847913E-05
  3.897988384003E-05  4.020430293744E-05  4.147769628094E-05  4.278190793453E-05
  4.411028044874E-05  4.549866675131E-05  4.691102199219E-05  4.836183872811E-05
  4.986486590683E-05  5.139249638578E-05  5.297771205426E-05  5.460293462901E-05
  5.625783398162E-05  5.798598308493E-05  5.974122708436E-05  6.155061324075E-05
  6.341654045368E-05  6.530987543851E-05  6.728889214986E-05  6.930114713556E-05
  7.136850108489E-05  7.350614915122E-05  7.567350337697E-05  7.793595564444E-05
  8.023790488669E-05  8.260220254833E-05  8.504605095440E-05  8.752178110471E-05
  9.011054715690E-05  9.273843734464E-05  9.544463828359E-05  9.823292241204E-05
  1.010622405670E-04  1.040195798010E-04  1.070135020076E-04  1.101134800284E-04
  1.132884874034E-04  1.165304572654E-04  1.198963029389E-04  1.233004709004E-04
  1.268540898868E-04  1.304624537061E-04  1.341798576894E-04  1.380033884727E-04
  1.418925276614E-04  1.459427638945E-04  1.500357454128E-04  1.543010552390E-04
  1.586363280212E-04  1.630997739824E-04  1.676903022535E-04  1.723615199280E-04
  1.772209370443E-04  1.821271617505E-04  1.872526783216E-04  1.924459280516E-04
  1.978112081762E-04  2.033067821227E-04  2.089235069892E-04  2.147374925284E-04
  2.206179186667E-04  2.267672312952E-04  2.329707672336E-04  2.394266444123E-04
  2.459876636891E-04  2.527479258562E-04  2.596853855659E-04  2.667648953147E-04
  2.740987267259E-04  2.815130797937E-04  2.892642376365E-04  2.970765004911E-04
  3.052203135257E-04  3.134768760473E-04  3.220072869385E-04  3.307316002064E-04
  3.396675249138E-04  3.488842422944E-04  3.582455310119E-04  3.679805688976E-04
  3.777880524325E-04  3.880686540211E-04  3.984211791567E-04  4.091989947419E-04
  4.201315163208E-04  4.314246326286E-04  4.429675933569E-04  4.548012812134E-04
  4.669866800351E-04  4.793874598155E-04  4.922489303787E-04  5.052446340314E-04
  5.188175270746E-04  5.324712720158E-04  5.467588330718E-04  5.611677612520E-04
  5.761425507257E-04  5.913461017044E-04  6.070418888586E-04  6.230815128901E-04
  6.395337381280E-04  6.564529973330E-04  6.736988551117E-04  6.915435296891E-04
  7.096220555382E-04  7.284402552665E-04  7.473924171139E-04  7.672346984013E-04
  7.871769004353E-04  8.080229811724E-04  8.290505193506E-04  8.509060529650E-04
  8.730752319074E-04  8.959899314122E-04  9.193599152626E-04  9.433859552726E-04
  9.680189111079E-04  9.932110498283E-04  1.019172298179E-03  1.045588005413E-03
  1.072946178245E-03  1.100645769714E-03  1.129472976228E-03  1.158519754514E-03
  1.188891755154E-03  1.219385659131E-03  1.251348546637E-03  1.283476853502E-03
  1.316996697670E-03  1.350843619634E-03  1.385997234498E-03  1.421651241871E-03
  1.458519244408E-03  1.496073278177E-03  1.534740276292E-03  1.574291971162E-03
  1.614846760898E-03  1.656498679302E-03  1.699034451707E-03  1.742894329310E-03
  1.787508887436E-03  1.833689890676E-03  1.880485877182E-03  1.929106873435E-03
  1.978192009315E-03  2.029377850278E-03  2.080865185229E-03  2.134747004145E-03
  2.188791854243E-03  2.245470702529E-03  2.302362663249E-03  2.361818099747E-03
  2.421702608421E-03  2.484071768488E-03  2.547101567123E-03  2.612528362029E-03
  2.678863858808E-03  2.747499308540E-03  2.817308956835E-03  2.889311538991E-03
  2.962772234697E-03  3.038308250207E-03  3.115605748253E-03  3.194849704709E-03
  3.276179055621E-03  3.359314069034E-03  3.444880076470E-03  3.532098292296E-03
  3.622115992510E-03  3.713619026828E-03  3.808314191056E-03  3.904313592815E-03
  4.003923253617E-03  4.104640988907E-03  4.209413991537E-03  4.315082950873E-03
  4.425280530790E-03  4.536145060439E-03  4.652041448111E-03  4.768357906539E-03
  4.890240960749E-03  5.012371985367E-03  5.140450172158E-03  5.268890266179E-03
  5.403268376085E-03  5.538335853632E-03  5.679324421562E-03  5.821353368693E-03
  5.969278141400E-03  6.118619178930E-03  6.273821846874E-03  6.430842928419E-03
  6.593681891371E-03  6.758769138064E-03  6.929620305847E-03  7.103178879218E-03
  7.282436509039E-03  7.464891523603E-03  7.652969095439E-03  7.844766572560E-03
  8.042097704126E-03  8.243705568767E-03  8.450744971620E-03  8.662654093642E-03
  8.879878572004E-03  9.102603853664E-03  9.330513347602E-03  9.564594858977E-03
  9.803713533568E-03  1.004971769763E-02  1.030059507982E-02  1.055911590889E-02
  1.082232807370E-02  1.109398845910E-02  1.137013926695E-02  1.165559232352E-02
  1.194531471035E-02  1.224524517770E-02  1.254920249963E-02  1.286432820181E-02
  1.318321563606E-02  1.351428900140E-02  1.384883500519E-02  1.419664464806E-02
  1.454761247711E-02  1.491298484315E-02  1.528117413151E-02  1.566497520800E-02
  1.605122361080E-02  1.645436070363E-02  1.685954560412E-02  1.728296918287E-02
  1.770800946539E-02  1.815271507764E-02  1.859857296771E-02  1.906560322391E-02
  1.953328619674E-02  2.002373282642E-02  2.051468016304E-02  2.102930156509E-02
  2.154484756156E-02  2.208460984434E-02  2.262595302557E-02  2.319206518643E-02
  2.376045988468E-02  2.435418676890E-02  2.495094547204E-02  2.557361010600E-02
  2.620010587789E-02  2.685309187283E-02  2.751076084491E-02  2.819551487028E-02
  2.888585880299E-02  2.960389312787E-02  3.032848203992E-02  3.108137714032E-02
  3.184185200312E-02  3.263125923249E-02  3.342933472656E-02  3.425697904601E-02
  3.509444637512E-02  3.596212913899E-02  3.684085889709E-02  3.775046068887E-02
  3.867240577367E-02  3.962588928582E-02  4.059308785201E-02  4.159250080245E-02
  4.260707924596E-02  4.365455732260E-02  4.471873328615E-02  4.581650310932E-02
  4.693258849783E-02  4.808297058908E-02  4.925337458182E-02  5.045878632558E-02
  5.168601836991E-02  5.294897695282E-02  5.423564972242E-02  5.555877503278E-02
  5.690760733068E-02  5.829362479816E-02  5.970744438253E-02  6.115918773576E-02
  6.264093404335E-02  6.416134795997E-02  6.571407469904E-02  6.730621731985E-02
  6.893309490098E-02  7.060014017609E-02  7.230445794544E-02  7.404969777679E-02
  7.583486601227E-02  7.766171215256E-02  7.953126377878E-02  8.144324944244E-02
  8.340084141560E-02  8.540162255238E-02  8.745103686054E-02  8.954439303712E-02
  9.168953725585E-02  9.387937208484E-02  9.612427942177E-02  9.841462047139E-02
  1.007634492264E-01  1.031584473373E-01  1.056154796979E-01  1.081194076259E-01
  1.106890477092E-01  1.133062980062E-01  1.159930690510E-01  1.187281510855E-01
  1.215366916883E-01  1.243942277009E-01  1.273292869813E-01  1.303140070592E-01
  1.333804386282E-01  1.364971744725E-01  1.396999290690E-01  1.429536064203E-01
  1.462977230679E-01  1.496933526417E-01  1.531839481674E-01  1.567266149416E-01
  1.603688716861E-01  1.640637223700E-01  1.678628739069E-01  1.717151024100E-01
  1.756764170780E-01  1.796912477831E-01  1.838200098263E-01  1.880026784613E-01
  1.923041665543E-01  1.966598984437E-01  2.011393613751E-01  2.056733468421E-01
  2.103359761101E-01  2.150533427881E-01  2.199042418609E-01  2.248100236658E-01
  2.298541736436E-01  2.349532761491E-01  2.401954975650E-01  2.454926595190E-01
  2.509375700092E-01  2.564373207253E-01  2.620892883005E-01  2.677959006608E-01
  2.736589923155E-01  2.795764311262E-01  2.856543565334E-01  2.917862219842E-01
  2.980822720377E-01  3.044317380361E-01  3.109487180287E-01  3.175184652015E-01
  3.242586224607E-01  3.310507656533E-01  3.380157114983E-01  3.450317216448E-01
  3.522223475886E-01  3.594629678849E-01  3.668793560722E-01  3.743445124555E-01
  3.819858404187E-01  3.896745464452E-01  3.975389863628E-01  4.054492426828E-01
  4.135338554529E-01  4.216625442097E-01  4.299631687998E-01  4.383059434281E-01
  4.468170821364E-01  4.553682532116E-01  4.640829536749E-01  4.728353716658E-01
  4.817451066786E-01  4.906900426843E-01  4.997845891503E-01  5.089116149608E-01
  5.181789335871E-01  5.274758026943E-01  5.369019203523E-01  5.463544518525E-01
  5.559233488742E-01  5.655153165451E-01  5.752088215886E-01  5.849218507883E-01
  5.947195462899E-01  6.045330217044E-01  6.144121633300E-01  6.243031509875E-01
  6.342386048870E-01  6.441817922425E-01  6.541459942911E-01  6.641136525596E-01
  6.740765941156E-01  6.840385673681E-01  6.939678123728E-01  7.038915381952E-01
  7.137522766546E-01  7.236028433753E-01  7.333579863751E-01  7.430982319625E-01
  7.527085533383E-01  7.622992110269E-01  7.717235406083E-01  7.811234360948E-01
  7.903189090266E-01  7.994852136439E-01  8.084075796265E-01  8.172961232254E-01
  8.259001185660E-01  8.344657648716E-01  8.427055489761E-01  8.509026349049E-01
  8.587322912397E-01  8.665151300542E-01  8.738892296552E-01  8.812126758696E-01
  8.880868991791E-01  8.949069708336E-01  9.012387810317E-01  9.075133323371E-01
  9.132626904436E-01  9.189521249224E-01  9.240822338663E-01  9.291502450543E-01
  9.336283067340E-01  9.380426303649E-01  9.418405966009E-01  9.455737551127E-01
  9.486690504816E-01  9.516990678226E-01  9.540752598435E-01  9.563863220978E-01
  9.580337123232E-01  9.596167478217E-01  9.605328562566E-01  9.613860077858E-01
  9.615759229173E-01  9.617048845654E-01  9.611814522778E-01  9.605996445250E-01
  9.593834714229E-01  9.581120303868E-01  9.562312805919E-01  9.542988409358E-01
  9.517888102568E-01  9.492310661313E-01  9.461335235372E-01  9.429925579715E-01
  9.393548514007E-01  9.356782316561E-01  9.315521632060E-01  9.273918075888E-01
  9.228322919151E-01  9.182431222977E-01  9.133066515538E-01  9.083450553097E-01
  9.030880042622E-01  8.978101395899E-01  8.922869559349E-01  8.867469459201E-01
  8.810082838237E-01  8.752563575968E-01  8.693472277919E-01  8.634278824922E-01
  8.573859106359E-01  8.513361863419E-01  8.451900932444E-01  8.390380750071E-01
  8.328065173525E-01  8.265702035039E-01  8.202611395614E-01  8.139478412239E-01
  8.075586073857E-01  8.011650650320E-01  7.946833554942E-01  7.881967639819E-01
  7.816026803120E-01  7.750027866095E-01  7.682720402915E-01  7.615343918235E-01
  7.546425649033E-01  7.477428045851E-01  7.406702541231E-01  7.335890334095E-01
  7.263255063018E-01  7.190530615388E-01  7.116002958062E-01  7.041389341129E-01
  6.965090432875E-01  6.888713255304E-01  6.810797077673E-01  6.732811277126E-01
  6.653435841787E-01  6.573999177756E-01  6.493323838622E-01  6.412595353227E-01
  6.330780289853E-01  6.248919840822E-01  6.166125598147E-01  6.083293400516E-01
  5.999680435883E-01  5.916036610753E-01  5.831764846185E-01  5.747468974541E-01
  5.662697352035E-01  5.577908031377E-01  5.492794068977E-01  5.407668470553E-01
  5.322367817158E-01  5.237061241784E-01  5.151727229150E-01  5.066392660091E-01
  4.981175851228E-01  4.895963503398E-01  4.811011237612E-01  4.726068103361E-01
  4.641524039414E-01  4.556993432444E-01  4.472997092779E-01  4.389018193147E-01
  4.305704513589E-01  4.222411918256E-01  4.139910809053E-01  4.057434093881E-01
  3.975870019236E-01  3.894333319571E-01  3.813824903719E-01  3.733346521644E-01
  3.654006190054E-01  3.574698236868E-01  3.496631901110E-01  3.418599983540E-01
  3.341906777736E-01  3.265249735775E-01  3.190021811390E-01  3.114831514465E-01
  3.041153898481E-01  2.967515104938E-01  2.895465624373E-01  2.823455907178E-01
  2.753105180482E-01  2.682794919636E-01  2.614206412999E-01  2.545658852643E-01
  2.478888996725E-01  2.412160362412E-01  2.347258722673E-01  2.282398391956E-01
  2.219407883696E-01  2.156458601138E-01  2.095415738742E-01  2.034413864840E-01
  1.975349033568E-01  1.916324815953E-01  1.859262554086E-01  1.802240408828E-01
  1.747199688063E-01  1.692198479019E-01  1.639192971766E-01  1.586226276676E-01
  1.535264600363E-01  1.484340953841E-01  1.435426884394E-01  1.386549990058E-01
  1.339682639338E-01  1.292851545915E-01  1.248025500930E-01  1.203234740204E-01
  1.160440165088E-01  1.117679852748E-01  1.076902557688E-01  1.036158461295E-01
  9.973799454296E-02  9.586335265488E-02  9.218310041866E-02  8.850594440570E-02
  8.502058651061E-02  8.153820847289E-02  7.824461609500E-02  7.495388471953E-02
  7.184850956670E-02  6.874587447582E-02  6.582475589101E-02  6.290625476024E-02
  6.016503044174E-02  5.742629974271E-02  5.486022071630E-02  5.229651071556E-02
  4.990046093943E-02  4.750665532952E-02  4.527517605191E-02  4.304581633115E-02
  4.097313507286E-02  3.890244954313E-02  3.698251335627E-02  3.506445038814E-02
  3.329096286072E-02  3.151922789427E-02  2.988568923107E-02  2.825378484270E-02
  2.675353425934E-02  2.525480253163E-02  2.388106214749E-02  2.250872852868E-02
  2.125464793160E-02  2.000186575893E-02  1.886056643465E-02  1.772046131603E-02
  1.668508018165E-02  1.565079347646E-02  1.471452482359E-02  1.377925553011E-02
  1.293539076407E-02  1.209243520133E-02  1.133439985245E-02  1.057718861409E-02
  9.898576191556E-03  9.220707943536E-03  8.615310297706E-03  8.010582086661E-03
  7.472416039219E-03  6.934849872004E-03  6.458179962842E-03  5.982045506775E-03
  5.561402790250E-03  5.141236127242E-03  4.771433027135E-03  4.402051471412E-03
  4.078192772885E-03  3.754705830811E-03  3.472195948248E-03  3.190012559213E-03
  2.944559270913E-03  2.699391520175E-03  2.487006404167E-03  2.274869941787E-03
  2.091865781870E-03  1.909077216603E-03  1.752062674165E-03  1.595234237540E-03
  1.461106103184E-03  1.327137897450E-03  1.213071247365E-03  1.099141401851E-03
  1.002577987794E-03  9.061310521192E-04  8.247662513445E-04  7.435001514007E-04
  6.752687946089E-04  6.071206689348E-04  5.501820509550E-04  4.933132718146E-04
  4.460356320713E-04  3.988162978665E-04  3.597610364128E-04  3.207542008330E-04
  2.886600716562E-04  2.566059509096E-04  2.303734480539E-04  2.041738214012E-04
  1.828499459586E-04  1.615529373051E-04  1.443165051782E-04  1.271019053701E-04
  1.132495275761E-04  9.941478895059E-05  8.834762870153E-05  7.729463593842E-05
  6.850602033411E-05  5.972871529495E-05  5.279265465623E-05  4.586556812272E-05
  4.042621315311E-05  3.499393356617E-05  3.075597995406E-05  2.652356870914E-05
  2.324360067901E-05  1.996794545524E-05  1.744669427491E-05  1.492877639668E-05
  1.300425699025E-05  1.108229598242E-05  9.623774565009E-06  8.167202845469E-06
  7.069940773516E-06  5.974153717516E-06  5.154867453254E-06  4.336688779159E-06
  3.729662468430E-06  3.123461501178E-06  2.677248618744E-06  2.231645952377E-06
  1.906292022860E-06  1.581385636456E-06  1.346120355960E-06  1.111180627949E-06
  9.425037831784E-07  7.740617635878E-07  6.541780385635E-07  5.344622323460E-07
  4.500161271685E-07  3.656890366060E-07  3.067480082386E-07  2.478905704746E-07
  2.071358831042E-07  1.664393620099E-07  1.385291726980E-07  1.106590735836E-07
  5.545359283578E-08  1.645284376133E-10  0.000000000000E+00  0.000000000000E+00
  0.000000000000E+00  0.000000000000E+00  0.000000000000E+00  0.000000000000E+00
  0.000000000000E+00  0.000000000000E+00  0.000000000000E+00  0.000000000000E+00
  0.000000000000E+00  0.000000000000E+00  0.000000000000E+00  0.000000000000E+00
  0.000000000000E+00  0.000000000000E+00  0.000000000000E+00  0.000000000000E+00
  0.000000000000E+00  0.000000000000E+00  0.000000000000E+00  0.000000000000E+00
  0.000000000000E+00  0.000000000000E+00  0.000000000000E+00  0.000000000000E+00
  0.000000000000E+00  0.000000000000E+00  0.000000000000E+00  0.000000000000E+00
  0.000000000000E+00  0.000000000000E+00  0.000000000000E+00  0.000000000000E+00
  0.000000000000E+00  0.000000000000E+00  0.000000000000E+00  0.000000000000E+00
  0.000000000000E+00  0.000000000000E+00  0.000000000000E+00  0.000000000000E+00
  0.000000000000E+00  0.000000000000E+00  0.000000000000E+00  0.000000000000E+00
  0.000000000000E+00  0.000000000000E+00  0.000000000000E+00  0.000000000000E+00
  0.000000000000E+00  0.000000000000E+00  0.000000000000E+00  0.000000000000E+00
  0.000000000000E+00  0.000000000000E+00  0.000000000000E+00  0.000000000000E+00
  0.000000000000E+00  0.000000000000E+00  0.000000000000E+00  0.000000000000E+00
  0.000000000000E+00  0.000000000000E+00  0.000000000000E+00  0.000000000000E+00
  0.000000000000E+00  0.000000000000E+00  0.000000000000E+00  0.000000000000E+00
  0.000000000000E+00  0.000000000000E+00  0.000000000000E+00  0.000000000000E+00
  0.000000000000E+00  0.000000000000E+00  0.000000000000E+00  0.000000000000E+00
  0.000000000000E+00  0.000000000000E+00  0.000000000000E+00  0.000000000000E+00
  0.000000000000E+00  0.000000000000E+00  0.000000000000E+00  0.000000000000E+00
  0.000000000000E+00  0.000000000000E+00  0.000000000000E+00  0.000000000000E+00
  0.000000000000E+00  0.000000000000E+00  0.000000000000E+00  0.000000000000E+00
  0.000000000000E+00  0.000000000000E+00  0.000000000000E+00  0.000000000000E+00
  0.000000000000E+00  0.000000000000E+00  0.000000000000E+00  0.000000000000E+00
  0.000000000000E+00  0.000000000000E+00  0.000000000000E+00  0.000000000000E+00
  0.000000000000E+00  0.000000000000E+00  0.000000000000E+00  0.000000000000E+00
  0.000000000000E+00  0.000000000000E+00  0.000000000000E+00  0.000000000000E+00
  0.000000000000E+00
