
 =================================================================

  PARSEC-PYTHON - Modular real-space DFT program
  PARSEC-like report; Python real-space implementation

 starting run on 01-Sep-2026 00:18:09 -0700
 input file: C:\Users\zigze\Desktop\parsec_python\src\accelerated_architecture\benchmarks\0_CH4_CF4\python_pbe\CF4\IS\parsec.in

 =================================================================

 Initial Run - starting from atomic potentials
 ignoresym= F

 Grid data:
 ~~------~~

 Confined system (cluster) with zero boundary condition!
  Spherical domain shape:
 --- Radius is  11.970929 bohrs
 Grid spacing is  0.132281 bohrs
 Order of double grid is    1
 Grid points are shifted from origin!
 shift vector =   0.5000   0.5000   0.5000   [units of grid spacing]
 WAVEFUNCTIONS ARE REAL!
 The Finite-difference expansion is of order  8
 Python constructs the full active grid; the selected execution backend reports any exact symmetry reduction.

 Eigenvalue data:
 ----------------
 Number of states:           65
 Net cluster charge =    0.000      [e]
 Fermi temperature =   1160.45 [K]

 Self-consistency data:
 ----------------------
 Maximum number of iterations is          100
 Performing Chebyshev subspace filtering
 Polynomial degree for First-filter is     24
 The matvec operations use block size     16
 Polynomial degree for Chebyshev filtering is     12
 Change in polynomial degree (dpm) for Chebyshev filtering is      3
 Self-consistency convergence criterion is    5.0000000000000002E-05  Ry
 Diagonalization tolerance is    1.0000000000000001E-05
 Buffer size in subspace is      6

 Mixer data:
 -----------
 solver lpole is :            9
 Anderson mixer
 Initial Jacobian:  0.300  Mixing memory is  4
 Mixing restarted after           20 iterations

 Correlation data:
 -----------------
 Exchange-Correlation functional is pbe
 GGA, Perdew-Burke-Ernzerhof parametrization

 Other input data:
 -----------------
 output level [1 - 6] =  1
 No spin effects!
 No minimization!


 Atom data:
 --~--~---

 Tot. # of atom types is     2

 Chemical element : C
 Physical element : C
 martins_new
  pseudopotential format : new Martins
  pseudopotential file   : C:\Users\zigze\Desktop\parsec_python\src\accelerated_architecture\benchmarks\0_CH4_CF4\python_pbe\CF4\IS\C_POTRE.DAT
  radial points/channels : 921 / 2
  selected local channel : l=1
 There are      1 C  atoms
 and their initial coordinates are:

    x [bohr]          y [bohr]          z [bohr]
     -0.000171799      0.000185967      0.000059371

 Chemical element : F
 Physical element : F
 martins_new
  pseudopotential format : new Martins
  pseudopotential file   : C:\Users\zigze\Desktop\parsec_python\src\accelerated_architecture\benchmarks\0_CH4_CF4\python_pbe\CF4\IS\F_POTRE.DAT
  radial points/channels : 953 / 2
  selected local channel : l=1
 There are      4 F  atoms
 and their initial coordinates are:

    x [bohr]          y [bohr]          z [bohr]
     -2.508994223     -0.263446477      0.142454738
      1.001268824     -0.189410041      2.311752242
      0.554150829      2.264361461     -0.974531535
      0.953675076     -1.811706501     -1.479769935

 Tot. number of atoms =       5

 Real-space setup:
 -----------------
 Full active grid points =      3103688
 Hamiltonian dimension   =      3103688
 Sparse Laplacian nonzeros =    76051400
 Nonlocal projector columns =        5
 Number of electrons =    32.00000000
 Initial density integral =    32.00000000

 Setup timings [sec]
 --------------------------------------------------
 Pseudopotential loading       :     0.020281
 Grid-domain construction      :     0.277454
 Finite-difference construction:     0.049208
 Local ionic potential setup   :     0.348654
 Nonlocal ionic projector setup:     0.053907
 Initial valence-density setup :     0.048989
 Core-density setup            :     0.000377
 Ion-ion energy setup           :     0.000098
 Preparation wall time          :     0.799021
 --------------------------------------------------

 Acceleration backend:
 ---------------------
 Requested backend = auto
 Selected backend  = cupy
 Numeric dtype     = float64
 Device            = CUDA:0 (NVIDIA GeForce RTX 5070 Laptop GPU)
 Implementation    = CuPy float64 device-resident stencil-major/compact-CSR Hamiltonian with fused Chebyshev recurrence, CHEBFF/CHEBDAV/SUBSPACE eigensolver, and fused orbital-density construction
 laplacian_nnz = 76051400
 projector_columns = 5
 cupy_version = 14.0.1
 gpu_finite_difference_storage = stencil_major_int32_neighbors_uint8_coefficient_palette
 gpu_finite_difference_palette_size = 5
 gpu_finite_difference_fallback = none
 gpu_chebyshev_recurrence = fused_hamiltonian_recurrence
 gpu_later_subspace_filter_precision = float32 stencil/projectors/recurrence; float64 Ritz and SCF
 gpu_nonlocal_application = B.T projection plus KB scatter fused into CUDA stencil
 gpu_projector_reduction = parallel
 gpu_subspace_residuals = disabled_diagnostics_only
 cuda_initialization_overlap = cuda_probe_with_cpu_reference_setup
 backend_resolution_seconds = 3.394826
 reference_preparation_seconds = 0.806329
 backend_reference_overlapped_seconds = 0.805369
 symmetry_mode = auto
 symmetry_detection = identity only; no nontrivial supported symmetry detected
 detected_symmetry_group_order = 1
 orbital_symmetry = full grid (no nontrivial supported symmetry)
 finite_difference_builder = C++17 compressed-grid CSR builder (exact stencil parity)
 ionic_setup_implementation = cached-grid C++/OpenMP radial interpolation and KB sampling
 hartree_backend = native
 hartree_implementation = cached C++/OpenMP multipole boundary/RHS plus cached C++/OpenMP CG
 xc_implementation = vectorized NumPy discrete-variational PBE
 finite_difference_full_grid_materialization = performed
 finite_difference_provenance_key = 92ab353788646c58719d979006350fde5674577928fe5393f2713c3a9896288d
 finite_difference_provenance_hash_seconds = 0.048464
 finite_difference_nnz_count_seconds = 0.000735
 finite_difference_nnz_cache = disk-hit
 finite_difference_nnz_cache_path = C:\Users\zigze\Desktop\parsec_python\src\accelerated_architecture\benchmarks\0_CH4_CF4\python_pbe\CF4\IS\.parsec_cache\symmetry\negative-laplacian-nnz-v1-92ab353788646c58719d979006350fde5674577928fe5393f2713c3a9896288d.json
 finite_difference_materialization_seconds = 1.141790
 reference_static_cache = disabled
 reference_static_cache_lookup_seconds = 0.000000
 symmetry_geometry_cache = hit
 symmetry_geometry_cache_key = 03c77088b5d87ec54177a5160de1970af4144ec1b09ec96b0de99bd2c98cd2fb
 symmetry_geometry_cache_path = C:\Users\zigze\Desktop\parsec_python\src\accelerated_architecture\benchmarks\0_CH4_CF4\python_pbe\CF4\IS\.parsec_cache\symmetry\reflection-reduction-v2-03c77088b5d87ec54177a5160de1970af4144ec1b09ec96b0de99bd2c98cd2fb.npz
 symmetry_geometry_hash_seconds = 0.060433
 symmetry_geometry_cache_load_seconds = 0.082825
 symmetry_geometry_build_seconds = 0.000000
 symmetry_geometry_cache_write_seconds = 0.000000
 gpu_initial_random_basis = bit-exact 2048-lane skip-ahead DLARNV generator
 gpu_chebdav_ritz_scalar_source = reuse values already returned by host LAPACK
 gpu_chebdav_appended_orthogonalization = not used by the selected first eigensolver
 gpu_chebdav_prefix_projection = full C-order coefficient GEMM plus fused active-prefix CUDA update for blocks up to six
 gpu_chebdav_ritz_projection = full contiguous C-order Davidson workspace GEMM; use only the active row interval
 gpu_subspace_orthogonalization = audited generalized Cholesky-whitened Rayleigh--Ritz selected for 3103688x71 filtered basis; Householder QR stability fallback
 hartree_boundary_setup = overlapped with GPU orbital setup
 hartree_boundary_setup_seconds = 0.119330
 hartree_boundary_setup_wait_seconds = 0.000041
 hartree_boundary_setup_overlapped_seconds = 0.119289
 hartree_cg_storage = int32_columns_uint8_coefficient_palette
 hartree_cg_openmp_workers = 28
 hartree_initial_guess = two-step chronological RHS predictor with previous-potential fallback
 hartree_cg_coefficient_palette_size = 5
 hartree_symmetry = full grid
 native_openmp_detected_processors = 32
 native_openmp_reserved_threads = 4
 native_openmp_max_threads = 28
 native_openmp_thread_source = detected_processors_minus_4
 Backend initialization [sec] =     3.821354

 SCF iter #   1

 Diagonalization time [sec] :      40.06,      tdiag_sum =       40.06

 Fermi level at     3.7725 [Ry]

   State   Eigenvalue [Ry]      Eigenvalue [eV]    Occup.     Repr.

    1         2.7140127289        36.9263143870    1.0000        1
    2         2.8874171564        39.2856203470    1.0000        1
    3         3.1324195554        42.6190739870    1.0000        1
    4         3.2040885669        43.5941882235    1.0000        1
    5         3.3144906153        45.0962964133    1.0000        1
    6         3.3484152276        45.5578679040    1.0000        1
    7         3.3872439921        46.0861643076    1.0000        1
    8         3.4403505373        46.8087213406    1.0000        1
    9         3.5031783549        47.6635440617    1.0000        1
   10         3.5762102142        48.6572009320    1.0000        1
   11         3.5845907638        48.7712250146    1.0000        1
   12         3.6526498672        49.6972235634    1.0000        1
   13         3.6684845550        49.9126671588    1.0000        1
   14         3.7187637654        50.5967560393    0.9993        1
   15         3.7336575226        50.7993975210    0.9950        1
   16         3.7516335446        51.0439756812    0.9450        1
   17         3.7935586750        51.6144006209    0.0541        1
   18         3.8095679651        51.8322198198    0.0064        1
   19         3.8412182901        52.2628478116    0.0001        1
   20         3.8790755686        52.7779263717    0.0000        1
   21         3.9246942714        53.3986053176    0.0000        1
   22         3.9808856326        54.1631337398    0.0000        1
   23         3.9957437861        54.3652908046    0.0000        1
   24         4.0238704336        54.7479763451    0.0000        1
   25         4.0570967125        55.2000464514    0.0000        1
   26         4.0749345289        55.4427442128    0.0000        1
   27         4.0944842604        55.7087339503    0.0000        1
   28         4.1136056732        55.9688960691    0.0000        1
   29         4.1283893985        56.1700404783    0.0000        1
   30         4.1721695845        56.7657049330    0.0000        1
   31         4.1929052303        57.0478299825    0.0000        1
   32         4.2143355791        57.3394070217    0.0000        1
   33         4.2490660869        57.8119433653    0.0000        1
   34         4.2690947717        58.0844496449    0.0000        1
   35         4.3095786938        58.6352657925    0.0000        1
   36         4.3332789200        58.9577263296    0.0000        1
   37         4.3651193641        59.3909410441    0.0000        1
   38         4.3908951325        59.7416409941    0.0000        1
   39         4.3989703607        59.8515109342    0.0000        1
   40         4.4188736524        60.1223111399    0.0000        1
   41         4.4452855556        60.4816662129    0.0000        1
   42         4.4797288418        60.9502946759    0.0000        1
   43         4.5201547234        61.5003211354    0.0000        1
   44         4.5398194210        61.7678750776    0.0000        1
   45         4.5581448545        62.0172072608    0.0000        1
   46         4.5614003004        62.0615002066    0.0000        1
   47         4.5717138320        62.2018240561    0.0000        1
   48         4.5888894009        62.4355114106    0.0000        1
   49         4.6030823088        62.6286172769    0.0000        1
   50         4.6622780151        63.4340222180    0.0000        1
   51         4.6822649404        63.7059603258    0.0000        1
   52         4.7131092202        64.1256214287    0.0000        1
   53         4.7431712411        64.5346392721    0.0000        1
   54         4.7762767227        64.9850658339    0.0000        1
   55         4.8094132400        65.4359146610    0.0000        1
   56         4.8418674923        65.8774807262    0.0000        1
   57         4.8531180316        66.0305533140    0.0000        1
   58         4.8675791035        66.2273077669    0.0000        1
   59         4.8729844336        66.3008516066    0.0000        1
   60         4.8839004244        66.4493723942    0.0000        1
   61         4.9135878988        66.8532942341    0.0000        1
   62         4.9351911097        67.1472231999    0.0000        1
   63         5.0164774270        68.2531885768    0.0000        1
   64         5.0434640698        68.6203634406    0.0000        1
   65         5.0884725307        69.2327395582    0.0000        1

 Max and min values of charge density [e/bohr^3]:   2.6693E-01   4.6380E-06

 Hartree potential time [sec]:      10.75

   Eigenvalue Energy             =         109.24073997 [Ry]
   Hartree Energy                =         115.75861658 [Ry]
   Integral_{Vxc*rho}            =         -15.01611659 [Ry]
   Exc = Integral{eps_xc*rho}    =         -11.68402999 [Ry]
   Electron-Ion energy           =        -339.10738055 [Ry]
   Ion-Ion Energy                =         231.17870044 [Ry]

   Total Energy =           131.04087486 [Ry]
   Energy/atom  =           356.58318703 [eV]

  0-  1    SRE of pot. & charge weighted pot = 228.0913059133   5.5073947357

 SCF iter #   2

 Diagonalization time [sec] :       5.10,      tdiag_sum =       45.16

 Fermi level at    -0.3022 [Ry]

   State   Eigenvalue [Ry]      Eigenvalue [eV]    Occup.     Repr.

    1        -4.2530689625       -57.8664056906    1.0000        1
    2        -3.7914422772       -51.5856053356    1.0000        1
    3        -3.4603160591       -47.0803682372    1.0000        1
    4        -3.1224602355       -42.4835694719    1.0000        1
    5        -2.5218887615       -34.3123141109    1.0000        1
    6        -2.3555696253       -32.0494092082    1.0000        1
    7        -2.2469397969       -30.5714134885    1.0000        1
    8        -2.1081081311       -28.6824976100    1.0000        1
    9        -1.8078241156       -24.5968933523    1.0000        1
   10        -1.5767270862       -21.4526333892    1.0000        1
   11        -1.4458536509       -19.6719956036    1.0000        1
   12        -1.3641403402       -18.5602206413    1.0000        1
   13        -1.2230327842       -16.6403394558    1.0000        1
   14        -0.8199245410       -11.1557293206    1.0000        1
   15        -0.6206528456        -8.4444784862    1.0000        1
   16        -0.3556268259        -4.8385874677    0.9993        1
   17        -0.2486881028        -3.3836005888    0.0007        1
   18        -0.1828524683        -2.4878541131    0.0000        1
   19         0.0249783459         0.3398503785    0.0000        1
   20         0.3646225396         4.9609813488    0.0000        1
   21         0.4993286477         6.7937657145    0.0000        1
   22         0.7279089057         9.9037829885    0.0000        1
   23         0.8449042834        11.4955986997    0.0000        1
   24         0.9021334402        12.2742471600    0.0000        1
   25         0.9386198333        12.7706737286    0.0000        1
   26         0.9928407992        13.5083933451    0.0000        1
   27         1.0331922749        14.0574074545    0.0000        1
   28         1.0974323142        14.9314445799    0.0000        1
   29         1.1540484182        15.7017519688    0.0000        1
   30         1.1669179789        15.8768526373    0.0000        1
   31         1.2157429024        16.5411547821    0.0000        1
   32         1.2470054236        16.9665063922    0.0000        1
   33         1.2574176441        17.1081729827    0.0000        1
   34         1.3413373454        18.2499676538    0.0000        1
   35         1.3821161327        18.8047956787    0.0000        1
   36         1.4091857882        19.1730999971    0.0000        1
   37         1.4343552756        19.5155510090    0.0000        1
   38         1.4471608115        19.6897805686    0.0000        1
   39         1.4748580053        20.0666230491    0.0000        1
   40         1.5014105964        20.4278922929    0.0000        1
   41         1.5389723130        20.9389494955    0.0000        1
   42         1.5631847245        21.2683787243    0.0000        1
   43         1.5929112705        21.6728321643    0.0000        1
   44         1.6024759695        21.8029675454    0.0000        1
   45         1.6466672347        22.4042250620    0.0000        1
   46         1.6548168704        22.5151073756    0.0000        1
   47         1.6844605062        22.9184327547    0.0000        1
   48         1.7098789577        23.2642711225    0.0000        1
   49         1.7149416555        23.3331531769    0.0000        1
   50         1.7408151896        23.6851833072    0.0000        1
   51         1.7518721590        23.8356222213    0.0000        1
   52         1.7862433388        24.3032696191    0.0000        1
   53         1.8117081212        24.6497383549    0.0000        1
   54         1.8377539246        25.0041123476    0.0000        1
   55         1.8502636453        25.1743171054    0.0000        1
   56         1.8634830253        25.3541773454    0.0000        1
   57         1.9104110179        25.9926702278    0.0000        1
   58         1.9379559225        26.3674406905    0.0000        1
   59         1.9490814995        26.5188130662    0.0000        1
   60         1.9815940190        26.9611719042    0.0000        1
   61         1.9871379948        27.0366021298    0.0000        1
   62         2.0143814963        27.4072717617    0.0000        1
   63         2.0532869883        27.9366121059    0.0000        1
   64         2.0792416808        28.2897464607    0.0000        1
   65         2.0979470529        28.5442480124    0.0000        1

 Max and min values of charge density [e/bohr^3]:   1.4541E+00   1.6301E-06

 Hartree potential time [sec]:      11.21

   Eigenvalue Energy             =         -66.14700406 [Ry]
   Hartree Energy                =         220.08513185 [Ry]
   Integral_{Vxc*rho}            =         -30.90948699 [Ry]
   Exc = Integral{eps_xc*rho}    =         -23.93618494 [Ry]
   Electron-Ion energy           =        -680.04587982 [Ry]
   Ion-Ion Energy                =         231.17870044 [Ry]
   (E(new)-E(old))/atom  =          -628.25935326 [eV]

   Total Energy =           -99.83836534 [Ry]
   Energy/atom  =          -271.67616623 [eV]

  0-  2    SRE of pot. & charge weighted pot =  42.9640561210   1.9951141723

 SCF iter #   3

 Diagonalization time [sec] :       4.66,      tdiag_sum =       49.82

 Fermi level at    -3.2065 [Ry]

   State   Eigenvalue [Ry]      Eigenvalue [eV]    Occup.     Repr.

    1        -7.3393620518       -99.8578922042    1.0000        1
    2        -7.0975060934       -96.5672484061    1.0000        1
    3        -6.8817530962       -93.6317562766    1.0000        1
    4        -6.6990920572       -91.1465067118    1.0000        1
    5        -5.4140194285       -73.6620655400    1.0000        1
    6        -5.3180770302       -72.3566924579    1.0000        1
    7        -5.1978405561       -70.7207790384    1.0000        1
    8        -5.1325084835       -69.8318839248    1.0000        1
    9        -4.9412941816       -67.2302603757    1.0000        1
   10        -4.7225139395       -64.2535801577    1.0000        1
   11        -4.5640464630       -62.0975033669    1.0000        1
   12        -4.4804047410       -60.9594908248    1.0000        1
   13        -4.1876001930       -56.9756507058    1.0000        1
   14        -3.9681560263       -53.9899372631    1.0000        1
   15        -3.6357027403       -49.4666443440    1.0000        1
   16        -3.3403607141       -45.4482798038    1.0000        1
   17        -3.0727057551       -41.8066199631    0.0000        1
   18        -2.8326014665       -38.5398090324    0.0000        1
   19        -2.5887625359       -35.2221853112    0.0000        1
   20        -2.1786578458       -29.6423829187    0.0000        1
   21        -1.1324073251       -15.4073075833    0.0000        1
   22        -0.7948532496       -10.8146143433    0.0000        1
   23        -0.7510969339       -10.2192746634    0.0000        1
   24        -0.6497436815        -8.8402825813    0.0000        1
   25        -0.5244015575        -7.1349027117    0.0000        1
   26        -0.4099316958        -5.5774486665    0.0000        1
   27        -0.3750614293        -5.1030107949    0.0000        1
   28        -0.2952449622        -4.0170439074    0.0000        1
   29        -0.2437970086        -3.3170533400    0.0000        1
   30        -0.2078463190        -2.8279154474    0.0000        1
   31        -0.1395637965        -1.8988771031    0.0000        1
   32        -0.0586835051        -0.7984360342    0.0000        1
   33        -0.0200423173        -0.2726917602    0.0000        1
   34        -0.0028188121        -0.0383521933    0.0000        1
   35         0.0287472936         0.3911299278    0.0000        1
   36         0.0861655507         1.1723512491    0.0000        1
   37         0.1470845843         2.0012034377    0.0000        1
   38         0.1743849896         2.3726472909    0.0000        1
   39         0.1946239409         2.6480144157    0.0000        1
   40         0.2251167512         3.0628934930    0.0000        1
   41         0.2635312803         3.5855538939    0.0000        1
   42         0.3190278940         4.3406297195    0.0000        1
   43         0.3423920834         4.6585182079    0.0000        1
   44         0.3910955497         5.3211678296    0.0000        1
   45         0.4212176989         5.7310037675    0.0000        1
   46         0.4458106403         6.0656104103    0.0000        1
   47         0.4694941315         6.3878432542    0.0000        1
   48         0.5086102030         6.9200487001    0.0000        1
   49         0.5267680970         7.1671013744    0.0000        1
   50         0.5517093301         7.5064468037    0.0000        1
   51         0.6054630561         8.2378092481    0.0000        1
   52         0.6346745206         8.6352545930    0.0000        1
   53         0.6732307644         9.1598431340    0.0000        1
   54         0.7005770351         9.5319110241    0.0000        1
   55         0.7310699992         9.9467921955    0.0000        1
   56         0.7511977758        10.2206466975    0.0000        1
   57         0.7813531439        10.6309346047    0.0000        1
   58         0.8480718477        11.5386959454    0.0000        1
   59         0.8884471441        12.0880341533    0.0000        1
   60         0.8960535457        12.1915253323    0.0000        1
   61         0.9251636944        12.5875921938    0.0000        1
   62         0.9406016134        12.7976374314    0.0000        1
   63         0.9773104091        13.2970899643    0.0000        1
   64         0.9939092202        13.5229300679    0.0000        1
   65         1.0314343348        14.0334892728    0.0000        1

 Max and min values of charge density [e/bohr^3]:   2.1928E+00   4.0123E-07

 Hartree potential time [sec]:      11.07

   Eigenvalue Energy             =        -165.84047558 [Ry]
   Hartree Energy                =         338.12737112 [Ry]
   Integral_{Vxc*rho}            =         -47.30497346 [Ry]
   Exc = Integral{eps_xc*rho}    =         -36.51117827 [Ry]
   Electron-Ion energy           =        -897.99851060 [Ry]
   Ion-Ion Energy                =         231.17870044 [Ry]
   (E(new)-E(old))/atom  =          -199.44035371 [eV]

   Total Energy =          -173.13076774 [Ry]
   Energy/atom  =          -471.11651994 [eV]

  0-  3    SRE of pot. & charge weighted pot =  42.7170580486   3.1174127177

 SCF iter #   4

 Diagonalization time [sec] :       4.83,      tdiag_sum =       54.65

 Fermi level at    -3.9246 [Ry]

   State   Eigenvalue [Ry]      Eigenvalue [eV]    Occup.     Repr.

    1        -7.0246603483       -95.5761237672    1.0000        1
    2        -6.8339667908       -92.9815853620    1.0000        1
    3        -6.7612245632       -91.9918691626    1.0000        1
    4        -6.6888441744       -91.0070760684    1.0000        1
    5        -5.3430909836       -72.6970273044    1.0000        1
    6        -5.1973930744       -70.7146906922    1.0000        1
    7        -5.1123444776       -69.5575364930    1.0000        1
    8        -5.0394225427       -68.5653752311    1.0000        1
    9        -5.0267097624       -68.3924076847    1.0000        1
   10        -4.8904587999       -66.5386043392    1.0000        1
   11        -4.8062749687       -65.3932159686    1.0000        1
   12        -4.7814466154       -65.0554063603    1.0000        1
   13        -4.5894219058       -62.4427565655    1.0000        1
   14        -4.4711823242       -60.8340124667    1.0000        1
   15        -4.3790026680       -59.5798345006    1.0000        1
   16        -4.1917038686       -57.0314844953    1.0000        1
   17        -3.5581215723       -48.4110904890    0.0000        1
   18        -3.3842442448       -46.0453503454    0.0000        1
   19        -3.1683108779       -43.1074041431    0.0000        1
   20        -3.0053442085       -40.8901122322    0.0000        1
   21        -1.4121321449       -19.2131875367    0.0000        1
   22        -1.1086730327       -15.0843835479    0.0000        1
   23        -1.0840168764       -14.7489168170    0.0000        1
   24        -0.9669822464       -13.1565670484    0.0000        1
   25        -0.9090678516       -12.3685953753    0.0000        1
   26        -0.7868982936       -10.7063808028    0.0000        1
   27        -0.6721244645        -9.1447910386    0.0000        1
   28        -0.6294285477        -8.5638789346    0.0000        1
   29        -0.5854041574        -7.9648918854    0.0000        1
   30        -0.5022225763        -6.8331399289    0.0000        1
   31        -0.4713410009        -6.4129713901    0.0000        1
   32        -0.4430771890        -6.0284196179    0.0000        1
   33        -0.4117357582        -5.6019943789    0.0000        1
   34        -0.3613601255        -4.9165935956    0.0000        1
   35        -0.3207602745        -4.3642001429    0.0000        1
   36        -0.3191966007        -4.3429251104    0.0000        1
   37        -0.2783280549        -3.7868758490    0.0000        1
   38        -0.2563110405        -3.4873167544    0.0000        1
   39        -0.2110283575        -2.8712096271    0.0000        1
   40        -0.1577710934        -2.1466019427    0.0000        1
   41        -0.0956822648        -1.3018337590    0.0000        1
   42        -0.0760688588        -1.0349776797    0.0000        1
   43        -0.0607103552        -0.8260129503    0.0000        1
   44         0.0494800423         0.6732155596    0.0000        1
   45         0.0736875250         1.0025777271    0.0000        1
   46         0.1064088882         1.4477780511    0.0000        1
   47         0.1605201524         2.1840050891    0.0000        1
   48         0.1890248710         2.5718345901    0.0000        1
   49         0.2247028882         3.0572625565    0.0000        1
   50         0.2612417303         3.5544027338    0.0000        1
   51         0.3051407896         4.1516845548    0.0000        1
   52         0.3368214023         4.5827246361    0.0000        1
   53         0.3408538204         4.6375889094    0.0000        1
   54         0.3983764208         5.4202299064    0.0000        1
   55         0.4477512324         6.0920137178    0.0000        1
   56         0.4685325025         6.3747595229    0.0000        1
   57         0.5150210243         7.0072730524    0.0000        1
   58         0.5273095441         7.1744681958    0.0000        1
   59         0.5639758655         7.6733428315    0.0000        1
   60         0.6031826100         8.2067819558    0.0000        1
   61         0.6258050300         8.5145780774    0.0000        1
   62         0.6398307690         8.7054094774    0.0000        1
   63         0.6836522765         9.3016361434    0.0000        1
   64         0.7243011546         9.8546966498    0.0000        1
   65         0.7283142021         9.9092973710    0.0000        1

 Max and min values of charge density [e/bohr^3]:   2.3914E+00   1.0222E-07

 Hartree potential time [sec]:      11.06

   Eigenvalue Energy             =        -170.27429574 [Ry]
   Hartree Energy                =         399.25352096 [Ry]
   Integral_{Vxc*rho}            =         -55.33141310 [Ry]
   Exc = Integral{eps_xc*rho}    =         -42.64655622 [Ry]
   Electron-Ion energy           =        -986.81348272 [Ry]
   Ion-Ion Energy                =         231.17870044 [Ry]
   (E(new)-E(old))/atom  =           -50.23389910 [eV]

   Total Energy =          -191.59124015 [Ry]
   Energy/atom  =          -521.35041903 [eV]

  0-  4    SRE of pot. & charge weighted pot =  58.0940919671   4.4265267388

 SCF iter #   5

 Diagonalization time [sec] :       4.73,      tdiag_sum =       59.38

 Fermi level at    -3.3507 [Ry]

   State   Eigenvalue [Ry]      Eigenvalue [eV]    Occup.     Repr.

    1        -6.0395114719       -82.1723851842    1.0000        1
    2        -5.8330383026       -79.3631525382    1.0000        1
    3        -5.7996836140       -78.9093353148    1.0000        1
    4        -5.7566898244       -78.3243704125    1.0000        1
    5        -4.5330027560       -61.6751288980    1.0000        1
    6        -4.3791435143       -59.5817508265    1.0000        1
    7        -4.2940017207       -58.4233286109    1.0000        1
    8        -4.2284692923       -57.5317074974    1.0000        1
    9        -4.1352705037       -56.2636634195    1.0000        1
   10        -4.0821888314       -55.5414448025    1.0000        1
   11        -4.0692344585       -55.3651901952    1.0000        1
   12        -4.0189802247       -54.6814411406    1.0000        1
   13        -3.9920774884       -54.3154078915    1.0000        1
   14        -3.8987033633       -53.0449782201    1.0000        1
   15        -3.8520389853       -52.4100720255    1.0000        1
   16        -3.7625103613       -51.1919634736    1.0000        1
   17        -2.9774227662       -40.5102186728    0.0000        1
   18        -2.8860458657       -39.2669628394    0.0000        1
   19        -2.7753806951       -37.7612746609    0.0000        1
   20        -2.7032496349       -36.7798738826    0.0000        1
   21        -1.1562455470       -15.7316456629    0.0000        1
   22        -0.9466130031       -12.8794271976    0.0000        1
   23        -0.8900012782       -12.1091793906    0.0000        1
   24        -0.8349289313       -11.3598760533    0.0000        1
   25        -0.8178662907       -11.1277251776    0.0000        1
   26        -0.6926021389        -9.4234061817    0.0000        1
   27        -0.5919335481        -8.0537294684    0.0000        1
   28        -0.5366142240        -7.3010658093    0.0000        1
   29        -0.4576745082        -6.2270278237    0.0000        1
   30        -0.4092096402        -5.5676245225    0.0000        1
   31        -0.3723098897        -5.0655738977    0.0000        1
   32        -0.3572124215        -4.8601607639    0.0000        1
   33        -0.3494443471        -4.7544698984    0.0000        1
   34        -0.3089839418        -4.2039737155    0.0000        1
   35        -0.2982824270        -4.0583710453    0.0000        1
   36        -0.2820168625        -3.8370650278    0.0000        1
   37        -0.2343330240        -3.1882882573    0.0000        1
   38        -0.2101077896        -2.8586845635    0.0000        1
   39        -0.1589791123        -2.1630380056    0.0000        1
   40        -0.1119954362        -1.5237875065    0.0000        1
   41        -0.0651104143        -0.8858792753    0.0000        1
   42        -0.0448415035        -0.6101045281    0.0000        1
   43         0.0046166011         0.0628125512    0.0000        1
   44         0.0469559773         0.6388736363    0.0000        1
   45         0.0823761433         1.1207933306    0.0000        1
   46         0.1218325223         1.6576289323    0.0000        1
   47         0.1721203093         2.3418345044    0.0000        1
   48         0.2071170496         2.8179931531    0.0000        1
   49         0.2689563381         3.6593661452    0.0000        1
   50         0.2862548160         3.8947257759    0.0000        1
   51         0.3143010273         4.2763169171    0.0000        1
   52         0.3351540605         4.5600391164    0.0000        1
   53         0.3447263420         4.6902776637    0.0000        1
   54         0.3718932304         5.0599049137    0.0000        1
   55         0.4180031857         5.6872677436    0.0000        1
   56         0.4553387296         6.1952476867    0.0000        1
   57         0.4658927633         6.3388437585    0.0000        1
   58         0.5168768973         7.0325236890    0.0000        1
   59         0.5405420930         7.3545076086    0.0000        1
   60         0.5509467818         7.4960717233    0.0000        1
   61         0.5776849409         7.8598657684    0.0000        1
   62         0.6076269020         8.2672501027    0.0000        1
   63         0.6555981803         8.9199377218    0.0000        1
   64         0.6806159452         9.2603244266    0.0000        1
   65         0.7012382135         9.5409068858    0.0000        1

 Max and min values of charge density [e/bohr^3]:   2.3040E+00   4.7712E-08

 Hartree potential time [sec]:      11.01

   Eigenvalue Energy             =        -145.34908943 [Ry]
   Hartree Energy                =         419.88184017 [Ry]
   Integral_{Vxc*rho}            =         -57.31829214 [Ry]
   Exc = Integral{eps_xc*rho}    =         -44.15347699 [Ry]
   Electron-Ion energy           =       -1010.01984582 [Ry]
   Ion-Ion Energy                =         231.17870044 [Ry]
   (E(new)-E(old))/atom  =           -16.39148692 [eV]

   Total Energy =          -197.61495316 [Ry]
   Energy/atom  =          -537.74190595 [eV]

  0-  5    SRE of pot. & charge weighted pot =  53.2062295728   3.9843782844

 SCF iter #   6

 Diagonalization time [sec] :       4.75,      tdiag_sum =       64.13

 Fermi level at    -2.5330 [Ry]

   State   Eigenvalue [Ry]      Eigenvalue [eV]    Occup.     Repr.

    1        -5.0438170564       -68.6251661056    1.0000        1
    2        -4.8267788205       -65.6721872764    1.0000        1
    3        -4.7971127937       -65.2685572484    1.0000        1
    4        -4.7761402245       -64.9832086667    1.0000        1
    5        -3.6549247669       -49.7281753937    1.0000        1
    6        -3.4955222443       -47.5593765514    1.0000        1
    7        -3.4508761094       -46.9519301693    1.0000        1
    8        -3.4065774094       -46.3492109168    1.0000        1
    9        -3.2050846134       -43.6077402326    1.0000        1
   10        -3.1934773142       -43.4498136418    1.0000        1
   11        -3.1601151968       -42.9958953445    1.0000        1
   12        -3.1353956890       -42.6595666654    1.0000        1
   13        -3.0959997489       -42.1235533836    1.0000        1
   14        -3.0820695302       -41.9340216140    1.0000        1
   15        -3.0340116571       -41.2801558048    1.0000        1
   16        -2.9922429362       -40.7118589415    1.0000        1
   17        -2.1429007551       -29.1558790943    0.0000        1
   18        -2.0942947418       -28.4945553980    0.0000        1
   19        -2.0434440462       -27.8026910036    0.0000        1
   20        -2.0035035076       -27.2592680238    0.0000        1
   21        -0.7425629729       -10.1031632974    0.0000        1
   22        -0.6832322196        -9.2959209330    0.0000        1
   23        -0.5697118552        -7.7513855592    0.0000        1
   24        -0.5220024257        -7.1022606042    0.0000        1
   25        -0.4622053945        -6.2886741566    0.0000        1
   26        -0.4131824978        -5.6216784282    0.0000        1
   27        -0.3602978469        -4.9021404447    0.0000        1
   28        -0.2836200431        -3.8588775820    0.0000        1
   29        -0.2347017626        -3.1933052419    0.0000        1
   30        -0.1998533513        -2.7191647272    0.0000        1
   31        -0.1701420360        -2.3149185137    0.0000        1
   32        -0.1411010467        -1.9197926207    0.0000        1
   33        -0.1299025109        -1.7674275826    0.0000        1
   34        -0.1075495819        -1.4632981021    0.0000        1
   35        -0.0875159239        -1.1907241572    0.0000        1
   36        -0.0641324146        -0.8725728060    0.0000        1
   37        -0.0490136892        -0.6668704529    0.0000        1
   38        -0.0155705194        -0.2118493725    0.0000        1
   39         0.0364050275         0.4953195231    0.0000        1
   40         0.0524115350         0.7131008629    0.0000        1
   41         0.0933542312         1.2701589991    0.0000        1
   42         0.1249807634         1.7004632713    0.0000        1
   43         0.2005349503         2.7284384273    0.0000        1
   44         0.2165217502         2.9459516286    0.0000        1
   45         0.2448100441         3.3308364977    0.0000        1
   46         0.2906645997         3.9547244108    0.0000        1
   47         0.3118749737         4.2433085172    0.0000        1
   48         0.3320796013         4.5182086389    0.0000        1
   49         0.3369694153         4.5847384704    0.0000        1
   50         0.3836903298         5.2204138888    0.0000        1
   51         0.4029238651         5.4821015233    0.0000        1
   52         0.4119457123         5.6048509724    0.0000        1
   53         0.4473765681         6.0869161097    0.0000        1
   54         0.4751910326         6.4653541520    0.0000        1
   55         0.5189033011         7.0600945339    0.0000        1
   56         0.5452999002         7.4192413816    0.0000        1
   57         0.5695186547         7.7487569121    0.0000        1
   58         0.5891699557         8.0161285830    0.0000        1
   59         0.6145762259         8.3618012143    0.0000        1
   60         0.6203513172         8.4403759511    0.0000        1
   61         0.6341101474         8.6275758434    0.0000        1
   62         0.6665297727         9.0686707811    0.0000        1
   63         0.6940837819         9.4435651193    0.0000        1
   64         0.7180783954         9.7700310320    0.0000        1
   65         0.7707645048        10.4868676997    0.0000        1

 Max and min values of charge density [e/bohr^3]:   2.1603E+00   1.7664E-08

 Hartree potential time [sec]:      10.87

   Eigenvalue Energy             =        -116.70029222 [Ry]
   Hartree Energy                =         423.52319474 [Ry]
   Integral_{Vxc*rho}            =         -56.98678032 [Ry]
   Exc = Integral{eps_xc*rho}    =         -43.88838115 [Ry]
   Electron-Ion energy           =       -1009.09317332 [Ry]
   Ion-Ion Energy                =         231.17870044 [Ry]
   (E(new)-E(old))/atom  =            -8.07243103 [eV]

   Total Energy =          -200.58149355 [Ry]
   Energy/atom  =          -545.81433698 [eV]

  0-  6    SRE of pot. & charge weighted pot =  42.5285327914   3.0556871062

 SCF iter #   7

 Diagonalization time [sec] :       4.69,      tdiag_sum =       68.82

 Fermi level at    -2.3473 [Ry]

   State   Eigenvalue [Ry]      Eigenvalue [eV]    Occup.     Repr.

    1        -4.6964332708       -63.8987317956    1.0000        1
    2        -4.4787559828       -60.9370581511    1.0000        1
    3        -4.4646584418       -60.7452498280    1.0000        1
    4        -4.4460559846       -60.4921485155    1.0000        1
    5        -3.3455397978       -45.5187453803    1.0000        1
    6        -3.1866342785       -43.3567086667    1.0000        1
    7        -3.1633305144       -43.0396423133    1.0000        1
    8        -3.1363028433       -42.6719092260    1.0000        1
    9        -2.8981416966       -39.4315362954    1.0000        1
   10        -2.8953871994       -39.3940591578    1.0000        1
   11        -2.8600762622       -38.9136256085    1.0000        1
   12        -2.8468163132       -38.7332133947    1.0000        1
   13        -2.8213104236       -38.3861853617    1.0000        1
   14        -2.7937897251       -38.0117442417    1.0000        1
   15        -2.7611655324       -37.5678660006    1.0000        1
   16        -2.7419229931       -37.3060558599    1.0000        1
   17        -1.8515764656       -25.1921790754    0.0000        1
   18        -1.8045547721       -24.5524113177    0.0000        1
   19        -1.7754166025       -24.1559632101    0.0000        1
   20        -1.7539539535       -23.8639467001    0.0000        1
   21        -0.6543487823        -8.9029386622    0.0000        1
   22        -0.6058897300        -8.2436144888    0.0000        1
   23        -0.4950420176        -6.7354426835    0.0000        1
   24        -0.4610160521        -6.2724922018    0.0000        1
   25        -0.3630545923        -4.9396481723    0.0000        1
   26        -0.3306691715        -4.4990186142    0.0000        1
   27        -0.3014713832        -4.1017593459    0.0000        1
   28        -0.2257696348        -3.0717764970    0.0000        1
   29        -0.1937116428        -2.6356018701    0.0000        1
   30        -0.1376666427        -1.8730648074    0.0000        1
   31        -0.1039535741        -1.4143715381    0.0000        1
   32        -0.0864109672        -1.1756903382    0.0000        1
   33        -0.0788108199        -1.0722842529    0.0000        1
   34        -0.0645020141        -0.8776015041    0.0000        1
   35        -0.0562863711        -0.7658211082    0.0000        1
   36        -0.0421722186        -0.5737867723    0.0000        1
   37        -0.0032117744        -0.0436987606    0.0000        1
   38         0.0305936848         0.4162515560    0.0000        1
   39         0.0677008698         0.9211244939    0.0000        1
   40         0.0830026265         1.1293171362    0.0000        1
   41         0.1083484359         1.4741671488    0.0000        1
   42         0.1607733007         2.1874493747    0.0000        1
   43         0.2323973278         3.1619515626    0.0000        1
   44         0.2398650100         3.2635553537    0.0000        1
   45         0.2732606128         3.7179292462    0.0000        1
   46         0.3120583169         4.2458030477    0.0000        1
   47         0.3201449200         4.3558277521    0.0000        1
   48         0.3340191331         4.5445975218    0.0000        1
   49         0.3549074520         4.8287998104    0.0000        1
   50         0.3803819514         5.1754007549    0.0000        1
   51         0.3967985185         5.3987612831    0.0000        1
   52         0.4391768442         5.9753523068    0.0000        1
   53         0.4690762213         6.3821572518    0.0000        1
   54         0.4744684220         6.4555224566    0.0000        1
   55         0.5049639674         6.8704387476    0.0000        1
   56         0.5309489755         7.2239855704    0.0000        1
   57         0.5531464369         7.5259997907    0.0000        1
   58         0.5841261692         7.9475038327    0.0000        1
   59         0.5963852813         8.1142988608    0.0000        1
   60         0.6113769718         8.3182728026    0.0000        1
   61         0.6256683896         8.5127189751    0.0000        1
   62         0.6669733186         9.0747055782    0.0000        1
   63         0.6813002628         9.2696351155    0.0000        1
   64         0.6974176111         9.4889245325    0.0000        1
   65         0.7487031531        10.1867053605    0.0000        1

 Max and min values of charge density [e/bohr^3]:   2.1088E+00   7.9507E-09

 Hartree potential time [sec]:      11.22

   Eigenvalue Energy             =        -107.07264252 [Ry]
   Hartree Energy                =         425.18371177 [Ry]
   Integral_{Vxc*rho}            =         -56.94968448 [Ry]
   Exc = Integral{eps_xc*rho}    =         -43.85526348 [Ry]
   Electron-Ion energy           =       -1009.03264718 [Ry]
   Ion-Ion Energy                =         231.17870044 [Ry]
   (E(new)-E(old))/atom  =            -3.34744951 [eV]

   Total Energy =          -201.81164889 [Ry]
   Energy/atom  =          -549.16178649 [eV]

  0-  7    SRE of pot. & charge weighted pot =  38.4617147142   2.7542418945

 SCF iter #   8

 Diagonalization time [sec] :       4.72,      tdiag_sum =       73.53

 Fermi level at    -0.9126 [Ry]

   State   Eigenvalue [Ry]      Eigenvalue [eV]    Occup.     Repr.

    1        -2.9619633497       -40.2998809435    1.0000        1
    2        -2.7633640428       -37.5977784941    1.0000        1
    3        -2.7498862428       -37.4144022427    1.0000        1
    4        -2.7254437819       -37.0818430081    1.0000        1
    5        -1.7335503852       -23.5863398309    1.0000        1
    6        -1.5581041237       -21.1992530863    1.0000        1
    7        -1.5499590353       -21.0884326425    1.0000        1
    8        -1.5312725383       -20.8341879012    1.0000        1
    9        -1.2924681412       -17.5850630357    1.0000        1
   10        -1.2891230979       -17.5395510451    1.0000        1
   11        -1.2442586666       -16.9291345662    1.0000        1
   12        -1.2398917611       -16.8697193226    1.0000        1
   13        -1.2331722037       -16.7782943697    1.0000        1
   14        -1.1633216523       -15.8279217368    1.0000        1
   15        -1.1428562846       -15.5494740370    1.0000        1
   16        -1.1360550629       -15.4569379742    1.0000        1
   17        -0.1715566828        -2.3341659147    0.0000        1
   18        -0.1264353352        -1.7202538832    0.0000        1
   19        -0.1085347267        -1.4767017840    0.0000        1
   20        -0.1005213480        -1.3676733572    0.0000        1
   21         0.0445446735         0.6060659180    0.0000        1
   22         0.1201701763         1.6350113843    0.0000        1
   23         0.1369301783         1.8630446201    0.0000        1
   24         0.1853984714         2.5224945218    0.0000        1
   25         0.2196107996         2.9879806173    0.0000        1
   26         0.2501780437         3.4038724267    0.0000        1
   27         0.2861689982         3.8935581559    0.0000        1
   28         0.3151731111         4.2881823152    0.0000        1
   29         0.3646859196         4.9618436843    0.0000        1
   30         0.3906099222         5.3145604799    0.0000        1
   31         0.3965113607         5.3948542708    0.0000        1
   32         0.4196913992         5.7102372390    0.0000        1
   33         0.4351604597         5.9207061821    0.0000        1
   34         0.4721346452         6.4237695555    0.0000        1
   35         0.4917863014         6.6911460589    0.0000        1
   36         0.5003219110         6.8072798561    0.0000        1
   37         0.5081722490         6.9140899861    0.0000        1
   38         0.5465072964         7.4356689736    0.0000        1
   39         0.5675722902         7.7222750656    0.0000        1
   40         0.5882947576         8.0042208123    0.0000        1
   41         0.6228564246         8.4744599415    0.0000        1
   42         0.6522056873         8.8737801409    0.0000        1
   43         0.6734879626         9.1633425218    0.0000        1
   44         0.6798472487         9.2498656967    0.0000        1
   45         0.6951544673         9.4581326513    0.0000        1
   46         0.7307747229         9.9427747253    0.0000        1
   47         0.7348826790         9.9986667539    0.0000        1
   48         0.7519064918        10.2302893465    0.0000        1
   49         0.7799336838        10.6116217149    0.0000        1
   50         0.8208695982        11.1685875795    0.0000        1
   51         0.8340856073        11.3484019560    0.0000        1
   52         0.8553080745        11.6371505994    0.0000        1
   53         0.8669090814        11.7949915803    0.0000        1
   54         0.8953837651        12.1824124309    0.0000        1
   55         0.8988746058        12.2299081113    0.0000        1
   56         0.9217285778        12.5408546837    0.0000        1
   57         0.9339253156        12.7068010588    0.0000        1
   58         0.9863618765        13.4202424192    0.0000        1
   59         0.9934559592        13.5167630904    0.0000        1
   60         0.9999390830        13.6049711753    0.0000        1
   61         1.0417756471        14.1741910988    0.0000        1
   62         1.0761099945        14.6413373633    0.0000        1
   63         1.0828910976        14.7335996958    0.0000        1
   64         1.0865175285        14.7829401894    0.0000        1
   65         1.1368027173        15.4671104109    0.0000        1

 Max and min values of charge density [e/bohr^3]:   1.9300E+00   5.1010E-09

 Hartree potential time [sec]:      10.99

   Eigenvalue Energy             =         -54.62938074 [Ry]
   Hartree Energy                =         411.40345924 [Ry]
   Integral_{Vxc*rho}            =         -54.28577145 [Ry]
   Exc = Integral{eps_xc*rho}    =         -41.80705216 [Ry]
   Electron-Ion energy           =        -983.06724746 [Ry]
   Ion-Ion Energy                =         231.17870044 [Ry]
   (E(new)-E(old))/atom  =            -4.69827837 [eV]

   Total Energy =          -203.53822078 [Ry]
   Energy/atom  =          -553.86006486 [eV]

  0-  8    SRE of pot. & charge weighted pot =   9.9195811495   0.6115055690

 SCF iter #   9

 Diagonalization time [sec] :       4.73,      tdiag_sum =       78.26

 Fermi level at     0.1260 [Ry]

   State   Eigenvalue [Ry]      Eigenvalue [eV]    Occup.     Repr.

    1        -1.7487453857       -23.7930799694    1.0000        1
    2        -1.5371632265       -20.9143354271    1.0000        1
    3        -1.5266385709       -20.7711390682    1.0000        1
    4        -1.5125285670       -20.5791611771    1.0000        1
    5        -0.6172577552        -8.3982855657    1.0000        1
    6        -0.4318255140        -5.8753315788    1.0000        1
    7        -0.4293344125        -5.8414381497    1.0000        1
    8        -0.4233663927        -5.7602384662    1.0000        1
    9        -0.1697618334        -2.3097455525    1.0000        1
   10        -0.1670019970        -2.2721957701    1.0000        1
   11        -0.1235247377        -1.6806528757    1.0000        1
   12        -0.1185149303        -1.6124904390    1.0000        1
   13        -0.1075066855        -1.4627144617    1.0000        1
   14        -0.0134498064        -0.1829953758    1.0000        1
   15         0.0001853266         0.0025215170    1.0000        1
   16         0.0129672142         0.1764293226    1.0000        1
   17         0.2376041670         3.2327947755    0.0000        1
   18         0.3390918442         4.6136158138    0.0000        1
   19         0.3739600805         5.0880260634    0.0000        1
   20         0.3885774029         5.2869064278    0.0000        1
   21         0.4230567238         5.7560251728    0.0000        1
   22         0.4487321348         6.1053596798    0.0000        1
   23         0.4707758820         6.4052824958    0.0000        1
   24         0.5010355362         6.8169892991    0.0000        1
   25         0.5369646927         7.3058342165    0.0000        1
   26         0.5580288873         7.5924294350    0.0000        1
   27         0.5903071330         8.0316007901    0.0000        1
   28         0.6009954151         8.1770234187    0.0000        1
   29         0.6484717042         8.8229763135    0.0000        1
   30         0.6722676621         9.1467393573    0.0000        1
   31         0.6772664006         9.2147511930    0.0000        1
   32         0.7121311393         9.6891138551    0.0000        1
   33         0.7226913663         9.8327941915    0.0000        1
   34         0.7355505998        10.0077543502    0.0000        1
   35         0.7647830979        10.4054858731    0.0000        1
   36         0.7778176652        10.5828315895    0.0000        1
   37         0.7929567203        10.7888105450    0.0000        1
   38         0.8240606741        11.2120047196    0.0000        1
   39         0.8587759249        11.6843334784    0.0000        1
   40         0.8758921926        11.9172139942    0.0000        1
   41         0.8918233898        12.1339706774    0.0000        1
   42         0.9056848117        12.3225664104    0.0000        1
   43         0.9097145770        12.3773945921    0.0000        1
   44         0.9548601430        12.9916361331    0.0000        1
   45         0.9599585659        13.0610042564    0.0000        1
   46         0.9831285842        13.3762508905    0.0000        1
   47         0.9921567356        13.4990861130    0.0000        1
   48         1.0223116077        13.9093672715    0.0000        1
   49         1.0408475659        14.1615638127    0.0000        1
   50         1.0748147736        14.6237148470    0.0000        1
   51         1.0756748850        14.6354173498    0.0000        1
   52         1.1059982039        15.0479903629    0.0000        1
   53         1.1245927095        15.3009834876    0.0000        1
   54         1.1328183883        15.4129004281    0.0000        1
   55         1.1462626441        15.5958202832    0.0000        1
   56         1.1903852621        16.1961437984    0.0000        1
   57         1.2169894277        16.5581147549    0.0000        1
   58         1.2246134269        16.6618453640    0.0000        1
   59         1.2540819554        17.0627882690    0.0000        1
   60         1.2864515271        17.5032021875    0.0000        1
   61         1.3169643015        17.9183528927    0.0000        1
   62         1.3377266235        18.2008408944    0.0000        1
   63         1.3703043076        18.6440863487    0.0000        1
   64         1.4239128303        19.3734731859    0.0000        1
   65         1.4529322080        19.7683050358    0.0000        1

 Max and min values of charge density [e/bohr^3]:   1.5771E+00   8.9696E-09

 Hartree potential time [sec]:      11.16

   Eigenvalue Energy             =         -17.82693443 [Ry]
   Hartree Energy                =         379.55284624 [Ry]
   Integral_{Vxc*rho}            =         -48.39481405 [Ry]
   Exc = Integral{eps_xc*rho}    =         -37.27445692 [Ry]
   Electron-Ion energy           =        -926.21507214 [Ry]
   Ion-Ion Energy                =         231.17870044 [Ry]
   (E(new)-E(old))/atom  =             3.44084915 [eV]

   Total Energy =          -202.27374197 [Ry]
   Energy/atom  =          -550.41921571 [eV]

  0-  9    SRE of pot. & charge weighted pot =  19.5351818478   1.5885682055

 SCF iter #  10

 Diagonalization time [sec] :       4.75,      tdiag_sum =       83.01

 Fermi level at    -0.3359 [Ry]

   State   Eigenvalue [Ry]      Eigenvalue [eV]    Occup.     Repr.

    1        -2.6979095966       -36.7072183890    1.0000        1
    2        -2.4874850288       -33.8442238047    1.0000        1
    3        -2.4766164232       -33.6963477314    1.0000        1
    4        -2.4690057746       -33.5927987681    1.0000        1
    5        -1.5011900269       -20.4248912677    1.0000        1
    6        -1.3206504873       -17.9685064000    1.0000        1
    7        -1.3188792275       -17.9444069939    1.0000        1
    8        -1.3149228468       -17.8905772692    1.0000        1
    9        -1.0415067727       -14.1705328479    1.0000        1
   10        -1.0409745304       -14.1632912663    1.0000        1
   11        -0.9984866315       -13.5852094111    1.0000        1
   12        -0.9952449345       -13.5411035296    1.0000        1
   13        -0.9941596552       -13.5263374373    1.0000        1
   14        -0.9094316585       -12.3735452588    1.0000        1
   15        -0.9074907040       -12.3471370206    1.0000        1
   16        -0.8929090959       -12.1487425774    1.0000        1
   17        -0.0317127196        -0.4314769204    0.0000        1
   18         0.0665271769         0.9051554633    0.0000        1
   19         0.0709072098         0.9647493153    0.0000        1
   20         0.0833695312         1.1343091677    0.0000        1
   21         0.1209324320         1.6453824829    0.0000        1
   22         0.1391200235         1.8928392157    0.0000        1
   23         0.1568005699         2.1333971933    0.0000        1
   24         0.2009450017         2.7340175041    0.0000        1
   25         0.2175499223         2.9599407332    0.0000        1
   26         0.2352949586         3.2013761484    0.0000        1
   27         0.2677514736         3.6429730001    0.0000        1
   28         0.3015531710         4.1028721342    0.0000        1
   29         0.3233920427         4.4000074552    0.0000        1
   30         0.3586020779         4.8790681509    0.0000        1
   31         0.3868111731         5.2628754584    0.0000        1
   32         0.3963669201         5.3928890416    0.0000        1
   33         0.4020843548         5.4706793142    0.0000        1
   34         0.4366155607         5.9405039964    0.0000        1
   35         0.4477209557         6.0916017792    0.0000        1
   36         0.4577416664         6.2279415642    0.0000        1
   37         0.4650930256         6.3279626871    0.0000        1
   38         0.4895348680         6.6605135075    0.0000        1
   39         0.4944712568         6.7276770263    0.0000        1
   40         0.5306800925         7.2203272032    0.0000        1
   41         0.5520053964         7.5104750221    0.0000        1
   42         0.5722547239         7.7859833221    0.0000        1
   43         0.5743811706         7.8149153311    0.0000        1
   44         0.5946993330         8.0913601849    0.0000        1
   45         0.6148208509         8.3651295326    0.0000        1
   46         0.6439449370         8.7613860235    0.0000        1
   47         0.6467436558         8.7994648316    0.0000        1
   48         0.6591730268         8.9685763686    0.0000        1
   49         0.6818860972         9.2776058618    0.0000        1
   50         0.6872362812         9.3503993946    0.0000        1
   51         0.7285948897         9.9131163498    0.0000        1
   52         0.7489755540        10.1904115927    0.0000        1
   53         0.7615605342        10.3616403166    0.0000        1
   54         0.7722240744        10.5067263114    0.0000        1
   55         0.7777496119        10.5819056689    0.0000        1
   56         0.7914913518        10.7688730337    0.0000        1
   57         0.8176603576        11.1249232938    0.0000        1
   58         0.8425767902        11.4639312927    0.0000        1
   59         0.8614840344        11.7211794748    0.0000        1
   60         0.8897256771        12.1054296181    0.0000        1
   61         0.9105812320        12.3891861264    0.0000        1
   62         0.9355889967        12.7294367708    0.0000        1
   63         0.9491319909        12.9137000421    0.0000        1
   64         0.9586317781        13.0429522463    0.0000        1
   65         0.9755028722        13.2724969790    0.0000        1

 Max and min values of charge density [e/bohr^3]:   1.7671E+00   2.4954E-09

 Hartree potential time [sec]:      11.05

   Eigenvalue Energy             =         -46.73372679 [Ry]
   Hartree Energy                =         405.71051685 [Ry]
   Integral_{Vxc*rho}            =         -52.81340573 [Ry]
   Exc = Integral{eps_xc*rho}    =         -40.66616879 [Ry]
   Electron-Ion energy           =        -969.32505946 [Ry]
   Ion-Ion Energy                =         231.17870044 [Ry]
   (E(new)-E(old))/atom  =            -5.08832218 [eV]

   Total Energy =          -204.14365120 [Ry]
   Energy/atom  =          -555.50753789 [eV]

  0- 10    SRE of pot. & charge weighted pot =   5.4448284304   0.1655299140

 SCF iter #  11

 Diagonalization time [sec] :       4.77,      tdiag_sum =       87.78

 Fermi level at    -0.3711 [Ry]

   State   Eigenvalue [Ry]      Eigenvalue [eV]    Occup.     Repr.

    1        -2.7053842165       -36.8089165728    1.0000        1
    2        -2.4981314024       -33.9890762348    1.0000        1
    3        -2.4843722556       -33.8018720348    1.0000        1
    4        -2.4782847958       -33.7190472741    1.0000        1
    5        -1.5076478373       -20.5127549449    1.0000        1
    6        -1.3309859996       -18.1091293140    1.0000        1
    7        -1.3250020828       -18.0277133386    1.0000        1
    8        -1.3230228708       -18.0007845757    1.0000        1
    9        -1.0500940586       -14.2873697429    1.0000        1
   10        -1.0493459815       -14.2771915557    1.0000        1
   11        -1.0081472859       -13.7166503431    1.0000        1
   12        -1.0057470950       -13.6839938254    1.0000        1
   13        -1.0046009883       -13.6684001268    1.0000        1
   14        -0.9197266749       -12.5136171928    1.0000        1
   15        -0.9184372388       -12.4960733841    1.0000        1
   16        -0.9053998032       -12.3186886427    1.0000        1
   17        -0.0438580649        -0.5967240598    0.0000        1
   18         0.0563517184         0.7667102100    0.0000        1
   19         0.0602206272         0.8193498099    0.0000        1
   20         0.0715722465         0.9737976709    0.0000        1
   21         0.1077111650         1.4654965690    0.0000        1
   22         0.1238556143         1.6851547172    0.0000        1
   23         0.1417226215         1.9282496431    0.0000        1
   24         0.1849188659         2.5159691062    0.0000        1
   25         0.1982288693         2.6970623499    0.0000        1
   26         0.2178523967         2.9640561391    0.0000        1
   27         0.2473264778         3.3650745912    0.0000        1
   28         0.2797609007         3.8063708627    0.0000        1
   29         0.2959467631         4.0265924699    0.0000        1
   30         0.3326370656         4.5257933870    0.0000        1
   31         0.3648913337         4.9646385077    0.0000        1
   32         0.3690756232         5.0215691138    0.0000        1
   33         0.3751058013         5.1036145113    0.0000        1
   34         0.4031449374         5.4851093896    0.0000        1
   35         0.4119443909         5.6048329930    0.0000        1
   36         0.4182832115         5.6910777190    0.0000        1
   37         0.4249204523         5.7813826900    0.0000        1
   38         0.4569259990         6.2168437577    0.0000        1
   39         0.4640622967         6.3139387965    0.0000        1
   40         0.4924502754         6.7001799566    0.0000        1
   41         0.5095597081         6.9329674761    0.0000        1
   42         0.5284155977         7.1895169395    0.0000        1
   43         0.5389623691         7.3330142012    0.0000        1
   44         0.5593179580         7.6099682725    0.0000        1
   45         0.5715089613         7.7758366262    0.0000        1
   46         0.5979957078         8.1362100010    0.0000        1
   47         0.6030541650         8.2050343578    0.0000        1
   48         0.6197600871         8.4323317937    0.0000        1
   49         0.6322676904         8.6025077422    0.0000        1
   50         0.6435277002         8.7557091838    0.0000        1
   51         0.6732838181         9.1605649725    0.0000        1
   52         0.7040737375         9.5794864579    0.0000        1
   53         0.7177720271         9.7658626469    0.0000        1
   54         0.7295881720         9.9266307501    0.0000        1
   55         0.7373255104        10.0319034294    0.0000        1
   56         0.7390278717        10.0550654162    0.0000        1
   57         0.7703372657        10.4810547690    0.0000        1
   58         0.7885902719        10.7294015216    0.0000        1
   59         0.8137715289        11.0720126673    0.0000        1
   60         0.8264160967        11.2440521289    0.0000        1
   61         0.8581240280        11.6754639005    0.0000        1
   62         0.8674663214        11.8025732753    0.0000        1
   63         0.8955502977        12.1846782406    0.0000        1
   64         0.9035958793        12.2941448141    0.0000        1
   65         0.9236529968        12.5670379439    0.0000        1

 Max and min values of charge density [e/bohr^3]:   1.7578E+00   1.8734E-09

 Hartree potential time [sec]:      11.14

   Eigenvalue Energy             =         -47.02866117 [Ry]
   Hartree Energy                =         406.39612803 [Ry]
   Integral_{Vxc*rho}            =         -52.91441074 [Ry]
   Exc = Integral{eps_xc*rho}    =         -40.74363846 [Ry]
   Electron-Ion energy           =        -970.36609455 [Ry]
   Ion-Ion Energy                =         231.17870044 [Ry]
   (E(new)-E(old))/atom  =            -0.27992955 [eV]

   Total Energy =          -204.24652260 [Ry]
   Energy/atom  =          -555.78746744 [eV]

  0- 11    SRE of pot. & charge weighted pot =   5.2969799813   0.1856824155

 SCF iter #  12

 Diagonalization time [sec] :       4.65,      tdiag_sum =       92.43

 Fermi level at    -0.3447 [Ry]

   State   Eigenvalue [Ry]      Eigenvalue [eV]    Occup.     Repr.

    1        -2.6142216663       -35.5685771469    1.0000        1
    2        -2.4051666758       -32.7242167581    1.0000        1
    3        -2.3973883708       -32.6183866955    1.0000        1
    4        -2.3921707155       -32.5473963210    1.0000        1
    5        -1.4183250886       -19.2974474900    1.0000        1
    6        -1.2408395632       -16.8826149286    1.0000        1
    7        -1.2384119299       -16.8495850364    1.0000        1
    8        -1.2367207269       -16.8265748661    1.0000        1
    9        -0.9648649979       -13.1277601880    1.0000        1
   10        -0.9646257896       -13.1245055683    1.0000        1
   11        -0.9242144402       -12.5746768303    1.0000        1
   12        -0.9230414563       -12.5587174465    1.0000        1
   13        -0.9223006975       -12.5486388294    1.0000        1
   14        -0.8348992229       -11.3594718463    1.0000        1
   15        -0.8340360185       -11.3477272600    1.0000        1
   16        -0.8251142909       -11.2263400186    1.0000        1
   17        -0.0122724354        -0.1669763013    0.0000        1
   18         0.0994949254         1.3537080559    0.0000        1
   19         0.1109567002         1.5096546722    0.0000        1
   20         0.1396286575         1.8997595881    0.0000        1
   21         0.1565640570         2.1301792471    0.0000        1
   22         0.1748316023         2.3787238141    0.0000        1
   23         0.1865588216         2.5382820155    0.0000        1
   24         0.2105216709         2.8643157501    0.0000        1
   25         0.2182197026         2.9690536295    0.0000        1
   26         0.2406527608         3.2742733329    0.0000        1
   27         0.2584075626         3.5158416156    0.0000        1
   28         0.2868122778         3.9023104890    0.0000        1
   29         0.3028389891         4.1203667183    0.0000        1
   30         0.3364697767         4.5779404880    0.0000        1
   31         0.3608237556         4.9092958543    0.0000        1
   32         0.3762671283         5.1194152940    0.0000        1
   33         0.3834496379         5.2171390829    0.0000        1
   34         0.4033871913         5.4884054477    0.0000        1
   35         0.4109800593         5.5917124913    0.0000        1
   36         0.4164031976         5.6654986252    0.0000        1
   37         0.4251125213         5.7839959422    0.0000        1
   38         0.4566576146         6.2131921730    0.0000        1
   39         0.4679035744         6.3662024523    0.0000        1
   40         0.4878601677         6.6377278700    0.0000        1
   41         0.5002255293         6.8059685062    0.0000        1
   42         0.5179210336         7.0467299991    0.0000        1
   43         0.5401827507         7.3496184701    0.0000        1
   44         0.5571703831         7.5807487990    0.0000        1
   45         0.5605625583         7.6269020557    0.0000        1
   46         0.5839993665         7.9457785813    0.0000        1
   47         0.5979058478         8.1349873839    0.0000        1
   48         0.6122566002         8.3302408513    0.0000        1
   49         0.6143821047         8.3591600395    0.0000        1
   50         0.6408120115         8.7187600654    0.0000        1
   51         0.6643552931         9.0390852475    0.0000        1
   52         0.6882963082         9.3648219103    0.0000        1
   53         0.7085273144         9.6400809346    0.0000        1
   54         0.7172553357         9.7588326462    0.0000        1
   55         0.7249641209         9.8637168361    0.0000        1
   56         0.7394142695        10.0603226679    0.0000        1
   57         0.7568583206        10.2976629382    0.0000        1
   58         0.7721800899        10.5061278666    0.0000        1
   59         0.8031297441        10.9272226718    0.0000        1
   60         0.8091817711        11.0095653410    0.0000        1
   61         0.8412533946        11.4459254357    0.0000        1
   62         0.8514153986        11.5841876305    0.0000        1
   63         0.8861491808        12.0567685238    0.0000        1
   64         0.8987468020        12.2281692385    0.0000        1
   65         0.9112145247        12.3978025803    0.0000        1

 Max and min values of charge density [e/bohr^3]:   1.7479E+00   1.4796E-09

 Hartree potential time [sec]:      11.03

   Eigenvalue Energy             =         -44.27268330 [Ry]
   Hartree Energy                =         405.65072364 [Ry]
   Integral_{Vxc*rho}            =         -52.77622540 [Ry]
   Exc = Integral{eps_xc*rho}    =         -40.63774015 [Ry]
   Electron-Ion energy           =        -969.12818517 [Ry]
   Ion-Ion Energy                =         231.17870044 [Ry]
   (E(new)-E(old))/atom  =            -0.17593311 [eV]

   Total Energy =          -204.31117632 [Ry]
   Energy/atom  =          -555.96340056 [eV]

  0- 12    SRE of pot. & charge weighted pot =   3.5216821158   0.0794300914

 SCF iter #  13

 Diagonalization time [sec] :       4.81,      tdiag_sum =       97.24

 Fermi level at    -0.3352 [Ry]

   State   Eigenvalue [Ry]      Eigenvalue [eV]    Occup.     Repr.

    1        -2.5607995065       -34.8417259253    1.0000        1
    2        -2.3511752645       -31.9896204132    1.0000        1
    3        -2.3455666454       -31.9133106635    1.0000        1
    4        -2.3409625047       -31.8506676461    1.0000        1
    5        -1.3652471373       -18.5752795007    1.0000        1
    6        -1.1882169325       -16.1666419407    1.0000        1
    7        -1.1865621765       -16.1441276608    1.0000        1
    8        -1.1853097651       -16.1270876019    1.0000        1
    9        -0.9143198807       -12.4400534332    1.0000        1
   10        -0.9141505623       -12.4377497205    1.0000        1
   11        -0.8743285703       -11.8959396615    1.0000        1
   12        -0.8738474348       -11.8893934283    1.0000        1
   13        -0.8732113210       -11.8807385919    1.0000        1
   14        -0.7845876677       -10.6749428895    1.0000        1
   15        -0.7836836702       -10.6626432797    1.0000        1
   16        -0.7770569600       -10.5724815859    1.0000        1
   17         0.0020484609         0.0278709487    0.0000        1
   18         0.1075632302         1.4634837976    0.0000        1
   19         0.1262102639         1.7171916087    0.0000        1
   20         0.1624260354         2.2099361521    0.0000        1
   21         0.1794229006         2.4411921006    0.0000        1
   22         0.1999423483         2.7203756019    0.0000        1
   23         0.2156858931         2.9345791239    0.0000        1
   24         0.2316786019         3.1521727212    0.0000        1
   25         0.2400777387         3.2664496966    0.0000        1
   26         0.2562618853         3.4866479590    0.0000        1
   27         0.2676536000         3.6416413511    0.0000        1
   28         0.2879576300         3.9178939219    0.0000        1
   29         0.3012850229         4.0992237652    0.0000        1
   30         0.3340188674         4.5445939067    0.0000        1
   31         0.3610283256         4.9120791928    0.0000        1
   32         0.3727653194         5.0717703831    0.0000        1
   33         0.3780679446         5.1439168413    0.0000        1
   34         0.3994931039         5.4354232734    0.0000        1
   35         0.3999533208         5.4416848922    0.0000        1
   36         0.4136556229         5.6281156736    0.0000        1
   37         0.4210472266         5.7286843555    0.0000        1
   38         0.4491050999         6.1104341678    0.0000        1
   39         0.4655934088         6.3347708016    0.0000        1
   40         0.4789434259         6.5164084643    0.0000        1
   41         0.4895045150         6.6601005300    0.0000        1
   42         0.5041096665         6.8588152998    0.0000        1
   43         0.5354042488         7.2846031285    0.0000        1
   44         0.5425015657         7.3811678023    0.0000        1
   45         0.5532021819         7.5267582460    0.0000        1
   46         0.5685420277         7.7354691209    0.0000        1
   47         0.5902219563         8.0304418926    0.0000        1
   48         0.5962643390         8.1126533429    0.0000        1
   49         0.6019758491         8.1903630075    0.0000        1
   50         0.6319865290         8.5986823164    0.0000        1
   51         0.6490661837         8.8310646827    0.0000        1
   52         0.6672485032         9.0784496847    0.0000        1
   53         0.6886044893         9.3690149608    0.0000        1
   54         0.7024990663         9.5580617967    0.0000        1
   55         0.7115219912         9.6808259079    0.0000        1
   56         0.7333159188         9.9773497281    0.0000        1
   57         0.7392544204        10.0581477934    0.0000        1
   58         0.7498141807        10.2018217798    0.0000        1
   59         0.7840219279        10.6672455469    0.0000        1
   60         0.7885169122        10.7284034043    0.0000        1
   61         0.8161292684        11.1040916001    0.0000        1
   62         0.8358951474        11.3730221959    0.0000        1
   63         0.8654680510        11.7753852085    0.0000        1
   64         0.8863924791        12.0600787918    0.0000        1
   65         0.8943258266        12.1680183310    0.0000        1

 Max and min values of charge density [e/bohr^3]:   1.7406E+00   9.8461E-10

 Hartree potential time [sec]:      10.96

   Eigenvalue Energy             =         -42.63805200 [Ry]
   Hartree Energy                =         405.21834886 [Ry]
   Integral_{Vxc*rho}            =         -52.69118743 [Ry]
   Exc = Integral{eps_xc*rho}    =         -40.57258016 [Ry]
   Electron-Ion energy           =        -968.38389303 [Ry]
   Ion-Ion Energy                =         231.17870044 [Ry]
   (E(new)-E(old))/atom  =            -0.10931664 [eV]

   Total Energy =          -204.35134913 [Ry]
   Energy/atom  =          -556.07271719 [eV]

  0- 13    SRE of pot. & charge weighted pot =   2.5597158397   0.0359718453

 SCF iter #  14

 Diagonalization time [sec] :       4.83,      tdiag_sum =      102.07

 Fermi level at    -0.3428 [Ry]

   State   Eigenvalue [Ry]      Eigenvalue [eV]    Occup.     Repr.

    1        -2.5429858080       -34.5993563071    1.0000        1
    2        -2.3331539256       -31.7444256804    1.0000        1
    3        -2.3280159103       -31.6745188725    1.0000        1
    4        -2.3240262638       -31.6202365394    1.0000        1
    5        -1.3466840858       -18.3227143350    1.0000        1
    6        -1.1705625039       -15.9264393150    1.0000        1
    7        -1.1684446670       -15.8976244505    1.0000        1
    8        -1.1675233093       -15.8850886420    1.0000        1
    9        -0.8965186942       -12.1978540495    1.0000        1
   10        -0.8964456831       -12.1968606751    1.0000        1
   11        -0.8572639328       -11.6637616166    1.0000        1
   12        -0.8568743271       -11.6584607193    1.0000        1
   13        -0.8563748928       -11.6516655168    1.0000        1
   14        -0.7675506738       -10.4431409581    1.0000        1
   15        -0.7663891364       -10.4273373114    1.0000        1
   16        -0.7610472207       -10.3546562759    1.0000        1
   17         0.0041443791         0.0563875930    0.0000        1
   18         0.1052799501         1.4324179453    0.0000        1
   19         0.1244913897         1.6938049501    0.0000        1
   20         0.1601315933         2.1787184322    0.0000        1
   21         0.1804605250         2.4553098109    0.0000        1
   22         0.2028128765         2.7594314345    0.0000        1
   23         0.2216873336         3.0162335232    0.0000        1
   24         0.2393436306         3.2564615698    0.0000        1
   25         0.2421012519         3.2939812135    0.0000        1
   26         0.2581907247         3.5128913615    0.0000        1
   27         0.2696265494         3.6684849060    0.0000        1
   28         0.2819831511         3.8366063573    0.0000        1
   29         0.2916167664         3.9676794004    0.0000        1
   30         0.3262439708         4.4388102178    0.0000        1
   31         0.3545928898         4.8245199399    0.0000        1
   32         0.3578599074         4.8689703284    0.0000        1
   33         0.3686204798         5.0153765241    0.0000        1
   34         0.3829257583         5.2100112820    0.0000        1
   35         0.3903605679         5.3111678146    0.0000        1
   36         0.4032940277         5.4871378815    0.0000        1
   37         0.4114289041         5.5978193833    0.0000        1
   38         0.4364194548         5.9378358186    0.0000        1
   39         0.4539548518         6.1764189224    0.0000        1
   40         0.4678011039         6.3648082593    0.0000        1
   41         0.4755562454         6.4703231637    0.0000        1
   42         0.4875597119         6.6336399276    0.0000        1
   43         0.5207008357         7.0845514306    0.0000        1
   44         0.5290674390         7.1983857616    0.0000        1
   45         0.5400001653         7.3471342487    0.0000        1
   46         0.5504812717         7.4897380865    0.0000        1
   47         0.5764734492         7.8433824557    0.0000        1
   48         0.5771799795         7.8529953646    0.0000        1
   49         0.5876602912         7.9955883900    0.0000        1
   50         0.6165340787         8.3884393676    0.0000        1
   51         0.6259552366         8.5166217575    0.0000        1
   52         0.6416607489         8.7303078177    0.0000        1
   53         0.6667314683         9.0714150115    0.0000        1
   54         0.6745868499         9.1782937620    0.0000        1
   55         0.6970430237         9.4838279717    0.0000        1
   56         0.7186432353         9.7777161304    0.0000        1
   57         0.7206619472         9.8051823205    0.0000        1
   58         0.7257176721         9.8739695028    0.0000        1
   59         0.7582151992        10.3161243576    0.0000        1
   60         0.7617269577        10.3639046415    0.0000        1
   61         0.7880528217        10.7220890816    0.0000        1
   62         0.8144063445        11.0806498425    0.0000        1
   63         0.8355004516        11.3676520438    0.0000        1
   64         0.8582642624        11.6773719015    0.0000        1
   65         0.8714502464        11.8567777628    0.0000        1

 Max and min values of charge density [e/bohr^3]:   1.7377E+00   5.8925E-10

 Hartree potential time [sec]:      11.14

   Eigenvalue Energy             =         -42.07972207 [Ry]
   Hartree Energy                =         405.19570453 [Ry]
   Integral_{Vxc*rho}            =         -52.67897533 [Ry]
   Exc = Integral{eps_xc*rho}    =         -40.56331991 [Ry]
   Electron-Ion energy           =        -968.35418041 [Ry]
   Ion-Ion Energy                =         231.17870044 [Ry]
   (E(new)-E(old))/atom  =            -0.07540283 [eV]

   Total Energy =          -204.37905894 [Ry]
   Energy/atom  =          -556.14812003 [eV]

  0- 14    SRE of pot. & charge weighted pot =   2.1824675086   0.0323213273

 SCF iter #  15

 Diagonalization time [sec] :       4.81,      tdiag_sum =      106.88

 Fermi level at    -0.3519 [Ry]

   State   Eigenvalue [Ry]      Eigenvalue [eV]    Occup.     Repr.

    1        -2.5366733066       -34.5134696749    1.0000        1
    2        -2.3258105874       -31.6445136899    1.0000        1
    3        -2.3220186038       -31.5929207195    1.0000        1
    4        -2.3189186868       -31.5507438687    1.0000        1
    5        -1.3381628798       -18.2067765105    1.0000        1
    6        -1.1625756089       -15.8177712193    1.0000        1
    7        -1.1608160719       -15.7938313111    1.0000        1
    8        -1.1600267927       -15.7830925362    1.0000        1
    9        -0.8889356357       -12.0946804718    1.0000        1
   10        -0.8888330893       -12.0932852462    1.0000        1
   11        -0.8503482927       -11.5696688013    1.0000        1
   12        -0.8500971237       -11.5662514451    1.0000        1
   13        -0.8496956677       -11.5607893161    1.0000        1
   14        -0.7605392361       -10.3477447386    1.0000        1
   15        -0.7595457470       -10.3342275245    1.0000        1
   16        -0.7555879123       -10.2803780177    1.0000        1
   17         0.0052332946         0.0712031602    0.0000        1
   18         0.1035144285         1.4083966116    0.0000        1
   19         0.1217247286         1.6561623127    0.0000        1
   20         0.1548258791         2.1065299458    0.0000        1
   21         0.1804822255         2.4556050632    0.0000        1
   22         0.2021698628         2.7506827189    0.0000        1
   23         0.2224142370         3.0261236264    0.0000        1
   24         0.2394092969         3.2573550118    0.0000        1
   25         0.2419227568         3.2915526438    0.0000        1
   26         0.2583322503         3.5148169317    0.0000        1
   27         0.2686346721         3.6549896216    0.0000        1
   28         0.2761304990         3.7569763427    0.0000        1
   29         0.2836238415         3.8589292630    0.0000        1
   30         0.3210748251         4.3684798557    0.0000        1
   31         0.3498226848         4.7596174849    0.0000        1
   32         0.3526402326         4.7979524770    0.0000        1
   33         0.3549096983         4.8288303727    0.0000        1
   34         0.3691462402         5.0225299154    0.0000        1
   35         0.3824970508         5.2041783733    0.0000        1
   36         0.3939215790         5.3596182192    0.0000        1
   37         0.4057107218         5.5200189389    0.0000        1
   38         0.4271060191         5.8111190742    0.0000        1
   39         0.4433113998         6.0316062437    0.0000        1
   40         0.4607243072         6.2685227790    0.0000        1
   41         0.4658412028         6.3381422377    0.0000        1
   42         0.4763097443         6.4805751186    0.0000        1
   43         0.5086951331         6.9212042413    0.0000        1
   44         0.5199291385         7.0740518730    0.0000        1
   45         0.5294987706         7.2042543735    0.0000        1
   46         0.5374764902         7.3127976309    0.0000        1
   47         0.5621504048         7.6485059776    0.0000        1
   48         0.5649691486         7.6868572422    0.0000        1
   49         0.5771985948         7.8532486418    0.0000        1
   50         0.6007351140         8.1734818141    0.0000        1
   51         0.6072067858         8.2615340859    0.0000        1
   52         0.6204479129         8.4416902132    0.0000        1
   53         0.6455084155         8.7826583996    0.0000        1
   54         0.6537416195         8.8946777263    0.0000        1
   55         0.6843533182         9.3111743763    0.0000        1
   56         0.7023883336         9.5565551893    0.0000        1
   57         0.7086280184         9.6414510933    0.0000        1
   58         0.7097101782         9.6561747428    0.0000        1
   59         0.7368875175        10.0259441854    0.0000        1
   60         0.7380863542        10.0422553173    0.0000        1
   61         0.7652525754        10.4118734898    0.0000        1
   62         0.7962560214        10.8337001757    0.0000        1
   63         0.8087777874        11.0040688202    0.0000        1
   64         0.8281598746        11.2677776223    0.0000        1
   65         0.8531582273        11.6079002094    0.0000        1

 Max and min values of charge density [e/bohr^3]:   1.7389E+00   3.5861E-10

 Hartree potential time [sec]:      11.53

   Eigenvalue Energy             =         -41.85717048 [Ry]
   Hartree Energy                =         405.35527212 [Ry]
   Integral_{Vxc*rho}            =         -52.70500233 [Ry]
   Exc = Integral{eps_xc*rho}    =         -40.58351807 [Ry]
   Electron-Ion energy           =        -968.68630454 [Ry]
   Ion-Ion Energy                =         231.17870044 [Ry]
   (E(new)-E(old))/atom  =            -0.05294893 [eV]

   Total Energy =          -204.39851716 [Ry]
   Energy/atom  =          -556.20106895 [eV]

  0- 15    SRE of pot. & charge weighted pot =   1.8223319570   0.0252054739

 SCF iter #  16

 Diagonalization time [sec] :       4.68,      tdiag_sum =      111.56

 Fermi level at    -0.3635 [Ry]

   State   Eigenvalue [Ry]      Eigenvalue [eV]    Occup.     Repr.

    1        -2.5353952224       -34.4960803173    1.0000        1
    2        -2.3238702511       -31.6181138624    1.0000        1
    3        -2.3207789037       -31.5760536077    1.0000        1
    4        -2.3182518926       -31.5416716004    1.0000        1
    5        -1.3355479685       -18.1711985498    1.0000        1
    6        -1.1603239385       -15.7871354431    1.0000        1
    7        -1.1587202961       -15.7653166042    1.0000        1
    8        -1.1579601346       -15.7549739988    1.0000        1
    9        -0.8866747132       -12.0639188133    1.0000        1
   10        -0.8865802148       -12.0626330870    1.0000        1
   11        -0.8485267118       -11.5448847360    1.0000        1
   12        -0.8483210537       -11.5420865925    1.0000        1
   13        -0.8479666121       -11.5372641304    1.0000        1
   14        -0.7586935793       -10.3226331013    1.0000        1
   15        -0.7577326104       -10.3095583500    1.0000        1
   16        -0.7546858057       -10.2681041345    1.0000        1
   17         0.0035962193         0.0489294404    0.0000        1
   18         0.0997021125         1.3565270019    0.0000        1
   19         0.1167179123         1.5880405714    0.0000        1
   20         0.1468715956         1.9983055558    0.0000        1
   21         0.1781964945         2.4245058646    0.0000        1
   22         0.1986450918         2.7027253907    0.0000        1
   23         0.2191720631         2.9820112558    0.0000        1
   24         0.2336643793         3.1791908114    0.0000        1
   25         0.2407140767         3.2751075849    0.0000        1
   26         0.2556285022         3.4780302748    0.0000        1
   27         0.2645774660         3.5997880864    0.0000        1
   28         0.2674364290         3.6386865661    0.0000        1
   29         0.2754907595         3.7482721760    0.0000        1
   30         0.3147653919         4.2826349698    0.0000        1
   31         0.3412699215         4.6432502973    0.0000        1
   32         0.3435570624         4.6743686794    0.0000        1
   33         0.3468794281         4.7195721226    0.0000        1
   34         0.3554855771         4.8366656654    0.0000        1
   35         0.3723905424         5.0666712415    0.0000        1
   36         0.3834444213         5.2170681075    0.0000        1
   37         0.4001718995         5.4446588300    0.0000        1
   38         0.4175043945         5.6804812913    0.0000        1
   39         0.4321859017         5.8802349414    0.0000        1
   40         0.4530192116         6.1636887897    0.0000        1
   41         0.4562699151         6.2079172109    0.0000        1
   42         0.4662348369         6.3434979443    0.0000        1
   43         0.4970792648         6.7631610603    0.0000        1
   44         0.5098107168         6.9363826506    0.0000        1
   45         0.5186272393         7.0563384928    0.0000        1
   46         0.5250737503         7.1440484315    0.0000        1
   47         0.5476623082         7.4513838329    0.0000        1
   48         0.5515850838         7.5047563326    0.0000        1
   49         0.5665840142         7.7088287802    0.0000        1
   50         0.5800615349         7.8922012317    0.0000        1
   51         0.5922920036         8.0586065424    0.0000        1
   52         0.6001704183         8.1657986774    0.0000        1
   53         0.6214805828         8.4557405133    0.0000        1
   54         0.6379149299         8.6793429535    0.0000        1
   55         0.6706642411         9.1249235317    0.0000        1
   56         0.6861773602         9.3359919277    0.0000        1
   57         0.6931087353         9.4302988302    0.0000        1
   58         0.6969318297         9.4823150880    0.0000        1
   59         0.7158711087         9.7399991314    0.0000        1
   60         0.7181681688         9.7712524714    0.0000        1
   61         0.7436574469        10.1180544914    0.0000        1
   62         0.7779229215        10.5842636848    0.0000        1
   63         0.7829730956        10.6529753437    0.0000        1
   64         0.7994123037        10.8766439221    0.0000        1
   65         0.8338251278        11.3448579236    0.0000        1

 Max and min values of charge density [e/bohr^3]:   1.7397E+00   2.2882E-10

 Hartree potential time [sec]:      11.01

   Eigenvalue Energy             =         -41.80005982 [Ry]
   Hartree Energy                =         405.48063184 [Ry]
   Integral_{Vxc*rho}            =         -52.72512673 [Ry]
   Exc = Integral{eps_xc*rho}    =         -40.59918758 [Ry]
   Electron-Ion energy           =        -968.94748363 [Ry]
   Ion-Ion Energy                =         231.17870044 [Ry]
   (E(new)-E(old))/atom  =            -0.03590013 [eV]

   Total Energy =          -204.41171011 [Ry]
   Energy/atom  =          -556.23696909 [eV]

  0- 16    SRE of pot. & charge weighted pot =   1.6635841379   0.0191936628

 SCF iter #  17

 Diagonalization time [sec] :       4.69,      tdiag_sum =      116.25

 Fermi level at    -0.3785 [Ry]

   State   Eigenvalue [Ry]      Eigenvalue [eV]    Occup.     Repr.

    1        -2.5396945255       -34.5545757751    1.0000        1
    2        -2.3278436876       -31.6721756452    1.0000        1
    3        -2.3249093714       -31.6322519256    1.0000        1
    4        -2.3226988503       -31.6021760173    1.0000        1
    5        -1.3393454888       -18.2228668520    1.0000        1
    6        -1.1643358932       -15.8417212955    1.0000        1
    7        -1.1627321442       -15.8199010072    1.0000        1
    8        -1.1619558883       -15.8093394251    1.0000        1
    9        -0.8904012079       -12.1146207547    1.0000        1
   10        -0.8903253707       -12.1135889292    1.0000        1
   11        -0.8524737348       -11.5985871411    1.0000        1
   12        -0.8522575928       -11.5956463565    1.0000        1
   13        -0.8519321217       -11.5912180613    1.0000        1
   14        -0.7626586855       -10.3765815430    1.0000        1
   15        -0.7616512482       -10.3628745527    1.0000        1
   16        -0.7591221067       -10.3284635590    1.0000        1
   17        -0.0014602419        -0.0198677599    0.0000        1
   18         0.0932430087         1.2686457282    0.0000        1
   19         0.1089672536         1.4825866596    0.0000        1
   20         0.1360706707         1.8513503320    0.0000        1
   21         0.1730801332         2.3548936767    0.0000        1
   22         0.1919466137         2.6115872372    0.0000        1
   23         0.2118044036         2.8817683550    0.0000        1
   24         0.2250290696         3.0617005149    0.0000        1
   25         0.2350049255         3.1974300156    0.0000        1
   26         0.2488550844         3.3858725075    0.0000        1
   27         0.2550515337         3.4701801576    0.0000        1
   28         0.2575292311         3.5038912130    0.0000        1
   29         0.2656922480         3.6149555879    0.0000        1
   30         0.3064847113         4.1699696852    0.0000        1
   31         0.3307409122         4.4999947038    0.0000        1
   32         0.3344174709         4.5500172261    0.0000        1
   33         0.3355607411         4.5655723310    0.0000        1
   34         0.3412200743         4.6425720872    0.0000        1
   35         0.3599950232         4.8980202871    0.0000        1
   36         0.3712369425         5.0509755922    0.0000        1
   37         0.3933878426         5.3523563091    0.0000        1
   38         0.4061558018         5.5260746076    0.0000        1
   39         0.4205426812         5.7218196114    0.0000        1
   40         0.4440681007         6.0419017651    0.0000        1
   41         0.4456182456         6.0629927258    0.0000        1
   42         0.4556921130         6.2000557507    0.0000        1
   43         0.4848484841         6.5967515050    0.0000        1
   44         0.4975838929         6.7700269299    0.0000        1
   45         0.5063042601         6.8886745019    0.0000        1
   46         0.5121180916         6.9677763301    0.0000        1
   47         0.5319876843         7.2381180356    0.0000        1
   48         0.5367452364         7.3028483376    0.0000        1
   49         0.5545658422         7.5453119364    0.0000        1
   50         0.5586848077         7.6013537568    0.0000        1
   51         0.5747205770         7.8195332265    0.0000        1
   52         0.5811709598         7.9072958442    0.0000        1
   53         0.5987521698         8.1465022721    0.0000        1
   54         0.6215956265         8.4573057750    0.0000        1
   55         0.6557756556         8.9223524144    0.0000        1
   56         0.6695100073         9.1092192573    0.0000        1
   57         0.6754027905         9.1893952876    0.0000        1
   58         0.6819754741         9.2788219048    0.0000        1
   59         0.6955184195         9.4630845119    0.0000        1
   60         0.7015532129         9.5451927036    0.0000        1
   61         0.7219040646         9.8220823226    0.0000        1
   62         0.7562080619        10.2888156490    0.0000        1
   63         0.7586910055        10.3225980823    0.0000        1
   64         0.7727918580        10.5144514618    0.0000        1
   65         0.8123619580        11.0528343283    0.0000        1

 Max and min values of charge density [e/bohr^3]:   1.7397E+00   1.5454E-10

 Hartree potential time [sec]:      11.30

   Eigenvalue Energy             =         -41.92867584 [Ry]
   Hartree Energy                =         405.55167620 [Ry]
   Integral_{Vxc*rho}            =         -52.73455524 [Ry]
   Exc = Integral{eps_xc*rho}    =         -40.60657915 [Ry]
   Electron-Ion energy           =        -969.08502853 [Ry]
   Ion-Ion Energy                =         231.17870044 [Ry]
   (E(new)-E(old))/atom  =            -0.02448254 [eV]

   Total Energy =          -204.42070721 [Ry]
   Energy/atom  =          -556.26145163 [eV]

  0- 17    SRE of pot. & charge weighted pot =   1.6460233431   0.0129222583

 SCF iter #  18

 Diagonalization time [sec] :       4.76,      tdiag_sum =      121.01

 Fermi level at    -0.3926 [Ry]

   State   Eigenvalue [Ry]      Eigenvalue [eV]    Occup.     Repr.

    1        -2.5433086797       -34.6037492341    1.0000        1
    2        -2.3312362986       -31.7183348312    1.0000        1
    3        -2.3284324400       -31.6801860926    1.0000        1
    4        -2.3264415743       -31.6530987717    1.0000        1
    5        -1.3427883306       -18.2697094684    1.0000        1
    6        -1.1678499275       -15.8895325440    1.0000        1
    7        -1.1662991764       -15.8684333336    1.0000        1
    8        -1.1655398461       -15.8581020381    1.0000        1
    9        -0.8938180591       -12.1611097486    1.0000        1
   10        -0.8937298934       -12.1599101841    1.0000        1
   11        -0.8560090687       -11.6466881875    1.0000        1
   12        -0.8557579598       -11.6432716490    1.0000        1
   13        -0.8554723445       -11.6393856250    1.0000        1
   14        -0.7661713611       -10.4243743043    1.0000        1
   15        -0.7651443353       -10.4104007971    1.0000        1
   16        -0.7629914009       -10.3811084020    1.0000        1
   17        -0.0065016361        -0.0884599599    0.0000        1
   18         0.0869643289         1.1832192665    0.0000        1
   19         0.1015704327         1.3819469926    0.0000        1
   20         0.1258560312         1.7123719887    0.0000        1
   21         0.1680306915         2.2861919825    0.0000        1
   22         0.1854749873         2.5235355827    0.0000        1
   23         0.2044561384         2.7817893281    0.0000        1
   24         0.2165700310         2.9466085275    0.0000        1
   25         0.2297294644         3.1256531473    0.0000        1
   26         0.2418922717         3.2911378698    0.0000        1
   27         0.2445835228         3.3277544951    0.0000        1
   28         0.2506614522         3.4104495860    0.0000        1
   29         0.2573492550         3.5014424937    0.0000        1
   30         0.2986343446         4.0631591661    0.0000        1
   31         0.3209304686         4.3665157700    0.0000        1
   32         0.3238248466         4.4058960977    0.0000        1
   33         0.3273059936         4.4532598875    0.0000        1
   34         0.3289526097         4.4756634165    0.0000        1
   35         0.3485541578         4.7423581601    0.0000        1
   36         0.3595777289         4.8923426645    0.0000        1
   37         0.3875331157         5.2726980660    0.0000        1
   38         0.3955589388         5.3818958095    0.0000        1
   39         0.4106450300         5.5871541491    0.0000        1
   40         0.4351171551         5.9201169885    0.0000        1
   41         0.4361821938         5.9346076920    0.0000        1
   42         0.4468806460         6.0801686931    0.0000        1
   43         0.4738087115         6.4465465667    0.0000        1
   44         0.4857849540         6.6094929275    0.0000        1
   45         0.4944473241         6.7273514029    0.0000        1
   46         0.5006895031         6.8122812408    0.0000        1
   47         0.5172116399         7.0370781298    0.0000        1
   48         0.5234925400         7.1225348009    0.0000        1
   49         0.5401472334         7.3491352276    0.0000        1
   50         0.5433603380         7.3928520873    0.0000        1
   51         0.5568155707         7.5759212918    0.0000        1
   52         0.5655547236         7.6948244580    0.0000        1
   53         0.5799093966         7.8901312689    0.0000        1
   54         0.6058117259         8.2425531805    0.0000        1
   55         0.6421769330         8.7373309146    0.0000        1
   56         0.6540668873         8.8991032552    0.0000        1
   57         0.6587056794         8.9622177324    0.0000        1
   58         0.6679715356         9.0882871188    0.0000        1
   59         0.6788818837         9.2367311327    0.0000        1
   60         0.6888858418         9.3728429864    0.0000        1
   61         0.7027179146         9.5610394027    0.0000        1
   62         0.7318453623         9.9573416306    0.0000        1
   63         0.7408955148        10.0804761951    0.0000        1
   64         0.7506478912        10.2131650781    0.0000        1
   65         0.7920183394        10.7760431217    0.0000        1

 Max and min values of charge density [e/bohr^3]:   1.7392E+00   1.0905E-10

 Hartree potential time [sec]:      11.08

   Eigenvalue Energy             =         -42.04198139 [Ry]
   Hartree Energy                =         405.57284419 [Ry]
   Integral_{Vxc*rho}            =         -52.73607156 [Ry]
   Exc = Integral{eps_xc*rho}    =         -40.60785072 [Ry]
   Electron-Ion energy           =        -969.12773899 [Ry]
   Ion-Ion Energy                =         231.17870044 [Ry]
   (E(new)-E(old))/atom  =            -0.01689625 [eV]

   Total Energy =          -204.42691642 [Ry]
   Energy/atom  =          -556.27834788 [eV]

  0- 18    SRE of pot. & charge weighted pot =   1.7007399987   0.0099151882

 SCF iter #  19

 Diagonalization time [sec] :       4.66,      tdiag_sum =      125.67

 Fermi level at    -0.4032 [Ry]

   State   Eigenvalue [Ry]      Eigenvalue [eV]    Occup.     Repr.

    1        -2.5427505648       -34.5961556340    1.0000        1
    2        -2.3305056044       -31.7083931521    1.0000        1
    3        -2.3278783392       -31.6726471069    1.0000        1
    4        -2.3260647381       -31.6479716135    1.0000        1
    5        -1.3420746857       -18.2599997594    1.0000        1
    6        -1.1671813408       -15.8804358873    1.0000        1
    7        -1.1657105331       -15.8604243716    1.0000        1
    8        -1.1649604727       -15.8502191997    1.0000        1
    9        -0.8932142099       -12.1528938965    1.0000        1
   10        -0.8931034718       -12.1513872161    1.0000        1
   11        -0.8555080199       -11.6398710171    1.0000        1
   12        -0.8552334861       -11.6361357653    1.0000        1
   13        -0.8549774809       -11.6326526102    1.0000        1
   14        -0.7656267858       -10.4169649219    1.0000        1
   15        -0.7646050990       -10.4030640561    1.0000        1
   16        -0.7627474957       -10.3777898776    1.0000        1
   17        -0.0092869670        -0.1263566151    0.0000        1
   18         0.0827676806         1.1261205092    0.0000        1
   19         0.0964240718         1.3119266368    0.0000        1
   20         0.1182329335         1.6086536464    0.0000        1
   21         0.1649205224         2.2438756436    0.0000        1
   22         0.1812183908         2.4656211822    0.0000        1
   23         0.1993675601         2.7125551490    0.0000        1
   24         0.2100392897         2.8577525678    0.0000        1
   25         0.2270153537         3.0887254995    0.0000        1
   26         0.2342309454         3.1868993970    0.0000        1
   27         0.2412286032         3.2821081289    0.0000        1
   28         0.2472488968         3.3640190399    0.0000        1
   29         0.2527589346         3.4389875128    0.0000        1
   30         0.2929290249         3.9855337274    0.0000        1
   31         0.3152195967         4.2888147887    0.0000        1
   32         0.3168569923         4.3110928664    0.0000        1
   33         0.3185250454         4.3337880621    0.0000        1
   34         0.3202863213         4.3577516305    0.0000        1
   35         0.3398602591         4.6240707131    0.0000        1
   36         0.3500277095         4.7624070101    0.0000        1
   37         0.3841519388         5.2266944484    0.0000        1
   38         0.3876852253         5.2747676387    0.0000        1
   39         0.4038508983         5.4947145516    0.0000        1
   40         0.4268567826         5.8077280129    0.0000        1
   41         0.4302135931         5.8534001050    0.0000        1
   42         0.4408168422         5.9976657913    0.0000        1
   43         0.4650275847         6.3270723117    0.0000        1
   44         0.4762234292         6.4794007336    0.0000        1
   45         0.4843155376         6.5895003408    0.0000        1
   46         0.4919445524         6.6932991913    0.0000        1
   47         0.5052109668         6.8737993723    0.0000        1
   48         0.5136390420         6.9884700776    0.0000        1
   49         0.5260629991         7.1575079526    0.0000        1
   50         0.5345614538         7.2731362285    0.0000        1
   51         0.5426613103         7.3833412563    0.0000        1
   52         0.5525381214         7.5177231719    0.0000        1
   53         0.5659951709         7.7008170956    0.0000        1
   54         0.5916578409         8.0499782518    0.0000        1
   55         0.6312912418         8.5892223782    0.0000        1
   56         0.6407705767         8.7181963123    0.0000        1
   57         0.6464949588         8.7960811107    0.0000        1
   58         0.6560140293         8.9255956801    0.0000        1
   59         0.6669173777         9.0739444580    0.0000        1
   60         0.6801003317         9.2533090932    0.0000        1
   61         0.6878452438         9.3586848178    0.0000        1
   62         0.7113252869         9.6781495886    0.0000        1
   63         0.7268661650         9.8895956682    0.0000        1
   64         0.7337223544         9.9828796097    0.0000        1
   65         0.7746323093        10.5394922739    0.0000        1

 Max and min values of charge density [e/bohr^3]:   1.7387E+00   7.9787E-11

 Hartree potential time [sec]:      10.94

   Eigenvalue Energy             =         -42.02428466 [Ry]
   Hartree Energy                =         405.56458144 [Ry]
   Integral_{Vxc*rho}            =         -52.73382774 [Ry]
   Exc = Integral{eps_xc*rho}    =         -40.60622365 [Ry]
   Electron-Ion energy           =        -969.12623454 [Ry]
   Ion-Ion Energy                =         231.17870044 [Ry]
   (E(new)-E(old))/atom  =            -0.01184238 [eV]

   Total Energy =          -204.43126838 [Ry]
   Energy/atom  =          -556.29019026 [eV]

  0- 19    SRE of pot. & charge weighted pot =   1.7470691107   0.0097093095

 SCF iter #  20

 Diagonalization time [sec] :       4.79,      tdiag_sum =      130.46

 Fermi level at    -0.4135 [Ry]

   State   Eigenvalue [Ry]      Eigenvalue [eV]    Occup.     Repr.

    1        -2.5427175825       -34.5957068841    1.0000        1
    2        -2.3303960165       -31.7069021215    1.0000        1
    3        -2.3278474441       -31.6722267547    1.0000        1
    4        -2.3261080075       -31.6485603286    1.0000        1
    5        -1.3420139602       -18.2591735399    1.0000        1
    6        -1.1671468152       -15.8799661385    1.0000        1
    7        -1.1657188531       -15.8605375709    1.0000        1
    8        -1.1649815106       -15.8505054369    1.0000        1
    9        -0.8932456504       -12.1533216701    1.0000        1
   10        -0.8931051363       -12.1514098635    1.0000        1
   11        -0.8555946066       -11.6410490979    1.0000        1
   12        -0.8552822574       -11.6367993376    1.0000        1
   13        -0.8550535681       -11.6336878363    1.0000        1
   14        -0.7656760902       -10.4176357485    1.0000        1
   15        -0.7646433070       -10.4035839064    1.0000        1
   16        -0.7629636498       -10.3807308271    1.0000        1
   17        -0.0123013649        -0.1673699107    0.0000        1
   18         0.0785532058         1.0687792073    0.0000        1
   19         0.0912813346         1.2419555816    0.0000        1
   20         0.1108223547         1.5078267941    0.0000        1
   21         0.1615952945         2.1986332572    0.0000        1
   22         0.1767677112         2.4050661254    0.0000        1
   23         0.1937841332         2.6365881600    0.0000        1
   24         0.2034876239         2.7686119134    0.0000        1
   25         0.2211785162         3.0093106551    0.0000        1
   26         0.2287692984         3.1125893202    0.0000        1
   27         0.2385886361         3.2461892647    0.0000        1
   28         0.2438711684         3.3180623429    0.0000        1
   29         0.2485714598         3.3820135676    0.0000        1
   30         0.2873665378         3.9098516402    0.0000        1
   31         0.3083939724         4.1959467100    0.0000        1
   32         0.3097819628         4.2148314291    0.0000        1
   33         0.3122476252         4.2483787387    0.0000        1
   34         0.3129262874         4.2576124818    0.0000        1
   35         0.3318247134         4.5147406861    0.0000        1
   36         0.3407693097         4.6364390740    0.0000        1
   37         0.3801431333         5.1721514433    0.0000        1
   38         0.3809166745         5.1826760895    0.0000        1
   39         0.3979559488         5.4145090476    0.0000        1
   40         0.4188130628         5.6982867701    0.0000        1
   41         0.4248108270         5.7798911497    0.0000        1
   42         0.4351617372         5.9207235634    0.0000        1
   43         0.4565454944         6.2116666878    0.0000        1
   44         0.4669109951         6.3526976174    0.0000        1
   45         0.4743824143         6.4543522519    0.0000        1
   46         0.4831905834         6.5741944392    0.0000        1
   47         0.4942868444         6.7251679469    0.0000        1
   48         0.5052403966         6.8741997874    0.0000        1
   49         0.5139943427         6.9933042280    0.0000        1
   50         0.5260320653         7.1570870747    0.0000        1
   51         0.5304295884         7.2169188944    0.0000        1
   52         0.5396733108         7.3426871321    0.0000        1
   53         0.5543550442         7.5424438609    0.0000        1
   54         0.5773070036         7.8547236290    0.0000        1
   55         0.6212473628         8.4525673693    0.0000        1
   56         0.6285340585         8.5517086927    0.0000        1
   57         0.6361238615         8.6549740344    0.0000        1
   58         0.6444482396         8.7682338582    0.0000        1
   59         0.6564025619         8.9308819767    0.0000        1
   60         0.6720326897         9.1435423696    0.0000        1
   61         0.6750199595         9.1841865655    0.0000        1
   62         0.6930241506         9.4291479885    0.0000        1
   63         0.7140961575         9.7158494996    0.0000        1
   64         0.7189060465         9.7812918869    0.0000        1
   65         0.7582040796        10.3159730660    0.0000        1

 Max and min values of charge density [e/bohr^3]:   1.7381E+00   6.0921E-11

 Hartree potential time [sec]:      11.23

   Eigenvalue Energy             =         -42.02498891 [Ry]
   Hartree Energy                =         405.53897362 [Ry]
   Integral_{Vxc*rho}            =         -52.72860070 [Ry]
   Exc = Integral{eps_xc*rho}    =         -40.60227660 [Ry]
   Electron-Ion energy           =        -969.08790682 [Ry]
   Ion-Ion Energy                =         231.17870044 [Ry]
   (E(new)-E(old))/atom  =            -0.00832895 [eV]

   Total Energy =          -204.43432919 [Ry]
   Energy/atom  =          -556.29851921 [eV]

  0- 20    SRE of pot. & charge weighted pot =   1.8325342660   0.0102983401

 SCF iter #  21

 Diagonalization time [sec] :       4.80,      tdiag_sum =      135.26

 Fermi level at    -0.4222 [Ry]

   State   Eigenvalue [Ry]      Eigenvalue [eV]    Occup.     Repr.

    1        -2.5423925611       -34.5912847080    1.0000        1
    2        -2.3299437850       -31.7007491498    1.0000        1
    3        -2.3275158525       -31.6677151865    1.0000        1
    4        -2.3258855776       -31.6455339918    1.0000        1
    5        -1.3415148135       -18.2523822493    1.0000        1
    6        -1.1666780455       -15.8735881512    1.0000        1
    7        -1.1653038155       -15.8548906528    1.0000        1
    8        -1.1645704305       -15.8449123638    1.0000        1
    9        -0.8928114670       -12.1474142577    1.0000        1
   10        -0.8926583067       -12.1453303899    1.0000        1
   11        -0.8552251875       -11.6360228561    1.0000        1
   12        -0.8549056610       -11.6316754419    1.0000        1
   13        -0.8546870945       -11.6287016705    1.0000        1
   14        -0.7652870375       -10.4123423742    1.0000        1
   15        -0.7642676597       -10.3984729248    1.0000        1
   16        -0.7627549741       -10.3778916263    1.0000        1
   17        -0.0142261562        -0.1935582357    0.0000        1
   18         0.0756107281         1.0287444445    0.0000        1
   19         0.0873661847         1.1886868358    0.0000        1
   20         0.1048917750         1.4271365119    0.0000        1
   21         0.1593119743         2.1675668594    0.0000        1
   22         0.1733374585         2.3583947930    0.0000        1
   23         0.1890382886         2.5720171471    0.0000        1
   24         0.1982404536         2.6972199635    0.0000        1
   25         0.2143951642         2.9170177247    0.0000        1
   26         0.2264617532         3.0811933212    0.0000        1
   27         0.2367875375         3.2216838775    0.0000        1
   28         0.2414490374         3.2851073128    0.0000        1
   29         0.2455848005         3.3413776791    0.0000        1
   30         0.2831750781         3.8528234774    0.0000        1
   31         0.3046668200         4.1452358198    0.0000        1
   32         0.3050942094         4.1510507936    0.0000        1
   33         0.3056178356         4.1581751472    0.0000        1
   34         0.3075743424         4.1847949884    0.0000        1
   35         0.3255239399         4.4290136217    0.0000        1
   36         0.3331091322         4.5322162305    0.0000        1
   37         0.3741294518         5.0903304960    0.0000        1
   38         0.3789499019         5.1559165758    0.0000        1
   39         0.3938685899         5.3588972603    0.0000        1
   40         0.4123853009         5.6108319264    0.0000        1
   41         0.4210353954         5.7285233824    0.0000        1
   42         0.4309970793         5.8640600615    0.0000        1
   43         0.4495509365         6.1165001320    0.0000        1
   44         0.4591701285         6.2473769347    0.0000        1
   45         0.4662589455         6.3438259603    0.0000        1
   46         0.4753198917         6.4671073830    0.0000        1
   47         0.4856045075         6.6070378088    0.0000        1
   48         0.4994268551         6.7951019051    0.0000        1
   49         0.5046904089         6.8667167656    0.0000        1
   50         0.5187026107         7.0573639809    0.0000        1
   51         0.5213389430         7.0932333903    0.0000        1
   52         0.5287759224         7.1944194447    0.0000        1
   53         0.5453384452         7.4197658181    0.0000        1
   54         0.5642321852         7.6768302658    0.0000        1
   55         0.6131049767         8.3417836925    0.0000        1
   56         0.6191048184         8.4234163384    0.0000        1
   57         0.6278229140         8.5420330033    0.0000        1
   58         0.6350135695         8.6398676237    0.0000        1
   59         0.6476306619         8.8115332598    0.0000        1
   60         0.6635761416         9.0284842669    0.0000        1
   61         0.6671521933         9.0771393120    0.0000        1
   62         0.6785838878         9.2326766600    0.0000        1
   63         0.7037681962         9.5753293233    0.0000        1
   64         0.7068668550         9.6174890552    0.0000        1
   65         0.7440148844        10.1229177143    0.0000        1

 Max and min values of charge density [e/bohr^3]:   1.7382E+00   4.7645E-11

 Hartree potential time [sec]:      11.08

   Eigenvalue Energy             =         -42.01280454 [Ry]
   Hartree Energy                =         405.53172031 [Ry]
   Integral_{Vxc*rho}            =         -52.72702127 [Ry]
   Exc = Integral{eps_xc*rho}    =         -40.60112193 [Ry]
   Electron-Ion energy           =        -969.08513398 [Ry]
   Ion-Ion Energy                =         231.17870044 [Ry]
   (E(new)-E(old))/atom  =            -0.00602598 [eV]

   Total Energy =          -204.43654368 [Ry]
   Energy/atom  =          -556.30454519 [eV]

  0- 21    SRE of pot. & charge weighted pot =   1.8758462593   0.0102781106

 SCF iter #  22

 Diagonalization time [sec] :       4.82,      tdiag_sum =      140.08

 Fermi level at    -0.4288 [Ry]

   State   Eigenvalue [Ry]      Eigenvalue [eV]    Occup.     Repr.

    1        -2.5446800027       -34.6224071801    1.0000        1
    2        -2.3313529910       -31.7199225254    1.0000        1
    3        -2.3297600930       -31.6982498734    1.0000        1
    4        -2.3289569823       -31.6873229104    1.0000        1
    5        -1.3431602488       -18.2747697126    1.0000        1
    6        -1.1679910129       -15.8914521235    1.0000        1
    7        -1.1671241141       -15.8796572723    1.0000        1
    8        -1.1667163032       -15.8741086785    1.0000        1
    9        -0.8944241955       -12.1693567189    1.0000        1
   10        -0.8942816569       -12.1674173677    1.0000        1
   11        -0.8568960802       -11.6587566874    1.0000        1
   12        -0.8567010781       -11.6561035288    1.0000        1
   13        -0.8565128568       -11.6535426274    1.0000        1
   14        -0.7667561923       -10.4323314008    1.0000        1
   15        -0.7661608870       -10.4242317965    1.0000        1
   16        -0.7652242870       -10.4114886043    1.0000        1
   17        -0.0140439924        -0.1910797517    0.0000        1
   18         0.0758699430         1.0322712706    0.0000        1
   19         0.0862674172         1.1737372247    0.0000        1
   20         0.1019080147         1.3865400662    0.0000        1
   21         0.1599771032         2.1766164705    0.0000        1
   22         0.1725294196         2.3474007775    0.0000        1
   23         0.1865569046         2.5382559325    0.0000        1
   24         0.1967238950         2.6765859699    0.0000        1
   25         0.2111281373         2.8725672110    0.0000        1
   26         0.2247432520         3.0578117384    0.0000        1
   27         0.2349021815         3.1960321008    0.0000        1
   28         0.2395532659         3.2593138247    0.0000        1
   29         0.2430290150         3.3066041718    0.0000        1
   30         0.2823562106         3.8416821303    0.0000        1
   31         0.3018687878         4.1071663532    0.0000        1
   32         0.3048052916         4.1471198361    0.0000        1
   33         0.3056738037         4.1589366388    0.0000        1
   34         0.3062003934         4.1661013131    0.0000        1
   35         0.3231238594         4.3963586069    0.0000        1
   36         0.3298076717         4.4872972199    0.0000        1
   37         0.3710937679         5.0490275870    0.0000        1
   38         0.3804196088         5.1759131136    0.0000        1
   39         0.3938767591         5.3590084095    0.0000        1
   40         0.4099564056         5.5777848631    0.0000        1
   41         0.4224236021         5.7474110461    0.0000        1
   42         0.4315581822         5.8716943157    0.0000        1
   43         0.4475074198         6.0886964529    0.0000        1
   44         0.4556783292         6.1998682113    0.0000        1
   45         0.4630469981         6.3001248464    0.0000        1
   46         0.4714926277         6.4150343938    0.0000        1
   47         0.4816806829         6.5536510350    0.0000        1
   48         0.4982265645         6.7787709909    0.0000        1
   49         0.4999791748         6.8026166561    0.0000        1
   50         0.5145320997         7.0006208424    0.0000        1
   51         0.5176743650         7.0433738756    0.0000        1
   52         0.5227082448         7.1118638372    0.0000        1
   53         0.5410139673         7.3609278368    0.0000        1
   54         0.5554049065         7.5567280767    0.0000        1
   55         0.6099257390         8.2985276200    0.0000        1
   56         0.6154295088         8.3734108114    0.0000        1
   57         0.6245712190         8.4977910921    0.0000        1
   58         0.6309569121         8.5846735541    0.0000        1
   59         0.6428406331         8.7463610858    0.0000        1
   60         0.6578698431         8.9508455119    0.0000        1
   61         0.6649496961         9.0471725754    0.0000        1
   62         0.6704444674         9.1219333348    0.0000        1
   63         0.6977011338         9.4927820856    0.0000        1
   64         0.6996813046         9.5197238946    0.0000        1
   65         0.7349731615         9.9998978402    0.0000        1

 Max and min values of charge density [e/bohr^3]:   1.7391E+00   3.8565E-11

 Hartree potential time [sec]:      11.11

   Eigenvalue Energy             =         -42.07339796 [Ry]
   Hartree Energy                =         405.61196001 [Ry]
   Integral_{Vxc*rho}            =         -52.74164064 [Ry]
   Exc = Integral{eps_xc*rho}    =         -40.61242100 [Ry]
   Electron-Ion energy           =        -969.24273695 [Ry]
   Ion-Ion Energy                =         231.17870044 [Ry]
   (E(new)-E(old))/atom  =            -0.00465320 [eV]

   Total Energy =          -204.43825368 [Ry]
   Energy/atom  =          -556.30919839 [eV]

  0- 22    SRE of pot. & charge weighted pot =   1.4587054056   0.0049586359

 SCF iter #  23

 Diagonalization time [sec] :       4.72,      tdiag_sum =      144.81

 Fermi level at    -0.4324 [Ry]

   State   Eigenvalue [Ry]      Eigenvalue [eV]    Occup.     Repr.

    1        -2.5460839536       -34.6415090561    1.0000        1
    2        -2.3321268216       -31.7304511093    1.0000        1
    3        -2.3311015289       -31.7165011824    1.0000        1
    4        -2.3308279382       -31.7127787611    1.0000        1
    5        -1.3439609551       -18.2856639626    1.0000        1
    6        -1.1685751253       -15.8993994392    1.0000        1
    7        -1.1680998756       -15.8929332868    1.0000        1
    8        -1.1678389522       -15.8893832165    1.0000        1
    9        -0.8951696350       -12.1794990199    1.0000        1
   10        -0.8950423124       -12.1777666946    1.0000        1
   11        -0.8576605662       -11.6691581313    1.0000        1
   12        -0.8575853101       -11.6681342121    1.0000        1
   13        -0.8574135048       -11.6657966643    1.0000        1
   14        -0.7674429602       -10.4416754274    1.0000        1
   15        -0.7671313946       -10.4374363288    1.0000        1
   16        -0.7666073767       -10.4303066465    1.0000        1
   17        -0.0121939936        -0.1659090382    0.0000        1
   18         0.0783162880         1.0655557518    0.0000        1
   19         0.0874665731         1.1900526998    0.0000        1
   20         0.1016540124         1.3830841619    0.0000        1
   21         0.1626217025         2.2125983603    0.0000        1
   22         0.1739330647         2.3664984923    0.0000        1
   23         0.1865406737         2.5380350983    0.0000        1
   24         0.1980613691         2.6947833753    0.0000        1
   25         0.2111533638         2.8729104369    0.0000        1
   26         0.2246688612         3.0567995912    0.0000        1
   27         0.2346703287         3.1928775580    0.0000        1
   28         0.2394986575         3.2585708338    0.0000        1
   29         0.2424395920         3.2985846006    0.0000        1
   30         0.2840537241         3.8647781600    0.0000        1
   31         0.3052473428         4.1531342972    0.0000        1
   32         0.3058092574         4.1607795950    0.0000        1
   33         0.3074770904         4.1834717967    0.0000        1
   34         0.3077552479         4.1872563515    0.0000        1
   35         0.3235062669         4.4015615666    0.0000        1
   36         0.3295787774         4.4841829298    0.0000        1
   37         0.3706409142         5.0428661499    0.0000        1
   38         0.3839922038         5.2245211271    0.0000        1
   39         0.3963131369         5.3921572778    0.0000        1
   40         0.4103613162         5.5832939960    0.0000        1
   41         0.4266613323         5.8050687556    0.0000        1
   42         0.4349601261         5.9179804843    0.0000        1
   43         0.4487505648         6.1056104347    0.0000        1
   44         0.4554751129         6.1971032913    0.0000        1
   45         0.4632084465         6.3023214816    0.0000        1
   46         0.4706940116         6.4041685837    0.0000        1
   47         0.4810979510         6.5457225023    0.0000        1
   48         0.4982245480         6.7787435557    0.0000        1
   49         0.5001394794         6.8047977290    0.0000        1
   50         0.5130790867         6.9808514374    0.0000        1
   51         0.5174007497         7.0396511209    0.0000        1
   52         0.5205335597         7.0822755067    0.0000        1
   53         0.5397046600         7.3431136628    0.0000        1
   54         0.5503650871         7.4881573020    0.0000        1
   55         0.6102802711         8.3033513124    0.0000        1
   56         0.6157712780         8.3780608546    0.0000        1
   57         0.6247166186         8.4997693698    0.0000        1
   58         0.6306993098         8.5811686688    0.0000        1
   59         0.6412788246         8.7251114311    0.0000        1
   60         0.6555057708         8.9186804157    0.0000        1
   61         0.6655698611         9.0556104164    0.0000        1
   62         0.6672368850         9.0782916101    0.0000        1
   63         0.6950346686         9.4565026943    0.0000        1
   64         0.6962891193         9.4735705000    0.0000        1
   65         0.7300527381         9.9329515440    0.0000        1

 Max and min values of charge density [e/bohr^3]:   1.7406E+00   3.2987E-11

 Hartree potential time [sec]:      11.05

   Eigenvalue Energy             =         -42.10533642 [Ry]
   Hartree Energy                =         405.69859337 [Ry]
   Integral_{Vxc*rho}            =         -52.75738009 [Ry]
   Exc = Integral{eps_xc*rho}    =         -40.62457963 [Ry]
   Electron-Ion energy           =        -969.41123576 [Ry]
   Ion-Ion Energy                =         231.17870044 [Ry]
   (E(new)-E(old))/atom  =            -0.00285404 [eV]

   Total Energy =          -204.43930252 [Ry]
   Energy/atom  =          -556.31205243 [eV]

  0- 23    SRE of pot. & charge weighted pot =   0.8791538013   0.0020710621

 SCF iter #  24

 Diagonalization time [sec] :       4.69,      tdiag_sum =      149.50

 Fermi level at    -0.4354 [Ry]

   State   Eigenvalue [Ry]      Eigenvalue [eV]    Occup.     Repr.

    1        -2.5458899139       -34.6388689906    1.0000        1
    2        -2.3317344402       -31.7251124460    1.0000        1
    3        -2.3308899229       -31.7136221136    1.0000        1
    4        -2.3306994594       -31.7110307045    1.0000        1
    5        -1.3435086484       -18.2795099685    1.0000        1
    6        -1.1680764382       -15.8926144025    1.0000        1
    7        -1.1677404753       -15.8880433585    1.0000        1
    8        -1.1674624863       -15.8842610959    1.0000        1
    9        -0.8946874029       -12.1729378668    1.0000        1
   10        -0.8945512416       -12.1710852830    1.0000        1
   11        -0.8571878312       -11.6627261942    1.0000        1
   12        -0.8571485518       -11.6621917668    1.0000        1
   13        -0.8569781297       -11.6598730364    1.0000        1
   14        -0.7669857307       -10.4354544552    1.0000        1
   15        -0.7667459652       -10.4321922532    1.0000        1
   16        -0.7663636658       -10.4269907636    1.0000        1
   17        -0.0107901466        -0.1468085763    0.0000        1
   18         0.0800722467         1.0894469739    0.0000        1
   19         0.0881971039         1.1999921565    0.0000        1
   20         0.1010775458         1.3752408721    0.0000        1
   21         0.1645716236         2.2391285968    0.0000        1
   22         0.1749012412         2.3796713074    0.0000        1
   23         0.1862875030         2.5345905084    0.0000        1
   24         0.1987126613         2.7036447269    0.0000        1
   25         0.2105623816         2.8648696516    0.0000        1
   26         0.2252685876         3.0649593492    0.0000        1
   27         0.2351696420         3.1996711152    0.0000        1
   28         0.2399849122         3.2651867183    0.0000        1
   29         0.2425005592         3.2994141088    0.0000        1
   30         0.2850753447         3.8786781254    0.0000        1
   31         0.3065680303         4.1711033063    0.0000        1
   32         0.3076299900         4.1855521181    0.0000        1
   33         0.3081262961         4.1923047594    0.0000        1
   34         0.3090577676         4.2049781740    0.0000        1
   35         0.3235298355         4.4018822359    0.0000        1
   36         0.3288944116         4.4748715848    0.0000        1
   37         0.3701744515         5.0365195525    0.0000        1
   38         0.3868567938         5.2634961647    0.0000        1
   39         0.3980277326         5.4154857248    0.0000        1
   40         0.4104059034         5.5839006407    0.0000        1
   41         0.4299028221         5.8491718171    0.0000        1
   42         0.4374575788         5.9519603254    0.0000        1
   43         0.4493825568         6.1142091910    0.0000        1
   44         0.4550650459         6.1915240014    0.0000        1
   45         0.4628828032         6.2978908437    0.0000        1
   46         0.4693421320         6.3857751790    0.0000        1
   47         0.4802224050         6.5338099984    0.0000        1
   48         0.4961492307         6.7505072036    0.0000        1
   49         0.5013968431         6.8219051685    0.0000        1
   50         0.5114776086         6.9590620466    0.0000        1
   51         0.5168154254         7.0316873145    0.0000        1
   52         0.5184144410         7.0534432010    0.0000        1
   53         0.5373891128         7.3116087909    0.0000        1
   54         0.5458160319         7.4262637669    0.0000        1
   55         0.6102521369         8.3029685242    0.0000        1
   56         0.6159747502         8.3808292561    0.0000        1
   57         0.6241853948         8.4925416443    0.0000        1
   58         0.6302505572         8.5750630306    0.0000        1
   59         0.6393250617         8.6985289244    0.0000        1
   60         0.6532081129         8.8874189418    0.0000        1
   61         0.6647039237         9.0438286451    0.0000        1
   62         0.6657969453         9.0587000789    0.0000        1
   63         0.6923643708         9.4201711567    0.0000        1
   64         0.6929794033         9.4285391656    0.0000        1
   65         0.7249954924         9.8641436705    0.0000        1

 Max and min values of charge density [e/bohr^3]:   1.7415E+00   2.6164E-11

 Hartree potential time [sec]:      10.87

   Eigenvalue Energy             =         -42.09330061 [Ry]
   Hartree Energy                =         405.74577194 [Ry]
   Integral_{Vxc*rho}            =         -52.76624184 [Ry]
   Exc = Integral{eps_xc*rho}    =         -40.63145949 [Ry]
   Electron-Ion energy           =        -969.51023880 [Ry]
   Ion-Ion Energy                =         231.17870044 [Ry]
   (E(new)-E(old))/atom  =            -0.00208109 [eV]

   Total Energy =          -204.44006730 [Ry]
   Energy/atom  =          -556.31413352 [eV]

  0- 24    SRE of pot. & charge weighted pot =   0.5388137989   0.0028149011

 SCF iter #  25

 Diagonalization time [sec] :       4.63,      tdiag_sum =      154.13

 Fermi level at    -0.4398 [Ry]

   State   Eigenvalue [Ry]      Eigenvalue [eV]    Occup.     Repr.

    1        -2.5452078911       -34.6295895243    1.0000        1
    2        -2.3310486682       -31.7157819693    1.0000        1
    3        -2.3302041471       -31.7042915848    1.0000        1
    4        -2.3299978595       -31.7014848763    1.0000        1
    5        -1.3428512508       -18.2705655477    1.0000        1
    6        -1.1674233595       -15.8837287453    1.0000        1
    7        -1.1670955733       -15.8792689517    1.0000        1
    8        -1.1667986086       -15.8752285086    1.0000        1
    9        -0.8940363375       -12.1640796011    1.0000        1
   10        -0.8938921126       -12.1621173053    1.0000        1
   11        -0.8565295262       -11.6537694282    1.0000        1
   12        -0.8564996569       -11.6533630318    1.0000        1
   13        -0.8563274867       -11.6510205187    1.0000        1
   14        -0.7663430635       -10.4267104539    1.0000        1
   15        -0.7660960270       -10.4233493238    1.0000        1
   16        -0.7657361896       -10.4184534490    1.0000        1
   17        -0.0111085156        -0.1511402418    0.0000        1
   18         0.0795570086         1.0824367479    0.0000        1
   19         0.0869585247         1.1831402951    0.0000        1
   20         0.0987026676         1.3429287543    0.0000        1
   21         0.1642825711         2.2351958053    0.0000        1
   22         0.1738788896         2.3657613957    0.0000        1
   23         0.1842535600         2.5069170868    0.0000        1
   24         0.1968908068         2.6788569389    0.0000        1
   25         0.2075196902         2.8234714008    0.0000        1
   26         0.2251813263         3.0637720892    0.0000        1
   27         0.2350147091         3.1975631295    0.0000        1
   28         0.2395656241         3.2594819680    0.0000        1
   29         0.2417435814         3.2891148194    0.0000        1
   30         0.2837615865         3.8608033939    0.0000        1
   31         0.3055523974         4.1572848083    0.0000        1
   32         0.3059685393         4.1629467524    0.0000        1
   33         0.3069388787         4.1761489952    0.0000        1
   34         0.3080454637         4.1912049697    0.0000        1
   35         0.3212291683         4.3705798185    0.0000        1
   36         0.3257068507         4.4315022699    0.0000        1
   37         0.3678482170         5.0048692704    0.0000        1
   38         0.3871114268         5.2669606513    0.0000        1
   39         0.3971112614         5.4030164010    0.0000        1
   40         0.4081685503         5.5534596612    0.0000        1
   41         0.4298089602         5.8478947507    0.0000        1
   42         0.4367256931         5.9420024347    0.0000        1
   43         0.4471038199         6.0832051529    0.0000        1
   44         0.4521617717         6.1520226337    0.0000        1
   45         0.4598129180         6.2561225999    0.0000        1
   46         0.4653775457         6.3318338119    0.0000        1
   47         0.4769419170         6.4891763348    0.0000        1
   48         0.4913154291         6.6847394655    0.0000        1
   49         0.5000826633         6.8040247005    0.0000        1
   50         0.5078894737         6.9102426007    0.0000        1
   51         0.5139728583         6.9930119160    0.0000        1
   52         0.5143118806         6.9976245846    0.0000        1
   53         0.5318833015         7.2366978239    0.0000        1
   54         0.5401917194         7.3497404958    0.0000        1
   55         0.6074496090         8.2648378905    0.0000        1
   56         0.6135624055         8.3480073762    0.0000        1
   57         0.6205930536         8.4436649691    0.0000        1
   58         0.6272706387         8.5345188557    0.0000        1
   59         0.6346564819         8.6350091613    0.0000        1
   60         0.6491043209         8.8315835694    0.0000        1
   61         0.6606316748         8.9884224415    0.0000        1
   62         0.6636829070         9.0299368966    0.0000        1
   63         0.6871580361         9.3493348071    0.0000        1
   64         0.6883932959         9.3661415057    0.0000        1
   65         0.7175654963         9.7630526300    0.0000        1

 Max and min values of charge density [e/bohr^3]:   1.7418E+00   1.9569E-11

 Hartree potential time [sec]:      11.13

   Eigenvalue Energy             =         -42.07217552 [Ry]
   Hartree Energy                =         405.75076735 [Ry]
   Integral_{Vxc*rho}            =         -52.76764012 [Ry]
   Exc = Integral{eps_xc*rho}    =         -40.63259117 [Ry]
   Electron-Ion energy           =        -969.53016512 [Ry]
   Ion-Ion Energy                =         231.17870044 [Ry]
   (E(new)-E(old))/atom  =            -0.00157462 [eV]

   Total Energy =          -204.44064595 [Ry]
   Energy/atom  =          -556.31570814 [eV]

  0- 25    SRE of pot. & charge weighted pot =   0.4844929093   0.0023515645

 SCF iter #  26

 Diagonalization time [sec] :       4.77,      tdiag_sum =      158.90

 Fermi level at    -0.4445 [Ry]

   State   Eigenvalue [Ry]      Eigenvalue [eV]    Occup.     Repr.

    1        -2.5448702168       -34.6249951953    1.0000        1
    2        -2.3306828252       -31.7108043828    1.0000        1
    3        -2.3298652989       -31.6996812838    1.0000        1
    4        -2.3296812410       -31.6971770290    1.0000        1
    5        -1.3425412888       -18.2663482665    1.0000        1
    6        -1.1671003138       -15.8793334497    1.0000        1
    7        -1.1667931358       -15.8751540467    1.0000        1
    8        -1.1665026321       -15.8712015113    1.0000        1
    9        -0.8937399763       -12.1600473693    1.0000        1
   10        -0.8935914879       -12.1580270660    1.0000        1
   11        -0.8562256402       -11.6496348159    1.0000        1
   12        -0.8562037256       -11.6493366492    1.0000        1
   13        -0.8560334617       -11.6470200726    1.0000        1
   14        -0.7660337519       -10.4225020211    1.0000        1
   15        -0.7657971554       -10.4192829371    1.0000        1
   16        -0.7654633951       -10.4147418612    1.0000        1
   17        -0.0118965927        -0.1618626608    0.0000        1
   18         0.0784740527         1.0677022657    0.0000        1
   19         0.0852512375         1.1599112866    0.0000        1
   20         0.0959727709         1.3057863267    0.0000        1
   21         0.1633739618         2.2228334496    0.0000        1
   22         0.1722969114         2.3442373165    0.0000        1
   23         0.1817419520         2.4727446509    0.0000        1
   24         0.1944926666         2.6462283228    0.0000        1
   25         0.2039971563         2.7755445086    0.0000        1
   26         0.2246457400         3.0564850092    0.0000        1
   27         0.2344461088         3.1898268667    0.0000        1
   28         0.2387006192         3.2477128853    0.0000        1
   29         0.2406033029         3.2736004188    0.0000        1
   30         0.2818944213         3.8353991177    0.0000        1
   31         0.3031387681         4.1244454505    0.0000        1
   32         0.3044756663         4.1426350207    0.0000        1
   33         0.3046787524         4.1453981690    0.0000        1
   34         0.3065178977         4.1704212122    0.0000        1
   35         0.3184765841         4.3331287074    0.0000        1
   36         0.3221349046         4.3829030851    0.0000        1
   37         0.3651577610         4.9682634647    0.0000        1
   38         0.3866567406         5.2607742814    0.0000        1
   39         0.3955725371         5.3820808259    0.0000        1
   40         0.4055421989         5.5177260494    0.0000        1
   41         0.4289135975         5.8357126247    0.0000        1
   42         0.4352070908         5.9213406357    0.0000        1
   43         0.4443238196         6.0453810243    0.0000        1
   44         0.4488057973         6.1063619167    0.0000        1
   45         0.4562339578         6.2074279827    0.0000        1
   46         0.4610391707         6.2728067487    0.0000        1
   47         0.4732832686         6.4393974964    0.0000        1
   48         0.4857962563         6.6096467039    0.0000        1
   49         0.4977393323         6.7721418078    0.0000        1
   50         0.5042021869         6.8600741139    0.0000        1
   51         0.5097324624         6.9353179375    0.0000        1
   52         0.5112512400         6.9559821209    0.0000        1
   53         0.5257886359         7.1537750220    0.0000        1
   54         0.5351758047         7.2814949631    0.0000        1
   55         0.6041735146         8.2202640051    0.0000        1
   56         0.6106968018         8.3090185465    0.0000        1
   57         0.6164464770         8.3872474771    0.0000        1
   58         0.6238430129         8.4878832653    0.0000        1
   59         0.6295208355         8.5651345831    0.0000        1
   60         0.6450249303         8.7760801971    0.0000        1
   61         0.6564968519         8.9321648680    0.0000        1
   62         0.6611149537         8.9949978366    0.0000        1
   63         0.6815022334         9.2723830877    0.0000        1
   64         0.6840316273         9.3067975146    0.0000        1
   65         0.7099493710         9.6594291521    0.0000        1

 Max and min values of charge density [e/bohr^3]:   1.7419E+00   1.4445E-11

 Hartree potential time [sec]:      10.95

   Eigenvalue Energy             =         -42.06225109 [Ry]
   Hartree Energy                =         405.74928427 [Ry]
   Integral_{Vxc*rho}            =         -52.76776115 [Ry]
   Exc = Integral{eps_xc*rho}    =         -40.63272392 [Ry]
   Electron-Ion energy           =        -969.53451645 [Ry]
   Ion-Ion Energy                =         231.17870044 [Ry]
   (E(new)-E(old))/atom  =            -0.00120297 [eV]

   Total Energy =          -204.44108804 [Ry]
   Energy/atom  =          -556.31691112 [eV]

  0- 26    SRE of pot. & charge weighted pot =   0.4695079875   0.0020088669

 SCF iter #  27

 Diagonalization time [sec] :       4.65,      tdiag_sum =      163.55

 Fermi level at    -0.4490 [Ry]

   State   Eigenvalue [Ry]      Eigenvalue [eV]    Occup.     Repr.

    1        -2.5445590436       -34.6207614355    1.0000        1
    2        -2.3303854647       -31.7067585558    1.0000        1
    3        -2.3295506129       -31.6953997293    1.0000        1
    4        -2.3293671094       -31.6929030172    1.0000        1
    5        -1.3422865243       -18.2628819922    1.0000        1
    6        -1.1668481272       -15.8759022491    1.0000        1
    7        -1.1665335165       -15.8716217188    1.0000        1
    8        -1.1662441450       -15.8676845878    1.0000        1
    9        -0.8935015522       -12.1568034187    1.0000        1
   10        -0.8933503374       -12.1547460205    1.0000        1
   11        -0.8559758714       -11.6462365106    1.0000        1
   12        -0.8559633824       -11.6460665876    1.0000        1
   13        -0.8557918436       -11.6437326659    1.0000        1
   14        -0.7657885854       -10.4191663348    1.0000        1
   15        -0.7655419992       -10.4158113331    1.0000        1
   16        -0.7652138752       -10.4113469438    1.0000        1
   17        -0.0128807587        -0.1752530270    0.0000        1
   18         0.0771440966         1.0496071492    0.0000        1
   19         0.0833697251         1.1343118056    0.0000        1
   20         0.0931687157         1.2676349125    0.0000        1
   21         0.1621778652         2.2065595988    0.0000        1
   22         0.1704880773         2.3196266826    0.0000        1
   23         0.1790773866         2.4364911061    0.0000        1
   24         0.1918617825         2.6104330401    0.0000        1
   25         0.2003483591         2.7258997045    0.0000        1
   26         0.2239872283         3.0475254307    0.0000        1
   27         0.2337790763         3.1807513567    0.0000        1
   28         0.2377349443         3.2345741056    0.0000        1
   29         0.2394175302         3.2574670323    0.0000        1
   30         0.2798040749         3.8069582827    0.0000        1
   31         0.3012420400         4.0986389475    0.0000        1
   32         0.3015100968         4.1022860756    0.0000        1
   33         0.3029642849         4.1220714669    0.0000        1
   34         0.3048193112         4.1473105846    0.0000        1
   35         0.3156180234         4.2942357026    0.0000        1
   36         0.3185487661         4.3341108013    0.0000        1
   37         0.3624433156         4.9313312634    0.0000        1
   38         0.3858550689         5.2498668966    0.0000        1
   39         0.3937911587         5.3578437465    0.0000        1
   40         0.4028512708         5.4811138200    0.0000        1
   41         0.4276222461         5.8181427563    0.0000        1
   42         0.4333191776         5.8956540664    0.0000        1
   43         0.4414079516         6.0057083077    0.0000        1
   44         0.4453351580         6.0591410921    0.0000        1
   45         0.4525115493         6.1567816378    0.0000        1
   46         0.4566796476         6.2134919492    0.0000        1
   47         0.4695459079         6.3885477142    0.0000        1
   48         0.4800373659         6.5312923931    0.0000        1
   49         0.4940168414         6.7214943408    0.0000        1
   50         0.5009474155         6.8157903456    0.0000        1
   51         0.5058568949         6.8825877402    0.0000        1
   52         0.5083005663         6.9158358455    0.0000        1
   53         0.5200455800         7.0756361530    0.0000        1
   54         0.5305948864         7.2191679060    0.0000        1
   55         0.6007802365         8.1740957420    0.0000        1
   56         0.6076602393         8.2677036837    0.0000        1
   57         0.6121821777         8.3292282739    0.0000        1
   58         0.6201916060         8.4382029525    0.0000        1
   59         0.6244314458         8.4958893655    0.0000        1
   60         0.6411699444         8.7236300293    0.0000        1
   61         0.6524220299         8.8767236545    0.0000        1
   62         0.6583838367         8.9578388050    0.0000        1
   63         0.6759831740         9.1972918683    0.0000        1
   64         0.6798656835         9.2501165171    0.0000        1
   65         0.7024972657         9.5580372973    0.0000        1

 Max and min values of charge density [e/bohr^3]:   1.7419E+00   1.0691E-11

 Hartree potential time [sec]:      10.70

   Eigenvalue Energy             =         -42.05380398 [Ry]
   Hartree Energy                =         405.74014550 [Ry]
   Integral_{Vxc*rho}            =         -52.76639872 [Ry]
   Exc = Integral{eps_xc*rho}    =         -40.63170373 [Ry]
   Electron-Ion energy           =        -969.52248358 [Ry]
   Ion-Ion Energy                =         231.17870044 [Ry]
   (E(new)-E(old))/atom  =            -0.00092370 [eV]

   Total Energy =          -204.44142749 [Ry]
   Energy/atom  =          -556.31783482 [eV]

  0- 27    SRE of pot. & charge weighted pot =   0.4781312332   0.0014372261

 SCF iter #  28

 Diagonalization time [sec] :       4.70,      tdiag_sum =      168.25

 Fermi level at    -0.4532 [Ry]

   State   Eigenvalue [Ry]      Eigenvalue [eV]    Occup.     Repr.

    1        -2.5444373430       -34.6191056015    1.0000        1
    2        -2.3302533875       -31.7049615390    1.0000        1
    3        -2.3294277098       -31.6937275345    1.0000        1
    4        -2.3292596261       -31.6914406208    1.0000        1
    5        -1.3421870772       -18.2615289355    1.0000        1
    6        -1.1667424792       -15.8744648240    1.0000        1
    7        -1.1664353295       -15.8702858055    1.0000        1
    8        -1.1661535650       -15.8664521752    1.0000        1
    9        -0.8934148344       -12.1556235534    1.0000        1
   10        -0.8932616731       -12.1535396721    1.0000        1
   11        -0.8558859317       -11.6450128090    1.0000        1
   12        -0.8558752432       -11.6448673839    1.0000        1
   13        -0.8557059682       -11.6425642621    1.0000        1
   14        -0.7656934330       -10.4178717112    1.0000        1
   15        -0.7654507454       -10.4145697517    1.0000        1
   16        -0.7651352034       -10.4102765506    1.0000        1
   17        -0.0137540255        -0.1871345203    0.0000        1
   18         0.0759749767         1.0337003385    0.0000        1
   19         0.0816791911         1.1113107389    0.0000        1
   20         0.0906403179         1.2332340370    0.0000        1
   21         0.1610891381         2.1917465954    0.0000        1
   22         0.1688088698         2.2967797204    0.0000        1
   23         0.1766026261         2.4028200097    0.0000        1
   24         0.1894546858         2.5776825641    0.0000        1
   25         0.1970463894         2.6809737645    0.0000        1
   26         0.2232860798         3.0379857450    0.0000        1
   27         0.2330941816         3.1714328156    0.0000        1
   28         0.2367799694         3.2215809078    0.0000        1
   29         0.2382743111         3.2419126218    0.0000        1
   30         0.2779147049         3.7812518913    0.0000        1
   31         0.2997310119         4.0780802013    0.0000        1
   32         0.2999995878         4.0817343910    0.0000        1
   33         0.3001599970         4.0839168866    0.0000        1
   34         0.3033660559         4.1275378836    0.0000        1
   35         0.3130731353         4.2596104646    0.0000        1
   36         0.3154287166         4.2916600318    0.0000        1
   37         0.3600343606         4.8985555030    0.0000        1
   38         0.3851523798         5.2403062489    0.0000        1
   39         0.3922046927         5.3362586084    0.0000        1
   40         0.4005031515         5.4491657792    0.0000        1
   41         0.4265249216         5.8032127777    0.0000        1
   42         0.4316496961         5.8729394357    0.0000        1
   43         0.4388988099         5.9715694276    0.0000        1
   44         0.4422675362         6.0174036444    0.0000        1
   45         0.4491735651         6.1113656920    0.0000        1
   46         0.4528068972         6.1608000813    0.0000        1
   47         0.4661812181         6.3427684178    0.0000        1
   48         0.4746469874         6.4579519806    0.0000        1
   49         0.4891921906         6.6558511070    0.0000        1
   50         0.4987181354         6.7854592068    0.0000        1
   51         0.5028743975         6.8420084774    0.0000        1
   52         0.5057393292         6.8809881654    0.0000        1
   53         0.5152676805         7.0106290067    0.0000        1
   54         0.5266322853         7.1652535467    0.0000        1
   55         0.5978119544         8.1337098890    0.0000        1
   56         0.6049235123         8.2304683237    0.0000        1
   57         0.6084105672         8.2779124949    0.0000        1
   58         0.6166908401         8.3905722327    0.0000        1
   59         0.6201117617         8.4371166070    0.0000        1
   60         0.6378419646         8.6783502023    0.0000        1
   61         0.6487052169         8.8261534401    0.0000        1
   62         0.6558951540         8.9239782861    0.0000        1
   63         0.6710563702         9.1302587613    0.0000        1
   64         0.6762235736         9.2005626973    0.0000        1
   65         0.6956972111         9.4655171144    0.0000        1

 Max and min values of charge density [e/bohr^3]:   1.7419E+00   7.9820E-12

 Hartree potential time [sec]:      11.08

   Eigenvalue Energy             =         -42.05063910 [Ry]
   Hartree Energy                =         405.73355931 [Ry]
   Integral_{Vxc*rho}            =         -52.76541041 [Ry]
   Exc = Integral{eps_xc*rho}    =         -40.63096228 [Ry]
   Electron-Ion energy           =        -969.51353455 [Ry]
   Ion-Ion Energy                =         231.17870044 [Ry]
   (E(new)-E(old))/atom  =            -0.00070954 [eV]

   Total Energy =          -204.44168823 [Ry]
   Energy/atom  =          -556.31854436 [eV]

  0- 28    SRE of pot. & charge weighted pot =   0.5037362705   0.0011608900

 SCF iter #  29

 Diagonalization time [sec] :       4.74,      tdiag_sum =      172.99

 Fermi level at    -0.4572 [Ry]

   State   Eigenvalue [Ry]      Eigenvalue [eV]    Occup.     Repr.

    1        -2.5444542370       -34.6193354584    1.0000        1
    2        -2.3302711568       -31.7052033055    1.0000        1
    3        -2.3294447658       -31.6939595944    1.0000        1
    4        -2.3292787009       -31.6917001481    1.0000        1
    5        -1.3422097107       -18.2618368820    1.0000        1
    6        -1.1667677744       -15.8748089850    1.0000        1
    7        -1.1664595608       -15.8706154925    1.0000        1
    8        -1.1661787489       -15.8667948217    1.0000        1
    9        -0.8934458682       -12.1560457937    1.0000        1
   10        -0.8932923177       -12.1539566159    1.0000        1
   11        -0.8559208461       -11.6454878478    1.0000        1
   12        -0.8559063272       -11.6452903072    1.0000        1
   13        -0.8557388989       -11.6430123104    1.0000        1
   14        -0.7657278629       -10.4183401571    1.0000        1
   15        -0.7654828274       -10.4150062526    1.0000        1
   16        -0.7651710358       -10.4107640791    1.0000        1
   17        -0.0146211297        -0.1989321668    0.0000        1
   18         0.0748109227         1.0178624521    0.0000        1
   19         0.0800344097         1.0889321715    0.0000        1
   20         0.0882424447         1.2006090535    0.0000        1
   21         0.1599600035         2.1763838156    0.0000        1
   22         0.1671221801         2.2738309578    0.0000        1
   23         0.1741925323         2.3700287560    0.0000        1
   24         0.1870788206         2.5453570174    0.0000        1
   25         0.1938946537         2.6380918795    0.0000        1
   26         0.2224808726         3.0270302567    0.0000        1
   27         0.2323421668         3.1612010534    0.0000        1
   28         0.2357711652         3.2078553199    0.0000        1
   29         0.2371055966         3.2260113263    0.0000        1
   30         0.2760549910         3.7559489963    0.0000        1
   31         0.2975216772         4.0480204354    0.0000        1
   32         0.2981952181         4.0571844982    0.0000        1
   33         0.2985205705         4.0616111782    0.0000        1
   34         0.3019370031         4.1080944761    0.0000        1
   35         0.3106319074         4.2263956058    0.0000        1
   36         0.3125237405         4.2521355089    0.0000        1
   37         0.3577336449         4.8672524251    0.0000        1
   38         0.3843495224         5.2293827322    0.0000        1
   39         0.3906006360         5.3144341339    0.0000        1
   40         0.3982526403         5.4185457733    0.0000        1
   41         0.4253419716         5.7871177975    0.0000        1
   42         0.4299460617         5.8497601265    0.0000        1
   43         0.4364816177         5.9386815947    0.0000        1
   44         0.4393539698         5.9777622421    0.0000        1
   45         0.4459604390         6.0676485410    0.0000        1
   46         0.4491550094         6.1111132266    0.0000        1
   47         0.4629141211         6.2983169487    0.0000        1
   48         0.4694386965         6.3870890169    0.0000        1
   49         0.4836175342         6.5800034466    0.0000        1
   50         0.4969511058         6.7614173552    0.0000        1
   51         0.5003752370         6.8080054000    0.0000        1
   52         0.5033351589         6.8482775056    0.0000        1
   53         0.5111682333         6.9548527493    0.0000        1
   54         0.5229300550         7.1148817422    0.0000        1
   55         0.5949664103         8.0949939858    0.0000        1
   56         0.6021278016         8.1924304426    0.0000        1
   57         0.6048891222         8.2300004195    0.0000        1
   58         0.6129615290         8.3398319715    0.0000        1
   59         0.6163803382         8.3863476048    0.0000        1
   60         0.6347226801         8.6359098409    0.0000        1
   61         0.6450607067         8.7765669636    0.0000        1
   62         0.6534192480         8.8902916046    0.0000        1
   63         0.6664807511         9.0680038036    0.0000        1
   64         0.6728627722         9.1548363056    0.0000        1
   65         0.6892693507         9.3780609320    0.0000        1

 Max and min values of charge density [e/bohr^3]:   1.7419E+00   6.0836E-12

 Hartree potential time [sec]:      11.11

   Eigenvalue Energy             =         -42.05150128 [Ry]
   Hartree Energy                =         405.72871799 [Ry]
   Integral_{Vxc*rho}            =         -52.76471431 [Ry]
   Exc = Integral{eps_xc*rho}    =         -40.63044041 [Ry]
   Electron-Ion energy           =        -969.50718096 [Ry]
   Ion-Ion Energy                =         231.17870044 [Ry]
   (E(new)-E(old))/atom  =            -0.00054654 [eV]

   Total Energy =          -204.44188908 [Ry]
   Energy/atom  =          -556.31909089 [eV]

  0- 29    SRE of pot. & charge weighted pot =   0.5546809304   0.0011060415

 SCF iter #  30

 Diagonalization time [sec] :       4.70,      tdiag_sum =      177.69

 Fermi level at    -0.4605 [Ry]

   State   Eigenvalue [Ry]      Eigenvalue [eV]    Occup.     Repr.

    1        -2.5443032764       -34.6172815180    1.0000        1
    2        -2.3301106538       -31.7030195340    1.0000        1
    3        -2.3292928855       -31.6918931420    1.0000        1
    4        -2.3291333871       -31.6897230377    1.0000        1
    5        -1.3420678398       -18.2599066141    1.0000        1
    6        -1.1666214054       -15.8728175182    1.0000        1
    7        -1.1663203635       -15.8687216019    1.0000        1
    8        -1.1660405331       -15.8649142853    1.0000        1
    9        -0.8933081389       -12.1541718769    1.0000        1
   10        -0.8931527060       -12.1520570869    1.0000        1
   11        -0.8557815234       -11.6435922509    1.0000        1
   12        -0.8557679417       -11.6434074613    1.0000        1
   13        -0.8556014104       -11.6411416691    1.0000        1
   14        -0.7655872163       -10.4164265478    1.0000        1
   15        -0.7653460695       -10.4131455531    1.0000        1
   16        -0.7650418885       -10.4090069265    1.0000        1
   17        -0.0151275557        -0.2058224976    0.0000        1
   18         0.0741232908         1.0085066700    0.0000        1
   19         0.0788805233         1.0732326238    0.0000        1
   20         0.0863920690         1.1754332121    0.0000        1
   21         0.1592852584         2.1672033686    0.0000        1
   22         0.1659186982         2.2574566235    0.0000        1
   23         0.1723239953         2.3446058148    0.0000        1
   24         0.1853021247         2.5211836483    0.0000        1
   25         0.1914299502         2.6045576169    0.0000        1
   26         0.2220412601         3.0210489764    0.0000        1
   27         0.2319245536         3.1555190918    0.0000        1
   28         0.2351395976         3.1992623371    0.0000        1
   29         0.2363277347         3.2154278931    0.0000        1
   30         0.2747289839         3.7379076086    0.0000        1
   31         0.2962554875         4.0307929123    0.0000        1
   32         0.2968082495         4.0383136810    0.0000        1
   33         0.2972176691         4.0438841626    0.0000        1
   34         0.3011413785         4.0972693677    0.0000        1
   35         0.3088755165         4.2024985023    0.0000        1
   36         0.3104551510         4.2239906929    0.0000        1
   37         0.3561082917         4.8451381947    0.0000        1
   38         0.3840534723         5.2253547335    0.0000        1
   39         0.3895875794         5.3006506885    0.0000        1
   40         0.3966810393         5.3971628838    0.0000        1
   41         0.4248392643         5.7802780620    0.0000        1
   42         0.4289387235         5.8360544842    0.0000        1
   43         0.4349010690         5.9171769640    0.0000        1
   44         0.4372710295         5.9494221732    0.0000        1
   45         0.4435475887         6.0348197828    0.0000        1
   46         0.4463768277         6.0733138425    0.0000        1
   47         0.4603773420         6.2638020394    0.0000        1
   48         0.4651355301         6.3285409957    0.0000        1
   49         0.4785459895         6.5110010236    0.0000        1
   50         0.4959490767         6.7477839481    0.0000        1
   51         0.4987310046         6.7856343022    0.0000        1
   52         0.5015993013         6.8246597741    0.0000        1
   53         0.5081647727         6.9139882644    0.0000        1
   54         0.5200496430         7.0756914331    0.0000        1
   55         0.5929867405         8.0680589942    0.0000        1
   56         0.5999484088         8.1627780611    0.0000        1
   57         0.6024387393         8.1966609989    0.0000        1
   58         0.6098819346         8.2979316258    0.0000        1
   59         0.6138164171         8.3514634083    0.0000        1
   60         0.6323400051         8.6034916417    0.0000        1
   61         0.6420619883         8.7357670003    0.0000        1
   62         0.6514956072         8.8641189329    0.0000        1
   63         0.6628302579         9.0183359229    0.0000        1
   64         0.6702658855         9.1195035846    0.0000        1
   65         0.6838792266         9.3047239813    0.0000        1

 Max and min values of charge density [e/bohr^3]:   1.7419E+00   4.7683E-12

 Hartree potential time [sec]:      10.76

   Eigenvalue Energy             =         -42.04695448 [Ry]
   Hartree Energy                =         405.72388507 [Ry]
   Integral_{Vxc*rho}            =         -52.76395149 [Ry]
   Exc = Integral{eps_xc*rho}    =         -40.62986481 [Ry]
   Electron-Ion energy           =        -969.50023199 [Ry]
   Ion-Ion Energy                =         231.17870044 [Ry]
   (E(new)-E(old))/atom  =            -0.00042213 [eV]

   Total Energy =          -204.44204421 [Ry]
   Energy/atom  =          -556.31951302 [eV]

  0- 30    SRE of pot. & charge weighted pot =   0.5575579893   0.0009566642

 SCF iter #  31

 Diagonalization time [sec] :       4.77,      tdiag_sum =      182.45

 Fermi level at    -0.4635 [Ry]

   State   Eigenvalue [Ry]      Eigenvalue [eV]    Occup.     Repr.

    1        -2.5441987733       -34.6158596703    1.0000        1
    2        -2.3299676375       -31.7010736825    1.0000        1
    3        -2.3291866709       -31.6904480074    1.0000        1
    4        -2.3290640809       -31.6887800721    1.0000        1
    5        -1.3419691995       -18.2585645341    1.0000        1
    6        -1.1665007700       -15.8711761758    1.0000        1
    7        -1.1662266617       -15.8674467142    1.0000        1
    8        -1.1659635752       -15.8638672114    1.0000        1
    9        -0.8932178883       -12.1529439445    1.0000        1
   10        -0.8930600069       -12.1507958412    1.0000        1
   11        -0.8556862014       -11.6422953196    1.0000        1
   12        -0.8556745575       -11.6421368939    1.0000        1
   13        -0.8555127193       -11.6399349557    1.0000        1
   14        -0.7654759622       -10.4149128470    1.0000        1
   15        -0.7652556236       -10.4119149640    1.0000        1
   16        -0.7649726027       -10.4080642375    1.0000        1
   17        -0.0155925102        -0.2121485758    0.0000        1
   18         0.0735214346         1.0003179353    0.0000        1
   19         0.0778519793         1.0592384593    0.0000        1
   20         0.0847213457         1.1527016855    0.0000        1
   21         0.1586839545         2.1590221479    0.0000        1
   22         0.1648250246         2.2425763199    0.0000        1
   23         0.1706242740         2.3214797466    0.0000        1
   24         0.1837043010         2.4994439785    0.0000        1
   25         0.1892009186         2.5742298588    0.0000        1
   26         0.2216534072         3.0157719277    0.0000        1
   27         0.2315473881         3.1503874532    0.0000        1
   28         0.2345604127         3.1913820628    0.0000        1
   29         0.2356265150         3.2058872380    0.0000        1
   30         0.2735411677         3.7217464195    0.0000        1
   31         0.2950801095         4.0148009532    0.0000        1
   32         0.2955515593         4.0212154057    0.0000        1
   33         0.2961624910         4.0295276195    0.0000        1
   34         0.3005126815         4.0887154417    0.0000        1
   35         0.3073520878         4.1817710357    0.0000        1
   36         0.3087348496         4.2005846164    0.0000        1
   37         0.3547446349         4.8265845541    0.0000        1
   38         0.3838575691         5.2226893143    0.0000        1
   39         0.3887559068         5.2893351173    0.0000        1
   40         0.3953527834         5.3790909010    0.0000        1
   41         0.4245039220         5.7757154621    0.0000        1
   42         0.4281277832         5.8250209931    0.0000        1
   43         0.4336140139         5.8996655503    0.0000        1
   44         0.4355239736         5.9256520797    0.0000        1
   45         0.4414386485         6.0061259633    0.0000        1
   46         0.4439754981         6.0406418326    0.0000        1
   47         0.4580870718         6.2326410818    0.0000        1
   48         0.4612689271         6.2759327688    0.0000        1
   49         0.4737633873         6.4459298952    0.0000        1
   50         0.4951872935         6.7374192774    0.0000        1
   51         0.4974484974         6.7681847654    0.0000        1
   52         0.5001274854         6.8046345412    0.0000        1
   53         0.5057380459         6.8809707049    0.0000        1
   54         0.5175236410         7.0413231550    0.0000        1
   55         0.5913434648         8.0457009131    0.0000        1
   56         0.5978815989         8.1346574586    0.0000        1
   57         0.6005235049         8.1706027036    0.0000        1
   58         0.6071109638         8.2602303513    0.0000        1
   59         0.6117237819         8.3229914322    0.0000        1
   60         0.6302172088         8.5746092992    0.0000        1
   61         0.6393072193         8.6982861650    0.0000        1
   62         0.6497035954         8.8397371782    0.0000        1
   63         0.6596552559         8.9751374812    0.0000        1
   64         0.6680320711         9.0891107525    0.0000        1
   65         0.6790336076         9.2387954578    0.0000        1

 Max and min values of charge density [e/bohr^3]:   1.7419E+00   3.8242E-12

 Hartree potential time [sec]:      11.03

   Eigenvalue Energy             =         -42.04386586 [Ry]
   Hartree Energy                =         405.71865175 [Ry]
   Integral_{Vxc*rho}            =         -52.76308480 [Ry]
   Exc = Integral{eps_xc*rho}    =         -40.62920666 [Ry]
   Electron-Ion energy           =        -969.49210154 [Ry]
   Ion-Ion Energy                =         231.17870044 [Ry]
   (E(new)-E(old))/atom  =            -0.00032712 [eV]

   Total Energy =          -204.44216442 [Ry]
   Energy/atom  =          -556.31984014 [eV]

  0- 31    SRE of pot. & charge weighted pot =   0.5463722388   0.0008130343

 SCF iter #  32

 Diagonalization time [sec] :       4.72,      tdiag_sum =      187.18

 Fermi level at    -0.4662 [Ry]

   State   Eigenvalue [Ry]      Eigenvalue [eV]    Occup.     Repr.

    1        -2.5441159020       -34.6147321398    1.0000        1
    2        -2.3298351914       -31.6992716469    1.0000        1
    3        -2.3290999471       -31.6892680601    1.0000        1
    4        -2.3290329978       -31.6883571612    1.0000        1
    5        -1.3418944919       -18.2575480785    1.0000        1
    6        -1.1663951777       -15.8697395085    1.0000        1
    7        -1.1661564928       -15.8664920100    1.0000        1
    8        -1.1659203568       -15.8632791907    1.0000        1
    9        -0.8931569118       -12.1521143106    1.0000        1
   10        -0.8929959565       -12.1499243847    1.0000        1
   11        -0.8556183211       -11.6413717533    1.0000        1
   12        -0.8556061491       -11.6412061439    1.0000        1
   13        -0.8554530958       -11.6391237308    1.0000        1
   14        -0.7653822130       -10.4136373138    1.0000        1
   15        -0.7651918314       -10.4110470202    1.0000        1
   16        -0.7649356705       -10.4075617450    1.0000        1
   17        -0.0160352538        -0.2181724563    0.0000        1
   18         0.0729763302         0.9929013528    0.0000        1
   19         0.0769192410         1.0465478086    0.0000        1
   20         0.0831949981         1.1319345045    0.0000        1
   21         0.1581327607         2.1515227151    0.0000        1
   22         0.1638179990         2.2288749312    0.0000        1
   23         0.1690669554         2.3002911820    0.0000        1
   24         0.1822505190         2.4796641114    0.0000        1
   25         0.1871614423         2.5464811520    0.0000        1
   26         0.2213181471         3.0112104459    0.0000        1
   27         0.2312097938         3.1457942121    0.0000        1
   28         0.2340312715         3.1841826734    0.0000        1
   29         0.2349970132         3.1973223622    0.0000        1
   30         0.2724595887         3.7070306716    0.0000        1
   31         0.2943804947         4.0052821343    0.0000        1
   32         0.2946069890         4.0083637714    0.0000        1
   33         0.2949229563         4.0126627589    0.0000        1
   34         0.3000087620         4.0818592134    0.0000        1
   35         0.3060238942         4.1636999003    0.0000        1
   36         0.3072961642         4.1810101513    0.0000        1
   37         0.3536056313         4.8110874983    0.0000        1
   38         0.3837330633         5.2209953133    0.0000        1
   39         0.3880692483         5.2799925779    0.0000        1
   40         0.3942187585         5.3636615849    0.0000        1
   41         0.4242883333         5.7727822054    0.0000        1
   42         0.4274708199         5.8160824807    0.0000        1
   43         0.4325447158         5.8851168945    0.0000        1
   44         0.4340599309         5.9057326072    0.0000        1
   45         0.4395782229         5.9808133855    0.0000        1
   46         0.4418930043         6.0123078382    0.0000        1
   47         0.4559724125         6.2038694500    0.0000        1
   48         0.4578075496         6.2288379587    0.0000        1
   49         0.4693590109         6.3860048307    0.0000        1
   50         0.4945796731         6.7291521169    0.0000        1
   51         0.4964321319         6.7543562998    0.0000        1
   52         0.4988710866         6.7875402301    0.0000        1
   53         0.5037613302         6.8540759070    0.0000        1
   54         0.5152896848         7.0109283932    0.0000        1
   55         0.5899705254         8.0270209746    0.0000        1
   56         0.5959588278         8.1084966198    0.0000        1
   57         0.5989943938         8.1497979238    0.0000        1
   58         0.6046666937         8.2269741005    0.0000        1
   59         0.6099436459         8.2987712573    0.0000        1
   60         0.6282741597         8.5481725615    0.0000        1
   61         0.6367708890         8.6637773617    0.0000        1
   62         0.6479790214         8.8162729700    0.0000        1
   63         0.6568978553         8.9376208401    0.0000        1
   64         0.6660998866         9.0628218367    0.0000        1
   65         0.6746648054         9.1793544098    0.0000        1

 Max and min values of charge density [e/bohr^3]:   1.7418E+00   3.1613E-12

 Hartree potential time [sec]:      10.98

   Eigenvalue Energy             =         -42.04158141 [Ry]
   Hartree Energy                =         405.71243881 [Ry]
   Integral_{Vxc*rho}            =         -52.76202244 [Ry]
   Exc = Integral{eps_xc*rho}    =         -40.62839603 [Ry]
   Electron-Ion energy           =        -969.48171167 [Ry]
   Ion-Ion Energy                =         231.17870044 [Ry]
   (E(new)-E(old))/atom  =            -0.00025390 [eV]

   Total Energy =          -204.44225773 [Ry]
   Energy/atom  =          -556.32009404 [eV]

  0- 32    SRE of pot. & charge weighted pot =   0.5235318433   0.0006754509

 SCF iter #  33

 Diagonalization time [sec] :       4.79,      tdiag_sum =      191.97

 Fermi level at    -0.4684 [Ry]

   State   Eigenvalue [Ry]      Eigenvalue [eV]    Occup.     Repr.

    1        -2.5440862058       -34.6143280986    1.0000        1
    2        -2.3297201599       -31.6977065522    1.0000        1
    3        -2.3290957401       -31.6892108209    1.0000        1
    4        -2.3290590839       -31.6887120836    1.0000        1
    5        -1.3418574978       -18.2570447432    1.0000        1
    6        -1.1663058264       -15.8685238134    1.0000        1
    7        -1.1661297687       -15.8661284075    1.0000        1
    8        -1.1659405623       -15.8635541024    1.0000        1
    9        -0.8931438834       -12.1519370494    1.0000        1
   10        -0.8929779847       -12.1496798640    1.0000        1
   11        -0.8555958820       -11.6410664515    1.0000        1
   12        -0.8555789151       -11.6408356032    1.0000        1
   13        -0.8554435236       -11.6389934929    1.0000        1
   14        -0.7653133556       -10.4127004530    1.0000        1
   15        -0.7651811957       -10.4109023124    1.0000        1
   16        -0.7649654789       -10.4079673125    1.0000        1
   17        -0.0163296590        -0.2221780738    0.0000        1
   18         0.0726877494         0.9889749810    0.0000        1
   19         0.0762709678         1.0377275331    0.0000        1
   20         0.0819802248         1.1154065432    0.0000        1
   21         0.1578429519         2.1475796343    0.0000        1
   22         0.1631020506         2.2191338803    0.0000        1
   23         0.1678453796         2.2836706654    0.0000        1
   24         0.1812088585         2.4654914869    0.0000        1
   25         0.1855458668         2.5244999541    0.0000        1
   26         0.2211605979         3.0090668626    0.0000        1
   27         0.2309990752         3.1429272176    0.0000        1
   28         0.2336502850         3.1789990482    0.0000        1
   29         0.2345337365         3.1910191125    0.0000        1
   30         0.2717111614         3.6968477199    0.0000        1
   31         0.2937316878         3.9964545985    0.0000        1
   32         0.2940782347         4.0011696455    0.0000        1
   33         0.2944082592         4.0056598930    0.0000        1
   34         0.2999031808         4.0804226972    0.0000        1
   35         0.3051467996         4.1517663259    0.0000        1
   36         0.3064219588         4.1691158865    0.0000        1
   37         0.3529455722         4.8021068661    0.0000        1
   38         0.3839846864         5.2244188461    0.0000        1
   39         0.3878277644         5.2767069967    0.0000        1
   40         0.3935696011         5.3548292781    0.0000        1
   41         0.4246031120         5.7770650206    0.0000        1
   42         0.4273489536         5.8144243925    0.0000        1
   43         0.4320797660         5.8787908802    0.0000        1
   44         0.4332281483         5.8944155404    0.0000        1
   45         0.4383088238         5.9635421946    0.0000        1
   46         0.4404667162         5.9929020469    0.0000        1
   47         0.4543167608         6.1813429845    0.0000        1
   48         0.4551691202         6.1929400151    0.0000        1
   49         0.4657730246         6.3372146187    0.0000        1
   50         0.4944000564         6.7267082878    0.0000        1
   51         0.4959259397         6.7474691497    0.0000        1
   52         0.4981014212         6.7770683161    0.0000        1
   53         0.5024603351         6.8363748271    0.0000        1
   54         0.5136549527         6.9886865553    0.0000        1
   55         0.5892689635         8.0174756639    0.0000        1
   56         0.5946845795         8.0911594515    0.0000        1
   57         0.5981640268         8.1385001153    0.0000        1
   58         0.6029951872         8.2042319174    0.0000        1
   59         0.6088020448         8.2832388614    0.0000        1
   60         0.6268106625         8.5282605115    0.0000        1
   61         0.6348088994         8.6370829234    0.0000        1
   62         0.6465992594         8.7975002032    0.0000        1
   63         0.6548354425         8.9095600631    0.0000        1
   64         0.6647235824         9.0440961178    0.0000        1
   65         0.6711105940         9.1309965201    0.0000        1

 Max and min values of charge density [e/bohr^3]:   1.7418E+00   2.6939E-12

 Hartree potential time [sec]:      10.91

   Eigenvalue Energy             =         -42.04079013 [Ry]
   Hartree Energy                =         405.70696512 [Ry]
   Integral_{Vxc*rho}            =         -52.76106049 [Ry]
   Exc = Integral{eps_xc*rho}    =         -40.62766048 [Ry]
   Electron-Ion energy           =        -969.47212176 [Ry]
   Ion-Ion Energy                =         231.17870044 [Ry]
   (E(new)-E(old))/atom  =            -0.00019736 [eV]

   Total Energy =          -204.44233026 [Ry]
   Energy/atom  =          -556.32029140 [eV]

  0- 33    SRE of pot. & charge weighted pot =   0.4503014594   0.0005075435

 SCF iter #  34

 Diagonalization time [sec] :       4.64,      tdiag_sum =      196.60

 Fermi level at    -0.4699 [Ry]

   State   Eigenvalue [Ry]      Eigenvalue [eV]    Occup.     Repr.

    1        -2.5441921956       -34.6157701754    1.0000        1
    2        -2.3296975068       -31.6973983383    1.0000        1
    3        -2.3293591071       -31.6927941396    1.0000        1
    4        -2.3291265842       -31.6896304800    1.0000        1
    5        -1.3419251193       -18.2579647878    1.0000        1
    6        -1.1662955004       -15.8683833189    1.0000        1
    7        -1.1662162926       -15.8673056340    1.0000        1
    8        -1.1661042592       -15.8657813295    1.0000        1
    9        -0.8932602616       -12.1535204670    1.0000        1
   10        -0.8930850415       -12.1511364575    1.0000        1
   11        -0.8556989088       -11.6424682132    1.0000        1
   12        -0.8556644169       -11.6419989229    1.0000        1
   13        -0.8555649380       -11.6406454335    1.0000        1
   14        -0.7653339785       -10.4129810446    1.0000        1
   15        -0.7653148336       -10.4127205627    1.0000        1
   16        -0.7651455771       -10.4104176932    1.0000        1
   17        -0.0164264118        -0.2234944735    0.0000        1
   18         0.0727993451         0.9904933302    0.0000        1
   19         0.0760506314         1.0347296805    0.0000        1
   20         0.0811851494         1.1045889054    0.0000        1
   21         0.1579861477         2.1495279289    0.0000        1
   22         0.1628482611         2.2156808706    0.0000        1
   23         0.1671162453         2.2737502109    0.0000        1
   24         0.1808428475         2.4605116144    0.0000        1
   25         0.1845343010         2.5107367931    0.0000        1
   26         0.2212984425         3.0109423492    0.0000        1
   27         0.2309666750         3.1424863862    0.0000        1
   28         0.2334771414         3.1766432905    0.0000        1
   29         0.2343068117         3.1879316191    0.0000        1
   30         0.2714990904         3.6939623236    0.0000        1
   31         0.2940490578         4.0007726712    0.0000        1
   32         0.2942544475         4.0035671617    0.0000        1
   33         0.2945217539         4.0072040794    0.0000        1
   34         0.3004754781         4.0882092593    0.0000        1
   35         0.3049713800         4.1493796025    0.0000        1
   36         0.3064232526         4.1691334902    0.0000        1
   37         0.3530772994         4.8038991202    0.0000        1
   38         0.3849619519         5.2377153249    0.0000        1
   39         0.3883846753         5.2842842155    0.0000        1
   40         0.3937564776         5.3573718831    0.0000        1
   41         0.4259278905         5.7950896929    0.0000        1
   42         0.4282028068         5.8260417486    0.0000        1
   43         0.4326401624         5.8864155217    0.0000        1
   44         0.4334558212         5.8975132120    0.0000        1
   45         0.4380155318         5.9595517221    0.0000        1
   46         0.4400771298         5.9876014129    0.0000        1
   47         0.4532443599         6.1667521116    0.0000        1
   48         0.4540500262         6.1777138468    0.0000        1
   49         0.4634456697         6.3055490927    0.0000        1
   50         0.4949812719         6.7346161898    0.0000        1
   51         0.4962370608         6.7517022015    0.0000        1
   52         0.4981557604         6.7778076442    0.0000        1
   53         0.5021404286         6.8320222428    0.0000        1
   54         0.5129937192         6.9796899446    0.0000        1
   55         0.5897313138         8.0237663094    0.0000        1
   56         0.5946270997         8.0903773929    0.0000        1
   57         0.5984734341         8.1427098491    0.0000        1
   58         0.6026151442         8.1990611285    0.0000        1
   59         0.6087277392         8.2822278743    0.0000        1
   60         0.6262222730         8.5202550026    0.0000        1
   61         0.6338609539         8.6241853671    0.0000        1
   62         0.6459204228         8.7882640885    0.0000        1
   63         0.6537821764         8.8952295355    0.0000        1
   64         0.6642128654         9.0371474046    0.0000        1
   65         0.6687807478         9.0992970990    0.0000        1

 Max and min values of charge density [e/bohr^3]:   1.7418E+00   2.2719E-12

 Hartree potential time [sec]:      10.92

   Eigenvalue Energy             =         -42.04396904 [Ry]
   Hartree Energy                =         405.70263003 [Ry]
   Integral_{Vxc*rho}            =         -52.76026513 [Ry]
   Exc = Integral{eps_xc*rho}    =         -40.62705109 [Ry]
   Electron-Ion energy           =        -969.46388813 [Ry]
   Ion-Ion Energy                =         231.17870044 [Ry]
   (E(new)-E(old))/atom  =            -0.00015358 [eV]

   Total Energy =          -204.44238669 [Ry]
   Energy/atom  =          -556.32044497 [eV]

  0- 34    SRE of pot. & charge weighted pot =   0.2755504724   0.0002624291

 SCF iter #  35

 Diagonalization time [sec] :       4.77,      tdiag_sum =      201.38

 Fermi level at    -0.4713 [Ry]

   State   Eigenvalue [Ry]      Eigenvalue [eV]    Occup.     Repr.

    1        -2.5443185103       -34.6174887873    1.0000        1
    2        -2.3297810975       -31.6985356563    1.0000        1
    3        -2.3295557842       -31.6954700884    1.0000        1
    4        -2.3292179346       -31.6908733744    1.0000        1
    5        -1.3420132647       -18.2591640774    1.0000        1
    6        -1.1663657515       -15.8693391420    1.0000        1
    7        -1.1663164617       -15.8686685143    1.0000        1
    8        -1.1662298122       -15.8674895794    1.0000        1
    9        -0.8933890762       -12.1552730926    1.0000        1
   10        -0.8932061187       -12.1527838101    1.0000        1
   11        -0.8558194460       -11.6441082181    1.0000        1
   12        -0.8557703928       -11.6434408103    1.0000        1
   13        -0.8556928308       -11.6423855171    1.0000        1
   14        -0.7654581224       -10.4146701216    1.0000        1
   15        -0.7654167547       -10.4141072805    1.0000        1
   16        -0.7652994207       -10.4125108585    1.0000        1
   17        -0.0164998422        -0.2244935534    0.0000        1
   18         0.0729160459         0.9920811367    0.0000        1
   19         0.0758683752         1.0322499387    0.0000        1
   20         0.0804766675         1.0949494430    0.0000        1
   21         0.1581155807         2.1512889682    0.0000        1
   22         0.1626089552         2.2124249223    0.0000        1
   23         0.1664540186         2.2647400861    0.0000        1
   24         0.1805027123         2.4558838034    0.0000        1
   25         0.1836175489         2.4982636465    0.0000        1
   26         0.2214029234         3.0123638958    0.0000        1
   27         0.2309160106         3.1417970574    0.0000        1
   28         0.2333000865         3.1742343163    0.0000        1
   29         0.2340835618         3.1848941247    0.0000        1
   30         0.2713116668         3.6914122764    0.0000        1
   31         0.2941143113         4.0016604968    0.0000        1
   32         0.2944579388         4.0063358239    0.0000        1
   33         0.2946921070         4.0095218692    0.0000        1
   34         0.3010307624         4.0957643477    0.0000        1
   35         0.3048629341         4.1479041083    0.0000        1
   36         0.3064627922         4.1696714578    0.0000        1
   37         0.3532602052         4.8063877004    0.0000        1
   38         0.3858595685         5.2499281172    0.0000        1
   39         0.3889017973         5.2913200734    0.0000        1
   40         0.3939302337         5.3597359735    0.0000        1
   41         0.4271378639         5.8115523487    0.0000        1
   42         0.4290313713         5.8373150312    0.0000        1
   43         0.4330251693         5.8916538482    0.0000        1
   44         0.4338870364         5.9033802396    0.0000        1
   45         0.4377627327         5.9561121888    0.0000        1
   46         0.4398320801         5.9842673152    0.0000        1
   47         0.4519615192         6.1492980380    0.0000        1
   48         0.4533592336         6.1683150611    0.0000        1
   49         0.4614044776         6.2777770410    0.0000        1
   50         0.4955125461         6.7418445997    0.0000        1
   51         0.4965835820         6.7564168996    0.0000        1
   52         0.4982720086         6.7793892950    0.0000        1
   53         0.5019580846         6.8295413071    0.0000        1
   54         0.5123914324         6.9714953510    0.0000        1
   55         0.5902005409         8.0301505198    0.0000        1
   56         0.5946014991         8.0900290763    0.0000        1
   57         0.5987724825         8.1467786421    0.0000        1
   58         0.6023116207         8.1949314488    0.0000        1
   59         0.6086747252         8.2815065762    0.0000        1
   60         0.6256104483         8.5119306376    0.0000        1
   61         0.6330028584         8.6125102913    0.0000        1
   62         0.6451247645         8.7774385213    0.0000        1
   63         0.6529120840         8.8833912321    0.0000        1
   64         0.6637799543         9.0312573021    0.0000        1
   65         0.6666620832         9.0704709716    0.0000        1

 Max and min values of charge density [e/bohr^3]:   1.7417E+00   1.9523E-12

 Hartree potential time [sec]:      11.26

   Eigenvalue Energy             =         -42.04770156 [Ry]
   Hartree Energy                =         405.69983615 [Ry]
   Integral_{Vxc*rho}            =         -52.75975202 [Ry]
   Exc = Integral{eps_xc*rho}    =         -40.62665787 [Ry]
   Electron-Ion energy           =        -969.45847394 [Ry]
   Ion-Ion Energy                =         231.17870044 [Ry]
   (E(new)-E(old))/atom  =            -0.00011901 [eV]

   Total Energy =          -204.44243043 [Ry]
   Energy/atom  =          -556.32056399 [eV]

  0- 35    SRE of pot. & charge weighted pot =   0.1497858347   0.0002732195

 SCF iter #  36

 Diagonalization time [sec] :       4.72,      tdiag_sum =      206.09

 Fermi level at    -0.4732 [Ry]

   State   Eigenvalue [Ry]      Eigenvalue [eV]    Occup.     Repr.

    1        -2.5443900681       -34.6184623881    1.0000        1
    2        -2.3298754595       -31.6998195271    1.0000        1
    3        -2.3295985253       -31.6960516150    1.0000        1
    4        -2.3292953801       -31.6919270829    1.0000        1
    5        -1.3420748803       -18.2600024069    1.0000        1
    6        -1.1664411406       -15.8703648712    1.0000        1
    7        -1.1663740247       -15.8694517058    1.0000        1
    8        -1.1662872417       -15.8682709537    1.0000        1
    9        -0.8934542895       -12.1561603716    1.0000        1
   10        -0.8932709523       -12.1536659230    1.0000        1
   11        -0.8558868263       -11.6450249811    1.0000        1
   12        -0.8558364681       -11.6443398177    1.0000        1
   13        -0.8557576524       -11.6432674671    1.0000        1
   14        -0.7655207716       -10.4155225147    1.0000        1
   15        -0.7655001112       -10.4152414129    1.0000        1
   16        -0.7653600964       -10.4133363997    1.0000        1
   17        -0.0168066544        -0.2286679779    0.0000        1
   18         0.0725439746         0.9870188093    0.0000        1
   19         0.0752316191         1.0235863631    0.0000        1
   20         0.0794278665         1.0806796657    0.0000        1
   21         0.1576895441         2.1454923985    0.0000        1
   22         0.1618401689         2.2019649703    0.0000        1
   23         0.1653291631         2.2494355273    0.0000        1
   24         0.1794198030         2.4411499559    0.0000        1
   25         0.1821711165         2.4785837771    0.0000        1
   26         0.2210723071         3.0078655959    0.0000        1
   27         0.2305946258         3.1374243603    0.0000        1
   28         0.2328284108         3.1678167916    0.0000        1
   29         0.2335533087         3.1776796072    0.0000        1
   30         0.2705199004         3.6806396615    0.0000        1
   31         0.2935685845         3.9942354469    0.0000        1
   32         0.2936321772         3.9951006764    0.0000        1
   33         0.2940227941         4.0004153322    0.0000        1
   34         0.3007281920         4.0916476352    0.0000        1
   35         0.3040518902         4.1368692083    0.0000        1
   36         0.3055779367         4.1576322908    0.0000        1
   37         0.3525876476         4.7972370152    0.0000        1
   38         0.3857450133         5.2483695016    0.0000        1
   39         0.3884301624         5.2849031038    0.0000        1
   40         0.3931215595         5.3487333145    0.0000        1
   41         0.4269719332         5.8092947285    0.0000        1
   42         0.4286416003         5.8320118850    0.0000        1
   43         0.4321550376         5.8798150108    0.0000        1
   44         0.4332068097         5.8941252112    0.0000        1
   45         0.4364727113         5.9385604152    0.0000        1
   46         0.4386090503         5.9676270172    0.0000        1
   47         0.4496357969         6.1176547260    0.0000        1
   48         0.4516130525         6.1445568698    0.0000        1
   49         0.4584862787         6.2380726106    0.0000        1
   50         0.4950517724         6.7355754054    0.0000        1
   51         0.4960607734         6.7493036705    0.0000        1
   52         0.4975060109         6.7689672835    0.0000        1
   53         0.5009251625         6.8154875761    0.0000        1
   54         0.5107985726         6.9498232191    0.0000        1
   55         0.5893315036         8.0183265723    0.0000        1
   56         0.5932079342         8.0710685113    0.0000        1
   57         0.5977330977         8.1326369808    0.0000        1
   58         0.6006735338         8.1726439659    0.0000        1
   59         0.6074118001         8.2643234703    0.0000        1
   60         0.6238381087         8.4878165399    0.0000        1
   61         0.6311327309         8.5870657107    0.0000        1
   62         0.6432077769         8.7513563714    0.0000        1
   63         0.6512663432         8.8609996123    0.0000        1
   64         0.6624683031         9.0134112386    0.0000        1
   65         0.6636358292         9.0292963656    0.0000        1

 Max and min values of charge density [e/bohr^3]:   1.7417E+00   1.7261E-12

 Hartree potential time [sec]:      10.98

   Eigenvalue Energy             =         -42.04984778 [Ry]
   Hartree Energy                =         405.69820835 [Ry]
   Integral_{Vxc*rho}            =         -52.75948501 [Ry]
   Exc = Integral{eps_xc*rho}    =         -40.62645413 [Ry]
   Electron-Ion energy           =        -969.45587202 [Ry]
   Ion-Ion Energy                =         231.17870044 [Ry]
   (E(new)-E(old))/atom  =            -0.00009262 [eV]

   Total Energy =          -204.44246447 [Ry]
   Energy/atom  =          -556.32065660 [eV]

  0- 36    SRE of pot. & charge weighted pot =   0.1263833507   0.0002125645

 SCF iter #  37

 Diagonalization time [sec] :       4.80,      tdiag_sum =      210.90

 Fermi level at    -0.4745 [Ry]

   State   Eigenvalue [Ry]      Eigenvalue [eV]    Occup.     Repr.

    1        -2.5444502707       -34.6192814935    1.0000        1
    2        -2.3299378820       -31.7006688356    1.0000        1
    3        -2.3296555398       -31.6968273432    1.0000        1
    4        -2.3293553804       -31.6927434349    1.0000        1
    5        -1.3421264533       -18.2607040985    1.0000        1
    6        -1.1664965551       -15.8711188292    1.0000        1
    7        -1.1664256114       -15.8701535831    1.0000        1
    8        -1.1663396463       -15.8689839593    1.0000        1
    9        -0.8935080008       -12.1568911568    1.0000        1
   10        -0.8933245557       -12.1543952402    1.0000        1
   11        -0.8559419024       -11.6457743360    1.0000        1
   12        -0.8558906987       -11.6450776681    1.0000        1
   13        -0.8558125236       -11.6440140335    1.0000        1
   14        -0.7655778637       -10.4162992985    1.0000        1
   15        -0.7655581097       -10.4160305294    1.0000        1
   16        -0.7654158998       -10.4140956500    1.0000        1
   17        -0.0170786589        -0.2323688174    0.0000        1
   18         0.0722127355         0.9825120364    0.0000        1
   19         0.0746587467         1.0157919752    0.0000        1
   20         0.0784812272         1.0677998816    0.0000        1
   21         0.1573006017         2.1402005262    0.0000        1
   22         0.1611324441         2.1923358077    0.0000        1
   23         0.1643007340         2.2354429273    0.0000        1
   24         0.1784209305         2.4275594964    0.0000        1
   25         0.1808515777         2.4606303959    0.0000        1
   26         0.2207726002         3.0037878435    0.0000        1
   27         0.2303073290         3.1335154568    0.0000        1
   28         0.2323937280         3.1619025842    0.0000        1
   29         0.2330696346         3.1710988347    0.0000        1
   30         0.2697926757         3.6707451876    0.0000        1
   31         0.2930255093         3.9868464746    0.0000        1
   32         0.2931380594         3.9883778091    0.0000        1
   33         0.2932143974         3.9894164477    0.0000        1
   34         0.3004648535         4.0880647033    0.0000        1
   35         0.3033484539         4.1272983942    0.0000        1
   36         0.3047935616         4.1469602400    0.0000        1
   37         0.3520006450         4.7892503761    0.0000        1
   38         0.3856387280         5.2469234053    0.0000        1
   39         0.3880075986         5.2791537852    0.0000        1
   40         0.3923768327         5.3386007102    0.0000        1
   41         0.4268180560         5.8072011059    0.0000        1
   42         0.4282976957         5.8273327876    0.0000        1
   43         0.4313805342         5.8692772720    0.0000        1
   44         0.4325974638         5.8858345735    0.0000        1
   45         0.4353012707         5.9226220284    0.0000        1
   46         0.4375239517         5.9528633817    0.0000        1
   47         0.4475159597         6.0888126450    0.0000        1
   48         0.4499427071         6.1218304838    0.0000        1
   49         0.4558965683         6.2028375295    0.0000        1
   50         0.4946109466         6.7295776166    0.0000        1
   51         0.4956153200         6.7432429207    0.0000        1
   52         0.4968201479         6.7596355680    0.0000        1
   53         0.5000310733         6.8033227773    0.0000        1
   54         0.5093314160         6.9298613798    0.0000        1
   55         0.5885449149         8.0076244030    0.0000        1
   56         0.5919357962         8.0537600563    0.0000        1
   57         0.5967446499         8.1191883572    0.0000        1
   58         0.5991878830         8.1524304991    0.0000        1
   59         0.6062260239         8.2481900357    0.0000        1
   60         0.6220537312         8.4635386559    0.0000        1
   61         0.6294156315         8.5637031993    0.0000        1
   62         0.6412339561         8.7245009598    0.0000        1
   63         0.6497993060         8.8410393979    0.0000        1
   64         0.6605348346         8.9871048526    0.0000        1
   65         0.6616093400         9.0017243585    0.0000        1

 Max and min values of charge density [e/bohr^3]:   1.7417E+00   1.5555E-12

 Hartree potential time [sec]:      11.25

   Eigenvalue Energy             =         -42.05163379 [Ry]
   Hartree Energy                =         405.69699102 [Ry]
   Integral_{Vxc*rho}            =         -52.75929863 [Ry]
   Exc = Integral{eps_xc*rho}    =         -40.62631272 [Ry]
   Electron-Ion energy           =        -969.45411924 [Ry]
   Ion-Ion Energy                =         231.17870044 [Ry]
   (E(new)-E(old))/atom  =            -0.00007203 [eV]

   Total Energy =          -204.44249094 [Ry]
   Energy/atom  =          -556.32072864 [eV]

  0- 37    SRE of pot. & charge weighted pot =   0.1072962372   0.0001914441

 SCF iter #  38

 Diagonalization time [sec] :       4.75,      tdiag_sum =      215.64

 Fermi level at    -0.4752 [Ry]

   State   Eigenvalue [Ry]      Eigenvalue [eV]    Occup.     Repr.

    1        -2.5445125685       -34.6201291046    1.0000        1
    2        -2.3299932664       -31.7014223847    1.0000        1
    3        -2.3297261255       -31.6977877188    1.0000        1
    4        -2.3294141143       -31.6935425559    1.0000        1
    5        -1.3421792363       -18.2614222530    1.0000        1
    6        -1.1665484129       -15.8718243968    1.0000        1
    7        -1.1664802195       -15.8708965708    1.0000        1
    8        -1.1663968203       -15.8697618574    1.0000        1
    9        -0.8935632300       -12.1576425954    1.0000        1
   10        -0.8933796461       -12.1551447884    1.0000        1
   11        -0.8559979580       -11.6465370172    1.0000        1
   12        -0.8559456885       -11.6458258489    1.0000        1
   13        -0.8558694856       -11.6447890467    1.0000        1
   14        -0.7656379483       -10.4171167976    1.0000        1
   15        -0.7656116734       -10.4167593059    1.0000        1
   16        -0.7654767050       -10.4149229526    1.0000        1
   17        -0.0173112302        -0.2355331363    0.0000        1
   18         0.0719394485         0.9787937488    0.0000        1
   19         0.0741649706         1.0090737575    0.0000        1
   20         0.0776436890         1.0564045040    0.0000        1
   21         0.1569699278         2.1357014436    0.0000        1
   22         0.1605057708         2.1838094165    0.0000        1
   23         0.1633837779         2.2229670052    0.0000        1
   24         0.1775365584         2.4155269067    0.0000        1
   25         0.1796747340         2.4446184954    0.0000        1
   26         0.2205158223         3.0002941747    0.0000        1
   27         0.2300562743         3.1300996568    0.0000        1
   28         0.2320031125         3.1565879474    0.0000        1
   29         0.2326388604         3.1652378064    0.0000        1
   30         0.2691534857         3.6620484951    0.0000        1
   31         0.2923395290         3.9775131636    0.0000        1
   32         0.2927066351         3.9825079355    0.0000        1
   33         0.2927559533         3.9831789499    0.0000        1
   34         0.3002749415         4.0854807991    0.0000        1
   35         0.3027733507         4.1194736545    0.0000        1
   36         0.3041445379         4.1381297533    0.0000        1
   37         0.3515337346         4.7828976862    0.0000        1
   38         0.3855885293         5.2462404115    0.0000        1
   39         0.3876790681         5.2746838645    0.0000        1
   40         0.3917397740         5.3299330167    0.0000        1
   41         0.4267410541         5.8061534344    0.0000        1
   42         0.4280561155         5.8240458962    0.0000        1
   43         0.4307531958         5.8607418320    0.0000        1
   44         0.4321074458         5.8791674867    0.0000        1
   45         0.4342969118         5.9089569230    0.0000        1
   46         0.4366112797         5.9404457490    0.0000        1
   47         0.4456502580         6.0634282805    0.0000        1
   48         0.4484010729         6.1008553179    0.0000        1
   49         0.4536589119         6.1723924230    0.0000        1
   50         0.4942392697         6.7245206560    0.0000        1
   51         0.4952775895         6.7386478277    0.0000        1
   52         0.4962562201         6.7519628792    0.0000        1
   53         0.4993031892         6.7934193317    0.0000        1
   54         0.5080337815         6.9122060242    0.0000        1
   55         0.5879005875         7.9988578134    0.0000        1
   56         0.5908504394         8.0389929090    0.0000        1
   57         0.5958622240         8.1071822478    0.0000        1
   58         0.5979138076         8.1350956829    0.0000        1
   59         0.6051710647         8.2338364719    0.0000        1
   60         0.6203272561         8.4400485804    0.0000        1
   61         0.6278896007         8.5429403293    0.0000        1
   62         0.6392740775         8.6978352437    0.0000        1
   63         0.6485123007         8.8235286615    0.0000        1
   64         0.6580784628         8.9536839487    0.0000        1
   65         0.6605549974         8.9873791834    0.0000        1

 Max and min values of charge density [e/bohr^3]:   1.7417E+00   1.3811E-12

 Hartree potential time [sec]:      11.15

   Eigenvalue Energy             =         -42.05346620 [Ry]
   Hartree Energy                =         405.69619154 [Ry]
   Integral_{Vxc*rho}            =         -52.75918772 [Ry]
   Exc = Integral{eps_xc*rho}    =         -40.62622929 [Ry]
   Electron-Ion energy           =        -969.45314044 [Ry]
   Ion-Ion Energy                =         231.17870044 [Ry]
   (E(new)-E(old))/atom  =            -0.00005615 [eV]

   Total Energy =          -204.44251157 [Ry]
   Energy/atom  =          -556.32078478 [eV]

  0- 38    SRE of pot. & charge weighted pot =   0.0855230448   0.0001584754

 SCF iter #  39

 Diagonalization time [sec] :       4.65,      tdiag_sum =      220.30

 Fermi level at    -0.4758 [Ry]

   State   Eigenvalue [Ry]      Eigenvalue [eV]    Occup.     Repr.

    1        -2.5445881655       -34.6211576621    1.0000        1
    2        -2.3300566176       -31.7022843273    1.0000        1
    3        -2.3298149135       -31.6989957498    1.0000        1
    4        -2.3294847631       -31.6945037904    1.0000        1
    5        -1.3422436650       -18.2622988576    1.0000        1
    6        -1.1666100261       -15.8726626931    1.0000        1
    7        -1.1665476241       -15.8718136646    1.0000        1
    8        -1.1664667112       -15.8707127791    1.0000        1
    9        -0.8936284320       -12.1585297207    1.0000        1
   10        -0.8934451389       -12.1560358708    1.0000        1
   11        -0.8560642917       -11.6474395399    1.0000        1
   12        -0.8560112014       -11.6467172045    1.0000        1
   13        -0.8559373293       -11.6457121144    1.0000        1
   14        -0.7657101229       -10.4180987898    1.0000        1
   15        -0.7656728937       -10.4175922564    1.0000        1
   16        -0.7655493745       -10.4159116794    1.0000        1
   17        -0.0175154940        -0.2383123082    0.0000        1
   18         0.0717070528         0.9756318183    0.0000        1
   19         0.0737320253         1.0031831893    0.0000        1
   20         0.0768954844         1.0462245812    0.0000        1
   21         0.1566805146         2.1317637456    0.0000        1
   22         0.1599417256         2.1761351307    0.0000        1
   23         0.1625568687         2.2117162442    0.0000        1
   24         0.1767424681         2.4047226731    0.0000        1
   25         0.1786140154         2.4301865711    0.0000        1
   26         0.2202820735         2.9971138358    0.0000        1
   27         0.2298237365         3.1269357943    0.0000        1
   28         0.2316384736         3.1516267435    0.0000        1
   29         0.2322430592         3.1598526154    0.0000        1
   30         0.2685806457         3.6542545490    0.0000        1
   31         0.2918972770         3.9714959707    0.0000        1
   32         0.2920979609         3.9742264359    0.0000        1
   33         0.2924275596         3.9787108904    0.0000        1
   34         0.3001296893         4.0835045269    0.0000        1
   35         0.3022935411         4.1129454613    0.0000        1
   36         0.3035984326         4.1306995544    0.0000        1
   37         0.3511592170         4.7778020748    0.0000        1
   38         0.3855742629         5.2460463067    0.0000        1
   39         0.3874216760         5.2711818398    0.0000        1
   40         0.3911880270         5.3224260574    0.0000        1
   41         0.4267146853         5.8057946659    0.0000        1
   42         0.4278889796         5.8217718783    0.0000        1
   43         0.4302375327         5.8537258227    0.0000        1
   44         0.4316989016         5.8736089154    0.0000        1
   45         0.4334312419         5.8971787907    0.0000        1
   46         0.4358282674         5.9297922412    0.0000        1
   47         0.4439983160         6.0409522883    0.0000        1
   48         0.4469703301         6.0813889179    0.0000        1
   49         0.4517088075         6.1458596933    0.0000        1
   50         0.4939196096         6.7201714249    0.0000        1
   51         0.4950197616         6.7351398730    0.0000        1
   52         0.4957935128         6.7456673759    0.0000        1
   53         0.4987066669         6.7853031687    0.0000        1
   54         0.5068780349         6.8964811675    0.0000        1
   55         0.5873625646         7.9915375812    0.0000        1
   56         0.5899144637         8.0262582107    0.0000        1
   57         0.5950471411         8.0960923928    0.0000        1
   58         0.5968083696         8.1200553152    0.0000        1
   59         0.6042151302         8.2208302178    0.0000        1
   60         0.6186550172         8.4172964334    0.0000        1
   61         0.6265121284         8.5241987161    0.0000        1
   62         0.6373287109         8.6713669752    0.0000        1
   63         0.6473508774         8.8077265683    0.0000        1
   64         0.6558251583         8.9230259394    0.0000        1
   65         0.6596851513         8.9755442314    0.0000        1

 Max and min values of charge density [e/bohr^3]:   1.7417E+00   1.1180E-12

 Hartree potential time [sec]:      11.01

   Eigenvalue Energy             =         -42.05566254 [Ry]
   Hartree Energy                =         405.69600159 [Ry]
   Integral_{Vxc*rho}            =         -52.75918221 [Ry]
   Exc = Integral{eps_xc*rho}    =         -40.62622677 [Ry]
   Electron-Ion energy           =        -969.45324144 [Ry]
   Ion-Ion Energy                =         231.17870044 [Ry]
   (E(new)-E(old))/atom  =            -0.00004378 [eV]

   Total Energy =          -204.44252766 [Ry]
   Energy/atom  =          -556.32082856 [eV]

  0- 39    SRE of pot. & charge weighted pot =   0.0567479202   0.0000906153

 SCF iter #  40

 Diagonalization time [sec] :       4.77,      tdiag_sum =      225.07

 Fermi level at    -0.4762 [Ry]

   State   Eigenvalue [Ry]      Eigenvalue [eV]    Occup.     Repr.

    1        -2.5446927314       -34.6225803649    1.0000        1
    2        -2.3301403731       -31.7034238886    1.0000        1
    3        -2.3299406733       -31.7007068131    1.0000        1
    4        -2.3295810188       -31.6958134253    1.0000        1
    5        -1.3423332186       -18.2635173055    1.0000        1
    6        -1.1666946314       -15.8738138163    1.0000        1
    7        -1.1666425059       -15.8731046068    1.0000        1
    8        -1.1665628598       -15.8720209585    1.0000        1
    9        -0.8937163656       -12.1597261270    1.0000        1
   10        -0.8935341207       -12.1572465398    1.0000        1
   11        -0.8561539920       -11.6486599838    1.0000        1
   12        -0.8561000769       -11.6479264265    1.0000        1
   13        -0.8560295861       -11.6469673419    1.0000        1
   14        -0.7658095399       -10.4194514376    1.0000        1
   15        -0.7657528397       -10.4186799863    1.0000        1
   16        -0.7656477628       -10.4172503306    1.0000        1
   17        -0.0176857237        -0.2406284194    0.0000        1
   18         0.0715352099         0.9732937585    0.0000        1
   19         0.0733777139         0.9983624997    0.0000        1
   20         0.0762459389         1.0373869951    0.0000        1
   21         0.1564576091         2.1287309376    0.0000        1
   22         0.1594631766         2.1696240882    0.0000        1
   23         0.1618373882         2.2019271362    0.0000        1
   24         0.1760740253         2.3956279735    0.0000        1
   25         0.1776856855         2.4175558997    0.0000        1
   26         0.2200863774         2.9944512333    0.0000        1
   27         0.2296118201         3.1240525020    0.0000        1
   28         0.2313019369         3.1470478930    0.0000        1
   29         0.2318897525         3.1550455950    0.0000        1
   30         0.2680985475         3.6476952177    0.0000        1
   31         0.2916818138         3.9685644221    0.0000        1
   32         0.2918006024         3.9701806356    0.0000        1
   33         0.2919560246         3.9722952792    0.0000        1
   34         0.3000638798         4.0826091352    0.0000        1
   35         0.3019327854         4.1080370918    0.0000        1
   36         0.3032013478         4.1252968978    0.0000        1
   37         0.3509309603         4.7746964600    0.0000        1
   38         0.3856562379         5.2471616419    0.0000        1
   39         0.3872954275         5.2694641279    0.0000        1
   40         0.3907845764         5.3169367894    0.0000        1
   41         0.4268234336         5.8072742734    0.0000        1
   42         0.4278699372         5.8215127911    0.0000        1
   43         0.4298887074         5.8489797747    0.0000        1
   44         0.4314325655         5.8699851994    0.0000        1
   45         0.4327653562         5.8881188827    0.0000        1
   46         0.4352197048         5.9215122601    0.0000        1
   47         0.4426115928         6.0220848097    0.0000        1
   48         0.4457318397         6.0645382646    0.0000        1
   49         0.4500700359         6.1235628943    0.0000        1
   50         0.4937131085         6.7173618117    0.0000        1
   51         0.4948983128         6.7334874643    0.0000        1
   52         0.4954981889         6.7416492591    0.0000        1
   53         0.4982938974         6.7796871093    0.0000        1
   54         0.5059273128         6.8835458327    0.0000        1
   55         0.5870081823         7.9867159269    0.0000        1
   56         0.5892080727         8.0166471949    0.0000        1
   57         0.5943712489         8.0868963382    0.0000        1
   58         0.5959404472         8.1082465360    0.0000        1
   59         0.6034301288         8.2101496458    0.0000        1
   60         0.6171332500         8.3965915734    0.0000        1
   61         0.6253393129         8.5082416239    0.0000        1
   62         0.6354865896         8.6463034408    0.0000        1
   63         0.6463530937         8.7941509221    0.0000        1
   64         0.6538881461         8.8966713378    0.0000        1
   65         0.6590066348         8.9663124723    0.0000        1

 Max and min values of charge density [e/bohr^3]:   1.7418E+00   9.2466E-13

 Hartree potential time [sec]:      11.04

   Eigenvalue Energy             =         -42.05866459 [Ry]
   Hartree Energy                =         405.69662138 [Ry]
   Integral_{Vxc*rho}            =         -52.75931026 [Ry]
   Exc = Integral{eps_xc*rho}    =         -40.62632676 [Ry]
   Electron-Ion energy           =        -969.45476037 [Ry]
   Ion-Ion Energy                =         231.17870044 [Ry]
   (E(new)-E(old))/atom  =            -0.00003418 [eV]

   Total Energy =          -204.44254022 [Ry]
   Energy/atom  =          -556.32086274 [eV]

  0- 40    SRE of pot. & charge weighted pot =   0.0159554576   0.0000389799

Self-consistency convergence achieved.

Time for self-consistent field [sec] :     782.81,    tdiag_sum =      225.07
Time spent on Hartree potential [sec] :      442.12

Atomic AE-minus-pseudo reference correction :        -670.90314000 [Ry]
Reference-corrected all-electron total      :        -875.34568022 [Ry]
Reference-corrected all-electron total      :      -11909.77825593 [eV]

 Initial Hamiltonian component timings [sec]
 --------------------------------------------------
 Finite-difference (-nabla^2) :     0.049208
 V_ion diagonal/local         :     0.348654
 V_ion nonlocal projectors    :     0.053907
 Initial V_xc (PBE)             :     1.470293
 Component subtotal             :     1.922061
 --------------------------------------------------

 SCF timing analysis [sec]
 --------------------------------------------------
 Initial Hartree potential      :     8.211194
 Initial exchange-correlation   :     1.470293
 Hamiltonian binding subtotal  :     1.187032
 Diagonalization subtotal       :   225.065211
 Occupation/density subtotal   :    24.388419
 Hartree potential subtotal     :   442.122448
 Exchange-correlation subtotal  :    72.086519
 Mixing/energy subtotal         :     6.957338
 SCF wall time                   :   782.266367
 --------------------------------------------------

Forces, dipoles, and MPI statistics
are not calculated by this Python single-point implementation.

 =================================================================

 Accelerated Hamiltonian statistics:
 -----------------------------------
 Backend = cupy
 H applications =         2851
 Orbital vectors applied =        39291
 Total H application time [sec] =     0.000000
 Average H application [sec] =     0.000000
 Local-potential updates =           40
 Local update time [sec] =     1.135667
 Per-H device timing = disabled (would synchronize every recurrence)
 GPU initial-eigensolver calls =            1
 GPU initial-eigensolver synchronized time [sec] =    40.056511
 GPU SUBSPACE calls =           39
 GPU SUBSPACE synchronized time [sec] =   184.997864
 Requested-eigenpair download [sec] =     0.006595
 GPU density builds =           40
 GPU density build/download [sec] =    24.348363
 Final wavefunction download [sec] =     0.518334
 Accelerated Hartree solves =           41
 Accelerated Hartree total [sec] =   450.272589
 Hartree boundary/RHS [sec] =     4.370642
 Hartree linear solve [sec] =   445.901689
 Host-to-device time [sec] =     0.000000
 Device kernel time [sec] =   225.054375
 Device-to-host time [sec] =     0.006595
 Pre-SCF setup/reporting wall time [sec] :   10.271488
 Post-SCF finalization/reporting [sec] :    0.000249
 Total accelerated Python wall time [sec] :      793.08
Text log: C:\Users\zigze\Desktop\parsec_python\src\accelerated_architecture\benchmarks\0_CH4_CF4\python_pbe\CF4\IS\parsec.out
