 C  pb nrl nc  
 converted from C-1s_generated.UPF (UPF 2.0.1, semilocal norm-conserving)
 2s(  2.00) rc= 1.4982 2p(  2.00) rc= 1.4982 d(  0.00) rc= 1.4982
   3  0  921  1.041666666667E-03  1.219994341177E-02  5.000000000000E+00   nl nls nr a b zion
 Radial grid follows
  1.278611071230E-05  2.572916666667E-05  3.883109431356E-05  5.209384375000E-05
  6.551938900978E-05  7.910972835729E-05  9.286688458499E-05  1.067929053144E-04
  1.208898633009E-04  1.351598567423E-04  1.496050095911E-04  1.642274718705E-04
  1.790294199947E-04  1.940130570924E-04  2.091806133352E-04  2.245343462692E-04
  2.400765411513E-04  2.558095112888E-04  2.717355983844E-04  2.878571728843E-04
  3.041766343311E-04  3.206964117212E-04  3.374189638658E-04  3.543467797573E-04
  3.714823789399E-04  3.888283118840E-04  4.063871603664E-04  4.241615378542E-04
  4.421540898941E-04  4.603674945059E-04  4.788044625812E-04  4.974677382869E-04
  5.163600994736E-04  5.354843580892E-04  5.548433605973E-04  5.744399884007E-04
  5.942771582707E-04  6.143578227808E-04  6.346849707466E-04  6.552616276702E-04
  6.760908561907E-04  6.971757565403E-04  7.185194670053E-04  7.401251643935E-04
  7.619960645070E-04  7.841354226207E-04  8.065465339670E-04  8.292327342261E-04
  8.521974000227E-04  8.754439494282E-04  8.989758424699E-04  9.227965816457E-04
  9.469097124456E-04  9.713188238790E-04  9.960275490096E-04  1.021039565496E-03
  1.046358596137E-03  1.071988409430E-03  1.097932820128E-03  1.124195689809E-03
  1.150780927452E-03  1.177692490014E-03  1.204934383027E-03  1.232510661184E-03
  1.260425428954E-03  1.288682841182E-03  1.317287103716E-03  1.346242474026E-03
  1.375553261844E-03  1.405223829801E-03  1.435258594079E-03  1.465662025064E-03
  1.496438648019E-03  1.527593043750E-03  1.559129849292E-03  1.591053758597E-03
  1.623369523236E-03  1.656081953101E-03  1.689195917126E-03  1.722716344009E-03
  1.756648222946E-03  1.790996604373E-03  1.825766600720E-03  1.860963387168E-03
  1.896592202424E-03  1.932658349498E-03  1.969167196491E-03  2.006124177397E-03
  2.043534792911E-03  2.081404611245E-03  2.119739268962E-03  2.158544471810E-03
  2.197825995572E-03  2.237589686930E-03  2.277841464329E-03  2.318587318864E-03
  2.359833315165E-03  2.401585592306E-03  2.443850364716E-03  2.486633923103E-03
  2.529942635391E-03  2.573782947670E-03  2.618161385152E-03  2.663084553145E-03
  2.708559138032E-03  2.754591908274E-03  2.801189715408E-03  2.848359495075E-03
  2.896108268046E-03  2.944443141270E-03  2.993371308933E-03  3.042900053526E-03
  3.093036746930E-03  3.143788851515E-03  3.195163921246E-03  3.247169602814E-03
  3.299813636768E-03  3.353103858670E-03  3.407048200262E-03  3.461654690646E-03
  3.516931457476E-03  3.572886728171E-03  3.629528831142E-03  3.686866197024E-03
  3.744907359938E-03  3.803660958757E-03  3.863135738395E-03  3.923340551105E-03
  3.984284357800E-03  4.045976229384E-03  4.108425348104E-03  4.171641008916E-03
  4.235632620869E-03  4.300409708503E-03  4.365981913271E-03  4.432358994970E-03
  4.499550833196E-03  4.567567428812E-03  4.636418905442E-03  4.706115510971E-03
  4.776667619073E-03  4.848085730758E-03  4.920380475931E-03  4.993562614975E-03
  5.067643040353E-03  5.142632778231E-03  5.218542990117E-03  5.295384974520E-03
  5.373170168639E-03  5.451910150058E-03  5.531616638471E-03  5.612301497431E-03
  5.693976736108E-03  5.776654511084E-03  5.860347128157E-03  5.945067044174E-03
  6.030826868889E-03  6.117639366832E-03  6.205517459217E-03  6.294474225860E-03
  6.384522907126E-03  6.475676905905E-03  6.567949789599E-03  6.661355292147E-03
  6.755907316069E-03  6.851619934530E-03  6.948507393442E-03  7.046584113580E-03
  7.145864692727E-03  7.246363907852E-03  7.348096717304E-03  7.451078263042E-03
  7.555323872888E-03  7.660849062806E-03  7.767669539215E-03  7.875801201324E-03
  7.985260143500E-03  8.096062657664E-03  8.208225235712E-03  8.321764571975E-03
  8.436697565700E-03  8.553041323569E-03  8.670813162240E-03  8.790030610928E-03
  8.910711414014E-03  9.032873533684E-03  9.156535152607E-03  9.281714676633E-03
  9.408430737543E-03  9.536702195813E-03  9.666548143427E-03  9.797987906716E-03
  9.931041049236E-03  1.006572737468E-02  1.020206692982E-02  1.034008000750E-02
  1.047978714965E-02  1.062120915035E-02  1.076436705891E-02  1.090928218303E-02
  1.105597609194E-02  1.120447061962E-02  1.135478786807E-02  1.150695021059E-02
  1.166098029508E-02  1.181690104746E-02  1.197473567504E-02  1.213450767000E-02
  1.229624081288E-02  1.245995917611E-02  1.262568712762E-02  1.279344933443E-02
  1.296327076634E-02  1.313517669966E-02  1.330919272094E-02  1.348534473081E-02
  1.366365894781E-02  1.384416191232E-02  1.402688049049E-02  1.421184187822E-02
  1.439907360527E-02  1.458860353928E-02  1.478045988999E-02  1.497467121337E-02
  1.517126641594E-02  1.537027475901E-02  1.557172586308E-02  1.577564971222E-02
  1.598207665856E-02  1.619103742678E-02  1.640256311869E-02  1.661668521789E-02
  1.683343559439E-02  1.705284650944E-02  1.727495062024E-02  1.749978098489E-02
  1.772737106723E-02  1.795775474188E-02  1.819096629925E-02  1.842704045067E-02
  1.866601233351E-02  1.890791751647E-02  1.915279200482E-02  1.940067224579E-02
  1.965159513400E-02  1.990559801693E-02  2.016271870048E-02  2.042299545461E-02
  2.068646701905E-02  2.095317260901E-02  2.122315192108E-02  2.149644513912E-02
  2.177309294020E-02  2.205313650072E-02  2.233661750249E-02  2.262357813896E-02
  2.291406112147E-02  2.320810968566E-02  2.350576759784E-02  2.380707916156E-02
  2.411208922417E-02  2.442084318351E-02  2.473338699467E-02  2.504976717681E-02
  2.537003082011E-02  2.569422559275E-02  2.602239974803E-02  2.635460213156E-02
  2.669088218848E-02  2.703128997087E-02  2.737587614520E-02  2.772469199982E-02
  2.807778945265E-02  2.843522105888E-02  2.879704001880E-02  2.916330018570E-02
  2.953405607393E-02  2.990936286696E-02  3.028927642562E-02  3.067385329644E-02
  3.106315072000E-02  3.145722663953E-02  3.185613970945E-02  3.225994930419E-02
  3.266871552694E-02  3.308249921867E-02  3.350136196712E-02  3.392536611604E-02
  3.435457477438E-02  3.478905182577E-02  3.522886193797E-02  3.567407057253E-02
  3.612474399451E-02  3.658094928234E-02  3.704275433784E-02  3.751022789628E-02
  3.798343953665E-02  3.846245969199E-02  3.894735965987E-02  3.943821161304E-02
  3.993508861014E-02  4.043806460655E-02  4.094721446547E-02  4.146261396900E-02
  4.198433982944E-02  4.251246970070E-02  4.304708218989E-02  4.358825686898E-02
  4.413607428665E-02  4.469061598031E-02  4.525196448820E-02  4.582020336169E-02
  4.639541717772E-02  4.697769155139E-02  4.756711314868E-02  4.816376969937E-02
  4.876775001012E-02  4.937914397761E-02  4.999804260203E-02  5.062453800053E-02
  5.125872342097E-02  5.190069325581E-02  5.255054305613E-02  5.320836954589E-02
  5.387427063629E-02  5.454834544034E-02  5.523069428767E-02  5.592141873939E-02
  5.662062160324E-02  5.732840694892E-02  5.804488012351E-02  5.877014776722E-02
  5.950431782923E-02  6.024749958374E-02  6.099980364627E-02  6.176134199012E-02
  6.253222796300E-02  6.331257630395E-02  6.410250316036E-02  6.490212610532E-02
  6.571156415508E-02  6.653093778679E-02  6.736036895638E-02  6.819998111679E-02
  6.904989923627E-02  6.991024981704E-02  7.078116091407E-02  7.166276215419E-02
  7.255518475532E-02  7.345856154606E-02  7.437302698544E-02  7.529871718292E-02
  7.623576991865E-02  7.718432466400E-02  7.814452260230E-02  7.911650664987E-02
  8.010042147725E-02  8.109641353079E-02  8.210463105440E-02  8.312522411166E-02
  8.415834460811E-02  8.520414631389E-02  8.626278488660E-02  8.733441789451E-02
  8.841920483997E-02  8.951730718317E-02  9.062888836618E-02  9.175411383726E-02
  9.289315107549E-02  9.404616961571E-02  9.521334107372E-02  9.639483917188E-02
  9.759083976491E-02  9.880152086609E-02  1.000270626738E-01  1.012676475982E-01
  1.025234602885E-01  1.037946876605E-01  1.050815189243E-01  1.063841456124E-01
  1.077027616084E-01  1.090375631757E-01  1.103887489868E-01  1.117565201528E-01
  1.131410802534E-01  1.145426353672E-01  1.159613941023E-01  1.173975676274E-01
  1.188513697033E-01  1.203230167145E-01  1.218127277017E-01  1.233207243940E-01
  1.248472312426E-01  1.263924754532E-01  1.279566870209E-01  1.295400987636E-01
  1.311429463570E-01  1.327654683697E-01  1.344079062987E-01  1.360705046051E-01
  1.377535107509E-01  1.394571752355E-01  1.411817516331E-01  1.429274966305E-01
  1.446946700651E-01  1.464835349640E-01  1.482943575824E-01  1.501274074442E-01
  1.519829573814E-01  1.538612835748E-01  1.557626655954E-01  1.576873864457E-01
  1.596357326022E-01  1.616079940576E-01  1.636044643642E-01  1.656254406775E-01
  1.676712238006E-01  1.697421182289E-01  1.718384321952E-01  1.739604777158E-01
  1.761085706371E-01  1.782830306821E-01  1.804841814985E-01  1.827123507066E-01
  1.849678699481E-01  1.872510749357E-01  1.895623055025E-01  1.919019056533E-01
  1.942702236151E-01  1.966676118896E-01  1.990944273051E-01  2.015510310699E-01
  2.040377888262E-01  2.065550707040E-01  2.091032513768E-01  2.116827101171E-01
  2.142938308525E-01  2.169370022236E-01  2.196126176412E-01  2.223210753452E-01
  2.250627784637E-01  2.278381350729E-01  2.306475582584E-01  2.334914661759E-01
  2.363702821140E-01  2.392844345571E-01  2.422343572489E-01  2.452204892573E-01
  2.482432750396E-01  2.513031645086E-01  2.544006130998E-01  2.575360818387E-01
  2.607100374100E-01  2.639229522268E-01  2.671753045007E-01  2.704675783134E-01
  2.738002636885E-01  2.771738566644E-01  2.805888593683E-01  2.840457800907E-01
  2.875451333614E-01  2.910874400256E-01  2.946732273220E-01  2.983030289609E-01
  3.019773852036E-01  3.056968429429E-01  3.094619557848E-01  3.132732841303E-01
  3.171313952593E-01  3.210368634150E-01  3.249902698889E-01  3.289922031080E-01
  3.330432587218E-01  3.371440396914E-01  3.412951563789E-01  3.454972266384E-01
  3.497508759081E-01  3.540567373031E-01  3.584154517097E-01  3.628276678811E-01
  3.672940425336E-01  3.718152404445E-01  3.763919345509E-01  3.810248060501E-01
  3.857145445009E-01  3.904618479262E-01  3.952674229168E-01  4.001319847367E-01
  4.050562574295E-01  4.100409739263E-01  4.150868761547E-01  4.201947151490E-01
  4.253652511624E-01  4.305992537798E-01  4.358975020327E-01  4.412607845148E-01
  4.466898994996E-01  4.521856550590E-01  4.577488691839E-01  4.633803699057E-01
  4.690809954194E-01  4.748515942090E-01  4.806930251729E-01  4.866061577526E-01
  4.925918720614E-01  4.986510590158E-01  5.047846204680E-01  5.109934693401E-01
  5.172785297602E-01  5.236407371995E-01  5.300810386119E-01  5.366003925750E-01
  5.431997694323E-01  5.498801514383E-01  5.566425329040E-01  5.634879203454E-01
  5.704173326334E-01  5.774318011446E-01  5.845323699161E-01  5.917200957996E-01
  5.989960486197E-01  6.063613113325E-01  6.138169801872E-01  6.213641648891E-01
  6.290039887645E-01  6.367375889285E-01  6.445661164537E-01  6.524907365417E-01
  6.605126286968E-01  6.686329869010E-01  6.768530197922E-01  6.851739508441E-01
  6.935970185478E-01  7.021234765966E-01  7.107545940726E-01  7.194916556352E-01
  7.283359617128E-01  7.372888286961E-01  7.463515891338E-01  7.555255919315E-01
  7.648122025521E-01  7.742128032189E-01  7.837287931218E-01  7.933615886251E-01
  8.031126234785E-01  8.129833490308E-01  8.229752344451E-01  8.330897669185E-01
  8.433284519026E-01  8.536928133280E-01  8.641843938312E-01  8.748047549839E-01
  8.855554775255E-01  8.964381615987E-01  9.074544269871E-01  9.186059133568E-01
  9.298942805003E-01  9.413212085834E-01  9.528883983954E-01  9.645975716021E-01
  9.764504710024E-01  9.884488607873E-01  1.000594526803E+00  1.012889276815E+00
  1.025334940782E+00  1.037933371119E+00  1.050686442985E+00  1.063596054553E+00
  1.076664127294E+00  1.089892606267E+00  1.103283460405E+00  1.116838682808E+00
  1.130560291043E+00  1.144450327440E+00  1.158510859399E+00  1.172743979695E+00
  1.187151806793E+00  1.201736485160E+00  1.216500185587E+00  1.231445105510E+00
  1.246573469338E+00  1.261887528783E+00  1.277389563197E+00  1.293081879910E+00
  1.308966814575E+00  1.325046731511E+00  1.341324024061E+00  1.357801114946E+00
  1.374480456622E+00  1.391364531652E+00  1.408455853068E+00  1.425756964750E+00
  1.443270441805E+00  1.460998890946E+00  1.478944950884E+00  1.497111292719E+00
  1.515500620338E+00  1.534115670816E+00  1.552959214827E+00  1.572034057052E+00
  1.591343036600E+00  1.610889027428E+00  1.630674938770E+00  1.650703715572E+00
  1.670978338925E+00  1.691501826513E+00  1.712277233063E+00  1.733307650795E+00
  1.754596209886E+00  1.776146078936E+00  1.797960465437E+00  1.820042616252E+00
  1.842395818100E+00  1.865023398040E+00  1.887928723974E+00  1.911115205139E+00
  1.934586292622E+00  1.958345479872E+00  1.982396303217E+00  2.006742342392E+00
  2.031387221073E+00  2.056334607416E+00  2.081588214600E+00  2.107151801385E+00
  2.133029172667E+00  2.159224180046E+00  2.185740722399E+00  2.212582746460E+00
  2.239754247409E+00  2.267259269464E+00  2.295101906487E+00  2.323286302587E+00
  2.351816652743E+00  2.380697203427E+00  2.409932253233E+00  2.439526153519E+00
  2.469483309054E+00  2.499808178677E+00  2.530505275955E+00  2.561579169857E+00
  2.593034485437E+00  2.624875904519E+00  2.657108166394E+00  2.689736068528E+00
  2.722764467271E+00  2.756198278587E+00  2.790042478779E+00  2.824302105235E+00
  2.858982257172E+00  2.894088096401E+00  2.929624848091E+00  2.965597801548E+00
  3.002012311005E+00  3.038873796413E+00  3.076187744254E+00  3.113959708351E+00
  3.152195310703E+00  3.190900242314E+00  3.230080264044E+00  3.269741207466E+00
  3.309888975733E+00  3.350529544457E+00  3.391668962600E+00  3.433313353372E+00
  3.475468915143E+00  3.518141922367E+00  3.561338726514E+00  3.605065757016E+00
  3.649329522225E+00  3.694136610381E+00  3.739493690591E+00  3.785407513824E+00
  3.831884913915E+00  3.878932808582E+00  3.926558200456E+00  3.974768178121E+00
  4.023569917174E+00  4.072970681287E+00  4.122977823294E+00  4.173598786282E+00
  4.224841104696E+00  4.276712405469E+00  4.329220409149E+00  4.382372931051E+00
  4.436177882422E+00  4.490643271615E+00  4.545777205284E+00  4.601587889590E+00
  4.658083631421E+00  4.715272839630E+00  4.773164026284E+00  4.831765807936E+00
  4.891086906900E+00  4.951136152558E+00  5.011922482667E+00  5.073454944693E+00
  5.135742697156E+00  5.198795010994E+00  5.262621270942E+00  5.327230976932E+00
  5.392633745501E+00  5.458839311229E+00  5.525857528182E+00  5.593698371383E+00
  5.662371938294E+00  5.731888450323E+00  5.802258254337E+00  5.873491824212E+00
  5.945599762386E+00  6.018592801437E+00  6.092481805683E+00  6.167277772799E+00
  6.242991835450E+00  6.319635262954E+00  6.397219462953E+00  6.475755983115E+00
  6.555256512854E+00  6.635732885065E+00  6.717197077888E+00  6.799661216493E+00
  6.883137574879E+00  6.967638577707E+00  7.053176802145E+00  7.139764979743E+00
  7.227415998325E+00  7.316142903909E+00  7.405958902650E+00  7.496877362802E+00
  7.588911816712E+00  7.682075962830E+00  7.776383667752E+00  7.871848968279E+00
  7.968486073512E+00  8.066309366962E+00  8.165333408694E+00  8.265572937493E+00
  8.367042873056E+00  8.469758318215E+00  8.573734561187E+00  8.678987077842E+00
  8.785531534015E+00  8.893383787831E+00  9.002559892072E+00  9.113076096557E+00
  9.224948850572E+00  9.338194805309E+00  9.452830816348E+00  9.568873946167E+00
  9.686341466679E+00  9.805250861804E+00  9.925619830072E+00  1.004746628726E+01
  1.017080836904E+01  1.029566443372E+01  1.042205306492E+01  1.054999307440E+01
  1.067950350479E+01  1.081060363250E+01  1.094331297053E+01  1.107765127139E+01
  1.121363853007E+01  1.135129498696E+01  1.149064113093E+01  1.163169770231E+01
  1.177448569603E+01  1.191902636472E+01  1.206534122189E+01  1.221345204510E+01
  1.236338087923E+01  1.251515003978E+01  1.266878211612E+01  1.282429997493E+01
  1.298172676355E+01  1.314108591347E+01  1.330240114378E+01  1.346569646470E+01
  1.363099618120E+01  1.379832489655E+01  1.396770751604E+01  1.413916925066E+01
  1.431273562085E+01  1.448843246032E+01  1.466628591985E+01  1.484632247125E+01
  1.502856891124E+01  1.521305236546E+01  1.539980029251E+01  1.558884048805E+01
  1.578020108891E+01  1.597391057727E+01  1.616999778497E+01  1.636849189770E+01
  1.656942245942E+01  1.677281937674E+01  1.697871292334E+01  1.718713374451E+01
  1.739811286171E+01  1.761168167717E+01  1.782787197856E+01  1.804671594376E+01
  1.826824614560E+01  1.849249555674E+01  1.871949755456E+01  1.894928592616E+01
  1.918189487333E+01  1.941735901770E+01  1.965571340587E+01  1.989699351460E+01
  2.014123525616E+01  2.038847498358E+01  2.063874949615E+01  2.089209604484E+01
  2.114855233787E+01  2.140815654632E+01  2.167094730978E+01  2.193696374218E+01
  2.220624543750E+01  2.247883247578E+01  2.275476542898E+01  2.303408536709E+01
  2.331683386424E+01  2.360305300483E+01  2.389278538985E+01  2.418607414321E+01
  2.448296291815E+01  2.478349590372E+01  2.508771783139E+01  2.539567398171E+01
  2.570741019099E+01  2.602297285822E+01  2.634240895188E+01  2.666576601699E+01
  2.699309218216E+01  2.732443616677E+01  2.765984728822E+01  2.799937546926E+01
  2.834307124541E+01  2.869098577251E+01  2.904317083434E+01  2.939967885026E+01
  2.976056288311E+01  3.012587664703E+01  3.049567451549E+01  3.087001152938E+01
  3.124894340519E+01  3.163252654332E+01  3.202081803646E+01  3.241387567811E+01
  3.281175797113E+01  3.321452413652E+01  3.362223412219E+01  3.403494861186E+01
  3.445272903417E+01  3.487563757174E+01  3.530373717048E+01  3.573709154893E+01
  3.617576520776E+01  3.661982343936E+01  3.706933233756E+01  3.752435880747E+01
  3.798497057546E+01  3.845123619919E+01  3.892322507784E+01  3.940100746247E+01
  3.988465446643E+01  4.037423807596E+01  4.086983116092E+01  4.137150748561E+01
  4.187934171976E+01  4.239340944967E+01  4.291378718940E+01  4.344055239224E+01
  4.397378346215E+01  4.451355976549E+01  4.505996164283E+01  4.561307042087E+01
  4.617296842458E+01  4.673973898943E+01  4.731346647383E+01  4.789423627164E+01
  4.848213482490E+01  4.907724963671E+01  4.967966928424E+01  5.028948343191E+01
  5.090678284473E+01  5.153165940184E+01  5.216420611016E+01  5.280451711823E+01
  5.345268773025E+01  5.410881442022E+01  5.477299484635E+01  5.544532786557E+01
  5.612591354822E+01  5.681485319301E+01  5.751224934203E+01  5.821820579605E+01
  5.893282762995E+01  5.965622120838E+01  6.038849420157E+01  6.112975560139E+01
  6.188011573752E+01  6.263968629391E+01  6.340858032540E+01  6.418691227454E+01
  6.497479798861E+01  6.577235473688E+01  6.657970122809E+01  6.739695762805E+01
  6.822424557759E+01  6.906168821063E+01  6.990941017252E+01  7.076753763860E+01
  7.163619833295E+01  7.251552154744E+01  7.340563816094E+01  7.430668065883E+01
  7.521878315268E+01  7.614208140027E+01  7.707671282572E+01  7.802281654002E+01
  7.898053336168E+01
 Pseudopotential follows (l on next line)
 0
 -1.104368845371E-04 -2.222293523682E-04 -3.353940506441E-04 -4.499478313314E-04
 -5.659077537492E-04 -6.832910871377E-04 -8.021153132589E-04 -9.223981290310E-04
 -1.044157449195E-03 -1.167411409019E-03 -1.292178367027E-03 -1.418476907778E-03
 -1.546325844665E-03 -1.675744222759E-03 -1.806751321686E-03 -1.939366658542E-03
 -2.073609990845E-03 -2.209501319520E-03 -2.347060891933E-03 -2.486309204953E-03
 -2.627267008059E-03 -2.769955306486E-03 -2.914395364411E-03 -3.060608708177E-03
 -3.208617129569E-03 -3.358442689115E-03 -3.510107719450E-03 -3.663634828705E-03
 -3.819046903952E-03 -3.976367114690E-03 -4.135618916372E-03 -4.296826053989E-03
 -4.460012565688E-03 -4.625202786445E-03 -4.792421351782E-03 -4.961693201541E-03
 -5.133043583691E-03 -5.306498058204E-03 -5.482082500970E-03 -5.659823107765E-03
 -5.839746398276E-03 -6.021879220175E-03 -6.206248753249E-03 -6.392882513583E-03
 -6.581808357802E-03 -6.773054487365E-03 -6.966649452922E-03 -7.162622158723E-03
 -7.361001867091E-03 -7.561818202952E-03 -7.765101158430E-03 -7.970881097499E-03
 -8.179188760700E-03 -8.390055269927E-03 -8.603512133266E-03 -8.819591249913E-03
 -9.038325071972E-03 -9.259746182857E-03 -9.483887576047E-03 -9.710782759101E-03
 -9.940465654830E-03 -1.017297060637E-02 -1.040833245802E-02 -1.064658644422E-02
 -1.088776814175E-02 -1.113191363418E-02 -1.137905945215E-02 -1.162924257876E-02
 -1.188250045491E-02 -1.213887098473E-02 -1.239839254100E-02 -1.266110399005E-02
 -1.292704528654E-02 -1.319625572507E-02 -1.346877562394E-02 -1.374464579908E-02
 -1.402390756960E-02 -1.430660276339E-02 -1.459277493398E-02 -1.488246595595E-02
 -1.517571923356E-02 -1.547257871298E-02 -1.577308888569E-02 -1.607729665328E-02
 -1.638524603005E-02 -1.669698318646E-02 -1.701255485699E-02 -1.733200985876E-02
 -1.765539595682E-02 -1.798276066491E-02 -1.831415307725E-02 -1.864962475035E-02
 -1.898922612115E-02 -1.933300665844E-02 -1.968101792971E-02 -2.003331559215E-02
 -2.038995071340E-02 -2.075097577678E-02 -2.111644592911E-02 -2.148642005102E-02
 -2.186094942264E-02 -2.224009024259E-02 -2.262390484537E-02 -2.301244797131E-02
 -2.340577631007E-02 -2.380395291849E-02 -2.420703894795E-02 -2.461509062197E-02
 -2.502817213098E-02 -2.544635072375E-02 -2.586968232150E-02 -2.629823288638E-02
 -2.673207505602E-02 -2.717126479047E-02 -2.761587075539E-02 -2.806596974953E-02
 -2.852161834768E-02 -2.898288922642E-02 -2.944986144556E-02 -2.992259307634E-02
 -3.040116258922E-02 -3.088564854534E-02 -3.137611178707E-02 -3.187263895856E-02
 -3.237530427472E-02 -3.288417312310E-02 -3.339934344499E-02 -3.392087989705E-02
 -3.444885637281E-02 -3.498338148028E-02 -3.552450808166E-02 -3.607233004229E-02
 -3.662694230470E-02 -3.718840643501E-02 -3.775683588602E-02 -3.833230262417E-02
 -3.891488528397E-02 -3.950471149466E-02 -4.010183044450E-02 -4.070635777255E-02
 -4.131838851936E-02 -4.193798909065E-02 -4.256530973954E-02 -4.320039683751E-02
 -4.384336879612E-02 -4.449433968115E-02 -4.515336891903E-02 -4.582062426446E-02
 -4.649615186472E-02 -4.718007924653E-02 -4.787253038552E-02 -4.857356107296E-02
 -4.928336769557E-02 -5.000197948629E-02 -5.072955083013E-02 -5.146619910097E-02
 -5.221199141171E-02 -5.296714437656E-02 -5.373166878333E-02 -5.450576558548E-02
 -5.528951854507E-02 -5.608303965918E-02 -5.688652318943E-02 -5.769998796862E-02
 -5.852370159166E-02 -5.935767263124E-02 -6.020210157543E-02 -6.105711756599E-02
 -6.192280088609E-02 -6.279941617724E-02 -6.368694101739E-02 -6.458569334842E-02
 -6.549567342192E-02 -6.641710651835E-02 -6.735013737989E-02 -6.829484680123E-02
 -6.925154164626E-02 -7.022016578280E-02 -7.120113044136E-02 -7.219436443886E-02
 -7.320018468819E-02 -7.421868812201E-02 -7.525002329918E-02 -7.629447565194E-02
 -7.735200451384E-02 -7.842310588922E-02 -7.950760409671E-02 -8.060599915299E-02
 -8.171822484782E-02 -8.284461869325E-02 -8.398532611181E-02 -8.514047221897E-02
 -8.631043889431E-02 -8.749511348320E-02 -8.869514108400E-02 -8.991022815055E-02
 -9.114105912499E-02 -9.238743981785E-02 -9.364986974785E-02 -9.492840893816E-02
 -9.622330175992E-02 -9.753489156630E-02 -9.886313789469E-02 -1.002086986501E-01
 -1.015712167200E-01 -1.029516979664E-01 -1.043495873021E-01 -1.057658161135E-01
 -1.072000823640E-01 -1.086530405595E-01 -1.101247094318E-01 -1.116154217437E-01
 -1.131255517718E-01 -1.146550752278E-01 -1.162047588726E-01 -1.177741838935E-01
 -1.193645486602E-01 -1.209750726877E-01 -1.226072097519E-01 -1.242601391155E-01
 -1.259351037421E-01 -1.276316567917E-01 -1.293506675132E-01 -1.310921015869E-01
 -1.328564155637E-01 -1.346440281353E-01 -1.364549423424E-01 -1.382900721603E-01
 -1.401489245779E-01 -1.420329527884E-01 -1.439411235918E-01 -1.458754748367E-01
 -1.478345545038E-01 -1.498205310605E-01 -1.518321039510E-01 -1.538711043413E-01
 -1.559367066314E-01 -1.580302697981E-01 -1.601514847214E-01 -1.623011967986E-01
 -1.644796555257E-01 -1.666871508490E-01 -1.689245332802E-01 -1.711914953355E-01
 -1.734895307940E-01 -1.758176930903E-01 -1.781781608978E-01 -1.805693077528E-01
 -1.829940376712E-01 -1.854500796612E-01 -1.879408774149E-01 -1.904639610796E-01
 -1.930224993315E-01 -1.956145816589E-01 -1.982428258815E-01 -2.009059149317E-01
 -2.036058827728E-01 -2.063420373382E-01 -2.091157985479E-01 -2.119271275744E-01
 -2.147768037259E-01 -2.176654654763E-01 -2.205932294607E-01 -2.235614303987E-01
 -2.265695056735E-01 -2.296194990489E-01 -2.327101586219E-01 -2.358442427377E-01
 -2.390198078657E-01 -2.422403240109E-01 -2.455031625956E-01 -2.488124926262E-01
 -2.521650776076E-01 -2.555655808489E-01 -2.590106193677E-01 -2.625044980387E-01
 -2.660444714422E-01 -2.696342245100E-01 -2.732716447243E-01 -2.769598046552E-01
 -2.806972101690E-01 -2.844863393258E-01 -2.883262908005E-01 -2.922189774809E-01
 -2.961640529977E-01 -3.001629071196E-01 -3.042156970815E-01 -3.083233455277E-01
 -3.124864472434E-01 -3.167055288834E-01 -3.209815408650E-01 -3.253147012813E-01
 -3.297062172987E-01 -3.341561032471E-01 -3.386657061886E-01 -3.432349598360E-01
 -3.478652154357E-01 -3.525564684216E-01 -3.573099189202E-01 -3.621257862991E-01
 -3.670049441169E-01 -3.719480182472E-01 -3.769553597536E-01 -3.820282042046E-01
 -3.871661636777E-01 -3.923712730241E-01 -3.976422711142E-01 -4.029820004357E-01
 -4.083885035077E-01 -4.138651962308E-01 -4.194095781556E-01 -4.250255180753E-01
 -4.307100988464E-01 -4.364675059694E-01 -4.422945477236E-01 -4.481955748735E-01
 -4.541672785974E-01 -4.602140088971E-01 -4.663325119269E-01 -4.725269572691E-01
 -4.787943316869E-01 -4.851384322990E-01 -4.915566843264E-01 -4.980523095271E-01
 -5.046233800090E-01 -5.112723302444E-01 -5.179980963079E-01 -5.248021065404E-01
 -5.316843845022E-01 -5.386451290112E-01 -5.456856785943E-01 -5.528047772281E-01
 -5.600053071326E-01 -5.672843330332E-01 -5.746465078877E-01 -5.820869966854E-01
 -5.896124453877E-01 -5.972159058410E-01 -6.049062312729E-01 -6.126741573015E-01
 -6.205309473828E-01 -6.284648314174E-01 -6.364896714366E-01 -6.445910189806E-01
 -6.527855051171E-01 -6.610558503884E-01 -6.694216043146E-01 -6.778625268087E-01
 -6.864012112347E-01 -6.950143530235E-01 -7.037276880205E-01 -7.125147715757E-01
 -7.214045514915E-01 -7.303673977989E-01 -7.394355085532E-01 -7.485760552615E-01
 -7.578244917890E-01 -7.671448111205E-01 -7.765756947088E-01 -7.860780108433E-01
 -7.956936060988E-01 -8.053803117334E-01 -8.151823169418E-01 -8.250567146764E-01
 -8.350473584502E-01 -8.451125935192E-01 -8.552946746205E-01 -8.655537214987E-01
 -8.759302526083E-01 -8.863862941561E-01 -8.969605120960E-01 -9.076169482077E-01
 -9.183923218598E-01 -9.292527758894E-01 -9.402330115875E-01 -9.513013343592E-01
 -9.624903785726E-01 -9.737706498213E-01 -9.851726889983E-01 -9.966692161346E-01
 -1.008288673630E+00 -1.020005987781E+00 -1.031847517855E+00 -1.043790367194E+00
 -1.055858846151E+00 -1.068032186597E+00 -1.080332701191E+00 -1.092741684643E+00
 -1.105279517979E+00 -1.117929478310E+00 -1.130710093553E+00 -1.143606530692E+00
 -1.156635552964E+00 -1.169784115460E+00 -1.183067312418E+00 -1.196473778987E+00
 -1.210017040648E+00 -1.223687301250E+00 -1.237496619720E+00 -1.251436656837E+00
 -1.265518106678E+00 -1.279733977513E+00 -1.294093697558E+00 -1.308591517958E+00
 -1.323235695468E+00 -1.338021626451E+00 -1.352956484558E+00 -1.368036722371E+00
 -1.383268511817E+00 -1.398649282537E+00 -1.414184278784E+00 -1.429871838492E+00
 -1.445716345300E+00 -1.461716986943E+00 -1.477877347575E+00 -1.494197415638E+00
 -1.510680032863E+00 -1.527325947018E+00 -1.544137313115E+00 -1.561115602030E+00
 -1.578262339996E+00 -1.595579686497E+00 -1.613068603665E+00 -1.630731902434E+00
 -1.648570057677E+00 -1.666586486660E+00 -1.684781272331E+00 -1.703158378972E+00
 -1.721717618664E+00 -1.740463422044E+00 -1.759395485173E+00 -1.778518595026E+00
 -1.797832529144E+00 -1.817342282644E+00 -1.837047964249E+00 -1.856954581289E+00
 -1.877062885745E+00 -1.897377643318E+00 -1.917900634304E+00 -1.938636060366E+00
 -1.959587199088E+00 -1.980757286086E+00 -2.002151660205E+00 -2.023772098224E+00
 -2.045626670218E+00 -2.067715099411E+00 -2.090048973772E+00 -2.112625255421E+00
 -2.135459963738E+00 -2.158546468972E+00 -2.181906271543E+00 -2.205528186266E+00
 -2.229440388379E+00 -2.253626032461E+00 -2.278121312832E+00 -2.302902470921E+00
 -2.328015218929E+00 -2.353427479333E+00 -2.379196136576E+00 -2.405279233455E+00
 -2.431746633590E+00 -2.458544786060E+00 -2.485758484871E+00 -2.513320724457E+00
 -2.541333309369E+00 -2.569713784350E+00 -2.598583149141E+00 -2.627841390712E+00
 -2.657630956779E+00 -2.687832087368E+00 -2.718610947680E+00 -2.749825806351E+00
 -2.781668762168E+00 -2.813973915915E+00 -2.846961369962E+00 -2.880438973285E+00
 -2.914656636990E+00 -2.949394096278E+00 -2.984932464186E+00 -3.021021859420E+00
 -3.057975402784E+00 -3.095512618881E+00 -3.133978655358E+00 -3.173062181814E+00
 -3.213139392324E+00 -3.253868766037E+00 -3.295655356871E+00 -3.338129252733E+00
 -3.381720804328E+00 -3.426034824654E+00 -3.471521929888E+00 -3.517766208397E+00
 -3.565232081471E+00 -3.613488898309E+00 -3.663007223375E+00 -3.713348916439E+00
 -3.764982288712E+00 -3.817469827745E+00 -3.871269196201E+00 -3.925951835643E+00
 -3.981957356507E+00 -4.038873771250E+00 -4.097117395640E+00 -4.156298601737E+00
 -4.216808529597E+00 -4.278282682511E+00 -4.341089521235E+00 -4.404888375127E+00
 -4.470032481457E+00 -4.536198926171E+00 -4.603738055082E+00 -4.672333799015E+00
 -4.742349926159E+00 -4.813462157648E+00 -4.886066269832E+00 -4.959812091048E+00
 -5.035145899903E+00 -5.111673525082E+00 -5.189907435841E+00 -5.269393552475E+00
 -5.350720728801E+00 -5.433363943019E+00 -5.517990824296E+00 -5.604001620518E+00
 -5.692135645010E+00 -5.781723663319E+00 -5.873559147524E+00 -5.966918746962E+00
 -6.062621852462E+00 -6.159916879126E+00 -6.259610409333E+00 -6.360958878544E+00
 -6.464707371833E+00 -6.570166490037E+00 -6.677961800661E+00 -6.787513481743E+00
 -6.899260833731E+00 -7.012797670192E+00 -7.128302069138E+00 -7.245613633496E+00
 -7.364566534457E+00 -7.485325914440E+00 -7.607292158836E+00 -7.731042757114E+00
 -7.855447986148E+00 -7.981590819593E+00 -8.107709823925E+00 -8.235491816759E+00
 -8.362438573070E+00 -8.490942634439E+00 -8.617663093858E+00 -8.745801088896E+00
 -8.871070106822E+00 -8.997580158047E+00 -9.120004275378E+00 -9.243454153861E+00
 -9.361482237265E+00 -9.480280901165E+00 -9.592224899031E+00 -9.704644483973E+00
 -9.808712719612E+00 -9.912923444538E+00 -1.000726890207E+01 -1.010138937695E+01
 -1.018417527701E+01 -1.026634052227E+01 -1.033582505551E+01 -1.040427408639E+01
 -1.045891537135E+01 -1.051209935879E+01 -1.055068038504E+01 -1.058739104235E+01
 -1.060916237553E+01 -1.062867815767E+01 -1.063351329092E+01 -1.063575799247E+01
 -1.062431211508E+01 -1.061001619277E+01 -1.058387337887E+01 -1.055472235418E+01
 -1.051650812011E+01 -1.047525408403E+01 -1.042867897392E+01 -1.037917953419E+01
 -1.032896342568E+01 -1.027609590807E+01 -1.022769993602E+01 -1.017707504981E+01
 -1.013613540922E+01 -1.009350079983E+01 -1.006481235916E+01 -1.003498854218E+01
 -1.002082191988E+01 -1.000594669071E+01 -1.000339646146E+01 -1.000016523356E+01
 -1.000068430913E+01 -1.000003386343E+01 -1.000070117764E+01 -1.000004557634E+01
 -1.000071315028E+01 -1.000005386495E+01 -1.000072207519E+01 -1.000005952651E+01
 -1.000072862803E+01 -1.000006316684E+01 -1.000073335776E+01 -1.000006527530E+01
 -1.000073670587E+01 -1.000006624296E+01 -1.000073902354E+01 -1.000006637863E+01
 -1.000074058667E+01 -1.000006592296E+01 -1.000074160903E+01 -1.000006506058E+01
 -1.000074225358E+01 -1.000006393060E+01 -1.000074264219E+01 -1.000006263558E+01
 -1.000074286398E+01 -1.000006124922E+01 -1.000074298239E+01 -1.000005982276E+01
 -1.000074304107E+01 -1.000005839040E+01 -1.000074306884E+01 -1.000005697380E+01
 -1.000074308372E+01 -1.000005558559E+01 -1.000074309611E+01 -1.000005423228E+01
 -1.000074311135E+01 -1.000005291635E+01 -1.000074313149E+01 -1.000005163787E+01
 -1.000074315674E+01 -1.000005039560E+01 -1.000074318633E+01 -1.000004918773E+01
 -1.000074321910E+01 -1.000004801228E+01 -1.000074325389E+01 -1.000004686742E+01
 -1.000074328966E+01 -1.000004575152E+01 -1.000000000000E+01 -1.000000000000E+01
 -1.000000000000E+01 -1.000000000000E+01 -1.000000000000E+01 -1.000000000000E+01
 -1.000000000000E+01 -1.000000000000E+01 -1.000000000000E+01 -1.000000000000E+01
 -1.000000000000E+01 -1.000000000000E+01 -1.000000000000E+01 -1.000000000000E+01
 -1.000000000000E+01 -1.000000000000E+01 -1.000000000000E+01 -1.000000000000E+01
 -1.000000000000E+01 -1.000000000000E+01 -1.000000000000E+01 -1.000000000000E+01
 -1.000000000000E+01 -1.000000000000E+01 -1.000000000000E+01 -1.000000000000E+01
 -1.000000000000E+01 -1.000000000000E+01 -1.000000000000E+01 -1.000000000000E+01
 -1.000000000000E+01 -1.000000000000E+01 -1.000000000000E+01 -1.000000000000E+01
 -1.000000000000E+01 -1.000000000000E+01 -1.000000000000E+01 -1.000000000000E+01
 -1.000000000000E+01 -1.000000000000E+01 -1.000000000000E+01 -1.000000000000E+01
 -1.000000000000E+01 -1.000000000000E+01 -1.000000000000E+01 -1.000000000000E+01
 -1.000000000000E+01 -1.000000000000E+01 -1.000000000000E+01 -1.000000000000E+01
 -1.000000000000E+01 -1.000000000000E+01 -1.000000000000E+01 -1.000000000000E+01
 -1.000000000000E+01 -1.000000000000E+01 -1.000000000000E+01 -1.000000000000E+01
 -1.000000000000E+01 -1.000000000000E+01 -1.000000000000E+01 -1.000000000000E+01
 -1.000000000000E+01 -1.000000000000E+01 -1.000000000000E+01 -1.000000000000E+01
 -1.000000000000E+01 -1.000000000000E+01 -1.000000000000E+01 -1.000000000000E+01
 -1.000000000000E+01 -1.000000000000E+01 -1.000000000000E+01 -1.000000000000E+01
 -1.000000000000E+01 -1.000000000000E+01 -1.000000000000E+01 -1.000000000000E+01
 -1.000000000000E+01 -1.000000000000E+01 -1.000000000000E+01 -1.000000000000E+01
 -1.000000000000E+01 -1.000000000000E+01 -1.000000000000E+01 -1.000000000000E+01
 -1.000000000000E+01 -1.000000000000E+01 -1.000000000000E+01 -1.000000000000E+01
 -1.000000000000E+01 -1.000000000000E+01 -1.000000000000E+01 -1.000000000000E+01
 -1.000000000000E+01 -1.000000000000E+01 -1.000000000000E+01 -1.000000000000E+01
 -1.000000000000E+01 -1.000000000000E+01 -1.000000000000E+01 -1.000000000000E+01
 -1.000000000000E+01 -1.000000000000E+01 -1.000000000000E+01 -1.000000000000E+01
 -1.000000000000E+01 -1.000000000000E+01 -1.000000000000E+01 -1.000000000000E+01
 -1.000000000000E+01 -1.000000000000E+01 -1.000000000000E+01 -1.000000000000E+01
 -1.000000000000E+01 -1.000000000000E+01 -1.000000000000E+01 -1.000000000000E+01
 -1.000000000000E+01 -1.000000000000E+01 -1.000000000000E+01 -1.000000000000E+01
 -1.000000000000E+01 -1.000000000000E+01 -1.000000000000E+01 -1.000000000000E+01
 -1.000000000000E+01 -1.000000000000E+01 -1.000000000000E+01 -1.000000000000E+01
 -1.000000000000E+01 -1.000000000000E+01 -1.000000000000E+01 -1.000000000000E+01
 -1.000000000000E+01 -1.000000000000E+01 -1.000000000000E+01 -1.000000000000E+01
 -1.000000000000E+01 -1.000000000000E+01 -1.000000000000E+01 -1.000000000000E+01
 -1.000000000000E+01 -1.000000000000E+01 -1.000000000000E+01 -1.000000000000E+01
 -1.000000000000E+01 -1.000000000000E+01 -1.000000000000E+01 -1.000000000000E+01
 -1.000000000000E+01 -1.000000000000E+01 -1.000000000000E+01 -1.000000000000E+01
 -1.000000000000E+01 -1.000000000000E+01 -1.000000000000E+01 -1.000000000000E+01
 -1.000000000000E+01 -1.000000000000E+01 -1.000000000000E+01 -1.000000000000E+01
 -1.000000000000E+01 -1.000000000000E+01 -1.000000000000E+01 -1.000000000000E+01
 -1.000000000000E+01 -1.000000000000E+01 -1.000000000000E+01 -1.000000000000E+01
 -1.000000000000E+01 -1.000000000000E+01 -1.000000000000E+01 -1.000000000000E+01
 -1.000000000000E+01 -1.000000000000E+01 -1.000000000000E+01 -1.000000000000E+01
 -1.000000000000E+01 -1.000000000000E+01 -1.000000000000E+01 -1.000000000000E+01
 -1.000000000000E+01 -1.000000000000E+01 -1.000000000000E+01 -1.000000000000E+01
 -1.000000000000E+01 -1.000000000000E+01 -1.000000000000E+01 -1.000000000000E+01
 -1.000000000000E+01 -1.000000000000E+01 -1.000000000000E+01 -1.000000000000E+01
 -1.000000000000E+01 -1.000000000000E+01 -1.000000000000E+01 -1.000000000000E+01
 -1.000000000000E+01 -1.000000000000E+01 -1.000000000000E+01 -1.000000000000E+01
 -1.000000000000E+01 -1.000000000000E+01 -1.000000000000E+01 -1.000000000000E+01
 -1.000000000000E+01 -1.000000000000E+01 -1.000000000000E+01 -1.000000000000E+01
 -1.000000000000E+01 -1.000000000000E+01 -1.000000000000E+01 -1.000000000000E+01
 -1.000000000000E+01 -1.000000000000E+01 -1.000000000000E+01 -1.000000000000E+01
 -1.000000000000E+01 -1.000000000000E+01 -1.000000000000E+01 -1.000000000000E+01
 -1.000000000000E+01 -1.000000000000E+01 -1.000000000000E+01 -1.000000000000E+01
 -1.000000000000E+01 -1.000000000000E+01 -1.000000000000E+01 -1.000000000000E+01
 -1.000000000000E+01 -1.000000000000E+01 -1.000000000000E+01 -1.000000000000E+01
 -1.000000000000E+01 -1.000000000000E+01 -1.000000000000E+01 -1.000000000000E+01
 -1.000000000000E+01 -1.000000000000E+01 -1.000000000000E+01 -1.000000000000E+01
 -1.000000000000E+01 -1.000000000000E+01 -1.000000000000E+01 -1.000000000000E+01
 -1.000000000000E+01 -1.000000000000E+01 -1.000000000000E+01 -1.000000000000E+01
 -1.000000000000E+01 -1.000000000000E+01 -1.000000000000E+01 -1.000000000000E+01
 -1.000000000000E+01 -1.000000000000E+01 -1.000000000000E+01 -1.000000000000E+01
 -1.000000000000E+01 -1.000000000000E+01 -1.000000000000E+01 -1.000000000000E+01
 -1.000000000000E+01 -1.000000000000E+01 -1.000000000000E+01 -1.000000000000E+01
 -1.000000000000E+01 -1.000000000000E+01 -1.000000000000E+01 -1.000000000000E+01
 -1.000000000000E+01 -1.000000000000E+01 -1.000000000000E+01 -1.000000000000E+01
 -1.000000000000E+01
 Pseudopotential follows (l on next line)
 1
 -3.012215548836E-04 -6.061405112219E-04 -9.148022612019E-04 -1.227252754662E-03
 -1.543538505962E-03 -1.863706600929E-03 -2.187804703904E-03 -2.515881064866E-03
 -2.847984526643E-03 -3.184164532222E-03 -3.524471132141E-03 -3.868954991978E-03
 -4.217667399931E-03 -4.570660274492E-03 -4.927986172220E-03 -5.289698295607E-03
 -5.655850501040E-03 -6.026497306872E-03 -6.401693901583E-03 -6.781496152046E-03
 -7.165960611900E-03 -7.555144530025E-03 -7.949105859119E-03 -8.347903264389E-03
 -8.751596132348E-03 -9.160244579717E-03 -9.573909462449E-03 -9.992652384856E-03
 -1.041653570885E-02 -1.084562256333E-02 -1.127997685361E-02 -1.171966327106E-02
 -1.216474730282E-02 -1.261529524162E-02 -1.307137419577E-02 -1.353305209921E-02
 -1.400039772177E-02 -1.447348067950E-02 -1.495237144511E-02 -1.543714135865E-02
 -1.592786263818E-02 -1.642460839070E-02 -1.692745262313E-02 -1.743647025347E-02
 -1.795173712211E-02 -1.847333000326E-02 -1.900132661655E-02 -1.953580563871E-02
 -2.007684671550E-02 -2.062453047373E-02 -2.117893853343E-02 -2.174015352020E-02
 -2.230825907770E-02 -2.288333988031E-02 -2.346548164593E-02 -2.405477114900E-02
 -2.465129639043E-02 -2.525514618429E-02 -2.586641044491E-02 -2.648518029940E-02
 -2.711154799738E-02 -2.774560692474E-02 -2.838745169324E-02 -2.903717803847E-02
 -2.969488278091E-02 -3.036066399961E-02 -3.103462098170E-02 -3.171685423703E-02
 -3.240746551304E-02 -3.310655780974E-02 -3.381423539484E-02 -3.453060383842E-02
 -3.525577061765E-02 -3.598984337845E-02 -3.673293162948E-02 -3.748514622625E-02
 -3.824659938721E-02 -3.901740470984E-02 -3.979767839820E-02 -4.058753586917E-02
 -4.138709497203E-02 -4.219647501173E-02 -4.301579676355E-02 -4.384518434924E-02
 -4.468475995111E-02 -4.553464886711E-02 -4.639497793047E-02 -4.726587704026E-02
 -4.814747603873E-02 -4.903990552428E-02 -4.994329869564E-02 -5.085779224617E-02
 -5.178352279469E-02 -5.272062704974E-02 -5.366924488939E-02 -5.462952136537E-02
 -5.560159803717E-02 -5.658561899074E-02 -5.758173209986E-02 -5.859009011038E-02
 -5.961083931976E-02 -6.064413211029E-02 -6.169012818074E-02 -6.274898083083E-02
 -6.382084651943E-02 -6.490588929714E-02 -6.600427254885E-02 -6.711615598645E-02
 -6.824170855898E-02 -6.938110355973E-02 -7.053450425612E-02 -7.170208527413E-02
 -7.288402924895E-02 -7.408050348851E-02 -7.529168937304E-02 -7.651777779933E-02
 -7.775894084085E-02 -7.901536809050E-02 -8.028725695948E-02 -8.157478532324E-02
 -8.287815292693E-02 -8.419756109497E-02 -8.553319494000E-02 -8.688526690167E-02
 -8.825397853459E-02 -8.963952412908E-02 -9.104213211126E-02 -9.246199922449E-02
 -9.389933307029E-02 -9.535437760562E-02 -9.682732270341E-02 -9.831840092119E-02
 -9.982784759607E-02 -1.013558664123E-01 -1.029027146850E-01 -1.044686100088E-01
 -1.060537784344E-01 -1.076584968157E-01 -1.092829653985E-01 -1.109274527328E-01
 -1.125922086471E-01 -1.142774562356E-01 -1.159835043620E-01 -1.177105599568E-01
 -1.194589039603E-01 -1.212288149620E-01 -1.230205189325E-01 -1.248343522134E-01
 -1.266705316098E-01 -1.285293574000E-01 -1.304111284317E-01 -1.323160775158E-01
 -1.342445802295E-01 -1.361968471979E-01 -1.381732164233E-01 -1.401739911509E-01
 -1.421994266476E-01 -1.442499299883E-01 -1.463257047632E-01 -1.484271470912E-01
 -1.505545382976E-01 -1.527081903674E-01 -1.548885000031E-01 -1.570956909669E-01
 -1.593302382934E-01 -1.615923605469E-01 -1.638824707805E-01 -1.662009133114E-01
 -1.685479862412E-01 -1.709241746985E-01 -1.733296794623E-01 -1.757650444064E-01
 -1.782304984959E-01 -1.807264985263E-01 -1.832534235985E-01 -1.858115917450E-01
 -1.884015499723E-01 -1.910234852499E-01 -1.936780548794E-01 -1.963654367846E-01
 -1.990862000306E-01 -2.018406968042E-01 -2.046293340506E-01 -2.074526587543E-01
 -2.103108950246E-01 -2.132048068702E-01 -2.161344899311E-01 -2.191007188476E-01
 -2.221037054283E-01 -2.251440685994E-01 -2.282222386596E-01 -2.313386290995E-01
 -2.344939137002E-01 -2.376882753172E-01 -2.409226581464E-01 -2.441970714608E-01
 -2.475125061858E-01 -2.508690784255E-01 -2.542676017623E-01 -2.577084541629E-01
 -2.611922018349E-01 -2.647195139104E-01 -2.682906797318E-01 -2.719066910081E-01
 -2.755675286009E-01 -2.792745403953E-01 -2.830275176420E-01 -2.868277422030E-01
 -2.906752669160E-01 -2.945711054408E-01 -2.985156401228E-01 -3.025095717777E-01
 -3.065536472450E-01 -3.106482194141E-01 -3.147944367729E-01 -3.189922670433E-01
 -3.232432997042E-01 -3.275471503938E-01 -3.319056736268E-01 -3.363184545810E-01
 -3.407871468785E-01 -3.453117195795E-01 -3.498934627785E-01 -3.545327682774E-01
 -3.592305239220E-01 -3.639875849882E-01 -3.688043965307E-01 -3.736823198174E-01
 -3.786213148484E-01 -3.836232930667E-01 -3.886876855695E-01 -3.938169996644E-01
 -3.990102591813E-01 -4.042701136072E-01 -4.095957499722E-01 -4.149894923978E-01
 -4.204510148273E-01 -4.259821814596E-01 -4.315831949503E-01 -4.372554185096E-01
 -4.429996259194E-01 -4.488166378662E-01 -4.547078419389E-01 -4.606734746694E-01
 -4.667155799885E-01 -4.728337689853E-01 -4.790307838429E-01 -4.853055697686E-01
 -4.916616079312E-01 -4.980972133912E-01 -5.046164210056E-01 -5.112173615724E-01
 -5.179038095867E-01 -5.246744698525E-01 -5.315325811489E-01 -5.384774567072E-01
 -5.455117670105E-01 -5.526354655917E-01 -5.598506248905E-01 -5.671578672953E-01
 -5.745586410936E-01 -5.820542619046E-01 -5.896455322847E-01 -5.973344803363E-01
 -6.051212468134E-01 -6.130085854017E-01 -6.209959655527E-01 -6.290868723654E-01
 -6.372801022130E-01 -6.455798689657E-01 -6.539843030989E-01 -6.624983348610E-01
 -6.711195065223E-01 -6.798532604786E-01 -6.886970123132E-01 -6.976558652394E-01
 -7.067278917179E-01 -7.159175951428E-01 -7.252237005443E-01 -7.346501197033E-01
 -7.441962160389E-01 -7.538653282347E-01 -7.636574328421E-01 -7.735753254939E-01
 -7.836195583158E-01 -7.937924267019E-01 -8.040950072661E-01 -8.145291519740E-01
 -8.250963961037E-01 -8.357982202068E-01 -8.466365364933E-01 -8.576125424803E-01
 -8.687284285616E-01 -8.799852150522E-01 -8.913852537480E-01 -9.029295120352E-01
 -9.146203673993E-01 -9.264588778684E-01 -9.384472912260E-01 -9.505869197069E-01
 -9.628797057550E-01 -9.753273998732E-01 -9.879314429297E-01 -1.000694228529E+00
 -1.013616479025E+00 -1.026701421876E+00 -1.039948928060E+00 -1.053363065590E+00
 -1.066943035897E+00 -1.080693509924E+00 -1.094613175246E+00 -1.108707185471E+00
 -1.122973841769E+00 -1.137418644395E+00 -1.152039651526E+00 -1.166842558678E+00
 -1.181825339963E+00 -1.196993720050E+00 -1.212345762678E+00 -1.227887041780E+00
 -1.243615898171E+00 -1.259537562572E+00 -1.275650852772E+00 -1.291960452736E+00
 -1.308465867960E+00 -1.325171022818E+00 -1.342076330204E+00 -1.359184734845E+00
 -1.376497783507E+00 -1.394017216302E+00 -1.411745944722E+00 -1.429684276952E+00
 -1.447836721761E+00 -1.466201928526E+00 -1.484786234700E+00 -1.503586407324E+00
 -1.522610839785E+00 -1.541854199686E+00 -1.561327156300E+00 -1.581022070253E+00
 -1.600952096167E+00 -1.621107092879E+00 -1.641502896145E+00 -1.662126684033E+00
 -1.682997152402E+00 -1.704098638418E+00 -1.725452857198E+00 -1.747041166539E+00
 -1.768888437355E+00 -1.790972933848E+00 -1.813322794131E+00 -1.835913101066E+00
 -1.858775344057E+00 -1.881881365217E+00 -1.905266060267E+00 -1.928898000868E+00
 -1.952815513762E+00 -1.976983901003E+00 -2.001444914049E+00 -2.026160616957E+00
 -2.051176148514E+00 -2.076450396749E+00 -2.102031071235E+00 -2.127876221184E+00
 -2.154033395135E+00 -2.180461837030E+00 -2.207207645218E+00 -2.234231786600E+00
 -2.261578776692E+00 -2.289211433068E+00 -2.317172576701E+00 -2.345426980861E+00
 -2.374015681916E+00 -2.402905490504E+00 -2.432135590281E+00 -2.461674887356E+00
 -2.491560666383E+00 -2.521763963707E+00 -2.552320139946E+00 -2.583202373818E+00
 -2.614444097092E+00 -2.646020621530E+00 -2.677963464031E+00 -2.710250040226E+00
 -2.742909983018E+00 -2.775922764965E+00 -2.809316180483E+00 -2.843071696802E+00
 -2.877215327373E+00 -2.911730459369E+00 -2.946641391870E+00 -2.981933347945E+00
 -3.017628984777E+00 -3.053715271371E+00 -3.090213297969E+00 -3.127111687252E+00
 -3.164430036438E+00 -3.202158531043E+00 -3.240315344548E+00 -3.278892139667E+00
 -3.317905727223E+00 -3.357349170437E+00 -3.397237966855E+00 -3.437566516106E+00
 -3.478349036786E+00 -3.519581216906E+00 -3.561276012260E+00 -3.603430370503E+00
 -3.646055979744E+00 -3.689151040755E+00 -3.732725945522E+00 -3.776780166178E+00
 -3.821322744440E+00 -3.866354468969E+00 -3.911882949605E+00 -3.957910365348E+00
 -4.004442783766E+00 -4.051483877902E+00 -4.099038032968E+00 -4.147110550447E+00
 -4.195703962929E+00 -4.244825365763E+00 -4.294475238368E+00 -4.344662666321E+00
 -4.395385845274E+00 -4.446656077860E+00 -4.498469015812E+00 -4.550838435324E+00
 -4.603757155183E+00 -4.657241710307E+00 -4.711281769359E+00 -4.765896938665E+00
 -4.821073392096E+00 -4.876834146474E+00 -4.933161509108E+00 -4.990082271870E+00
 -5.047574476597E+00 -5.105669079678E+00 -5.164339430706E+00 -5.223621064985E+00
 -5.283482183605E+00 -5.343963340997E+00 -5.405027101167E+00 -5.466719505668E+00
 -5.528996956207E+00 -5.591911480630E+00 -5.655412750357E+00 -5.719559314976E+00
 -5.784293496549E+00 -5.849680945324E+00 -5.915655952974E+00 -5.982291902418E+00
 -6.049514298074E+00 -6.117404953140E+00 -6.185879734685E+00 -6.255029665214E+00
 -6.324760009631E+00 -6.395171879920E+00 -6.466158832928E+00 -6.537833075696E+00
 -6.610075177933E+00 -6.683009602374E+00 -6.756502440227E+00 -6.830691761753E+00
 -6.905427428450E+00 -6.980862705070E+00 -7.056829154460E+00 -7.133497111465E+00
 -7.210677383046E+00 -7.288559603595E+00 -7.366930892774E+00 -7.446002847313E+00
 -7.525535389771E+00 -7.605765272015E+00 -7.686421005866E+00 -7.767768337967E+00
 -7.849499302840E+00 -7.931913268064E+00 -8.014659697709E+00 -8.098077156978E+00
 -8.181765223288E+00 -8.266108374226E+00 -8.350647548429E+00 -8.435821194978E+00
 -8.521101209473E+00 -8.606989630003E+00 -8.692877055641E+00 -8.779340491660E+00
 -8.865674993658E+00 -8.952545832907E+00 -9.039136236034E+00 -9.126215034606E+00
 -9.212835413465E+00 -9.299886989445E+00 -9.386273095834E+00 -9.473023024103E+00
 -9.558869456227E+00 -9.645001384633E+00 -9.729959969765E+00 -9.815114237105E+00
 -9.898794111055E+00 -9.982568147424E+00 -1.006453794131E+01 -1.014648884241E+01
 -1.022628121008E+01 -1.030593068202E+01 -1.038304912279E+01 -1.045989070023E+01
 -1.053381828797E+01 -1.060732637754E+01 -1.067753566824E+01 -1.074717563764E+01
 -1.081313878700E+01 -1.087837710052E+01 -1.093957516640E+01 -1.099988854461E+01
 -1.105581912338E+01 -1.111070191638E+01 -1.116088464997E+01 -1.120985403037E+01
 -1.125383403589E+01 -1.129643314654E+01 -1.133378293589E+01 -1.136958263512E+01
 -1.139990348040E+01 -1.142850369137E+01 -1.145142756875E+01 -1.147245938288E+01
 -1.148765257473E+01 -1.150078217385E+01 -1.150795136775E+01 -1.151288656566E+01
 -1.151178793989E+01 -1.150828778389E+01 -1.149873919432E+01 -1.148662669344E+01
 -1.146852274132E+01 -1.144770046014E+01 -1.142102995661E+01 -1.139149795961E+01
 -1.135636311369E+01 -1.131823856569E+01 -1.127487509347E+01 -1.122841269813E+01
 -1.117720995675E+01 -1.112282232356E+01 -1.106434249143E+01 -1.100261943865E+01
 -1.093761467425E+01 -1.086934038317E+01 -1.079876678685E+01 -1.072493361048E+01
 -1.064996067972E+01 -1.057177826996E+01 -1.049379237539E+01 -1.041269062362E+01
 -1.033329083786E+01 -1.025091492290E+01 -1.017189930747E+01 -1.009009491149E+01
 -1.001343511011E+01 -9.934221599838E+00 -9.862023310718E+00 -9.787552400155E+00
 -9.721999030888E+00 -9.654496169731E+00 -9.597772772862E+00 -9.539458302515E+00
 -9.493652853265E+00 -9.446639949976E+00 -9.413619345722E+00 -9.379786123150E+00
 -9.361045264193E+00 -9.341879455893E+00 -9.338363893073E+00 -9.334780782912E+00
 -9.346687416719E+00 -9.358825886450E+00 -9.385393110961E+00 -9.412401900956E+00
 -9.451711796286E+00 -9.491549762071E+00 -9.540382201303E+00 -9.589674291320E+00
 -9.643478194002E+00 -9.697495169630E+00 -9.750577872649E+00 -9.803444751089E+00
 -9.849529075683E+00 -9.894817444854E+00 -9.928180620456E+00 -9.960106544988E+00
 -9.977600592926E+00 -9.993137885051E+00 -9.997506320840E+00 -9.999843848171E+00
 -1.000068430913E+01 -1.000003386343E+01 -1.000070117764E+01 -1.000004557634E+01
 -1.000071315028E+01 -1.000005386495E+01 -1.000072207519E+01 -1.000005952651E+01
 -1.000072862803E+01 -1.000006316684E+01 -1.000073335776E+01 -1.000006527530E+01
 -1.000073670587E+01 -1.000006624296E+01 -1.000073902354E+01 -1.000006637863E+01
 -1.000074058667E+01 -1.000006592296E+01 -1.000074160903E+01 -1.000006506058E+01
 -1.000074225358E+01 -1.000006393060E+01 -1.000074264219E+01 -1.000006263558E+01
 -1.000074286398E+01 -1.000006124922E+01 -1.000074298239E+01 -1.000005982276E+01
 -1.000074304107E+01 -1.000005839040E+01 -1.000074306884E+01 -1.000005697380E+01
 -1.000074308372E+01 -1.000005558559E+01 -1.000074309611E+01 -1.000005423228E+01
 -1.000074311135E+01 -1.000005291635E+01 -1.000074313149E+01 -1.000005163787E+01
 -1.000074315674E+01 -1.000005039560E+01 -1.000074318633E+01 -1.000004918773E+01
 -1.000074321910E+01 -1.000004801228E+01 -1.000074325389E+01 -1.000004686742E+01
 -1.000074328966E+01 -1.000004575152E+01 -1.000000000000E+01 -1.000000000000E+01
 -1.000000000000E+01 -1.000000000000E+01 -1.000000000000E+01 -1.000000000000E+01
 -1.000000000000E+01 -1.000000000000E+01 -1.000000000000E+01 -1.000000000000E+01
 -1.000000000000E+01 -1.000000000000E+01 -1.000000000000E+01 -1.000000000000E+01
 -1.000000000000E+01 -1.000000000000E+01 -1.000000000000E+01 -1.000000000000E+01
 -1.000000000000E+01 -1.000000000000E+01 -1.000000000000E+01 -1.000000000000E+01
 -1.000000000000E+01 -1.000000000000E+01 -1.000000000000E+01 -1.000000000000E+01
 -1.000000000000E+01 -1.000000000000E+01 -1.000000000000E+01 -1.000000000000E+01
 -1.000000000000E+01 -1.000000000000E+01 -1.000000000000E+01 -1.000000000000E+01
 -1.000000000000E+01 -1.000000000000E+01 -1.000000000000E+01 -1.000000000000E+01
 -1.000000000000E+01 -1.000000000000E+01 -1.000000000000E+01 -1.000000000000E+01
 -1.000000000000E+01 -1.000000000000E+01 -1.000000000000E+01 -1.000000000000E+01
 -1.000000000000E+01 -1.000000000000E+01 -1.000000000000E+01 -1.000000000000E+01
 -1.000000000000E+01 -1.000000000000E+01 -1.000000000000E+01 -1.000000000000E+01
 -1.000000000000E+01 -1.000000000000E+01 -1.000000000000E+01 -1.000000000000E+01
 -1.000000000000E+01 -1.000000000000E+01 -1.000000000000E+01 -1.000000000000E+01
 -1.000000000000E+01 -1.000000000000E+01 -1.000000000000E+01 -1.000000000000E+01
 -1.000000000000E+01 -1.000000000000E+01 -1.000000000000E+01 -1.000000000000E+01
 -1.000000000000E+01 -1.000000000000E+01 -1.000000000000E+01 -1.000000000000E+01
 -1.000000000000E+01 -1.000000000000E+01 -1.000000000000E+01 -1.000000000000E+01
 -1.000000000000E+01 -1.000000000000E+01 -1.000000000000E+01 -1.000000000000E+01
 -1.000000000000E+01 -1.000000000000E+01 -1.000000000000E+01 -1.000000000000E+01
 -1.000000000000E+01 -1.000000000000E+01 -1.000000000000E+01 -1.000000000000E+01
 -1.000000000000E+01 -1.000000000000E+01 -1.000000000000E+01 -1.000000000000E+01
 -1.000000000000E+01 -1.000000000000E+01 -1.000000000000E+01 -1.000000000000E+01
 -1.000000000000E+01 -1.000000000000E+01 -1.000000000000E+01 -1.000000000000E+01
 -1.000000000000E+01 -1.000000000000E+01 -1.000000000000E+01 -1.000000000000E+01
 -1.000000000000E+01 -1.000000000000E+01 -1.000000000000E+01 -1.000000000000E+01
 -1.000000000000E+01 -1.000000000000E+01 -1.000000000000E+01 -1.000000000000E+01
 -1.000000000000E+01 -1.000000000000E+01 -1.000000000000E+01 -1.000000000000E+01
 -1.000000000000E+01 -1.000000000000E+01 -1.000000000000E+01 -1.000000000000E+01
 -1.000000000000E+01 -1.000000000000E+01 -1.000000000000E+01 -1.000000000000E+01
 -1.000000000000E+01 -1.000000000000E+01 -1.000000000000E+01 -1.000000000000E+01
 -1.000000000000E+01 -1.000000000000E+01 -1.000000000000E+01 -1.000000000000E+01
 -1.000000000000E+01 -1.000000000000E+01 -1.000000000000E+01 -1.000000000000E+01
 -1.000000000000E+01 -1.000000000000E+01 -1.000000000000E+01 -1.000000000000E+01
 -1.000000000000E+01 -1.000000000000E+01 -1.000000000000E+01 -1.000000000000E+01
 -1.000000000000E+01 -1.000000000000E+01 -1.000000000000E+01 -1.000000000000E+01
 -1.000000000000E+01 -1.000000000000E+01 -1.000000000000E+01 -1.000000000000E+01
 -1.000000000000E+01 -1.000000000000E+01 -1.000000000000E+01 -1.000000000000E+01
 -1.000000000000E+01 -1.000000000000E+01 -1.000000000000E+01 -1.000000000000E+01
 -1.000000000000E+01 -1.000000000000E+01 -1.000000000000E+01 -1.000000000000E+01
 -1.000000000000E+01 -1.000000000000E+01 -1.000000000000E+01 -1.000000000000E+01
 -1.000000000000E+01 -1.000000000000E+01 -1.000000000000E+01 -1.000000000000E+01
 -1.000000000000E+01 -1.000000000000E+01 -1.000000000000E+01 -1.000000000000E+01
 -1.000000000000E+01 -1.000000000000E+01 -1.000000000000E+01 -1.000000000000E+01
 -1.000000000000E+01 -1.000000000000E+01 -1.000000000000E+01 -1.000000000000E+01
 -1.000000000000E+01 -1.000000000000E+01 -1.000000000000E+01 -1.000000000000E+01
 -1.000000000000E+01 -1.000000000000E+01 -1.000000000000E+01 -1.000000000000E+01
 -1.000000000000E+01 -1.000000000000E+01 -1.000000000000E+01 -1.000000000000E+01
 -1.000000000000E+01 -1.000000000000E+01 -1.000000000000E+01 -1.000000000000E+01
 -1.000000000000E+01 -1.000000000000E+01 -1.000000000000E+01 -1.000000000000E+01
 -1.000000000000E+01 -1.000000000000E+01 -1.000000000000E+01 -1.000000000000E+01
 -1.000000000000E+01 -1.000000000000E+01 -1.000000000000E+01 -1.000000000000E+01
 -1.000000000000E+01 -1.000000000000E+01 -1.000000000000E+01 -1.000000000000E+01
 -1.000000000000E+01 -1.000000000000E+01 -1.000000000000E+01 -1.000000000000E+01
 -1.000000000000E+01 -1.000000000000E+01 -1.000000000000E+01 -1.000000000000E+01
 -1.000000000000E+01 -1.000000000000E+01 -1.000000000000E+01 -1.000000000000E+01
 -1.000000000000E+01 -1.000000000000E+01 -1.000000000000E+01 -1.000000000000E+01
 -1.000000000000E+01 -1.000000000000E+01 -1.000000000000E+01 -1.000000000000E+01
 -1.000000000000E+01 -1.000000000000E+01 -1.000000000000E+01 -1.000000000000E+01
 -1.000000000000E+01 -1.000000000000E+01 -1.000000000000E+01 -1.000000000000E+01
 -1.000000000000E+01 -1.000000000000E+01 -1.000000000000E+01 -1.000000000000E+01
 -1.000000000000E+01 -1.000000000000E+01 -1.000000000000E+01 -1.000000000000E+01
 -1.000000000000E+01 -1.000000000000E+01 -1.000000000000E+01 -1.000000000000E+01
 -1.000000000000E+01 -1.000000000000E+01 -1.000000000000E+01 -1.000000000000E+01
 -1.000000000000E+01 -1.000000000000E+01 -1.000000000000E+01 -1.000000000000E+01
 -1.000000000000E+01 -1.000000000000E+01 -1.000000000000E+01 -1.000000000000E+01
 -1.000000000000E+01 -1.000000000000E+01 -1.000000000000E+01 -1.000000000000E+01
 -1.000000000000E+01
 Pseudopotential follows (l on next line)
 2
 -2.283381496052E-04 -4.594790811877E-04 -6.934572057789E-04 -9.303073572722E-04
 -1.170064797635E-03 -1.412765222189E-03 -1.658444764948E-03 -1.907140004037E-03
 -2.158887967161E-03 -2.413726137157E-03 -2.671692457606E-03 -2.932825338520E-03
 -3.197163662100E-03 -3.464746788560E-03 -3.735614562031E-03 -4.009807316538E-03
 -4.287365882046E-03 -4.568331590587E-03 -4.852746282465E-03 -5.140652312534E-03
 -5.432092556557E-03 -5.727110417644E-03 -6.025749832775E-03 -6.328055279399E-03
 -6.634071782120E-03 -6.943844919465E-03 -7.257420830738E-03 -7.574846222962E-03
 -7.896168377907E-03 -8.221435159202E-03 -8.550695019551E-03 -8.883997008019E-03
 -9.221390777433E-03 -9.562926591856E-03 -9.908655334174E-03 -1.025862851376E-02
 -1.061289827426E-02 -1.097151740145E-02 -1.133453933122E-02 -1.170201815761E-02
 -1.207400864105E-02 -1.245056621657E-02 -1.283174700223E-02 -1.321760780760E-02
 -1.360820614235E-02 -1.400360022496E-02 -1.440384899156E-02 -1.480901210485E-02
 -1.521914996314E-02 -1.563432370956E-02 -1.605459524127E-02 -1.648002721893E-02
 -1.691068307619E-02 -1.734662702937E-02 -1.778792408716E-02 -1.823464006062E-02
 -1.868684172994E-02 -1.914459642800E-02 -1.960797232427E-02 -2.007703853410E-02
 -2.055186502514E-02 -2.103252262782E-02 -2.151908312158E-02 -2.201161912940E-02
 -2.251020407550E-02 -2.301491235548E-02 -2.352581928226E-02 -2.404300109727E-02
 -2.456653498162E-02 -2.509649906743E-02 -2.563297244930E-02 -2.617603521518E-02
 -2.672576904735E-02 -2.728225548023E-02 -2.784557759041E-02 -2.841581947696E-02
 -2.899306627341E-02 -2.957740415987E-02 -3.016892158652E-02 -3.076770587566E-02
 -3.137384643715E-02 -3.198743378743E-02 -3.260855955992E-02 -3.323731837677E-02
 -3.387380255863E-02 -3.451810717522E-02 -3.517032846050E-02 -3.583056533870E-02
 -3.649891629698E-02 -3.717548019383E-02 -3.786035809843E-02 -3.855365418023E-02
 -3.925547213492E-02 -3.996591534379E-02 -4.068508994857E-02 -4.141310685054E-02
 -4.215007303960E-02 -4.289609760771E-02 -4.365129300519E-02 -4.441577611956E-02
 -4.518965694985E-02 -4.597305113434E-02 -4.676608117678E-02 -4.756886272531E-02
 -4.838151412505E-02 -4.920416084504E-02 -5.003692721502E-02 -5.087993341232E-02
 -5.173330836619E-02 -5.259718485889E-02 -5.347168514952E-02 -5.435694235238E-02
 -5.525309708151E-02 -5.616027410780E-02 -5.707861175235E-02 -5.800825732431E-02
 -5.894933877444E-02 -5.990200103137E-02 -6.086639629379E-02 -6.184265666966E-02
 -6.283093557484E-02 -6.383138743586E-02 -6.484414989170E-02 -6.586938732575E-02
 -6.690725264638E-02 -6.795789090060E-02 -6.902148066683E-02 -7.009816822876E-02
 -7.118811010890E-02 -7.229149855832E-02 -7.340847110922E-02 -7.453920733606E-02
 -7.568388894253E-02 -7.684266532104E-02 -7.801573882849E-02 -7.920327142687E-02
 -8.040543285088E-02 -8.162244294797E-02 -8.285444425690E-02 -8.410164691280E-02
 -8.536424161225E-02 -8.664239159138E-02 -8.793634512175E-02 -8.924624779705E-02
 -9.057231846857E-02 -9.191477287469E-02 -9.327377336280E-02 -9.464959187119E-02
 -9.604238001034E-02 -9.745237206417E-02 -9.887980007595E-02 -1.003248292316E-01
 -1.017877666542E-01 -1.032687536735E-01 -1.047680581466E-01 -1.062859123123E-01
 -1.078224995588E-01 -1.093781542018E-01 -1.109530061770E-01 -1.125473770466E-01
 -1.141614726628E-01 -1.157955286114E-01 -1.174498642587E-01 -1.191246250799E-01
 -1.208202068639E-01 -1.225367479539E-01 -1.242745801992E-01 -1.260339657160E-01
 -1.278151193949E-01 -1.296184421346E-01 -1.314440494466E-01 -1.332923988949E-01
 -1.351636320712E-01 -1.370581173282E-01 -1.389761442373E-01 -1.409179402013E-01
 -1.428839604884E-01 -1.448742991978E-01 -1.468895196281E-01 -1.489297045389E-01
 -1.509953266688E-01 -1.530866406926E-01 -1.552039548468E-01 -1.573477161986E-01
 -1.595180477070E-01 -1.617156109995E-01 -1.639403980645E-01 -1.661930786325E-01
 -1.684737583025E-01 -1.707829484958E-01 -1.731209706832E-01 -1.754881281901E-01
 -1.778849832867E-01 -1.803116059364E-01 -1.827688260769E-01 -1.852565372959E-01
 -1.877756134391E-01 -1.903260520705E-01 -1.929085467960E-01 -1.955233541211E-01
 -1.981709173062E-01 -2.008517810305E-01 -2.035661086432E-01 -2.063147643371E-01
 -2.090975998571E-01 -2.119158324352E-01 -2.147691210086E-01 -2.176586135567E-01
 -2.205842273446E-01 -2.235468388320E-01 -2.265466914555E-01 -2.295843454287E-01
 -2.326604052667E-01 -2.357750797672E-01 -2.389293715970E-01 -2.421231008076E-01
 -2.453577074775E-01 -2.486326559070E-01 -2.519496475353E-01 -2.553081124604E-01
 -2.587095474376E-01 -2.621537626368E-01 -2.656418873895E-01 -2.691741507079E-01
 -2.727512756776E-01 -2.763739507941E-01 -2.800424522503E-01 -2.837579704509E-01
 -2.875202923243E-01 -2.913311542745E-01 -2.951898100053E-01 -2.990985875149E-01
 -3.030563288173E-01 -3.070654996783E-01 -3.111251008295E-01 -3.152372681067E-01
 -3.194014845947E-01 -3.236194215121E-01 -3.278910859937E-01 -3.322176434482E-01
 -3.365996673709E-01 -3.410377756943E-01 -3.455331508509E-01 -3.500858215296E-01
 -3.546976215305E-01 -3.593679488678E-01 -3.640993305160E-01 -3.688904932268E-01
 -3.737446977786E-01 -3.786600352533E-01 -3.836403147927E-01 -3.886834376241E-01
 -3.937929469267E-01 -3.989673123465E-01 -4.042095355474E-01 -4.095186888992E-01
 -4.148971998042E-01 -4.203447751149E-01 -4.258632380512E-01 -4.314529583884E-01
 -4.371151288721E-01 -4.428508064645E-01 -4.486605316647E-01 -4.545460677670E-01
 -4.605072867483E-01 -4.665466712313E-01 -4.726634149546E-01 -4.788607256011E-01
 -4.851371166647E-01 -4.914965181560E-01 -4.979367702590E-01 -5.044625128357E-01
 -5.110709902261E-01 -5.177673477335E-01 -5.245486953766E-01 -5.314198319342E-01
 -5.383785169546E-01 -5.454289416807E-01 -5.525695107611E-01 -5.598038158564E-01
 -5.671308924230E-01 -5.745537507841E-01 -5.820720318452E-01 -5.896881943477E-01
 -5.974024469991E-01 -6.052167394572E-01 -6.131317970720E-01 -6.211491168874E-01
 -6.292698750177E-01 -6.374951875370E-01 -6.458265995593E-01 -6.542649341653E-01
 -6.628120067151E-01 -6.714684526859E-01 -6.802362409287E-01 -6.891159431044E-01
 -6.981095459061E-01 -7.072177002133E-01 -7.164422552767E-01 -7.257841041668E-01
 -7.352447832124E-01 -7.448256110791E-01 -7.545276151559E-01 -7.643527438056E-01
 -7.743012988260E-01 -7.843760485324E-01 -7.945764356805E-01 -8.049060561159E-01
 -8.153636730332E-01 -8.259534739122E-01 -8.366736970294E-01 -8.475290011867E-01
 -8.585172266958E-01 -8.696433676583E-01 -8.809050092844E-01 -8.923073296398E-01
 -9.038478171333E-01 -9.155316678088E-01 -9.273564462646E-01 -9.393271868273E-01
 -9.514417169346E-01 -9.637047170183E-01 -9.761144763409E-01 -9.886751182969E-01
 -1.001385603676E+00 -1.014249286532E+00 -1.027266017695E+00 -1.040438162500E+00
 -1.053766686949E+00 -1.067252743552E+00 -1.080898642787E+00 -1.094704098096E+00
 -1.108672995226E+00 -1.122803382963E+00 -1.137100951710E+00 -1.151561863654E+00
 -1.166193838782E+00 -1.180990937474E+00 -1.195963126596E+00 -1.211102159456E+00
 -1.226420456208E+00 -1.241907270966E+00 -1.257577669456E+00 -1.273418230810E+00
 -1.289446841272E+00 -1.305647248614E+00 -1.322040314136E+00 -1.338606820191E+00
 -1.355370734382E+00 -1.372309764568E+00 -1.389451089980E+00 -1.406769262262E+00
 -1.424294749390E+00 -1.441998894383E+00 -1.459915500999E+00 -1.478012682063E+00
 -1.496327592656E+00 -1.514825125681E+00 -1.533545770730E+00 -1.552451243313E+00
 -1.571585318115E+00 -1.590906607817E+00 -1.610461352921E+00 -1.630207381918E+00
 -1.650190695461E+00 -1.670370350671E+00 -1.690790832014E+00 -1.711412950667E+00
 -1.732279540067E+00 -1.753353295363E+00 -1.774675285235E+00 -1.796210195943E+00
 -1.817997239571E+00 -1.840003177152E+00 -1.862265294598E+00 -1.884752487613E+00
 -1.907500068591E+00 -1.930479104197E+00 -1.953722907724E+00 -1.977204730100E+00
 -2.000955880801E+00 -2.024951786392E+00 -2.049221767380E+00 -2.073743396915E+00
 -2.098544039230E+00 -2.123603366503E+00 -2.148946835179E+00 -2.174556152688E+00
 -2.200454929564E+00 -2.226626831139E+00 -2.253093694623E+00 -2.279841055249E+00
 -2.306889057320E+00 -2.334225010446E+00 -2.361867451237E+00 -2.389805363925E+00
 -2.418055764308E+00 -2.446609210630E+00 -2.475481283311E+00 -2.504664016486E+00
 -2.534171636140E+00 -2.563997559943E+00 -2.594154733021E+00 -2.624637873063E+00
 -2.655458707898E+00 -2.686613183410E+00 -2.718111861347E+00 -2.749951858141E+00
 -2.782142606393E+00 -2.814682351701E+00 -2.847579418684E+00 -2.880833158600E+00
 -2.914450792508E+00 -2.948432772757E+00 -2.982785204109E+00 -3.017509654868E+00
 -3.052611083784E+00 -3.088092209270E+00 -3.123956798173E+00 -3.160208771668E+00
 -3.196850644073E+00 -3.233887609030E+00 -3.271320855016E+00 -3.309156932798E+00
 -3.347395621688E+00 -3.386044926434E+00 -3.425103127067E+00 -3.464579788041E+00
 -3.504471596925E+00 -3.544789788589E+00 -3.585529366027E+00 -3.626703345888E+00
 -3.668304959995E+00 -3.710349114100E+00 -3.752827192390E+00 -3.795756088095E+00
 -3.839125276063E+00 -3.882953721441E+00 -3.927228947246E+00 -3.971972056202E+00
 -4.017168600277E+00 -4.062841862098E+00 -4.108975430083E+00 -4.155594781792E+00
 -4.202681578841E+00 -4.250263478313E+00 -4.298320282364E+00 -4.346881779722E+00
 -4.395926010833E+00 -4.445484815145E+00 -4.495534597460E+00 -4.546109135189E+00
 -4.597183347442E+00 -4.648792808432E+00 -4.700911118132E+00 -4.753575484107E+00
 -4.806758359570E+00 -4.860498409072E+00 -4.914767102226E+00 -4.969604384631E+00
 -5.024980875894E+00 -5.080937645399E+00 -5.137444539845E+00 -5.194543638101E+00
 -5.252203999378E+00 -5.310468672568E+00 -5.369305777600E+00 -5.428759410143E+00
 -5.488796403369E+00 -5.549462145991E+00 -5.610721566817E+00 -5.672621831497E+00
 -5.735124982903E+00 -5.798280771395E+00 -5.862046891649E+00 -5.926476918290E+00
 -5.991522112211E+00 -6.057241676486E+00 -6.123577558958E+00 -6.190597120039E+00
 -6.258229124380E+00 -6.326552530739E+00 -6.395477840688E+00 -6.465100175508E+00
 -6.535305255333E+00 -6.606210276325E+00 -6.677668002553E+00 -6.749825186518E+00
 -6.822491630527E+00 -6.895852882006E+00 -6.969663857074E+00 -7.044160008095E+00
 -7.119027576273E+00 -7.194564888582E+00 -7.270374115020E+00 -7.346831089338E+00
 -7.423437420253E+00 -7.500662303370E+00 -7.577890006042E+00 -7.655699442085E+00
 -7.733341552089E+00 -7.811520819394E+00 -7.889340962288E+00 -7.967646143188E+00
 -8.045382415453E+00 -8.123544645928E+00 -8.200915456287E+00 -8.278647103546E+00
 -8.355358527122E+00 -8.432360787779E+00 -8.508114642921E+00 -8.584085718423E+00
 -8.658587332198E+00 -8.733230116124E+00 -8.806194686393E+00 -8.879222873842E+00
 -8.950379511059E+00 -9.021521252883E+00 -9.090614175936E+00 -9.159612821897E+00
 -9.226399705080E+00 -9.293011716353E+00 -9.357259711921E+00 -9.421250344025E+00
 -9.482730710712E+00 -9.543868449929E+00 -9.602350918836E+00 -9.660401823519E+00
 -9.715649810963E+00 -9.770372856198E+00 -9.822140431778E+00 -9.873284732600E+00
 -9.921315949435E+00 -9.968620427127E+00 -1.001265130382E+01 -1.005584704431E+01
 -1.009561021824E+01 -1.013442551064E+01 -1.016965739121E+01 -1.020382525523E+01
 -1.023427539611E+01 -1.026354330762E+01 -1.028898566997E+01 -1.031312715409E+01
 -1.033337292145E+01 -1.035220067438E+01 -1.036711227653E+01 -1.038049247347E+01
 -1.038999845856E+01 -1.039786588431E+01 -1.040197622961E+01 -1.040434981468E+01
 -1.040317117657E+01 -1.040016942600E+01 -1.039391969421E+01 -1.038577535426E+01
 -1.037479669251E+01 -1.036186981090E+01 -1.034663913979E+01 -1.032942744199E+01
 -1.031056305775E+01 -1.028970829362E+01 -1.026797103348E+01 -1.024425966062E+01
 -1.022054674540E+01 -1.019490303270E+01 -1.017023247483E+01 -1.014370186815E+01
 -1.011918517826E+01 -1.009290562010E+01 -1.006970654387E+01 -1.004486545102E+01
 -1.002414271775E+01 -1.000191759352E+01 -9.984750301964E+00 -9.966231643471E+00
 -9.953527175201E+00 -9.939623665888E+00 -9.932010263452E+00 -9.923338593469E+00
 -9.921048538910E+00 -9.917814162952E+00 -9.920569708891E+00 -9.922451332366E+00
 -9.929375442511E+00 -9.935436336763E+00 -9.945025679558E+00 -9.953690918839E+00
 -9.963911898043E+00 -9.973074833941E+00 -9.981678091285E+00 -9.989035295876E+00
 -9.994234655198E+00 -9.998000885294E+00 -9.999735469399E+00 -9.999965477828E+00
 -1.000068430913E+01 -1.000003386343E+01 -1.000070117764E+01 -1.000004557634E+01
 -1.000071315028E+01 -1.000005386495E+01 -1.000072207519E+01 -1.000005952651E+01
 -1.000072862803E+01 -1.000006316684E+01 -1.000073335776E+01 -1.000006527530E+01
 -1.000073670587E+01 -1.000006624296E+01 -1.000073902354E+01 -1.000006637863E+01
 -1.000074058667E+01 -1.000006592296E+01 -1.000074160903E+01 -1.000006506058E+01
 -1.000074225358E+01 -1.000006393060E+01 -1.000074264219E+01 -1.000006263558E+01
 -1.000074286398E+01 -1.000006124922E+01 -1.000074298239E+01 -1.000005982276E+01
 -1.000074304107E+01 -1.000005839040E+01 -1.000074306884E+01 -1.000005697380E+01
 -1.000074308372E+01 -1.000005558559E+01 -1.000074309611E+01 -1.000005423228E+01
 -1.000074311135E+01 -1.000005291635E+01 -1.000074313149E+01 -1.000005163787E+01
 -1.000074315674E+01 -1.000005039560E+01 -1.000074318633E+01 -1.000004918773E+01
 -1.000074321910E+01 -1.000004801228E+01 -1.000074325389E+01 -1.000004686742E+01
 -1.000074328966E+01 -1.000004575152E+01 -1.000000000000E+01 -1.000000000000E+01
 -1.000000000000E+01 -1.000000000000E+01 -1.000000000000E+01 -1.000000000000E+01
 -1.000000000000E+01 -1.000000000000E+01 -1.000000000000E+01 -1.000000000000E+01
 -1.000000000000E+01 -1.000000000000E+01 -1.000000000000E+01 -1.000000000000E+01
 -1.000000000000E+01 -1.000000000000E+01 -1.000000000000E+01 -1.000000000000E+01
 -1.000000000000E+01 -1.000000000000E+01 -1.000000000000E+01 -1.000000000000E+01
 -1.000000000000E+01 -1.000000000000E+01 -1.000000000000E+01 -1.000000000000E+01
 -1.000000000000E+01 -1.000000000000E+01 -1.000000000000E+01 -1.000000000000E+01
 -1.000000000000E+01 -1.000000000000E+01 -1.000000000000E+01 -1.000000000000E+01
 -1.000000000000E+01 -1.000000000000E+01 -1.000000000000E+01 -1.000000000000E+01
 -1.000000000000E+01 -1.000000000000E+01 -1.000000000000E+01 -1.000000000000E+01
 -1.000000000000E+01 -1.000000000000E+01 -1.000000000000E+01 -1.000000000000E+01
 -1.000000000000E+01 -1.000000000000E+01 -1.000000000000E+01 -1.000000000000E+01
 -1.000000000000E+01 -1.000000000000E+01 -1.000000000000E+01 -1.000000000000E+01
 -1.000000000000E+01 -1.000000000000E+01 -1.000000000000E+01 -1.000000000000E+01
 -1.000000000000E+01 -1.000000000000E+01 -1.000000000000E+01 -1.000000000000E+01
 -1.000000000000E+01 -1.000000000000E+01 -1.000000000000E+01 -1.000000000000E+01
 -1.000000000000E+01 -1.000000000000E+01 -1.000000000000E+01 -1.000000000000E+01
 -1.000000000000E+01 -1.000000000000E+01 -1.000000000000E+01 -1.000000000000E+01
 -1.000000000000E+01 -1.000000000000E+01 -1.000000000000E+01 -1.000000000000E+01
 -1.000000000000E+01 -1.000000000000E+01 -1.000000000000E+01 -1.000000000000E+01
 -1.000000000000E+01 -1.000000000000E+01 -1.000000000000E+01 -1.000000000000E+01
 -1.000000000000E+01 -1.000000000000E+01 -1.000000000000E+01 -1.000000000000E+01
 -1.000000000000E+01 -1.000000000000E+01 -1.000000000000E+01 -1.000000000000E+01
 -1.000000000000E+01 -1.000000000000E+01 -1.000000000000E+01 -1.000000000000E+01
 -1.000000000000E+01 -1.000000000000E+01 -1.000000000000E+01 -1.000000000000E+01
 -1.000000000000E+01 -1.000000000000E+01 -1.000000000000E+01 -1.000000000000E+01
 -1.000000000000E+01 -1.000000000000E+01 -1.000000000000E+01 -1.000000000000E+01
 -1.000000000000E+01 -1.000000000000E+01 -1.000000000000E+01 -1.000000000000E+01
 -1.000000000000E+01 -1.000000000000E+01 -1.000000000000E+01 -1.000000000000E+01
 -1.000000000000E+01 -1.000000000000E+01 -1.000000000000E+01 -1.000000000000E+01
 -1.000000000000E+01 -1.000000000000E+01 -1.000000000000E+01 -1.000000000000E+01
 -1.000000000000E+01 -1.000000000000E+01 -1.000000000000E+01 -1.000000000000E+01
 -1.000000000000E+01 -1.000000000000E+01 -1.000000000000E+01 -1.000000000000E+01
 -1.000000000000E+01 -1.000000000000E+01 -1.000000000000E+01 -1.000000000000E+01
 -1.000000000000E+01 -1.000000000000E+01 -1.000000000000E+01 -1.000000000000E+01
 -1.000000000000E+01 -1.000000000000E+01 -1.000000000000E+01 -1.000000000000E+01
 -1.000000000000E+01 -1.000000000000E+01 -1.000000000000E+01 -1.000000000000E+01
 -1.000000000000E+01 -1.000000000000E+01 -1.000000000000E+01 -1.000000000000E+01
 -1.000000000000E+01 -1.000000000000E+01 -1.000000000000E+01 -1.000000000000E+01
 -1.000000000000E+01 -1.000000000000E+01 -1.000000000000E+01 -1.000000000000E+01
 -1.000000000000E+01 -1.000000000000E+01 -1.000000000000E+01 -1.000000000000E+01
 -1.000000000000E+01 -1.000000000000E+01 -1.000000000000E+01 -1.000000000000E+01
 -1.000000000000E+01 -1.000000000000E+01 -1.000000000000E+01 -1.000000000000E+01
 -1.000000000000E+01 -1.000000000000E+01 -1.000000000000E+01 -1.000000000000E+01
 -1.000000000000E+01 -1.000000000000E+01 -1.000000000000E+01 -1.000000000000E+01
 -1.000000000000E+01 -1.000000000000E+01 -1.000000000000E+01 -1.000000000000E+01
 -1.000000000000E+01 -1.000000000000E+01 -1.000000000000E+01 -1.000000000000E+01
 -1.000000000000E+01 -1.000000000000E+01 -1.000000000000E+01 -1.000000000000E+01
 -1.000000000000E+01 -1.000000000000E+01 -1.000000000000E+01 -1.000000000000E+01
 -1.000000000000E+01 -1.000000000000E+01 -1.000000000000E+01 -1.000000000000E+01
 -1.000000000000E+01 -1.000000000000E+01 -1.000000000000E+01 -1.000000000000E+01
 -1.000000000000E+01 -1.000000000000E+01 -1.000000000000E+01 -1.000000000000E+01
 -1.000000000000E+01 -1.000000000000E+01 -1.000000000000E+01 -1.000000000000E+01
 -1.000000000000E+01 -1.000000000000E+01 -1.000000000000E+01 -1.000000000000E+01
 -1.000000000000E+01 -1.000000000000E+01 -1.000000000000E+01 -1.000000000000E+01
 -1.000000000000E+01 -1.000000000000E+01 -1.000000000000E+01 -1.000000000000E+01
 -1.000000000000E+01 -1.000000000000E+01 -1.000000000000E+01 -1.000000000000E+01
 -1.000000000000E+01 -1.000000000000E+01 -1.000000000000E+01 -1.000000000000E+01
 -1.000000000000E+01 -1.000000000000E+01 -1.000000000000E+01 -1.000000000000E+01
 -1.000000000000E+01 -1.000000000000E+01 -1.000000000000E+01 -1.000000000000E+01
 -1.000000000000E+01 -1.000000000000E+01 -1.000000000000E+01 -1.000000000000E+01
 -1.000000000000E+01 -1.000000000000E+01 -1.000000000000E+01 -1.000000000000E+01
 -1.000000000000E+01 -1.000000000000E+01 -1.000000000000E+01 -1.000000000000E+01
 -1.000000000000E+01 -1.000000000000E+01 -1.000000000000E+01 -1.000000000000E+01
 -1.000000000000E+01 -1.000000000000E+01 -1.000000000000E+01 -1.000000000000E+01
 -1.000000000000E+01 -1.000000000000E+01 -1.000000000000E+01 -1.000000000000E+01
 -1.000000000000E+01 -1.000000000000E+01 -1.000000000000E+01 -1.000000000000E+01
 -1.000000000000E+01 -1.000000000000E+01 -1.000000000000E+01 -1.000000000000E+01
 -1.000000000000E+01
 Core charge follows
  0.000000000000E+00  0.000000000000E+00  0.000000000000E+00  0.000000000000E+00
  0.000000000000E+00  0.000000000000E+00  0.000000000000E+00  0.000000000000E+00
  0.000000000000E+00  0.000000000000E+00  0.000000000000E+00  0.000000000000E+00
  0.000000000000E+00  0.000000000000E+00  0.000000000000E+00  0.000000000000E+00
  0.000000000000E+00  0.000000000000E+00  0.000000000000E+00  0.000000000000E+00
  0.000000000000E+00  0.000000000000E+00  0.000000000000E+00  0.000000000000E+00
  0.000000000000E+00  0.000000000000E+00  0.000000000000E+00  0.000000000000E+00
  0.000000000000E+00  0.000000000000E+00  0.000000000000E+00  0.000000000000E+00
  0.000000000000E+00  0.000000000000E+00  0.000000000000E+00  0.000000000000E+00
  0.000000000000E+00  0.000000000000E+00  0.000000000000E+00  0.000000000000E+00
  0.000000000000E+00  0.000000000000E+00  0.000000000000E+00  0.000000000000E+00
  0.000000000000E+00  0.000000000000E+00  0.000000000000E+00  0.000000000000E+00
  0.000000000000E+00  0.000000000000E+00  0.000000000000E+00  0.000000000000E+00
  0.000000000000E+00  0.000000000000E+00  0.000000000000E+00  0.000000000000E+00
  0.000000000000E+00  0.000000000000E+00  0.000000000000E+00  0.000000000000E+00
  0.000000000000E+00  0.000000000000E+00  0.000000000000E+00  0.000000000000E+00
  0.000000000000E+00  0.000000000000E+00  0.000000000000E+00  0.000000000000E+00
  0.000000000000E+00  0.000000000000E+00  0.000000000000E+00  0.000000000000E+00
  0.000000000000E+00  0.000000000000E+00  0.000000000000E+00  0.000000000000E+00
  0.000000000000E+00  0.000000000000E+00  0.000000000000E+00  0.000000000000E+00
  0.000000000000E+00  0.000000000000E+00  0.000000000000E+00  0.000000000000E+00
  0.000000000000E+00  0.000000000000E+00  0.000000000000E+00  0.000000000000E+00
  0.000000000000E+00  0.000000000000E+00  0.000000000000E+00  0.000000000000E+00
  0.000000000000E+00  0.000000000000E+00  0.000000000000E+00  0.000000000000E+00
  0.000000000000E+00  0.000000000000E+00  0.000000000000E+00  0.000000000000E+00
  0.000000000000E+00  0.000000000000E+00  0.000000000000E+00  0.000000000000E+00
  0.000000000000E+00  0.000000000000E+00  0.000000000000E+00  0.000000000000E+00
  0.000000000000E+00  0.000000000000E+00  0.000000000000E+00  0.000000000000E+00
  0.000000000000E+00  0.000000000000E+00  0.000000000000E+00  0.000000000000E+00
  0.000000000000E+00  0.000000000000E+00  0.000000000000E+00  0.000000000000E+00
  0.000000000000E+00  0.000000000000E+00  0.000000000000E+00  0.000000000000E+00
  0.000000000000E+00  0.000000000000E+00  0.000000000000E+00  0.000000000000E+00
  0.000000000000E+00  0.000000000000E+00  0.000000000000E+00  0.000000000000E+00
  0.000000000000E+00  0.000000000000E+00  0.000000000000E+00  0.000000000000E+00
  0.000000000000E+00  0.000000000000E+00  0.000000000000E+00  0.000000000000E+00
  0.000000000000E+00  0.000000000000E+00  0.000000000000E+00  0.000000000000E+00
  0.000000000000E+00  0.000000000000E+00  0.000000000000E+00  0.000000000000E+00
  0.000000000000E+00  0.000000000000E+00  0.000000000000E+00  0.000000000000E+00
  0.000000000000E+00  0.000000000000E+00  0.000000000000E+00  0.000000000000E+00
  0.000000000000E+00  0.000000000000E+00  0.000000000000E+00  0.000000000000E+00
  0.000000000000E+00  0.000000000000E+00  0.000000000000E+00  0.000000000000E+00
  0.000000000000E+00  0.000000000000E+00  0.000000000000E+00  0.000000000000E+00
  0.000000000000E+00  0.000000000000E+00  0.000000000000E+00  0.000000000000E+00
  0.000000000000E+00  0.000000000000E+00  0.000000000000E+00  0.000000000000E+00
  0.000000000000E+00  0.000000000000E+00  0.000000000000E+00  0.000000000000E+00
  0.000000000000E+00  0.000000000000E+00  0.000000000000E+00  0.000000000000E+00
  0.000000000000E+00  0.000000000000E+00  0.000000000000E+00  0.000000000000E+00
  0.000000000000E+00  0.000000000000E+00  0.000000000000E+00  0.000000000000E+00
  0.000000000000E+00  0.000000000000E+00  0.000000000000E+00  0.000000000000E+00
  0.000000000000E+00  0.000000000000E+00  0.000000000000E+00  0.000000000000E+00
  0.000000000000E+00  0.000000000000E+00  0.000000000000E+00  0.000000000000E+00
  0.000000000000E+00  0.000000000000E+00  0.000000000000E+00  0.000000000000E+00
  0.000000000000E+00  0.000000000000E+00  0.000000000000E+00  0.000000000000E+00
  0.000000000000E+00  0.000000000000E+00  0.000000000000E+00  0.000000000000E+00
  0.000000000000E+00  0.000000000000E+00  0.000000000000E+00  0.000000000000E+00
  0.000000000000E+00  0.000000000000E+00  0.000000000000E+00  0.000000000000E+00
  0.000000000000E+00  0.000000000000E+00  0.000000000000E+00  0.000000000000E+00
  0.000000000000E+00  0.000000000000E+00  0.000000000000E+00  0.000000000000E+00
  0.000000000000E+00  0.000000000000E+00  0.000000000000E+00  0.000000000000E+00
  0.000000000000E+00  0.000000000000E+00  0.000000000000E+00  0.000000000000E+00
  0.000000000000E+00  0.000000000000E+00  0.000000000000E+00  0.000000000000E+00
  0.000000000000E+00  0.000000000000E+00  0.000000000000E+00  0.000000000000E+00
  0.000000000000E+00  0.000000000000E+00  0.000000000000E+00  0.000000000000E+00
  0.000000000000E+00  0.000000000000E+00  0.000000000000E+00  0.000000000000E+00
  0.000000000000E+00  0.000000000000E+00  0.000000000000E+00  0.000000000000E+00
  0.000000000000E+00  0.000000000000E+00  0.000000000000E+00  0.000000000000E+00
  0.000000000000E+00  0.000000000000E+00  0.000000000000E+00  0.000000000000E+00
  0.000000000000E+00  0.000000000000E+00  0.000000000000E+00  0.000000000000E+00
  0.000000000000E+00  0.000000000000E+00  0.000000000000E+00  0.000000000000E+00
  0.000000000000E+00  0.000000000000E+00  0.000000000000E+00  0.000000000000E+00
  0.000000000000E+00  0.000000000000E+00  0.000000000000E+00  0.000000000000E+00
  0.000000000000E+00  0.000000000000E+00  0.000000000000E+00  0.000000000000E+00
  0.000000000000E+00  0.000000000000E+00  0.000000000000E+00  0.000000000000E+00
  0.000000000000E+00  0.000000000000E+00  0.000000000000E+00  0.000000000000E+00
  0.000000000000E+00  0.000000000000E+00  0.000000000000E+00  0.000000000000E+00
  0.000000000000E+00  0.000000000000E+00  0.000000000000E+00  0.000000000000E+00
  0.000000000000E+00  0.000000000000E+00  0.000000000000E+00  0.000000000000E+00
  0.000000000000E+00  0.000000000000E+00  0.000000000000E+00  0.000000000000E+00
  0.000000000000E+00  0.000000000000E+00  0.000000000000E+00  0.000000000000E+00
  0.000000000000E+00  0.000000000000E+00  0.000000000000E+00  0.000000000000E+00
  0.000000000000E+00  0.000000000000E+00  0.000000000000E+00  0.000000000000E+00
  0.000000000000E+00  0.000000000000E+00  0.000000000000E+00  0.000000000000E+00
  0.000000000000E+00  0.000000000000E+00  0.000000000000E+00  0.000000000000E+00
  0.000000000000E+00  0.000000000000E+00  0.000000000000E+00  0.000000000000E+00
  0.000000000000E+00  0.000000000000E+00  0.000000000000E+00  0.000000000000E+00
  0.000000000000E+00  0.000000000000E+00  0.000000000000E+00  0.000000000000E+00
  0.000000000000E+00  0.000000000000E+00  0.000000000000E+00  0.000000000000E+00
  0.000000000000E+00  0.000000000000E+00  0.000000000000E+00  0.000000000000E+00
  0.000000000000E+00  0.000000000000E+00  0.000000000000E+00  0.000000000000E+00
  0.000000000000E+00  0.000000000000E+00  0.000000000000E+00  0.000000000000E+00
  0.000000000000E+00  0.000000000000E+00  0.000000000000E+00  0.000000000000E+00
  0.000000000000E+00  0.000000000000E+00  0.000000000000E+00  0.000000000000E+00
  0.000000000000E+00  0.000000000000E+00  0.000000000000E+00  0.000000000000E+00
  0.000000000000E+00  0.000000000000E+00  0.000000000000E+00  0.000000000000E+00
  0.000000000000E+00  0.000000000000E+00  0.000000000000E+00  0.000000000000E+00
  0.000000000000E+00  0.000000000000E+00  0.000000000000E+00  0.000000000000E+00
  0.000000000000E+00  0.000000000000E+00  0.000000000000E+00  0.000000000000E+00
  0.000000000000E+00  0.000000000000E+00  0.000000000000E+00  0.000000000000E+00
  0.000000000000E+00  0.000000000000E+00  0.000000000000E+00  0.000000000000E+00
  0.000000000000E+00  0.000000000000E+00  0.000000000000E+00  0.000000000000E+00
  0.000000000000E+00  0.000000000000E+00  0.000000000000E+00  0.000000000000E+00
  0.000000000000E+00  0.000000000000E+00  0.000000000000E+00  0.000000000000E+00
  0.000000000000E+00  0.000000000000E+00  0.000000000000E+00  0.000000000000E+00
  0.000000000000E+00  0.000000000000E+00  0.000000000000E+00  0.000000000000E+00
  0.000000000000E+00  0.000000000000E+00  0.000000000000E+00  0.000000000000E+00
  0.000000000000E+00  0.000000000000E+00  0.000000000000E+00  0.000000000000E+00
  0.000000000000E+00  0.000000000000E+00  0.000000000000E+00  0.000000000000E+00
  0.000000000000E+00  0.000000000000E+00  0.000000000000E+00  0.000000000000E+00
  0.000000000000E+00  0.000000000000E+00  0.000000000000E+00  0.000000000000E+00
  0.000000000000E+00  0.000000000000E+00  0.000000000000E+00  0.000000000000E+00
  0.000000000000E+00  0.000000000000E+00  0.000000000000E+00  0.000000000000E+00
  0.000000000000E+00  0.000000000000E+00  0.000000000000E+00  0.000000000000E+00
  0.000000000000E+00  0.000000000000E+00  0.000000000000E+00  0.000000000000E+00
  0.000000000000E+00  0.000000000000E+00  0.000000000000E+00  0.000000000000E+00
  0.000000000000E+00  0.000000000000E+00  0.000000000000E+00  0.000000000000E+00
  0.000000000000E+00  0.000000000000E+00  0.000000000000E+00  0.000000000000E+00
  0.000000000000E+00  0.000000000000E+00  0.000000000000E+00  0.000000000000E+00
  0.000000000000E+00  0.000000000000E+00  0.000000000000E+00  0.000000000000E+00
  0.000000000000E+00  0.000000000000E+00  0.000000000000E+00  0.000000000000E+00
  0.000000000000E+00  0.000000000000E+00  0.000000000000E+00  0.000000000000E+00
  0.000000000000E+00  0.000000000000E+00  0.000000000000E+00  0.000000000000E+00
  0.000000000000E+00  0.000000000000E+00  0.000000000000E+00  0.000000000000E+00
  0.000000000000E+00  0.000000000000E+00  0.000000000000E+00  0.000000000000E+00
  0.000000000000E+00  0.000000000000E+00  0.000000000000E+00  0.000000000000E+00
  0.000000000000E+00  0.000000000000E+00  0.000000000000E+00  0.000000000000E+00
  0.000000000000E+00  0.000000000000E+00  0.000000000000E+00  0.000000000000E+00
  0.000000000000E+00  0.000000000000E+00  0.000000000000E+00  0.000000000000E+00
  0.000000000000E+00  0.000000000000E+00  0.000000000000E+00  0.000000000000E+00
  0.000000000000E+00  0.000000000000E+00  0.000000000000E+00  0.000000000000E+00
  0.000000000000E+00  0.000000000000E+00  0.000000000000E+00  0.000000000000E+00
  0.000000000000E+00  0.000000000000E+00  0.000000000000E+00  0.000000000000E+00
  0.000000000000E+00  0.000000000000E+00  0.000000000000E+00  0.000000000000E+00
  0.000000000000E+00  0.000000000000E+00  0.000000000000E+00  0.000000000000E+00
  0.000000000000E+00  0.000000000000E+00  0.000000000000E+00  0.000000000000E+00
  0.000000000000E+00  0.000000000000E+00  0.000000000000E+00  0.000000000000E+00
  0.000000000000E+00  0.000000000000E+00  0.000000000000E+00  0.000000000000E+00
  0.000000000000E+00  0.000000000000E+00  0.000000000000E+00  0.000000000000E+00
  0.000000000000E+00  0.000000000000E+00  0.000000000000E+00  0.000000000000E+00
  0.000000000000E+00  0.000000000000E+00  0.000000000000E+00  0.000000000000E+00
  0.000000000000E+00  0.000000000000E+00  0.000000000000E+00  0.000000000000E+00
  0.000000000000E+00  0.000000000000E+00  0.000000000000E+00  0.000000000000E+00
  0.000000000000E+00  0.000000000000E+00  0.000000000000E+00  0.000000000000E+00
  0.000000000000E+00  0.000000000000E+00  0.000000000000E+00  0.000000000000E+00
  0.000000000000E+00  0.000000000000E+00  0.000000000000E+00  0.000000000000E+00
  0.000000000000E+00  0.000000000000E+00  0.000000000000E+00  0.000000000000E+00
  0.000000000000E+00  0.000000000000E+00  0.000000000000E+00  0.000000000000E+00
  0.000000000000E+00  0.000000000000E+00  0.000000000000E+00  0.000000000000E+00
  0.000000000000E+00  0.000000000000E+00  0.000000000000E+00  0.000000000000E+00
  0.000000000000E+00  0.000000000000E+00  0.000000000000E+00  0.000000000000E+00
  0.000000000000E+00  0.000000000000E+00  0.000000000000E+00  0.000000000000E+00
  0.000000000000E+00  0.000000000000E+00  0.000000000000E+00  0.000000000000E+00
  0.000000000000E+00  0.000000000000E+00  0.000000000000E+00  0.000000000000E+00
  0.000000000000E+00  0.000000000000E+00  0.000000000000E+00  0.000000000000E+00
  0.000000000000E+00  0.000000000000E+00  0.000000000000E+00  0.000000000000E+00
  0.000000000000E+00  0.000000000000E+00  0.000000000000E+00  0.000000000000E+00
  0.000000000000E+00  0.000000000000E+00  0.000000000000E+00  0.000000000000E+00
  0.000000000000E+00  0.000000000000E+00  0.000000000000E+00  0.000000000000E+00
  0.000000000000E+00  0.000000000000E+00  0.000000000000E+00  0.000000000000E+00
  0.000000000000E+00  0.000000000000E+00  0.000000000000E+00  0.000000000000E+00
  0.000000000000E+00  0.000000000000E+00  0.000000000000E+00  0.000000000000E+00
  0.000000000000E+00  0.000000000000E+00  0.000000000000E+00  0.000000000000E+00
  0.000000000000E+00  0.000000000000E+00  0.000000000000E+00  0.000000000000E+00
  0.000000000000E+00  0.000000000000E+00  0.000000000000E+00  0.000000000000E+00
  0.000000000000E+00  0.000000000000E+00  0.000000000000E+00  0.000000000000E+00
  0.000000000000E+00  0.000000000000E+00  0.000000000000E+00  0.000000000000E+00
  0.000000000000E+00  0.000000000000E+00  0.000000000000E+00  0.000000000000E+00
  0.000000000000E+00  0.000000000000E+00  0.000000000000E+00  0.000000000000E+00
  0.000000000000E+00  0.000000000000E+00  0.000000000000E+00  0.000000000000E+00
  0.000000000000E+00  0.000000000000E+00  0.000000000000E+00  0.000000000000E+00
  0.000000000000E+00  0.000000000000E+00  0.000000000000E+00  0.000000000000E+00
  0.000000000000E+00  0.000000000000E+00  0.000000000000E+00  0.000000000000E+00
  0.000000000000E+00  0.000000000000E+00  0.000000000000E+00  0.000000000000E+00
  0.000000000000E+00  0.000000000000E+00  0.000000000000E+00  0.000000000000E+00
  0.000000000000E+00  0.000000000000E+00  0.000000000000E+00  0.000000000000E+00
  0.000000000000E+00  0.000000000000E+00  0.000000000000E+00  0.000000000000E+00
  0.000000000000E+00  0.000000000000E+00  0.000000000000E+00  0.000000000000E+00
  0.000000000000E+00  0.000000000000E+00  0.000000000000E+00  0.000000000000E+00
  0.000000000000E+00  0.000000000000E+00  0.000000000000E+00  0.000000000000E+00
  0.000000000000E+00  0.000000000000E+00  0.000000000000E+00  0.000000000000E+00
  0.000000000000E+00  0.000000000000E+00  0.000000000000E+00  0.000000000000E+00
  0.000000000000E+00  0.000000000000E+00  0.000000000000E+00  0.000000000000E+00
  0.000000000000E+00  0.000000000000E+00  0.000000000000E+00  0.000000000000E+00
  0.000000000000E+00  0.000000000000E+00  0.000000000000E+00  0.000000000000E+00
  0.000000000000E+00  0.000000000000E+00  0.000000000000E+00  0.000000000000E+00
  0.000000000000E+00  0.000000000000E+00  0.000000000000E+00  0.000000000000E+00
  0.000000000000E+00  0.000000000000E+00  0.000000000000E+00  0.000000000000E+00
  0.000000000000E+00  0.000000000000E+00  0.000000000000E+00  0.000000000000E+00
  0.000000000000E+00  0.000000000000E+00  0.000000000000E+00  0.000000000000E+00
  0.000000000000E+00  0.000000000000E+00  0.000000000000E+00  0.000000000000E+00
  0.000000000000E+00  0.000000000000E+00  0.000000000000E+00  0.000000000000E+00
  0.000000000000E+00  0.000000000000E+00  0.000000000000E+00  0.000000000000E+00
  0.000000000000E+00  0.000000000000E+00  0.000000000000E+00  0.000000000000E+00
  0.000000000000E+00  0.000000000000E+00  0.000000000000E+00  0.000000000000E+00
  0.000000000000E+00  0.000000000000E+00  0.000000000000E+00  0.000000000000E+00
  0.000000000000E+00  0.000000000000E+00  0.000000000000E+00  0.000000000000E+00
  0.000000000000E+00  0.000000000000E+00  0.000000000000E+00  0.000000000000E+00
  0.000000000000E+00  0.000000000000E+00  0.000000000000E+00  0.000000000000E+00
  0.000000000000E+00  0.000000000000E+00  0.000000000000E+00  0.000000000000E+00
  0.000000000000E+00  0.000000000000E+00  0.000000000000E+00  0.000000000000E+00
  0.000000000000E+00  0.000000000000E+00  0.000000000000E+00  0.000000000000E+00
  0.000000000000E+00  0.000000000000E+00  0.000000000000E+00  0.000000000000E+00
  0.000000000000E+00  0.000000000000E+00  0.000000000000E+00  0.000000000000E+00
  0.000000000000E+00  0.000000000000E+00  0.000000000000E+00  0.000000000000E+00
  0.000000000000E+00  0.000000000000E+00  0.000000000000E+00  0.000000000000E+00
  0.000000000000E+00  0.000000000000E+00  0.000000000000E+00  0.000000000000E+00
  0.000000000000E+00  0.000000000000E+00  0.000000000000E+00  0.000000000000E+00
  0.000000000000E+00  0.000000000000E+00  0.000000000000E+00  0.000000000000E+00
  0.000000000000E+00  0.000000000000E+00  0.000000000000E+00  0.000000000000E+00
  0.000000000000E+00  0.000000000000E+00  0.000000000000E+00  0.000000000000E+00
  0.000000000000E+00  0.000000000000E+00  0.000000000000E+00  0.000000000000E+00
  0.000000000000E+00  0.000000000000E+00  0.000000000000E+00  0.000000000000E+00
  0.000000000000E+00  0.000000000000E+00  0.000000000000E+00  0.000000000000E+00
  0.000000000000E+00  0.000000000000E+00  0.000000000000E+00  0.000000000000E+00
  0.000000000000E+00  0.000000000000E+00  0.000000000000E+00  0.000000000000E+00
  0.000000000000E+00  0.000000000000E+00  0.000000000000E+00  0.000000000000E+00
  0.000000000000E+00  0.000000000000E+00  0.000000000000E+00  0.000000000000E+00
  0.000000000000E+00  0.000000000000E+00  0.000000000000E+00  0.000000000000E+00
  0.000000000000E+00  0.000000000000E+00  0.000000000000E+00  0.000000000000E+00
  0.000000000000E+00  0.000000000000E+00  0.000000000000E+00  0.000000000000E+00
  0.000000000000E+00  0.000000000000E+00  0.000000000000E+00  0.000000000000E+00
  0.000000000000E+00  0.000000000000E+00  0.000000000000E+00  0.000000000000E+00
  0.000000000000E+00  0.000000000000E+00  0.000000000000E+00  0.000000000000E+00
  0.000000000000E+00  0.000000000000E+00  0.000000000000E+00  0.000000000000E+00
  0.000000000000E+00  0.000000000000E+00  0.000000000000E+00  0.000000000000E+00
  0.000000000000E+00  0.000000000000E+00  0.000000000000E+00  0.000000000000E+00
  0.000000000000E+00  0.000000000000E+00  0.000000000000E+00  0.000000000000E+00
  0.000000000000E+00  0.000000000000E+00  0.000000000000E+00  0.000000000000E+00
  0.000000000000E+00  0.000000000000E+00  0.000000000000E+00  0.000000000000E+00
  0.000000000000E+00  0.000000000000E+00  0.000000000000E+00  0.000000000000E+00
  0.000000000000E+00  0.000000000000E+00  0.000000000000E+00  0.000000000000E+00
  0.000000000000E+00
 Valence charge follows
  3.373358778142E-10  1.365984973781E-09  3.111422310477E-09  5.599847949244E-09
  8.858210875232E-09  1.291422992389E-08  1.779641457470E-08  2.353408604182E-08
  3.015739879809E-08  3.769736259347E-08  4.618586500345E-08  5.565569453257E-08
  6.614056429339E-08  7.767513627950E-08  9.029504624967E-08  1.040369292401E-07
  1.189384457215E-07  1.350383084182E-07  1.523763098061E-07  1.709933503063E-07
  1.909314671935E-07  2.122338642361E-07  2.349449420866E-07  2.591103294418E-07
  2.847769149913E-07  3.119928801749E-07  3.408077327689E-07  3.712723413215E-07
  4.034389704596E-07  4.373613170878E-07  4.730945475030E-07  5.106953354462E-07
  5.502219011162E-07  5.917340511681E-07  6.352932197225E-07  6.809625104089E-07
  7.288067394716E-07  7.788924799613E-07  8.312881070433E-07  8.860638444466E-07
  9.432918120854E-07  1.003046074880E-06  1.065402692808E-06  1.130439772216E-06
  1.198237518427E-06  1.268878289666E-06  1.342446652349E-06  1.419029437759E-06
  1.498715800156E-06  1.581597276336E-06  1.667767846700E-06  1.757323997853E-06
  1.850364786775E-06  1.946991906611E-06  2.047309754110E-06  2.151425498757E-06
  2.259857620526E-06  2.371907475319E-06  2.488069529971E-06  2.608455723213E-06
  2.733177836149E-06  2.862347185237E-06  2.996307550480E-06  3.135258438425E-06
  3.279114276665E-06  3.427993650697E-06  3.582013642595E-06  3.741289364726E-06
  3.905933448883E-06  4.076055487551E-06  4.251761423820E-06  4.433201966061E-06
  4.622022952131E-06  4.816965368533E-06  5.018135716945E-06  5.225634573638E-06
  5.439555697542E-06  5.659985062236E-06  5.889649544665E-06  6.126343184487E-06
  6.370133841151E-06  6.621098300240E-06  6.879314872240E-06  7.148552226194E-06
  7.425589486541E-06  7.710488497241E-06  8.003296214414E-06  8.306830745975E-06
  8.620746297058E-06  8.943222635159E-06  9.274280184457E-06  9.617117359514E-06
  9.971789672658E-06  1.033571721487E-05  1.070888340952E-05  1.109678232827E-05
  1.149631919386E-05  1.190577995859E-05  1.232659780525E-05  1.276467234049E-05
  1.321338093481E-05  1.367262829898E-05  1.415002671119E-05  1.464113113641E-05
  1.514347210527E-05  1.566234080476E-05  1.619919127130E-05  1.674798728611E-05
  1.731232802626E-05  1.789848377552E-05  1.849729918300E-05  1.911150493652E-05
  1.975074020459E-05  2.040334677150E-05  2.107224117432E-05  2.176855004651E-05
  2.247893012819E-05  2.320781089202E-05  2.396541075343E-05  2.473775878732E-05
  2.553244549151E-05  2.635577872843E-05  2.719450066886E-05  2.806138738402E-05
  2.895512093362E-05  2.986483118157E-05  3.081094442391E-05  3.177996670384E-05
  3.276694942359E-05  3.379854458058E-05  3.484795925517E-05  3.592596694919E-05
  3.704279031297E-05  3.817790626663E-05  3.935583579300E-05  4.056351199526E-05
  4.179325448827E-05  4.307746250547E-05  4.438181960751E-05  4.572643759486E-05
  4.711310295455E-05  4.852015174985E-05  4.999092167980E-05  5.148641417229E-05
  5.302288732539E-05  5.461164590647E-05  5.622250224088E-05  5.790409776724E-05
  5.961507766894E-05  6.137244063031E-05  6.318898820043E-05  6.502925770597E-05
  6.695363019004E-05  6.890711792222E-05  7.091887844269E-05  7.299172478879E-05
  7.509511054580E-05  7.729377605485E-05  7.951967447496E-05  8.182451427718E-05
  8.418520924445E-05  8.659575454186E-05  8.909852580967E-05  9.162983325761E-05
  9.427242003015E-05  9.695577868536E-05  9.972033955868E-05  1.025639442403E-04
  1.054564170419E-04  1.084688891816E-04  1.115132098849E-04  1.146859146314E-04
  1.179107550882E-04  1.212311014051E-04  1.246461567488E-04  1.281213497888E-04
  1.317368195422E-04  1.353871876301E-04  1.392010354531E-04  1.430653954291E-04
  1.470580291095E-04  1.511478385417E-04  1.553280054606E-04  1.596553178297E-04
  1.640321999220E-04  1.686096954209E-04  1.732276654985E-04  1.780339490649E-04
  1.829187254192E-04  1.879522293136E-04  1.931180407976E-04  1.983899196792E-04
  2.038517351447E-04  2.093736999310E-04  2.151472666098E-04  2.209665068670E-04
  2.270334966076E-04  2.331847797616E-04  2.395407620445E-04  2.460417393520E-04
  2.527009513402E-04  2.595701926793E-04  2.665475844518E-04  2.738046261890E-04
  2.811158971215E-04  2.887812925294E-04  2.965005704121E-04  3.045383019487E-04
  3.126919470132E-04  3.211157185480E-04  3.297267453946E-04  3.385556616605E-04
  3.476482848118E-04  3.569024126465E-04  3.665021095368E-04  3.762025274075E-04
  3.863361047813E-04  3.965304124796E-04  4.072006188595E-04  4.179620488085E-04
  4.291485919492E-04  4.405071312363E-04  4.522356918286E-04  4.642228962045E-04
  4.765204569930E-04  4.891695340284E-04  5.020644475803E-04  5.154103444082E-04
  5.289324045608E-04  5.430119004785E-04  5.571924176787E-04  5.720442218973E-04
  5.869714983107E-04  6.025809575134E-04  6.183275575708E-04  6.346995781841E-04
  6.513087751104E-04  6.684815803531E-04  6.859989275630E-04  7.040127010400E-04
  7.224861551999E-04  7.413831449386E-04  7.608631960417E-04  7.806878243650E-04
  8.012276332577E-04  8.220266128496E-04  8.436821566778E-04  8.655046132248E-04
  8.883348392995E-04  9.112579428956E-04  9.352994297335E-04  9.594671797264E-04
  9.846956615989E-04  1.010173944713E-03  1.036649580953E-03  1.063507802584E-03
  1.091293892914E-03  1.119605172462E-03  1.148768328725E-03  1.178609706598E-03
  1.209220034595E-03  1.240672691652E-03  1.272803983747E-03  1.305953474026E-03
  1.339683413228E-03  1.374619910845E-03  1.410030287117E-03  1.446848848303E-03
  1.484025787940E-03  1.522826629255E-03  1.561860838181E-03  1.602749632027E-03
  1.643765111789E-03  1.686824842606E-03  1.730050743711E-03  1.775270462529E-03
  1.820825064473E-03  1.868316554967E-03  1.916324644562E-03  1.966205731691E-03
  2.016798984324E-03  2.069193883839E-03  2.122511269359E-03  2.177550959612E-03
  2.233739174647E-03  2.291561792290E-03  2.350775720927E-03  2.411526982225E-03
  2.473930187147E-03  2.537763836780E-03  2.603529083112E-03  2.670607372467E-03
  2.739917186806E-03  2.810411383940E-03  2.883458651196E-03  2.957549584832E-03
  3.034538185763E-03  3.112416825853E-03  3.193562318417E-03  3.275430396040E-03
  3.360960743912E-03  3.447031413492E-03  3.537187765422E-03  3.627686312490E-03
  3.722723836457E-03  3.817965139999E-03  3.918077210932E-03  4.018488517890E-03
  4.123785709834E-03  4.229654349253E-03  4.340418613677E-03  4.452048914776E-03
  4.568578690671E-03  4.686293091690E-03  4.808904371420E-03  4.933044609500E-03
  5.062072081841E-03  5.193000470488E-03  5.328798747030E-03  5.466899548241E-03
  5.609844479841E-03  5.755525378614E-03  5.906015469169E-03  6.059709158749E-03
  6.218167084164E-03  6.380332971108E-03  6.547207212007E-03  6.718333250922E-03
  6.894099848390E-03  7.074704517036E-03  7.259868961441E-03  7.450503387821E-03
  7.645602651639E-03  7.846852905665E-03  8.052457632154E-03  8.264947195554E-03
  8.481664056106E-03  8.706056485415E-03  8.934530719521E-03  9.171532518204E-03
  9.412450671113E-03  9.662814388273E-03  9.916907262706E-03  1.018143483724E-02
  1.044948067686E-02  1.072902704753E-02  1.101185497137E-02  1.130733197489E-02
  1.160582568347E-02  1.191820626466E-02  1.223330804026E-02  1.256363080002E-02
  1.289634582541E-02  1.324571993464E-02  1.359712095644E-02  1.396673146607E-02
  1.433796383114E-02  1.472907741085E-02  1.512136450616E-02  1.553533564698E-02
  1.594998477601E-02  1.638826249463E-02  1.682707581203E-02  1.729080631110E-02
  1.775553599848E-02  1.824612218203E-02  1.873843407579E-02  1.925758779668E-02
  1.977926630181E-02  2.032882060154E-02  2.088177788485E-02  2.146369633311E-02
  2.204998225694E-02  2.266636903763E-02  2.328818189157E-02  2.394129269274E-02
  2.460099078468E-02  2.529324455348E-02  2.599335872507E-02  2.672735035248E-02
  2.747059748800E-02  2.824911149202E-02  2.903840909374E-02  2.986443437348E-02
  3.070291628017E-02  3.157966201704E-02  3.247069534650E-02  3.340160813237E-02
  3.434881153216E-02  3.533759380787E-02  3.634485710228E-02  3.739548699315E-02
  3.846699231701E-02  3.958374495480E-02  4.072398946796E-02  4.191145989111E-02
  4.312528016885E-02  4.438840789460E-02  4.568100609087E-02  4.702510145364E-02
  4.840207333406E-02  4.983284568438E-02  5.130021062482E-02  5.282379848164E-02
  5.438803152589E-02  5.601103477209E-02  5.767910083745E-02  5.940861504346E-02
  6.118800535668E-02  6.303165830986E-02  6.493042914651E-02  6.689641965432E-02
  6.892323344233E-02  7.102037246394E-02  7.318454129595E-02  7.542229544036E-02
  7.773382701931E-02  8.012236442701E-02  8.259201044386E-02  8.514224904259E-02
  8.778155595431E-02  9.050521404771E-02  9.332657618571E-02  9.623622529513E-02
  9.925294018925E-02  1.023620600224E-01  1.055883857717E-01  1.089114211371E-01
  1.123626355958E-01  1.159150550178E-01  1.196075164889E-01  1.234058722023E-01
  1.273570812471E-01  1.314190701626E-01  1.356477320329E-01  1.399922571641E-01
  1.445183442504E-01  1.491655759778E-01  1.540103895350E-01  1.589818259501E-01
  1.641680562157E-01  1.694865816403E-01  1.750383652927E-01  1.807283059009E-01
  1.866712796195E-01  1.927584549038E-01  1.991198035867E-01  2.056315722038E-01
  2.124400701711E-01  2.194053684746E-01  2.266914117383E-01  2.341407830616E-01
  2.419364104748E-01  2.499020229582E-01  2.582409237705E-01  2.667565742455E-01
  2.756740792885E-01  2.847751804319E-01  2.943082338468E-01  3.040317815084E-01
  3.142188896024E-01  3.246034068949E-01  3.354845603978E-01  3.465700148240E-01
  3.581865805011E-01  3.700142700908E-01  3.824088473812E-01  3.950212515346E-01
  4.082374896287E-01  4.216780801186E-01  4.357604506911E-01  4.500734580944E-01
  4.650669787817E-01  4.802971095026E-01  4.962470131888E-01  5.124391122286E-01
  5.293904573063E-01  5.465891120606E-01  5.645863290915E-01  5.828354097380E-01
  6.019217803957E-01  6.212639129184E-01  6.414809777760E-01  6.619569463808E-01
  6.833438390652E-01  7.049919157264E-01  7.275846222177E-01  7.504398223811E-01
  7.742703658400E-01  7.983636309357E-01  8.234591844168E-01  8.488164938340E-01
  8.751984256089E-01  9.018398431653E-01  9.295227021465E-01  9.574613648623E-01
  9.864518167728E-01  1.015692876910E+00  1.045988605350E+00  1.076528140166E+00
  1.108116730515E+00  1.139940637946E+00  1.172798466015E+00  1.205881368402E+00
  1.239972519747E+00  1.274276701675E+00  1.309551951332E+00  1.345026361376E+00
  1.381422247228E+00  1.418001596724E+00  1.455439622447E+00  1.493043617008E+00
  1.531429622288E+00  1.569962363340E+00  1.609186099404E+00  1.648535693155E+00
  1.688470640240E+00  1.728509049916E+00  1.769012509838E+00  1.809595683272E+00
  1.850509174331E+00  1.891477472951E+00  1.932627446006E+00  1.973806392612E+00
  2.015005276071E+00  2.056206627647E+00  2.097254195697E+00  2.138277334008E+00
  2.178962376988E+00  2.219595994355E+00  2.259698253644E+00  2.299722294921E+00
  2.339014608077E+00  2.378202413543E+00  2.416453000248E+00  2.454573579379E+00
  2.491548386672E+00  2.528368741294E+00  2.563833759559E+00  2.599121168585E+00
  2.632844629746E+00  2.666368808451E+00  2.698123186403E+00  2.729658242633E+00
  2.759221994376E+00  2.788548123235E+00  2.815707137635E+00  2.842612025282E+00
  2.867160784013E+00  2.891440729130E+00  2.913183228554E+00  2.934644034232E+00
  2.953394563736E+00  2.971852298734E+00  2.987436214281E+00  3.002717984818E+00
  3.014972649079E+00  3.026917553318E+00  3.035693627561E+00  3.044154076721E+00
  3.049317337019E+00  3.054160912074E+00  3.055594717412E+00  3.056706682982E+00
  3.054315143150E+00  3.051601658460E+00  3.045313438231E+00  3.038705392364E+00
  3.028477955316E+00  3.017935220747E+00  3.003759178574E+00  2.989274940982E+00
  2.971178056600E+00  2.952782764592E+00  2.930833087905E+00  2.908597501746E+00
  2.882905123026E+00  2.856941953454E+00  2.827658960053E+00  2.798122695199E+00
  2.765441116009E+00  2.732525838109E+00  2.696673636886E+00  2.660608909621E+00
  2.621844397078E+00  2.582889611724E+00  2.541494919534E+00  2.499932755488E+00
  2.456207177806E+00  2.412336985784E+00  2.366590985609E+00  2.320722881901E+00
  2.273273359149E+00  2.225723608248E+00  2.176890657940E+00  2.127978545585E+00
  2.078083403973E+00  2.028129266947E+00  1.977492434523E+00  1.926815800102E+00
  1.875754183877E+00  1.824670864546E+00  1.773494222920E+00  1.722312739693E+00
  1.671320440762E+00  1.620338817203E+00  1.569816764633E+00  1.519319474118E+00
  1.469537258803E+00  1.419792399416E+00  1.371000736777E+00  1.322257492522E+00
  1.274685994287E+00  1.227172430689E+00  1.181027744521E+00  1.134948971098E+00
  1.090413322967E+00  1.045950057534E+00  1.003180223270E+00  9.604877840485E-01
  9.196145070709E-01  8.788222492437E-01  8.399501101839E-01  8.011613121852E-01
  7.643690432508E-01  7.276612352759E-01  6.930024584884E-01  6.584281720166E-01
  6.259325268512E-01  5.935204304647E-01  5.631950440004E-01  5.329514184715E-01
  5.047826609602E-01  4.766931565202E-01  4.506486181364E-01  4.246802298331E-01
  4.007108508097E-01  3.768140444426E-01  3.548563309734E-01  3.329672523841E-01
  3.129455143905E-01  2.929882186871E-01  2.748167722656E-01  2.567054163233E-01
  2.402907026661E-01  2.239316532309E-01  2.091742361463E-01  1.944680561709E-01
  1.812644710846E-01  1.681077576247E-01  1.563521952374E-01  1.446392524465E-01
  1.342250692976E-01  1.238494090434E-01  1.146704645450E-01  1.055261343846E-01
  9.747795914060E-02  8.946070255531E-02  8.244150596195E-02  7.544976285705E-02
  6.936128933241E-02  6.329704610107E-02  5.804528926273E-02  5.281478765089E-02
  4.831057090882E-02  4.382488405114E-02  3.998431496869E-02  3.615979785423E-02
  3.290460272098E-02  2.966322345235E-02  2.692096811524E-02  2.419052594723E-02
  2.189472918305E-02  1.960896558265E-02  1.769911211884E-02  1.579772192722E-02
  1.421918345540E-02  1.264773447907E-02  1.135160842165E-02  1.006137919761E-02
  9.004256332758E-03  7.952003154536E-03  7.095676270205E-03  6.243341619800E-03
  5.554468002153E-03  4.868843159676E-03  4.318573851304E-03  3.770928575564E-03
  3.334516954571E-03  2.900208737576E-03  2.556610119538E-03  2.214684664816E-03
  1.946157402149E-03  1.678950748404E-03  1.470667804581E-03  1.263419020811E-03
  1.103097344582E-03  9.435790745348E-04  8.211324002444E-04  6.993048406771E-04
  6.065238888089E-04  5.142161409014E-04  4.444786627757E-04  3.750998730309E-04
  3.231116286153E-04  2.713929878390E-04  2.329595988244E-04  1.947271276939E-04
  1.665558237010E-04  1.385329551400E-04  1.180625280496E-04  9.770079883013E-05
  8.295758567017E-05  6.829325919094E-05  5.777066618435E-05  4.730480365317E-05
  3.986373615968E-05  3.246308772320E-05  2.725063372559E-05  2.206670538913E-05
  1.845050465297E-05  1.485424200613E-05  1.237013150195E-05  9.899819873638E-06
  8.210553775786E-06  6.530741899752E-06  5.393820322797E-06  4.263309877901E-06
  3.506197214381E-06  2.753386554467E-06  2.254644437729E-06  1.758758131839E-06
  1.433849879652E-06  1.110816628218E-06  9.015529473301E-07  6.935064965497E-07
  5.602923772912E-07  4.278593896445E-07  3.440678091501E-07  2.607716015573E-07
  2.087108703522E-07  1.569605008785E-07  1.250200152368E-07  9.327157262430E-08
  7.392734744170E-08  5.470044580496E-08  4.313952208286E-08  3.164934162645E-08
  2.483359378916E-08  1.805993321177E-08  1.409753330582E-08  1.015982956320E-08
  7.889093976632E-09  5.632646166820E-09  4.350393544512E-09  3.076287863957E-09
  2.363089512804E-09  1.654467870318E-09  1.263893857984E-09  8.758518825290E-10
  6.653408632015E-10  4.562088614422E-10  3.445887089044E-10  2.337076050126E-10
  1.755079960785E-10  1.176979662728E-10  8.787051617565E-11  5.824497210404E-11
  4.322617119538E-11  2.831020524991E-11  2.088382620342E-11  1.350889569370E-11
  9.904455574918E-12  6.325287630094E-12  4.608938489313E-12  2.904772138955E-12
  2.103342469645E-12  1.307673435841E-12  9.408979897822E-13  5.767930507092E-13
  4.123608286211E-13  2.491417143971E-13  1.769652003916E-13  1.053284001533E-13
  7.432620945016E-14  4.355906572671E-14  3.053531259151E-14  1.761170612006E-14
  1.226382887947E-14  6.957673830917E-15  4.812429990728E-15  2.684172468333E-15
  1.844007867173E-15  1.010597558384E-15  6.895414273201E-16  3.711067974587E-16
  2.514722842541E-16  1.328303039252E-16  8.938784005394E-17  4.631172360193E-17
  3.094888032302E-17  1.571777685553E-17  1.043043131481E-17  5.189210325538E-18
  3.419446765235E-18  1.665395770216E-18  1.089691692681E-18  5.191919265038E-19
  3.373151788508E-19  1.571132763202E-19  1.013525840666E-19  4.611521206480E-20
  2.953754558795E-20  1.311852183755E-20  8.342954634791E-21  3.614010726245E-21
  2.282059679975E-21  9.633818490036E-22  6.040045354690E-22  2.482848345236E-22
  1.545557332934E-22  6.180137764390E-23  3.819788081956E-23  1.484543772177E-23
  7.407292960940E-24  2.552885119999E-26  4.974966168212E-29  1.666928245547E-31
  0.000000000000E+00  0.000000000000E+00  0.000000000000E+00  0.000000000000E+00
  0.000000000000E+00  0.000000000000E+00  0.000000000000E+00  0.000000000000E+00
  0.000000000000E+00  0.000000000000E+00  0.000000000000E+00  0.000000000000E+00
  0.000000000000E+00  0.000000000000E+00  0.000000000000E+00  0.000000000000E+00
  0.000000000000E+00  0.000000000000E+00  0.000000000000E+00  0.000000000000E+00
  0.000000000000E+00  0.000000000000E+00  0.000000000000E+00  0.000000000000E+00
  0.000000000000E+00  0.000000000000E+00  0.000000000000E+00  0.000000000000E+00
  0.000000000000E+00  0.000000000000E+00  0.000000000000E+00  0.000000000000E+00
  0.000000000000E+00  0.000000000000E+00  0.000000000000E+00  0.000000000000E+00
  0.000000000000E+00  0.000000000000E+00  0.000000000000E+00  0.000000000000E+00
  0.000000000000E+00  0.000000000000E+00  0.000000000000E+00  0.000000000000E+00
  0.000000000000E+00  0.000000000000E+00  0.000000000000E+00  0.000000000000E+00
  0.000000000000E+00  0.000000000000E+00  0.000000000000E+00  0.000000000000E+00
  0.000000000000E+00  0.000000000000E+00  0.000000000000E+00  0.000000000000E+00
  0.000000000000E+00  0.000000000000E+00  0.000000000000E+00  0.000000000000E+00
  0.000000000000E+00  0.000000000000E+00  0.000000000000E+00  0.000000000000E+00
  0.000000000000E+00  0.000000000000E+00  0.000000000000E+00  0.000000000000E+00
  0.000000000000E+00  0.000000000000E+00  0.000000000000E+00  0.000000000000E+00
  0.000000000000E+00  0.000000000000E+00  0.000000000000E+00  0.000000000000E+00
  0.000000000000E+00  0.000000000000E+00  0.000000000000E+00  0.000000000000E+00
  0.000000000000E+00  0.000000000000E+00  0.000000000000E+00  0.000000000000E+00
  0.000000000000E+00  0.000000000000E+00  0.000000000000E+00  0.000000000000E+00
  0.000000000000E+00  0.000000000000E+00  0.000000000000E+00  0.000000000000E+00
  0.000000000000E+00
 Pseudo-wave-function follows (l, zelect, rc)
 0  2.000000000000E+00  1.498152959386E+00
  1.298796410868E-05  2.613535114257E-05  3.944411796483E-05  5.291624545851E-05
  6.655373882131E-05  8.035862786411E-05  9.433296731300E-05  1.084788371152E-04
  1.227983427485E-04  1.372936155348E-04  1.519668129572E-04  1.668201189814E-04
  1.818557443801E-04  1.970759270631E-04  2.124829324092E-04  2.280790536045E-04
  2.438666119827E-04  2.598479573714E-04  2.760254684416E-04  2.924015530615E-04
  3.089786486551E-04  3.257592225650E-04  3.427457724198E-04  3.599408265054E-04
  3.773469441416E-04  3.949667160631E-04  4.128027648049E-04  4.308577450928E-04
  4.491343442386E-04  4.676352825396E-04  4.863633136843E-04  5.053212251614E-04
  5.245118386753E-04  5.439380105659E-04  5.636026322337E-04  5.835086305700E-04
  6.036589683929E-04  6.240566448881E-04  6.447046960553E-04  6.656061951599E-04
  6.867642531909E-04  7.081820193235E-04  7.298626813878E-04  7.518094663439E-04
  7.740256407612E-04  7.965145113057E-04  8.192794252311E-04  8.423237708780E-04
  8.656509781775E-04  8.892645191619E-04  9.131679084816E-04  9.373647039283E-04
  9.618585069642E-04  9.866529632585E-04  1.011751763229E-03  1.037158642594E-03
  1.062925170533E-03  1.088959061266E-03  1.115309771817E-03  1.141980653196E-03
  1.168974816048E-03  1.196295128032E-03  1.223968009654E-03  1.252003089291E-03
  1.280381412869E-03  1.309105240303E-03  1.338176583613E-03  1.367597200581E-03
  1.397368587727E-03  1.427491972628E-03  1.457968305573E-03  1.488802369791E-03
  1.520121126942E-03  1.551807288933E-03  1.583861147625E-03  1.616282687527E-03
  1.649071574220E-03  1.682227142165E-03  1.715940477080E-03  1.750035497642E-03
  1.784509694020E-03  1.819361618744E-03  1.854590327350E-03  1.890437898407E-03
  1.926674863222E-03  1.963298920041E-03  2.000307352211E-03  2.037867368163E-03
  2.075941708727E-03  2.114410674560E-03  2.153270561827E-03  2.192698879296E-03
  2.232682209260E-03  2.273065669761E-03  2.313844458735E-03  2.355305524196E-03
  2.397266163098E-03  2.439630163893E-03  2.482466899174E-03  2.526058627745E-03
  2.570061155010E-03  2.614467707887E-03  2.659632754319E-03  2.705327406049E-03
  2.751432075486E-03  2.798181640631E-03  2.845622299803E-03  2.893478206814E-03
  2.941902055802E-03  2.991142876495E-03  3.040803342637E-03  3.090994670955E-03
  3.142090049777E-03  3.193608560299E-03  3.245664260303E-03  3.298668793652E-03
  3.352098946308E-03  3.406119875560E-03  3.461088302966E-03  3.516483742672E-03
  3.572574995842E-03  3.629562129450E-03  3.686976468759E-03  3.745247654641E-03
  3.804308294696E-03  3.863795019884E-03  3.924360544938E-03  3.985549380965E-03
  4.047207000046E-03  4.110141103103E-03  4.173512600356E-03  4.237646470622E-03
  4.302821571855E-03  4.368429842440E-03  4.435167571576E-03  4.502639042220E-03
  4.570631197096E-03  4.640012761369E-03  4.709835474187E-03  4.780634440973E-03
  4.852429533116E-03  4.924657695434E-03  4.998406290550E-03  5.072670408573E-03
  5.147854079128E-03  5.224205130187E-03  5.300992909407E-03  5.379353387715E-03
  5.458294501495E-03  5.538208779683E-03  5.619357010650E-03  5.700943046108E-03
  5.784277459918E-03  5.868139935788E-03  5.953155101011E-03  6.039350760888E-03
  6.126091477947E-03  6.214678436161E-03  6.303715511357E-03  6.394228269234E-03
  6.485730726543E-03  6.578108027111E-03  6.672137182724E-03  6.766611003367E-03
  6.863046663855E-03  6.960124440742E-03  7.058573588318E-03  7.158320006167E-03
  7.258835080035E-03  7.361316400130E-03  7.464247143280E-03  7.569235141453E-03
  7.674983255605E-03  7.782200642171E-03  7.890836018684E-03  8.000340283968E-03
  8.111934523474E-03  8.223978032556E-03  8.338410951909E-03  8.453501289798E-03
  8.570400657609E-03  8.688613331114E-03  8.808042248350E-03  8.929454615521E-03
  9.051477670352E-03  9.176168987054E-03  9.301317949168E-03  9.428903762029E-03
  9.557427720695E-03  9.687809818265E-03  9.819792332711E-03  9.953041686339E-03
  1.008856836923E-02  1.022475764293E-02  1.036391621174E-02  1.050353337767E-02
  1.064600013590E-02  1.078935396247E-02  1.093498841054E-02  1.108217134958E-02
  1.123105339892E-02  1.138216017788E-02  1.153437166240E-02  1.168949934104E-02
  1.184512406651E-02  1.200437209501E-02  1.216408490554E-02  1.232696616803E-02
  1.249091631349E-02  1.265747387325E-02  1.282576613552E-02  1.299609222409E-02
  1.316883396757E-02  1.334302305228E-02  1.352032428807E-02  1.369847312880E-02
  1.388044658044E-02  1.406287843643E-02  1.424941545848E-02  1.443664999724E-02
  1.462745079486E-02  1.481960673697E-02  1.501477785268E-02  1.521197684734E-02
  1.541162742018E-02  1.561399411789E-02  1.581823594879E-02  1.602589807573E-02
  1.623484569450E-02  1.644793412882E-02  1.666170486263E-02  1.688035371256E-02
  1.709946711984E-02  1.732341444014E-02  1.754824083454E-02  1.777738025641E-02
  1.800806082216E-02  1.824252159560E-02  1.847920100245E-02  1.871911554287E-02
  1.896194203241E-02  1.920744599981E-02  1.945657147397E-02  1.970780385402E-02
  1.996338396574E-02  2.022048715285E-02  2.048268139896E-02  2.074580128136E-02
  2.101477309779E-02  2.128420557060E-02  2.155997600408E-02  2.183636861739E-02
  2.211861486659E-02  2.240213960240E-02  2.269102243496E-02  2.298185552360E-02
  2.327753965842E-02  2.357586168378E-02  2.387851588940E-02  2.418451189671E-02
  2.449430909217E-02  2.480816869852E-02  2.512528605664E-02  2.544720356420E-02
  2.577182261744E-02  2.610199712948E-02  2.643430387839E-02  2.677293941822E-02
  2.711312444260E-02  2.746043007541E-02  2.780868864815E-02  2.816487860594E-02
  2.852153060296E-02  2.888670461928E-02  2.925247564435E-02  2.962633808022E-02
  3.000145346141E-02  3.038421956587E-02  3.076891020100E-02  3.116080052900E-02
  3.155530302368E-02  3.195654356790E-02  3.236110037702E-02  3.277192270302E-02
  3.318678227569E-02  3.360742366044E-02  3.403284058861E-02  3.446354416234E-02
  3.489977933313E-02  3.534079422484E-02  3.578811497661E-02  3.623969646310E-02
  3.669837674549E-02  3.716078640415E-02  3.763110694206E-02  3.810461280747E-02
  3.858686126916E-02  3.907173799353E-02  3.956620916295E-02  4.006273818065E-02
  4.056973413404E-02  4.107820383015E-02  4.159803411710E-02  4.211874000022E-02
  4.265172182924E-02  4.318516972750E-02  4.373142513739E-02  4.427836496466E-02
  4.483778743483E-02  4.539855267316E-02  4.597146802724E-02  4.654640041228E-02
  4.713314252836E-02  4.772259225460E-02  4.832350326563E-02  4.892782919673E-02
  4.954325969607E-02  5.016282958053E-02  5.079313883256E-02  5.142832952479E-02
  5.207388568090E-02  5.272508336791E-02  5.338626368789E-02  5.405386412169E-02
  5.473105520071E-02  5.541546393661E-02  5.610906193793E-02  5.681069457886E-02
  5.752110547245E-02  5.824038791947E-02  5.896802772664E-02  5.970539643580E-02
  6.045069148007E-02  6.120659372585E-02  6.196998089012E-02  6.274487503553E-02
  6.352680202584E-02  6.432115779941E-02  6.512208341541E-02  6.593638219528E-02
  6.675677660755E-02  6.759151171278E-02  6.843185674726E-02  6.928753373663E-02
  7.014832316632E-02  7.102546014476E-02  7.190719998885E-02  7.280632792177E-02
  7.370953675248E-02  7.463119978816E-02  7.555640904540E-02  7.650116484569E-02
  7.744891915989E-02  7.841733923941E-02  7.938819676255E-02  8.038086683675E-02
  8.137539958202E-02  8.239291992409E-02  8.341171411428E-02  8.445469992144E-02
  8.549835634636E-02  8.656743811559E-02  8.763699365211E-02  8.873239641226E-02
  8.982870971539E-02  9.095086810783E-02  9.207460183313E-02  9.322417868110E-02
  9.437601198100E-02  9.555368660573E-02  9.673431554623E-02  9.794078418378E-02
  9.915092217206E-02  1.003868984011E-01  1.016272766242E-01  1.028934918048E-01
  1.041648596801E-01  1.054620634041E-01  1.067651890410E-01  1.080941495943E-01
  1.094298202683E-01  1.107913251049E-01  1.121603477442E-01  1.135552039724E-01
  1.149584056571E-01  1.163874405391E-01  1.178256690127E-01  1.192897304766E-01
  1.207638546721E-01  1.222638118367E-01  1.237747224151E-01  1.253114661296E-01
  1.268600760326E-01  1.284345194287E-01  1.300217644458E-01  1.316348435043E-01
  1.332616828540E-01  1.349143569861E-01  1.365817739115E-01  1.382750265540E-01
  1.399840289335E-01  1.417188681590E-01  1.434704891316E-01  1.452479482731E-01
  1.470432468786E-01  1.488643851694E-01  1.507044470040E-01  1.525703502317E-01
  1.544562881177E-01  1.563680692936E-01  1.583010239645E-01  1.602598240068E-01
  1.622409648063E-01  1.642479532378E-01  1.662784788327E-01  1.683348544921E-01
  1.704159935985E-01  1.725229853637E-01  1.746559974857E-01  1.768148650103E-01
  1.790010411890E-01  1.812130756484E-01  1.834537392216E-01  1.857202640687E-01
  1.880167714373E-01  1.903391431647E-01  1.926928845650E-01  1.950724934726E-01
  1.974848937511E-01  1.999231647144E-01  2.023956841006E-01  2.048940773375E-01
  2.074282122121E-01  2.099882240425E-01  2.125855076939E-01  2.152086712876E-01
  2.178706746516E-01  2.205585607567E-01  2.232868931307E-01  2.260411107761E-01
  2.288374204993E-01  2.316596176601E-01  2.345255927481E-01  2.374174569638E-01
  2.403548256847E-01  2.433180846162E-01  2.463286159921E-01  2.493650379012E-01
  2.524505421169E-01  2.555619362497E-01  2.587242649461E-01  2.619124817972E-01
  2.651535282234E-01  2.684204596545E-01  2.717421586476E-01  2.750897378287E-01
  2.784940655851E-01  2.819242667216E-01  2.854132403166E-01  2.889280781185E-01
  2.925037547239E-01  2.961052835651E-01  2.997697593061E-01  3.034600720154E-01
  3.072154803967E-01  3.109967066083E-01  3.148452164296E-01  3.187195204120E-01
  3.226633330774E-01  3.266329109449E-01  3.306742570567E-01  3.347413332509E-01
  3.388824683589E-01  3.430492912715E-01  3.472924906296E-01  3.515613272149E-01
  3.559088793725E-01  3.602820085754E-01  3.647362076036E-01  3.692159124013E-01
  3.737790485235E-01  3.783676063483E-01  3.830419547109E-01  3.877416259863E-01
  3.925294332646E-01  3.973424477477E-01  4.022459162379E-01  4.071744568167E-01
  4.121957256182E-01  4.172419091634E-01  4.223830319971E-01  4.275488868129E-01
  4.328118059654E-01  4.380992453248E-01  4.434857611399E-01  4.488965523240E-01
  4.544082875946E-01  4.599440157859E-01  4.655823743238E-01  4.712444006291E-01
  4.770105192130E-01  4.827999320140E-01  4.886946248367E-01  4.946121835892E-01
  5.006358782449E-01  5.066819487694E-01  5.128346127520E-01  5.190090929864E-01
  5.252901496024E-01  5.315923847268E-01  5.380006172780E-01  5.444293030746E-01
  5.509627461436E-01  5.575158194346E-01  5.641716361124E-01  5.708461511320E-01
  5.776204950876E-01  5.844124847083E-01  5.913003461190E-01  5.982046669796E-01
  6.051997015471E-01  6.122098623419E-01  6.193042029293E-01  6.264121754406E-01
  6.335962263122E-01  6.407922392215E-01  6.480544534773E-01  6.553267696157E-01
  6.626534112202E-01  6.699880897378E-01  6.773629825872E-01  6.847436285797E-01
  6.921478963619E-01  6.995554018166E-01  7.069672040298E-01  7.143794855784E-01
  7.217737570094E-01  7.291654979215E-01  7.365137011491E-01  7.438561072688E-01
  7.511260103351E-01  7.583865922468E-01  7.655420864814E-01  7.726844830195E-01
  7.796854590041E-01  7.866693202081E-01  7.934716228786E-01  8.002525734627E-01
  8.068080601123E-01  8.133377672327E-01  8.195944943846E-01  8.258208656065E-01
  8.317234319307E-01  8.375909703945E-01  8.430810425171E-01  8.485313858367E-01
  8.535484314187E-01  8.585210982063E-01  8.630033453705E-01  8.674367077875E-01
  8.713223411777E-01  8.751548329134E-01  8.783834238021E-01  8.815549798060E-01
  8.840691303632E-01  8.865228371733E-01  8.882699972705E-01  8.899539109202E-01
  8.908883002241E-01  8.917573630538E-01  8.918419028989E-01  8.918598624403E-01
  8.910679931761E-01  8.902091977512E-01  8.885264309695E-01  8.867773508309E-01
  8.842023860971E-01  8.815626898572E-01  8.781079172224E-01  8.745909258963E-01
  8.702821443274E-01  8.659144953384E-01  8.607897100166E-01  8.556100976998E-01
  8.497173239399E-01  8.437742495014E-01  8.371683581676E-01  8.305169310981E-01
  8.232557341390E-01  8.159537332056E-01  8.080937491056E-01  8.001973953120E-01
  7.917900829978E-01  7.833503298023E-01  7.744400773933E-01  7.655007269060E-01
  7.561262313493E-01  7.467255209639E-01  7.369243342624E-01  7.270996461245E-01
  7.169112268842E-01  7.067020162797E-01  6.961670045357E-01  6.856138539585E-01
  6.747738893708E-01  6.639183737313E-01  6.528159404114E-01  6.417004715726E-01
  6.303786260884E-01  6.190461756898E-01  6.075482749620E-01  5.960421039764E-01
  5.844115228232E-01  5.727748997950E-01  5.610547399053E-01  5.493306507372E-01
  5.375634454434E-01  5.257942991511E-01  5.140217187679E-01  5.022490539563E-01
  4.905116172369E-01  4.787758148540E-01  4.671126126727E-01  4.554526211447E-01
  4.439010587135E-01  4.323541377426E-01  4.209497014231E-01  4.095511904722E-01
  3.983272445429E-01  3.871103613127E-01  3.760979789154E-01  3.650936519765E-01
  3.543214829865E-01  3.435582212481E-01  3.330523981169E-01  3.225561981154E-01
  3.123402789587E-01  3.021345691888E-01  2.922295157055E-01  2.823351355362E-01
  2.727593218755E-01  2.631945311450E-01  2.539637787226E-01  2.447442930064E-01
  2.358719255977E-01  2.270109714894E-01  2.185078847575E-01  2.100162693465E-01
  2.018910093070E-01  1.937771983992E-01  1.860360441497E-01  1.783062446082E-01
  1.709532918637E-01  1.636115346690E-01  1.566487781076E-01  1.496970001942E-01
  1.431244141489E-01  1.365625386050E-01  1.303781570510E-01  1.242041726685E-01
  1.184041705752E-01  1.126142128416E-01  1.071929916539E-01  1.017814279599E-01
  9.673170818418E-02  9.169123021577E-02  8.700415382368E-02  8.232587983632E-02
  7.799112454072E-02  7.366471354333E-02  6.967062006940E-02  6.568439901502E-02
  6.201811142601E-02  5.835921544238E-02  5.500683352332E-02  5.166135816508E-02
  4.860809992808E-02  4.556126349894E-02  4.279163512958E-02  4.002794838601E-02
  3.752591844091E-02  3.502935848595E-02  3.277853288551E-02  3.053271780144E-02
  2.851651212177E-02  2.650487285440E-02  2.470667857582E-02  2.291262473972E-02
  2.131596641520E-02  1.972304299673E-02  1.831172371957E-02  1.690375607053E-02
  1.566198910642E-02  1.442321410652E-02  1.333573907512E-02  1.225092086032E-02
  1.130310337755E-02  1.035763255511E-02  9.535546754951E-03  8.715522532304E-03
  8.006016360088E-03  7.298311485285E-03  6.689055080029E-03  6.081363915387E-03
  5.560881768989E-03  5.041752187930E-03  4.599440079261E-03  4.158290184927E-03
  3.784418135286E-03  3.411539046535E-03  3.097241729916E-03  2.783787866132E-03
  2.521044035605E-03  2.259012458680E-03  2.040615022440E-03  1.822815465833E-03
  1.642333867878E-03  1.462351103617E-03  1.314087640175E-03  1.166237810473E-03
  1.045179450177E-03  9.244619271744E-04  8.262291072515E-04  7.282753486319E-04
  6.490690975217E-04  5.700898441083E-04  5.066384396937E-04  4.433704601128E-04
  3.928766784482E-04  3.425301120228E-04  3.026199602048E-04  2.628271483716E-04
  2.315008125143E-04  2.002673468083E-04  1.758529269014E-04  1.515114828101E-04
  1.326219347580E-04  1.137893097111E-04  9.928287452717E-05  8.482050839249E-05
  7.376478198906E-05  6.274291231742E-05  5.438259844256E-05  4.604809218535E-05
  3.977638688136E-05  3.352419645808E-05  2.885767531587E-05  2.420579009541E-05
  2.076260927438E-05  1.733031346858E-05  1.481149111936E-05  1.230069494947E-05
  1.047421005364E-05  8.653591576597E-06  7.341020711313E-06  6.032699294950E-06
  5.098106631242E-06  4.166563939662E-06  3.507363970159E-06  2.850332546279E-06
  2.389856675079E-06  1.930907855609E-06  1.612423201833E-06  1.295003308175E-06
  1.076953141239E-06  8.596379284236E-07  7.118965310552E-07  5.646572148239E-07
  4.656162977164E-07  3.669147593605E-07  3.012428691963E-07  2.357979037888E-07
  1.927372594026E-07  1.498266697337E-07  1.219143367681E-07  9.410010541761E-08
  7.621868537954E-08  5.840065800678E-08  4.708257099194E-08  3.580496107910E-08
  2.872908495501E-08  2.167873957678E-08  1.731066174176E-08  1.295848670934E-08
  1.029673958967E-08  7.644771740652E-09  6.044221687421E-09  4.449606692109E-09
  3.500196532688E-09  2.554340137668E-09  1.998982219305E-09  1.445723014929E-09
  1.125483449450E-09  8.064658828532E-10  6.244939638929E-10  4.432233215234E-10
  3.413638437969E-10  2.399008749111E-10  1.837570159924E-10  1.278339581909E-10
  9.737335537400E-11  6.703380403322E-11  5.077317653666E-11  3.457786066653E-11
  2.604054833280E-11  1.753790083084E-11  1.313125868358E-11  8.742708586547E-12
  6.507542211967E-12  4.281657026873E-12  3.168042151911E-12  2.059105152696E-12
  1.514369860285E-12  9.719499890847E-13  7.104578081468E-13  4.500906169392E-13
  3.269661033348E-13  2.043778834161E-13  1.475403353130E-13  9.095349871134E-14
  6.524403154656E-14  3.964945272246E-14  2.825729731978E-14  1.691670759842E-14
  1.197617330190E-14  7.058313918731E-15  3.532668075196E-15  1.183667184375E-17
  0.000000000000E+00  0.000000000000E+00  0.000000000000E+00  0.000000000000E+00
  0.000000000000E+00  0.000000000000E+00  0.000000000000E+00  0.000000000000E+00
  0.000000000000E+00  0.000000000000E+00  0.000000000000E+00  0.000000000000E+00
  0.000000000000E+00  0.000000000000E+00  0.000000000000E+00  0.000000000000E+00
  0.000000000000E+00  0.000000000000E+00  0.000000000000E+00  0.000000000000E+00
  0.000000000000E+00  0.000000000000E+00  0.000000000000E+00  0.000000000000E+00
  0.000000000000E+00  0.000000000000E+00  0.000000000000E+00  0.000000000000E+00
  0.000000000000E+00  0.000000000000E+00  0.000000000000E+00  0.000000000000E+00
  0.000000000000E+00  0.000000000000E+00  0.000000000000E+00  0.000000000000E+00
  0.000000000000E+00  0.000000000000E+00  0.000000000000E+00  0.000000000000E+00
  0.000000000000E+00  0.000000000000E+00  0.000000000000E+00  0.000000000000E+00
  0.000000000000E+00  0.000000000000E+00  0.000000000000E+00  0.000000000000E+00
  0.000000000000E+00  0.000000000000E+00  0.000000000000E+00  0.000000000000E+00
  0.000000000000E+00  0.000000000000E+00  0.000000000000E+00  0.000000000000E+00
  0.000000000000E+00  0.000000000000E+00  0.000000000000E+00  0.000000000000E+00
  0.000000000000E+00  0.000000000000E+00  0.000000000000E+00  0.000000000000E+00
  0.000000000000E+00  0.000000000000E+00  0.000000000000E+00  0.000000000000E+00
  0.000000000000E+00  0.000000000000E+00  0.000000000000E+00  0.000000000000E+00
  0.000000000000E+00  0.000000000000E+00  0.000000000000E+00  0.000000000000E+00
  0.000000000000E+00  0.000000000000E+00  0.000000000000E+00  0.000000000000E+00
  0.000000000000E+00  0.000000000000E+00  0.000000000000E+00  0.000000000000E+00
  0.000000000000E+00  0.000000000000E+00  0.000000000000E+00  0.000000000000E+00
  0.000000000000E+00  0.000000000000E+00  0.000000000000E+00  0.000000000000E+00
  0.000000000000E+00
 Pseudo-wave-function follows (l, zelect, rc)
 1  2.000000000000E+00  1.498152959386E+00
  6.017909509872E-10  2.436801606640E-09  5.550447400457E-09  9.989449093630E-09
  1.580186726986E-08  2.303713770985E-08  3.174610766753E-08  4.198107307069E-08
  5.379581666908E-08  6.724564715389E-08  8.238743927283E-08  9.927967496583E-08
  1.179824855469E-07  1.385576949583E-07  1.610688641244E-07  1.855813364312E-07
  2.121622843626E-07  2.408807573187E-07  2.718077306491E-07  3.050161559291E-07
  3.405810125119E-07  3.785793603867E-07  4.190903943773E-07  4.621954997134E-07
  5.079783090097E-07  5.565247606871E-07  6.079231588733E-07  6.622642348189E-07
  7.196412098668E-07  7.801498600146E-07  8.438885821082E-07  9.109584617099E-07
  9.814633426798E-07  1.055509898515E-06  1.133207705493E-06  1.214669317655E-06
  1.300010343691E-06  1.389349525755E-06  1.482808820276E-06  1.580513480805E-06
  1.682592142945E-06  1.789176911433E-06  1.900403449402E-06  2.016411069906E-06
  2.137342829742E-06  2.263345625634E-06  2.394570292841E-06  2.531171706250E-06
  2.673308884002E-06  2.821145093741E-06  2.974847961515E-06  3.134589583438E-06
  3.300546640139E-06  3.472900514099E-06  3.651837409936E-06  3.837548477704E-06
  4.030958509418E-06  4.230821321055E-06  4.438018745208E-06  4.652750415126E-06
  4.875215681252E-06  5.105612998913E-06  5.344555510750E-06  5.592399013756E-06
  5.848990838182E-06  6.114542449065E-06  6.389262626954E-06  6.673356636317E-06
  6.967025314488E-06  7.270464075307E-06  7.583861821238E-06  7.907487292647E-06
  8.244275815268E-06  8.591981821401E-06  8.950795190837E-06  9.320895233158E-06
  9.702449097657E-06  1.009561004776E-05  1.050524127145E-05  1.092740839339E-05
  1.136223235110E-05  1.180985000215E-05  1.227040092516E-05  1.275060603854E-05
  1.324472105849E-05  1.375285617546E-05  1.427509503405E-05  1.481646316147E-05
  1.537634364533E-05  1.595149025777E-05  1.654193931526E-05  1.715339433714E-05
  1.778595400437E-05  1.843501747518E-05  1.910055508017E-05  1.979236367544E-05
  2.050492425803E-05  2.123518019183E-05  2.198568692263E-05  2.276696380255E-05
  2.356720150643E-05  2.438623001695E-05  2.523762216737E-05  2.611345164855E-05
  2.700931513513E-05  2.793464650247E-05  2.889203752551E-05  2.987072557531E-05
  3.087712747247E-05  3.192242158302E-05  3.299028462367E-05  3.408558479203E-05
  3.522550579321E-05  3.638926298932E-05  3.758205566268E-05  3.882371809607E-05
  4.009046283078E-05  4.139018581656E-05  4.274110092251E-05  4.411830327914E-05
  4.553532277634E-05  4.700340131973E-05  4.849890688233E-05  5.004461082726E-05
  5.163816207395E-05  5.326018625580E-05  5.494708706662E-05  5.667481308082E-05
  5.843454511796E-05  6.027377774365E-05  6.214476204538E-05  6.406669638055E-05
  6.605779392653E-05  6.808148339945E-05  7.018145588815E-05  7.233442532984E-05
  7.452670742573E-05  7.681602301587E-05  7.914123090046E-05  8.153816038541E-05
  8.400998910993E-05  8.651812448944E-05  8.913976121247E-05  9.180542798958E-05
  9.454408333543E-05  9.737585579427E-05  1.002469792432E-04  1.032440767674E-04
  1.062934947144E-04  1.094255038087E-04  1.126628912188E-04  1.159425112066E-04
  1.193718658635E-04  1.228530465520E-04  1.264379623242E-04  1.301316100184E-04
  1.338796135185E-04  1.377972003641E-04  1.417632465415E-04  1.458697791723E-04
  1.500756986825E-04  1.543703193478E-04  1.588290304136E-04  1.633385042638E-04
  1.680459456089E-04  1.728259030859E-04  1.777502978198E-04  1.828152700175E-04
  1.879671481259E-04  1.933324174538E-04  1.987543072440E-04  2.044044641928E-04
  2.101472936881E-04  2.160599011302E-04  2.221408405809E-04  2.283286602386E-04
  2.347657658714E-04  2.412648714973E-04  2.480544459250E-04  2.549337370030E-04
  2.620408938222E-04  2.693206321205E-04  2.767608415691E-04  2.844623323575E-04
  2.922518264129E-04  3.003974712995E-04  3.086149359468E-04  3.171666338843E-04
  3.258575938186E-04  3.348124543315E-04  3.440020137875E-04  3.533797189589E-04
  3.630942716999E-04  3.729154741264E-04  3.831827686302E-04  3.935309940434E-04
  4.043183474707E-04  4.152550315756E-04  4.265544153330E-04  4.381106105891E-04
  4.499470720486E-04  4.621554220752E-04  4.745552450696E-04  4.874500649409E-04
  5.004408310870E-04  5.140581916379E-04  5.277708043083E-04  5.420466610375E-04
  5.565274021915E-04  5.714856989104E-04  5.867748727328E-04  6.024490663854E-04
  6.185890359913E-04  6.350142367798E-04  6.520495278748E-04  6.692625812141E-04
  6.872399909174E-04  7.053244673235E-04  7.242482745248E-04  7.433327962810E-04
  7.631666451549E-04  7.833034172711E-04  8.040920069187E-04  8.253358934689E-04
  8.471261331121E-04  8.695347907718E-04  8.923759092148E-04  9.160099274232E-04
  9.399535879132E-04  9.648766359860E-04  9.899770567379E-04  1.016256038268E-03
  1.042667312541E-03  1.070275333826E-03  1.098123595511E-03  1.127068102715E-03
  1.156427852324E-03  1.186774623171E-03  1.217724139804E-03  1.249542204941E-03
  1.282163735258E-03  1.315525539039E-03  1.349905495539E-03  1.384887064700E-03
  1.421116233769E-03  1.457797354365E-03  1.495971114561E-03  1.534435517581E-03
  1.574654068631E-03  1.615033967908E-03  1.657358227736E-03  1.699901418393E-03
  1.744286380905E-03  1.789104218612E-03  1.835651452970E-03  1.882860912508E-03
  1.931677006476E-03  1.981400961051E-03  2.032597768060E-03  2.084965282237E-03
  2.138660180464E-03  2.193806817369E-03  2.250122981398E-03  2.308191124853E-03
  2.367257810500E-03  2.428397002784E-03  2.490349845713E-03  2.554717141688E-03
  2.619698470462E-03  2.687458808813E-03  2.755617973044E-03  2.826944565432E-03
  2.898486790442E-03  2.973513018680E-03  3.048821084487E-03  3.127519609517E-03
  3.206785555348E-03  3.289337438465E-03  3.372762913940E-03  3.459358130842E-03
  3.547154867910E-03  3.637992743267E-03  3.730383050624E-03  3.825672713314E-03
  3.922889994295E-03  4.022850854222E-03  4.125140149211E-03  4.230002396676E-03
  4.337620951116E-03  4.447626079735E-03  4.560843938845E-03  4.676245293042E-03
  4.795345924411E-03  4.916409272567E-03  5.041690217807E-03  5.168694352170E-03
  5.300467908867E-03  5.433705273368E-03  5.572299208607E-03  5.712076555770E-03
  5.857834852545E-03  6.004473930707E-03  6.157757568566E-03  6.311595840683E-03
  6.472783611996E-03  6.634298677559E-03  6.803664370580E-03  6.973507629097E-03
  7.151188042196E-03  7.329778040174E-03  7.516181388121E-03  7.703957237751E-03
  7.899511564815E-03  8.096933920492E-03  8.302088037182E-03  8.509640115190E-03
  8.724864576358E-03  8.943053219265E-03  9.168841345108E-03  9.398198132481E-03
  9.635067073959E-03  9.876149480981E-03  1.012464133122E-02  1.037803393684E-02
  1.063871689008E-02  1.090503263625E-02  1.117850219590E-02  1.145838369963E-02
  1.174526393695E-02  1.203938485658E-02  1.234032972170E-02  1.264939617911E-02
  1.296509086568E-02  1.328984292588E-02  1.362100529106E-02  1.396221850065E-02
  1.430960054177E-02  1.466808752767E-02  1.503247691703E-02  1.540908904676E-02
  1.579131072588E-02  1.618693983069E-02  1.658785766518E-02  1.700343782699E-02
  1.742395632328E-02  1.786046572653E-02  1.830153181134E-02  1.875999466032E-02
  1.922259952379E-02  1.970408802611E-02  2.018926902917E-02  2.069490544570E-02
  2.120374809212E-02  2.173470685335E-02  2.226834682666E-02  2.282585671519E-02
  2.338548198037E-02  2.397082837886E-02  2.455768134827E-02  2.517220855181E-02
  2.578758831461E-02  2.643270190583E-02  2.707846850414E-02  2.775513580439E-02
  2.843300825730E-02  2.914246514831E-02  2.985398150177E-02  3.059777733392E-02
  3.134454448052E-02  3.212429731652E-02  3.290799359212E-02  3.372539277043E-02
  3.454777059522E-02  3.540457933481E-02  3.626746789264E-02  3.716552593299E-02
  3.807083388152E-02  3.901206015009E-02  3.996177835344E-02  4.094817365202E-02
  4.194437792574E-02  4.297802762536E-02  4.402288148252E-02  4.510595821535E-02
  4.620171560037E-02  4.733648193508E-02  4.848548993042E-02  4.967430101568E-02
  5.087900250419E-02  5.212430866305E-02  5.338724492663E-02  5.469159418181E-02
  5.601540741440E-02  5.738144792247E-02  5.876888363266E-02  6.019936600193E-02
  6.165327527754E-02  6.315105474158E-02  6.467439634488E-02  6.624243476024E-02
  6.783827701928E-02  6.947964465227E-02  7.115116710948E-02  7.286904417286E-02
  7.461953894778E-02  7.641721684393E-02  7.825008966234E-02  8.013097188464E-02
  8.204974272107E-02  8.401734536027E-02  8.602564863538E-02  8.808360043192E-02
  9.018518470031E-02  9.233722657784E-02  9.453595363522E-02  9.678593764392E-02
  9.908578097585E-02  1.014376685674E-01  1.038427110542E-01  1.063005706027E-01
  1.088150013874E-01  1.113830048628E-01  1.140111152801E-01  1.166935339722E-01
  1.194397124289E-01  1.222409116112E-01  1.251096372967E-01  1.280340697109E-01
  1.310299050093E-01  1.340821030390E-01  1.372096845031E-01  1.403942508990E-01
  1.436582786342E-01  1.469798756396E-01  1.503851009389E-01  1.538484376552E-01
  1.573996487114E-01  1.610094665318E-01  1.647114720458E-01  1.684725279767E-01
  1.723301384677E-01  1.762471861439E-01  1.802651927579E-01  1.843429609509E-01
  1.885261115559E-01  1.927692799635E-01  1.971222523089E-01  2.015354244076E-01
  2.060627961207E-01  2.106504688547E-01  2.153566840409E-01  2.201232141189E-01
  2.250125463300E-01  2.299621128966E-01  2.350386242334E-01  2.401751876860E-01
  2.454426838040E-01  2.507699405290E-01  2.562319213274E-01  2.617532541415E-01
  2.674128599300E-01  2.731312840270E-01  2.789912369864E-01  2.849093412148E-01
  2.909718819991E-01  2.970917653239E-01  3.033585846906E-01  3.096817877373E-01
  3.161539531423E-01  3.226813847700E-01  3.293592619296E-01  3.360911208460E-01
  3.429742903439E-01  3.499099818546E-01  3.569971509672E-01  3.641351990451E-01
  3.714241090705E-01  3.787620640466E-01  3.862493935545E-01  3.937837358627E-01
  4.014650004362E-01  4.091910410010E-01  4.170604902172E-01  4.249722682479E-01
  4.330227808469E-01  4.411129600064E-01  4.493359384218E-01  4.575957025612E-01
  4.659809682377E-01  4.743999181397E-01  4.829356093367E-01  4.915016621834E-01
  5.001741362596E-01  5.088734298358E-01  5.176671723274E-01  5.264839762810E-01
  5.353815194083E-01  5.442981562162E-01  5.532800097925E-01  5.622767884053E-01
  5.713213864465E-01  5.803765519108E-01  5.894602185589E-01  5.985499212195E-01
  6.076468598695E-01  6.167451480237E-01  6.258274577753E-01  6.349062978687E-01
  6.439440215731E-01  6.529733501680E-01  6.619345583995E-01  6.708823701878E-01
  6.797332853925E-01  6.885657614368E-01  6.972709262847E-01  7.059526064235E-01
  7.144750999650E-01  7.229691028817E-01  7.312708074720E-01  7.395391012695E-01
  7.475810223316E-01  7.555847475446E-01  7.633273870766E-01  7.710272328787E-01
  7.784310161562E-01  7.857876490472E-01  7.928134022179E-01  7.997879447210E-01
  8.063974189494E-01  8.129519738024E-01  8.191084093184E-01  8.252066223508E-01
  8.308753432413E-01  8.364829956209E-01  8.416320235412E-01  8.467176414421E-01
  8.513183137176E-01  8.558537807834E-01  8.598813557346E-01  8.638425111218E-01
  8.672767410247E-01  8.706439434420E-01  8.734695934903E-01  8.762282296682E-01
  8.784355197993E-01  8.805764343924E-01  8.821613800569E-01  8.836812032715E-01
  8.846458313181E-01  8.855471807281E-01  8.858995976953E-01  8.861911319010E-01
  8.859454242604E-01  8.856417283663E-01  8.848176777392E-01  8.839389641571E-01
  8.825615652669E-01  8.811331781377E-01  8.792319532967E-01  8.772836708892E-01
  8.748917821695E-01  8.724569189817E-01  8.696100879279E-01  8.667244069340E-01
  8.634596618413E-01  8.601601175017E-01  8.565144000892E-01  8.528377445514E-01
  8.488464215786E-01  8.448277202375E-01  8.405230615656E-01  8.361941801317E-01
  8.316038831765E-01  8.269920268749E-01  8.221378882670E-01  8.172642946604E-01
  8.121611523857E-01  8.070400616949E-01  8.016951527458E-01  7.963332010505E-01
  7.907460959578E-01  7.851422924498E-01  7.793055705880E-01  7.734520215351E-01
  7.673528263228E-01  7.612363418891E-01  7.548588830330E-01  7.484635284382E-01
  7.417924518810E-01  7.351029540340E-01  7.281272441636E-01  7.211329036212E-01
  7.138495736804E-01  7.065479165606E-01  6.989641303794E-01  6.913629139406E-01
  6.834946750992E-01  6.756103664476E-01  6.674777527403E-01  6.593305833902E-01
  6.509543025368E-01  6.425649400917E-01  6.339667647034E-01  6.253569773203E-01
  6.165596119731E-01  6.077520884243E-01  5.987789714560E-01  5.897971230448E-01
  5.806723235092E-01  5.715401870588E-01  5.622882742709E-01  5.530303805262E-01
  5.436762824953E-01  5.343175147462E-01  5.248863653688E-01  5.154518067791E-01
  5.059687835696E-01  4.964835551531E-01  4.869737103507E-01  4.774628024583E-01
  4.679508912266E-01  4.584389922763E-01  4.489493024272E-01  4.394606293172E-01
  4.300168174436E-01  4.205749525219E-01  4.111998915151E-01  4.018276310618E-01
  3.925432736892E-01  3.832624925476E-01  3.740897550577E-01  3.649212913370E-01
  3.558799600019E-01  3.468435227059E-01  3.379521848759E-01  3.290662859784E-01
  3.203422857359E-01  3.116241967372E-01  3.030836137085E-01  2.945493451902E-01
  2.862069936520E-01  2.778712949328E-01  2.697407391447E-01  2.616171139517E-01
  2.537106947774E-01  2.458114279942E-01  2.381402954350E-01  2.304764855629E-01
  2.230506318661E-01  2.156322238899E-01  2.084605124431E-01  2.012963263536E-01
  1.943865125818E-01  1.874842638209E-01  1.808430056874E-01  1.742093151685E-01
  1.678421724820E-01  1.614825654411E-01  1.553939888187E-01  1.493128833876E-01
  1.435061952133E-01  1.377068830891E-01  1.321842539802E-01  1.266688767189E-01
  1.214313017364E-01  1.162008269121E-01  1.112481059896E-01  1.063023076799E-01
  1.016330345038E-01  9.697048231566E-02  9.258204525902E-02  8.820010546769E-02
  8.408870327515E-02  7.998355474232E-02  7.614422860963E-02  7.231089509622E-02
  6.873757771776E-02  6.516997713858E-02  6.185555830108E-02  5.854656848046E-02
  5.548297593338E-02  5.242451557895E-02  4.960280924898E-02  4.678593220448E-02
  4.419640935362E-02  4.161140972898E-02  3.924371837562E-02  3.688024387705E-02
  3.472350168466E-02  3.257067235584E-02  3.061358821749E-02  2.866011782878E-02
  2.689111350772E-02  2.512543096328E-02  2.353276036165E-02  2.194312870689E-02
  2.051499260219E-02  1.908962348094E-02  1.781427787113E-02  1.654143958248E-02
  1.540729609880E-02  1.427541372115E-02  1.327113088989E-02  1.226887726035E-02
  1.138344171014E-02  1.049981836187E-02  9.722615374209E-03  8.947022834126E-03
  8.267895916236E-03  7.590193045967E-03  6.999492462707E-03  6.410044781939E-03
  5.898665214509E-03  5.388382376226E-03  4.947790077977E-03  4.508152866710E-03
  4.130402859676E-03  3.753480256452E-03  3.431224255648E-03  3.109681256152E-03
  2.836167122520E-03  2.563264108303E-03  2.332327716088E-03  2.101912263107E-03
  1.907962724472E-03  1.714454789994E-03  1.552454010465E-03  1.390825469879E-03
  1.256263014548E-03  1.122012525827E-03  1.010876760499E-03  9.000009182237E-04
  8.087473542781E-04  7.177090597073E-04  6.432267792393E-04  5.689217007299E-04
  5.084986723301E-04  4.482206043232E-04  3.995086227873E-04  3.509144746021E-04
  3.118943728473E-04  2.729694336939E-04  2.419171252261E-04  2.109411620927E-04
  1.863949803244E-04  1.619096335488E-04  1.426393427344E-04  1.234171927500E-04
  1.083949566489E-04  9.341054694436E-05  8.178405757398E-05  7.018707537179E-05
  6.125496706746E-05  5.234570627278E-05  4.553531102675E-05  3.874247294315E-05
  3.358991256794E-05  2.845073961519E-05  2.458329919901E-05  2.072598594027E-05
  1.784667149830E-05  1.497495584834E-05  1.284910685806E-05  1.072891223579E-05
  9.172716411213E-06  7.620692351700E-06  6.491434923770E-06  5.365228643616E-06
  4.553100427416E-06  3.743183895117E-06  3.164471782391E-06  2.587348240099E-06
  2.178832195424E-06  1.771446503651E-06  1.485844768955E-06  1.201039662980E-06
  1.003336991962E-06  8.061902594014E-07  6.707151986032E-07  5.356242114238E-07
  4.437501716108E-07  3.521387452230E-07  2.904933446186E-07  2.290256196047E-07
  1.881120020744E-07  1.473172990081E-07  1.204653113473E-07  9.369203233928E-08
  7.626973653068E-08  5.889894852515E-08  4.772695517790E-08  3.658827877557E-08
  2.951004201716E-08  2.245310011196E-08  1.802356479534E-08  1.360747488742E-08
  1.087034060980E-08  8.141589969827E-09  6.472031532247E-09  4.807633882464E-09
  3.802708267788E-09  2.800918009503E-09  2.204228361884E-09  1.609418048614E-09
  1.260038770561E-09  9.117705142192E-10  7.101068243614E-10  5.090907149629E-10
  3.943852566897E-10  2.800518173360E-10  2.157821585750E-10  1.517230617518E-10
  1.162638482957E-10  8.092201028326E-11  6.166520941983E-11  4.247282443717E-11
  3.218318344951E-11  2.192833240927E-11  1.652087523018E-11  1.113190214993E-11
  8.337952821909E-12  5.553659387359E-12  4.135264444556E-12  2.721828931111E-12
  1.363157045469E-12  4.679864081858E-15  0.000000000000E+00  0.000000000000E+00
  0.000000000000E+00  0.000000000000E+00  0.000000000000E+00  0.000000000000E+00
  0.000000000000E+00  0.000000000000E+00  0.000000000000E+00  0.000000000000E+00
  0.000000000000E+00  0.000000000000E+00  0.000000000000E+00  0.000000000000E+00
  0.000000000000E+00  0.000000000000E+00  0.000000000000E+00  0.000000000000E+00
  0.000000000000E+00  0.000000000000E+00  0.000000000000E+00  0.000000000000E+00
  0.000000000000E+00  0.000000000000E+00  0.000000000000E+00  0.000000000000E+00
  0.000000000000E+00  0.000000000000E+00  0.000000000000E+00  0.000000000000E+00
  0.000000000000E+00  0.000000000000E+00  0.000000000000E+00  0.000000000000E+00
  0.000000000000E+00  0.000000000000E+00  0.000000000000E+00  0.000000000000E+00
  0.000000000000E+00  0.000000000000E+00  0.000000000000E+00  0.000000000000E+00
  0.000000000000E+00  0.000000000000E+00  0.000000000000E+00  0.000000000000E+00
  0.000000000000E+00  0.000000000000E+00  0.000000000000E+00  0.000000000000E+00
  0.000000000000E+00  0.000000000000E+00  0.000000000000E+00  0.000000000000E+00
  0.000000000000E+00  0.000000000000E+00  0.000000000000E+00  0.000000000000E+00
  0.000000000000E+00  0.000000000000E+00  0.000000000000E+00  0.000000000000E+00
  0.000000000000E+00  0.000000000000E+00  0.000000000000E+00  0.000000000000E+00
  0.000000000000E+00  0.000000000000E+00  0.000000000000E+00  0.000000000000E+00
  0.000000000000E+00  0.000000000000E+00  0.000000000000E+00  0.000000000000E+00
  0.000000000000E+00  0.000000000000E+00  0.000000000000E+00  0.000000000000E+00
  0.000000000000E+00  0.000000000000E+00  0.000000000000E+00  0.000000000000E+00
  0.000000000000E+00  0.000000000000E+00  0.000000000000E+00  0.000000000000E+00
  0.000000000000E+00  0.000000000000E+00  0.000000000000E+00  0.000000000000E+00
  0.000000000000E+00  0.000000000000E+00  0.000000000000E+00  0.000000000000E+00
  0.000000000000E+00
 Pseudo-wave-function follows (l, zelect, rc)
 2  0.000000000000E+00  1.498152959386E+00
  2.794909560003E-15  2.277348724581E-14  7.828729124446E-14  1.890216660269E-13
  3.760641150286E-13  6.619757147963E-13  1.070865696540E-12  1.628469326041E-12
  2.362229218076E-12  3.301380226911E-12  4.477038060051E-12  5.922291768249E-12
  7.672300270862E-12  9.764393081899E-12  1.223817540870E-11  1.513563780188E-11
  1.850127054242E-11  2.238218295880E-11  2.682822787503E-11  3.189213139809E-11
  3.762962826162E-11  4.409960295113E-11  5.136423684503E-11  5.948916161471E-11
  6.854361913675E-11  7.860062818006E-11  8.973715814105E-11  1.020343101107E-10
  1.155775055688E-10  1.304566830109E-10  1.467665028281E-10  1.646065607688E-10
  1.840816103273E-10  2.053017944169E-10  2.283828866966E-10  2.534465429402E-10
  2.806205628456E-10  3.100391627020E-10  3.418432593476E-10  3.761807658657E-10
  4.132068994877E-10  4.530845021868E-10  4.959843744656E-10  5.420856228622E-10
  5.915760217171E-10  6.446523897661E-10  7.015209821449E-10  7.623978984152E-10
  8.275095072450E-10  8.970928883995E-10  9.713962927260E-10  1.050679620841E-09
  1.135214921256E-09  1.225286908708E-09  1.321193503486E-09  1.423246392580E-09
  1.532397909658E-09  1.647760281290E-09  1.770253623590E-09  1.900236247464E-09
  2.038076616514E-09  2.184152438931E-09  2.339260176277E-09  2.503986444683E-09
  2.678418196660E-09  2.863003980279E-09  3.058200476592E-09  3.264470935739E-09
  3.482283316225E-09  3.712108090613E-09  3.954415676956E-09  4.209778343475E-09
  4.482057520832E-09  4.768934159025E-09  5.070943082419E-09  5.388610173259E-09
  5.722447601264E-09  6.072948361292E-09  6.447135559516E-09  6.840167254566E-09
  7.252551596985E-09  7.684811147958E-09  8.137462873514E-09  8.621078192875E-09
  9.127674065225E-09  9.657779504302E-09  1.021186197515E-08  1.079849543571E-08
  1.141751394458E-08  1.206408936048E-08  1.273862833550E-08  1.345152972508E-08
  1.420396882968E-08  1.498838157459E-08  1.580504439025E-08  1.667288861409E-08
  1.758272657721E-08  1.852922978363E-08  1.951779286129E-08  2.057056535385E-08
  2.166486780095E-08  2.280063332255E-08  2.400725321243E-08  2.526949847473E-08
  2.657838265779E-08  2.795537719621E-08  2.940811015301E-08  3.091307914879E-08
  3.248561492459E-08  3.415400950676E-08  3.588064465091E-08  3.767767934596E-08
  3.958977527806E-08  4.156649305694E-08  4.362135459063E-08  4.580829995941E-08
  4.806657264578E-08  5.041762754624E-08  5.291392276451E-08  5.548849405874E-08
  5.817991889832E-08  6.102365604764E-08  6.395274421156E-08  6.703541609904E-08
  7.026850565424E-08  7.359398432878E-08  7.712650894188E-08  8.079488342003E-08
  8.457094932176E-08  8.861232600109E-08  9.276610703381E-08  9.709649108026E-08
  1.016703669853E-07  1.063639785632E-07  1.113321486357E-07  1.164982218636E-07
  1.218128983332E-07  1.274925949501E-07  1.333153622217E-07  1.394167814262E-07
  1.458162826054E-07  1.523649834083E-07  1.593721671381E-07  1.665674528793E-07
  1.740682278694E-07  1.819660662614E-07  1.900381701278E-07  1.986573374845E-07
  2.075157334351E-07  2.167453864816E-07  2.264578019003E-07  2.363708713015E-07
  2.469822248861E-07  2.578493977131E-07  2.692161251936E-07  2.811192170494E-07
  2.932966193389E-07  3.063241136585E-07  3.196095451302E-07  3.336191700699E-07
  3.481584033790E-07  3.631716437501E-07  3.790713573743E-07  3.952579261937E-07
  4.125374429213E-07  4.302380772722E-07  4.487605169698E-07  4.681035878352E-07
  4.879604061601E-07  5.090846856235E-07  5.305629843824E-07  5.534296269301E-07
  5.768861187215E-07  6.014060926107E-07  6.270074121566E-07  6.533026914237E-07
  6.812289285755E-07  7.095806094423E-07  7.398763398459E-07  7.708044200732E-07
  8.033007516068E-07  8.370209966163E-07  8.718806693176E-07  9.086262126630E-07
  9.460241152915E-07  9.860468259567E-07  1.026631622993E-06  1.069742864159E-06
  1.113951076576E-06  1.160210193747E-06  1.208342847468E-06  1.257983286040E-06
  1.310365532511E-06  1.363638195417E-06  1.420621205922E-06  1.478317999724E-06
  1.539758772808E-06  1.602530153036E-06  1.668477579817E-06  1.736742177489E-06
  1.807531302583E-06  1.881741168944E-06  1.957732131087E-06  2.038375355515E-06
  2.119955275671E-06  2.207558806273E-06  2.296140529531E-06  2.390276500636E-06
  2.486516017345E-06  2.587589785994E-06  2.692113523587E-06  2.800642253169E-06
  2.914126409719E-06  3.030666061580E-06  3.153840492977E-06  3.278988748414E-06
  3.412641155887E-06  3.547548829659E-06  3.692020999702E-06  3.838425265639E-06
  3.993588083242E-06  4.152422583863E-06  4.319074791728E-06  4.491347037424E-06
  4.670347383615E-06  4.857144506473E-06  5.049416267061E-06  5.251911218410E-06
  5.458447061588E-06  5.677905287251E-06  5.899772504724E-06  6.137559134538E-06
  6.377243070233E-06  6.633492858876E-06  6.893230472461E-06  7.168528626293E-06
  7.449932743400E-06  7.745706159062E-06  8.050516473795E-06  8.368299406531E-06
  8.698392326444E-06  9.039834487833E-06  9.397233736002E-06  9.764109003137E-06
  1.015099703516E-05  1.054521281744E-05  1.096394311561E-05  1.138755042877E-05
  1.184066074029E-05  1.229662578815E-05  1.278609163246E-05  1.327955899869E-05
  1.380555747632E-05  1.433951490205E-05  1.490478897443E-05  1.548245785479E-05
  1.608995711770E-05  1.671481056050E-05  1.736770683614E-05  1.804348910471E-05
  1.874519321044E-05  1.947594065611E-05  2.023012043875E-05  2.102018403622E-05
  2.183078376731E-05  2.268485337488E-05  2.355611460931E-05  2.447924508501E-05
  2.541572909339E-05  2.641336840812E-05  2.741998030128E-05  2.849799980048E-05
  2.958113148530E-05  3.074474145057E-05  3.191527363156E-05  3.316608423994E-05
  3.443090277942E-05  3.577547548336E-05  3.714200084236E-05  3.858739180896E-05
  4.006362013936E-05  4.161741756651E-05  4.321196493676E-05  4.488232918064E-05
  4.660447917242E-05  4.840018589747E-05  5.025994082791E-05  5.219042740615E-05
  5.419856344974E-05  5.627397885310E-05  5.844210535774E-05  6.067336380541E-05
  6.301398711894E-05  6.541282576105E-05  6.793941790835E-05  7.051845884831E-05
  7.324553142437E-05  7.601834840464E-05  7.896153207612E-05  8.194272217612E-05
  8.511885221318E-05  8.832411293412E-05  9.175132122547E-05  9.519753336442E-05
  9.889534740230E-05  1.026049944718E-04  1.065901135051E-04  1.105929923269E-04
  1.148777870790E-04  1.191966990013E-04  1.238037466045E-04  1.284632461511E-04
  1.334168246699E-04  1.384433531124E-04  1.437695694338E-04  1.491915984453E-04
  1.549185257390E-04  1.607667118801E-04  1.669245373386E-04  1.732318881825E-04
  1.798530718021E-04  1.866551245643E-04  1.937745697836E-04  2.011095833838E-04
  2.087648204564E-04  2.166739820087E-04  2.249053650481E-04  2.334330118471E-04
  2.422839305525E-04  2.514777886996E-04  2.609948958411E-04  2.709063367387E-04
  2.811397925600E-04  2.918241085883E-04  3.028278433670E-04  3.143445441529E-04
  3.261765402462E-04  3.385896710330E-04  3.513122658335E-04  3.646907495694E-04
  3.783709608938E-04  3.927889657694E-04  4.074988413123E-04  4.230361755990E-04
  4.388531681987E-04  4.555957043730E-04  4.726030749569E-04  4.906432052287E-04
  5.089304554391E-04  5.283675809541E-04  5.480309175905E-04  5.689719737299E-04
  5.901148072940E-04  6.126748276637E-04  6.354083074486E-04  6.597110293236E-04
  6.841546176574E-04  7.103331318383E-04  7.366152202655E-04  7.648126684994E-04
  7.930712388760E-04  8.234415622062E-04  8.538614451233E-04  8.865336375114E-04
  9.192984953030E-04  9.544262424721E-04  9.897147068634E-04  1.027481987984E-03
  1.065486129864E-03  1.106090612770E-03  1.147016936523E-03  1.190670982726E-03
  1.234741492194E-03  1.281673233869E-03  1.329126574845E-03  1.379581068718E-03
  1.430673753207E-03  1.484914216543E-03  1.539921934324E-03  1.598231068572E-03
  1.657450091922E-03  1.720131499869E-03  1.783880187694E-03  1.851259890344E-03
  1.919880298284E-03  1.992308358036E-03  2.066167961507E-03  2.144020218582E-03
  2.223513756113E-03  2.307193685549E-03  2.392745130151E-03  2.482685827104E-03
  2.574750493853E-03  2.671416795335E-03  2.770483593727E-03  2.874374345330E-03
  2.980968185449E-03  3.092618662036E-03  3.207303023961E-03  3.327287513715E-03
  3.450667190055E-03  3.579601751727E-03  3.712325773604E-03  3.850871177203E-03
  3.993635934423E-03  4.142500796039E-03  4.296053362613E-03  4.455997484443E-03
  4.621139161026E-03  4.792977088086E-03  4.970567173274E-03  5.155171978639E-03
  5.346131781416E-03  5.544439092156E-03  5.749756198085E-03  5.962768474379E-03
  6.183501278391E-03  6.412292358521E-03  6.649574877355E-03  6.895294801471E-03
  7.150341778928E-03  7.414221904578E-03  7.688334222777E-03  7.971692645196E-03
  8.266263054958E-03  8.570510345014E-03  8.887029528260E-03  9.213674800723E-03
  9.553737777447E-03  9.904395101856E-03  1.026970799367E-02  1.064610315952E-02
  1.103849032104E-02  1.144246796830E-02  1.186387949670E-02  1.229741062150E-02
  1.274993025333E-02  1.321512009771E-02  1.370097350049E-02  1.420006983320E-02
  1.472163329748E-02  1.525703509123E-02  1.581684462664E-02  1.639111113467E-02
  1.699187197068E-02  1.760773220300E-02  1.825232869206E-02  1.891269128853E-02
  1.960419720559E-02  2.031216069923E-02  2.105384992751E-02  2.181271338725E-02
  2.260807097512E-02  2.342134501247E-02  2.427407858106E-02  2.514549669944E-02
  2.605954817414E-02  2.699307843357E-02  2.797263606595E-02  2.897249302885E-02
  3.002200366749E-02  3.109266058352E-02  3.221684214390E-02  3.336304332341E-02
  3.456689739776E-02  3.579367071395E-02  3.708249525155E-02  3.839516470149E-02
  3.977456667938E-02  4.117876492323E-02  4.265467291535E-02  4.415635370152E-02
  4.573503024253E-02  4.734048061465E-02  4.902853424180E-02  5.074438641085E-02
  5.254878325476E-02  5.438202600734E-02  5.631010078972E-02  5.826809029083E-02
  6.032755657529E-02  6.241802641242E-02  6.461698594304E-02  6.684805624738E-02
  6.919500720056E-02  7.157519267218E-02  7.407903663979E-02  7.661725329696E-02
  7.928730081495E-02  8.199287128439E-02  8.483884572164E-02  8.772150288759E-02
  9.075354251550E-02  9.382343135245E-02  9.705208942917E-02  1.003197668569E-01
  1.037560095819E-01  1.072324422048E-01  1.108876444322E-01  1.145842040577E-01
  1.184701427023E-01  1.223985995815E-01  1.265274447119E-01  1.306999585056E-01
  1.350842621985E-01  1.395133707531E-01  1.441660538791E-01  1.488646599958E-01
  1.537989972314E-01  1.587803537361E-01  1.640099572430E-01  1.692876508119E-01
  1.748264531978E-01  1.804143875703E-01  1.862766249538E-01  1.921890043701E-01
  1.983892006047E-01  2.046405145407E-01  2.111934679217E-01  2.177984784626E-01
  2.247192525369E-01  2.316929860254E-01  2.389969064481E-01  2.463546513674E-01
  2.540573110968E-01  2.618146244924E-01  2.699318999747E-01  2.781046250770E-01
  2.866527064358E-01  2.952570045054E-01  3.042524431070E-01  3.133048428719E-01
  3.227646199570E-01  3.322820883268E-01  3.422237086700E-01  3.522237466707E-01
  3.626653614127E-01  3.731661294616E-01  3.841266923279E-01  3.951471690204E-01
  4.066466300483E-01  4.182068085258E-01  4.302663491294E-01  4.423874747862E-01
  4.550297874421E-01  4.677346401670E-01  4.809842551556E-01  4.942974784347E-01
  5.081811388631E-01  5.221296168453E-01  5.366767015620E-01  5.512899835521E-01
  5.665329754967E-01  5.818437452582E-01  5.978187402413E-01  6.138633249282E-01
  6.306105728030E-01  6.474294832999E-01  6.649939500107E-01  6.826324409807E-01
  7.010643761461E-01  7.195730102766E-01  7.389285009938E-01  7.583636979860E-01
  7.787051857557E-01  7.991297328787E-01  8.205264674872E-01  8.420099655473E-01
  8.645383682129E-01  8.871575854068E-01  9.109014946684E-01  9.347406021681E-01
  9.597913814731E-01  9.849420503655E-01  1.011398548200E+00  1.037959899676E+00
  1.065928273896E+00  1.094006695893E+00  1.123600146361E+00  1.153309022866E+00
  1.184647522700E+00  1.216106968706E+00  1.249317144614E+00  1.282653900324E+00
  1.317869282075E+00  1.353216989489E+00  1.390578913555E+00  1.428079062575E+00
  1.467738543820E+00  1.507542400913E+00  1.549663216410E+00  1.591934972803E+00
  1.636697918811E+00  1.681618999975E+00  1.729226584892E+00  1.777000343272E+00
  1.827680063011E+00  1.878534943024E+00  9.923832674256E-01  5.107491185474E-02
  0.000000000000E+00  0.000000000000E+00  0.000000000000E+00  0.000000000000E+00
  0.000000000000E+00  0.000000000000E+00  0.000000000000E+00  0.000000000000E+00
  0.000000000000E+00  0.000000000000E+00  0.000000000000E+00  0.000000000000E+00
  0.000000000000E+00  0.000000000000E+00  0.000000000000E+00  0.000000000000E+00
  0.000000000000E+00  0.000000000000E+00  0.000000000000E+00  0.000000000000E+00
  0.000000000000E+00  0.000000000000E+00  0.000000000000E+00  0.000000000000E+00
  0.000000000000E+00  0.000000000000E+00  0.000000000000E+00  0.000000000000E+00
  0.000000000000E+00  0.000000000000E+00  0.000000000000E+00  0.000000000000E+00
  0.000000000000E+00  0.000000000000E+00  0.000000000000E+00  0.000000000000E+00
  0.000000000000E+00  0.000000000000E+00  0.000000000000E+00  0.000000000000E+00
  0.000000000000E+00  0.000000000000E+00  0.000000000000E+00  0.000000000000E+00
  0.000000000000E+00  0.000000000000E+00  0.000000000000E+00  0.000000000000E+00
  0.000000000000E+00  0.000000000000E+00  0.000000000000E+00  0.000000000000E+00
  0.000000000000E+00  0.000000000000E+00  0.000000000000E+00  0.000000000000E+00
  0.000000000000E+00  0.000000000000E+00  0.000000000000E+00  0.000000000000E+00
  0.000000000000E+00  0.000000000000E+00  0.000000000000E+00  0.000000000000E+00
  0.000000000000E+00  0.000000000000E+00  0.000000000000E+00  0.000000000000E+00
  0.000000000000E+00  0.000000000000E+00  0.000000000000E+00  0.000000000000E+00
  0.000000000000E+00  0.000000000000E+00  0.000000000000E+00  0.000000000000E+00
  0.000000000000E+00  0.000000000000E+00  0.000000000000E+00  0.000000000000E+00
  0.000000000000E+00  0.000000000000E+00  0.000000000000E+00  0.000000000000E+00
  0.000000000000E+00  0.000000000000E+00  0.000000000000E+00  0.000000000000E+00
  0.000000000000E+00  0.000000000000E+00  0.000000000000E+00  0.000000000000E+00
  0.000000000000E+00  0.000000000000E+00  0.000000000000E+00  0.000000000000E+00
  0.000000000000E+00  0.000000000000E+00  0.000000000000E+00  0.000000000000E+00
  0.000000000000E+00  0.000000000000E+00  0.000000000000E+00  0.000000000000E+00
  0.000000000000E+00  0.000000000000E+00  0.000000000000E+00  0.000000000000E+00
  0.000000000000E+00  0.000000000000E+00  0.000000000000E+00  0.000000000000E+00
  0.000000000000E+00  0.000000000000E+00  0.000000000000E+00  0.000000000000E+00
  0.000000000000E+00  0.000000000000E+00  0.000000000000E+00  0.000000000000E+00
  0.000000000000E+00  0.000000000000E+00  0.000000000000E+00  0.000000000000E+00
  0.000000000000E+00  0.000000000000E+00  0.000000000000E+00  0.000000000000E+00
  0.000000000000E+00  0.000000000000E+00  0.000000000000E+00  0.000000000000E+00
  0.000000000000E+00  0.000000000000E+00  0.000000000000E+00  0.000000000000E+00
  0.000000000000E+00  0.000000000000E+00  0.000000000000E+00  0.000000000000E+00
  0.000000000000E+00  0.000000000000E+00  0.000000000000E+00  0.000000000000E+00
  0.000000000000E+00  0.000000000000E+00  0.000000000000E+00  0.000000000000E+00
  0.000000000000E+00  0.000000000000E+00  0.000000000000E+00  0.000000000000E+00
  0.000000000000E+00  0.000000000000E+00  0.000000000000E+00  0.000000000000E+00
  0.000000000000E+00  0.000000000000E+00  0.000000000000E+00  0.000000000000E+00
  0.000000000000E+00  0.000000000000E+00  0.000000000000E+00  0.000000000000E+00
  0.000000000000E+00  0.000000000000E+00  0.000000000000E+00  0.000000000000E+00
  0.000000000000E+00  0.000000000000E+00  0.000000000000E+00  0.000000000000E+00
  0.000000000000E+00  0.000000000000E+00  0.000000000000E+00  0.000000000000E+00
  0.000000000000E+00  0.000000000000E+00  0.000000000000E+00  0.000000000000E+00
  0.000000000000E+00  0.000000000000E+00  0.000000000000E+00  0.000000000000E+00
  0.000000000000E+00  0.000000000000E+00  0.000000000000E+00  0.000000000000E+00
  0.000000000000E+00  0.000000000000E+00  0.000000000000E+00  0.000000000000E+00
  0.000000000000E+00  0.000000000000E+00  0.000000000000E+00  0.000000000000E+00
  0.000000000000E+00  0.000000000000E+00  0.000000000000E+00  0.000000000000E+00
  0.000000000000E+00  0.000000000000E+00  0.000000000000E+00  0.000000000000E+00
  0.000000000000E+00  0.000000000000E+00  0.000000000000E+00  0.000000000000E+00
  0.000000000000E+00  0.000000000000E+00  0.000000000000E+00  0.000000000000E+00
  0.000000000000E+00  0.000000000000E+00  0.000000000000E+00  0.000000000000E+00
  0.000000000000E+00  0.000000000000E+00  0.000000000000E+00  0.000000000000E+00
  0.000000000000E+00  0.000000000000E+00  0.000000000000E+00  0.000000000000E+00
  0.000000000000E+00  0.000000000000E+00  0.000000000000E+00  0.000000000000E+00
  0.000000000000E+00  0.000000000000E+00  0.000000000000E+00  0.000000000000E+00
  0.000000000000E+00  0.000000000000E+00  0.000000000000E+00  0.000000000000E+00
  0.000000000000E+00  0.000000000000E+00  0.000000000000E+00  0.000000000000E+00
  0.000000000000E+00  0.000000000000E+00  0.000000000000E+00  0.000000000000E+00
  0.000000000000E+00  0.000000000000E+00  0.000000000000E+00  0.000000000000E+00
  0.000000000000E+00  0.000000000000E+00  0.000000000000E+00  0.000000000000E+00
  0.000000000000E+00  0.000000000000E+00  0.000000000000E+00  0.000000000000E+00
  0.000000000000E+00  0.000000000000E+00  0.000000000000E+00  0.000000000000E+00
  0.000000000000E+00  0.000000000000E+00  0.000000000000E+00  0.000000000000E+00
  0.000000000000E+00  0.000000000000E+00  0.000000000000E+00  0.000000000000E+00
  0.000000000000E+00  0.000000000000E+00  0.000000000000E+00  0.000000000000E+00
  0.000000000000E+00  0.000000000000E+00  0.000000000000E+00  0.000000000000E+00
  0.000000000000E+00  0.000000000000E+00  0.000000000000E+00  0.000000000000E+00
  0.000000000000E+00  0.000000000000E+00  0.000000000000E+00  0.000000000000E+00
  0.000000000000E+00  0.000000000000E+00  0.000000000000E+00  0.000000000000E+00
  0.000000000000E+00  0.000000000000E+00  0.000000000000E+00  0.000000000000E+00
  0.000000000000E+00  0.000000000000E+00  0.000000000000E+00  0.000000000000E+00
  0.000000000000E+00  0.000000000000E+00  0.000000000000E+00  0.000000000000E+00
  0.000000000000E+00  0.000000000000E+00  0.000000000000E+00  0.000000000000E+00
  0.000000000000E+00  0.000000000000E+00  0.000000000000E+00  0.000000000000E+00
  0.000000000000E+00  0.000000000000E+00  0.000000000000E+00  0.000000000000E+00
  0.000000000000E+00  0.000000000000E+00  0.000000000000E+00  0.000000000000E+00
  0.000000000000E+00  0.000000000000E+00  0.000000000000E+00  0.000000000000E+00
  0.000000000000E+00
