
 =================================================================

  PARSEC 1.4_DEV - Real-space DFT Program
  under development - use at your own risk !!
  
  begin BUILD_DETAILS 
   git commit  : f432777
  config file  : ubuntu_openmpi_qchem
  end BUILD_DETAILS 
  parallel run - using           30  PEs 

 starting run on 20-AUG-2026 13:51:27 -0700 UTC

 =================================================================

 Initial Run - starting from atomic potentials
 ignoresym= F

 Grid data:
 ~~------~~

 WARNING: Cluster Calculation Domain Shape Unspecified
  Assuming Spherical Shape
 Confined system (cluster) with zero boundary condition!
  Spherical domain shape:
 --- Radius is  19.000000 bohrs
 Grid spacing is  0.430000 bohrs
 Grid points are shifted from origin! 
 shift vector =   0.5000  0.5000  0.5000   [units of grid spacing]
 WAVEFUNCTIONS ARE REAL!
 The Finite-difference expansion is of order 12

 Eigenvalue data: 
 ---------------- 
 Number of states:           80
 Net cluster charge =    0.000      [e] 

 Fermi temperature =    500.00 [K]

 Self-consistency data: 
 ----------------------
 Maximum number of iterations is          300
 Using Chebyshev-Davidson eigensolver
 Polynomial degree for Chebyshev-Davidson is     20
 The matvec operations are (mostly) called to with... 
 ... block size:            6
 Maximum number of communication buffers in matvec: (default)           2


 Performing Chebyshev subspace filtering
 Polynomial degree for Chebyshev filtering is     15
 Change in polynomial degree (dpm) for Chebyshev filtering is      3
 Performing Rayleigh-Ritz rotation on all SCF iterations

  Self-consistency convergence criterion is    1.0000000000000000E-004  Ry
  Self-consistency convergence indicator is at   1.0000000000000000E-002  Ry
 If applicable, Chebyshev polynomial order will decrease to 
 10 after SRE becomes less than the self-consistency 
 convergence indicator.
  Diagonalization tolerance is    1.0000000000000000E-004
 Buffer size in subspace is      6


 Mixer data:
 -----------
 solver lpole is :            9
 Anderson mixer
 Initial Jacobian:  0.150  Mixing memory is  4
 Mixing restarted after           20  iterations

 Atom data:
 --~--~--~-

 Tot. # of atom types is     2

 Atom coordinates input in Bohr radii


 Chemical element : Si
 martins_new                                                 
  pseudopotential format : new Martins
 There are     28 Si atoms
 and their initial coordinates are:

    x [bohr]          y [bohr]          z [bohr]     movable?
    0.960275000       0.960275000       0.960275000      1
    4.282700000       4.282700000      -0.068198000      1
    4.282700000      -0.068198000       4.282700000      1
   -0.068198000       4.282700000       4.282700000      1
    5.061911000      -0.014620000      -5.092864000      1
   -0.014620000       5.061911000      -5.092864000      1
    2.709049000       2.709049000      -7.630295000      1
    7.472439000       2.693771000      -2.662112000      1
    2.693771000       7.472439000      -2.662112000      1
    5.061911000      -5.092864000      -0.014620000      1
   -0.014620000      -5.092864000       5.061911000      1
    2.709049000      -7.630295000       2.709049000      1
    7.472439000      -2.662112000       2.693771000      1
    2.693771000      -2.662112000       7.472439000      1
    0.059666000      -4.793361000      -4.793361000      1
    2.566411000      -2.223336000      -2.223336000      1
   -5.092864000       5.061911000      -0.014620000      1
   -5.092864000      -0.014620000       5.061911000      1
   -7.630295000       2.709049000       2.709049000      1
   -2.662112000       7.472439000       2.693771000      1
   -2.662112000       2.693771000       7.472439000      1
   -4.793361000       0.059666000      -4.793361000      1
   -2.223336000       2.566411000      -2.223336000      1
   -4.793361000      -4.793361000       0.059666000      1
   -2.223336000      -2.223336000       2.566411000      1
   -2.658924000      -2.658924000      -7.487177000      1
   -2.658924000      -7.487177000      -2.658924000      1
   -7.487177000      -2.658924000      -2.658924000      1

 Chemical element : H
 martins_new                                                 
  pseudopotential format : new Martins
 There are     36 H  atoms
 and their initial coordinates are:

    x [bohr]          y [bohr]          z [bohr]     movable?
    5.237516000       5.237516000       2.419839000      1
    5.237516000       2.419839000       5.237516000      1
    2.419839000       5.237516000       5.237516000      1
    6.632063000      -1.762168000      -6.662237000      1
   -1.762168000       6.632063000      -6.662237000      1
    1.398638000       1.398638000      -9.767970000      1
    4.543993000       4.543993000      -8.752258000      1
    9.685285000       1.442206000      -1.411947000      1
    8.401506000       4.873998000      -4.200896000      1
    1.442206000       9.685285000      -1.411947000      1
    4.873998000       8.401506000      -4.200896000      1
    6.632063000      -6.662237000      -1.762168000      1
   -1.762168000      -6.662237000       6.632063000      1
    1.398638000      -9.767970000       1.398638000      1
    4.543993000      -8.752258000       4.543993000      1
    9.685285000      -1.411947000       1.442206000      1
    8.401506000      -4.200896000       4.873998000      1
    1.442206000      -1.411947000       9.685285000      1
    4.873998000      -4.200896000       8.401506000      1
    1.919999000      -6.293607000      -6.293607000      1
   -6.662237000       6.632063000      -1.762168000      1
   -6.662237000      -1.762168000       6.632063000      1
   -9.767970000       1.398638000       1.398638000      1
   -8.752258000       4.543993000       4.543993000      1
   -1.411947000       9.685285000       1.442206000      1
   -4.200896000       8.401506000       4.873998000      1
   -1.411947000       1.442206000       9.685285000      1
   -4.200896000       4.873998000       8.401506000      1
   -6.293607000       1.919999000      -6.293607000      1
   -6.293607000      -6.293607000       1.919999000      1
   -1.427521000      -1.427521000      -9.727421000      1
   -4.546287000      -4.546287000      -8.410518000      1
   -1.427521000      -9.727421000      -1.427521000      1
   -4.546287000      -8.410518000      -4.546287000      1
   -9.727421000      -1.427521000      -1.427521000      1
   -8.410518000      -4.546287000      -4.546287000      1

 Tot. number of atoms =      64

 Correlation data:
 -----------------
 Exchange-Correlation functional is ca
 LDA, Ceperley-Alder, Perdew-Zunger parametrization

 Other input data:
 -----------------
 Writing all calculated wave functions to parsec.dat file

 No spin effects!


 Using new (r*V_ps) interpolation of pseudopot. !

 output level [1 - 6] =  4

 No eigenvalue output File!
 outevflag =            0

 No minimization!

 No molecular dynamics!
 No polarizability!



 Pseudopotential messages
 ------------------------

 Pseudopotential file for atom type  1 is Si_POTRE.DAT
New Martins generator


Si  ca  nrl  nc  
  atom 5.69p26-JAN-06   Improved Troullier - Martins potential
 3s(  2.00)  rc= 2.783p(  2.00)  rc= 2.783d(  0.00)  rc= 2.78

 ion charge =   4.000    

 logarithmic parameters of pseudopot. radial grid
 r(i) = a*Exp(b(i-1)) - c
 Si:   a [bohr] =  0.177054E-03  b =  0.125000E-01  c [bohr] =  0.177054E-03

 NOTICE: No Core-Correction !

 Occupancy of orbitals : 
   2.000   2.000   0.000
 # of pseudopot= 3, Local component is l = 1, Core radius [bohr] =  2.82

 Pseudopotential file for atom type  2 is H_POTRE.DAT
New Martins generator


H   ca  nrl  nc  
  atom 5.69p31-JAN-06   Improved Troullier - Martins potential
 1s(  1.00)  rc= 1.80

 ion charge =   1.000    

 logarithmic parameters of pseudopot. radial grid
 r(i) = a*Exp(b(i-1)) - c
 H :   a [bohr] =  0.247875E-02  b =  0.125000E-01  c [bohr] =  0.247875E-02

 NOTICE: No Core-Correction !

 Occupancy of orbitals : 
   1.000
 # of pseudopot= 1, Local component is l = 0, Core radius [bohr] =  1.82

 Using order          18 for calculating dV/dr in pseudo

 Normalization check and Kleinman-Bylander Integral

                                 s                 p                 d
  Si   Normalization        1.00002604        1.00002604        1.00876188
  Si   K-B Int. [Ry]        0.24508544        0.00000000       -0.00000000

  H    Normalization        1.00002604
  H    K-B Int. [Ry]        0.00000000

 K-B Energy Integrals renormalized to unity


 Symmetry Properties:
 --------------------

 The crystallographic system is cubic with operations: 
       1  2  3  4  5  6  7  8  9 10 11 12 13 14 15 16
      17 18 19 20 21 22 23 24 25 26 27 28 29 30 31 32
      33 34 35 36 37 38 39 40 41 42 43 44 45 46 47 48


 The space group of the crystal is symmorphic
 (this usually means that symmetry operations do not
 involve rotations and translations simultaneously)

 Operation number: 
       1  5  9 37 41 45

   Multiplication table
    x   1   5   9  37  41  45
    1   1   5   9  37  41  45
    5   5   9   1  41  45  37
    9   9   1   5  45  37  41
   37  37  45  41   1   9   5
   41  41  37  45   5   1   9
   45  45  41  37   9   5   1


    Rotation matrices (r-lattice) and fractional translations (r-lattice)

    1     1  0  0     0  1  0     0  0  1     -0.00000 -0.00000 -0.00000   E  
    2     0  0  1     1  0  0     0  1  0     -0.00000 -0.00000 -0.00000   C3 
    3     0  1  0     0  0  1     1  0  0     -0.00000 -0.00000 -0.00000   C3 
    4     0  1  0     1  0  0     0  0  1     -0.00000 -0.00000 -0.00000   IC2
    5     1  0  0     0  0  1     0  1  0     -0.00000 -0.00000 -0.00000   IC2
    6     0  0  1     0  1  0     1  0  0     -0.00000 -0.00000 -0.00000   IC2
 Checking in r-space
 Multiplication table

  1 2 3 4 5 6
  2 3 1 6 4 5
  3 1 2 5 6 4
  4 5 6 1 2 3
  5 6 4 3 1 2
  6 4 5 2 3 1

  Found Abelian subgroup C_1   with            1  symmetry operations

  Character table : character = exp(i*Pi*x/3)
-----------------------
 Representation |    E
   A       1   |     0
-----------------------
 Operation number:   1

Abelian subgroup contains only the Identity operation

                     ********************                    

  Distributing           30  processors among            1  groups.
  Each group contains           30  processors.

                     ********************                    

 Setup messages:
 ---------------
 The Hamiltonian matrix size is      361096
  reduced size is       361096
  maximum distance between grid points and their images is
    0.000      [bohr]

 There are 36 laplacian-related non-diagonal elements per row
  GROUP COMMUNICATOR FOR MATVEC IS THE NEIGHBORHOOD GRAPH COMMUNICATOR!
  WARNING: MATVEC NEIGHBORHOOD COLLECTIVES ARE ACTIVATED 
  WARNING: MATVEC NON-BLOCKING ALLREDUCE IS ACTIVATED 

  Maximum number of matrix-vector operations =       965280


  Calculating the non-local contribution to the Hamiltonian...


 Non-local pseudopotential messages:
 -----------------------------------
 Max # of nonlocal points for one atom =         1187

 Sizes of all non-local blocks 
  1181  1165  1165  1165  1177  1177  1187  1183  1183  1177  1177  1187
  1183  1183  1170  1177  1177  1177  1187  1183  1183  1170  1177  1170
  1177  1182  1182  1182   318   318   318   318   318   313   317   316
   316   316   316   318   318   313   317   316   316   316   316   314
   318   318   313   317   316   316   316   316   314   314   311   317
   311   317   311   317


 Memory usage:
 -------------
 estimated memory usage per PE    :    55.46 MB
 additional memory in master PE   :   103.11 MB
 maximum estimated memory per PE  :   158.57 MB


 Forces from ion-ion interaction:
 ================================
-atom-  ----x----   ----y----   ----z-----   ----Fx----  ----Fy----   ----Fz---
                       [bohr]                             [Ry/bohr]            

   1     0.960275    0.960275    0.960275      0.908809    0.908809    0.908809
   2     4.282700    4.282700   -0.068198      4.516231    4.516231    0.831434
   3     4.282700   -0.068198    4.282700      4.516231    0.831434    4.516231
   4    -0.068198    4.282700    4.282700      0.831434    4.516231    4.516231
   5     5.061911   -0.014620   -5.092864      4.939573   -0.994532   -5.062972
   6    -0.014620    5.061911   -5.092864     -0.994532    4.939573   -5.062972
   7     2.709049    2.709049   -7.630295      1.918181    1.918181   -6.952848
   8     7.472439    2.693771   -2.662112      7.206843    2.175278   -1.746178
   9     2.693771    7.472439   -2.662112      2.175278    7.206843   -1.746178
  10     5.061911   -5.092864   -0.014620      4.939573   -5.062972   -0.994532
  11    -0.014620   -5.092864    5.061911     -0.994532   -5.062972    4.939573
  12     2.709049   -7.630295    2.709049      1.918181   -6.952848    1.918181
  13     7.472439   -2.662112    2.693771      7.206843   -1.746178    2.175278
  14     2.693771   -2.662112    7.472439      2.175278   -1.746178    7.206843
  15     0.059666   -4.793361   -4.793361      0.875229   -4.674586   -4.674586
  16     2.566411   -2.223336   -2.223336      2.428799   -2.391172   -2.391172
  17    -5.092864    5.061911   -0.014620     -5.062972    4.939573   -0.994532
  18    -5.092864   -0.014620    5.061911     -5.062972   -0.994532    4.939573
  19    -7.630295    2.709049    2.709049     -6.952848    1.918181    1.918181
  20    -2.662112    7.472439    2.693771     -1.746178    7.206843    2.175278
  21    -2.662112    2.693771    7.472439     -1.746178    2.175278    7.206843
  22    -4.793361    0.059666   -4.793361     -4.674586    0.875229   -4.674586
  23    -2.223336    2.566411   -2.223336     -2.391172    2.428799   -2.391172
  24    -4.793361   -4.793361    0.059666     -4.674586   -4.674586    0.875229
  25    -2.223336   -2.223336    2.566411     -2.391172   -2.391172    2.428799
  26    -2.658924   -2.658924   -7.487177     -1.919096   -1.919096   -7.010016
  27    -2.658924   -7.487177   -2.658924     -1.919096   -7.010016   -1.919096
  28    -7.487177   -2.658924   -2.658924     -7.010016   -1.919096   -1.919096
  29     5.237516    5.237516    2.419839      1.714431    1.714431    1.417283
  30     5.237516    2.419839    5.237516      1.714431    1.417283    1.714431
  31     2.419839    5.237516    5.237516      1.417283    1.714431    1.714431
  32     6.632063   -1.762168   -6.662237      1.852090   -1.107475   -1.848559
  33    -1.762168    6.632063   -6.662237     -1.107475    1.852090   -1.848559
  34     1.398638    1.398638   -9.767970     -0.158924   -0.158924   -2.593324
  35     4.543993    4.543993   -8.752258      1.363889    1.363889   -1.978579
  36     9.685285    1.442206   -1.411947      2.627602   -0.075183    0.162489
  37     8.401506    4.873998   -4.200896      1.950872    1.566005   -1.162317
  38     1.442206    9.685285   -1.411947     -0.075183    2.627602    0.162489
  39     4.873998    8.401506   -4.200896      1.566005    1.950872   -1.162317
  40     6.632063   -6.662237   -1.762168      1.852090   -1.848559   -1.107475
  41    -1.762168   -6.662237    6.632063     -1.107475   -1.848559    1.852090
  42     1.398638   -9.767970    1.398638     -0.158924   -2.593324   -0.158924
  43     4.543993   -8.752258    4.543993      1.363889   -1.978579    1.363889
  44     9.685285   -1.411947    1.442206      2.627602    0.162489   -0.075183
  45     8.401506   -4.200896    4.873998      1.950872   -1.162317    1.566005
  46     1.442206   -1.411947    9.685285     -0.075183    0.162489    2.627602
  47     4.873998   -4.200896    8.401506      1.566005   -1.162317    1.950872
  48     1.919999   -6.293607   -6.293607      1.170979   -1.839506   -1.839506
  49    -6.662237    6.632063   -1.762168     -1.848559    1.852090   -1.107475
  50    -6.662237   -1.762168    6.632063     -1.848559   -1.107475    1.852090
  51    -9.767970    1.398638    1.398638     -2.593324   -0.158924   -0.158924
  52    -8.752258    4.543993    4.543993     -1.978579    1.363889    1.363889
  53    -1.411947    9.685285    1.442206      0.162489    2.627602   -0.075183
  54    -4.200896    8.401506    4.873998     -1.162317    1.950872    1.566005
  55    -1.411947    1.442206    9.685285      0.162489   -0.075183    2.627602
  56    -4.200896    4.873998    8.401506     -1.162317    1.566005    1.950872
  57    -6.293607    1.919999   -6.293607     -1.839506    1.170979   -1.839506
  58    -6.293607   -6.293607    1.919999     -1.839506   -1.839506    1.170979
  59    -1.427521   -1.427521   -9.727421      0.099955    0.099955   -2.609612
  60    -4.546287   -4.546287   -8.410518     -1.390460   -1.390460   -1.933108
  61    -1.427521   -9.727421   -1.427521      0.099955   -2.609612    0.099955
  62    -4.546287   -8.410518   -4.546287     -1.390460   -1.933108   -1.390460
  63    -9.727421   -1.427521   -1.427521     -2.609612    0.099955    0.099955
  64    -8.410518   -4.546287   -4.546287     -1.933108   -1.390460   -1.390460

 Tot. electron charge from atomic density [e] =       148.02    
 Renormalizing charge density

 Charge init time [sec]:       0.09

 Tot. electron charge from atomic density [e] =       148.00    

 Max and min values of charge density [e/bohr^3]:   0.1386E+00   0.7644E-08     

 Hartree potential time [sec]:       1.63


Setup time [sec] :       2.91

 -----------------------------------------------------------------


  Starting SCF... 

 Number of converged eigen-pairs per representation:          86
 Number of matrix-vector multiplications:         6143
 Cumulated number of matrix-vector mult. =         6143

 Diagonalization time [sec] :      38.96,      tdiag_sum =       38.96

 Fermi level at    -0.5076 [Ry]

   State   Eigenvalue [Ry]      Eigenvalue [eV]    Occup.     Repr.

    1        -1.3492773354       -18.3579975703    1.0000        1
    2        -1.3023829218       -17.7199615572    1.0000        1
    3        -1.3023828968       -17.7199612172    1.0000        1
    4        -1.3000875755       -17.6887315343    1.0000        1
    5        -1.2461392197       -16.9547209949    1.0000        1
    6        -1.2461391960       -16.9547206731    1.0000        1
    7        -1.2378295287       -16.8416610015    1.0000        1
    8        -1.2153103208       -16.5352691634    1.0000        1
    9        -1.2153102669       -16.5352684298    1.0000        1
   10        -1.2003403947       -16.3315913417    1.0000        1
   11        -1.1910401851       -16.2050545499    1.0000        1
   12        -1.1908664980       -16.2026913984    1.0000        1
   13        -1.1908664877       -16.2026912577    1.0000        1
   14        -1.1415448447       -15.5316308480    1.0000        1
   15        -1.1400914212       -15.5118558586    1.0000        1
   16        -1.1400914208       -15.5118558529    1.0000        1
   17        -1.0715852836       -14.5797750516    1.0000        1
   18        -1.0715852717       -14.5797748895    1.0000        1
   19        -1.0675791830       -14.5252688483    1.0000        1
   20        -1.0598600954       -14.4202444855    1.0000        1
   21        -1.0598600081       -14.4202432979    1.0000        1
   22        -1.0492620071       -14.2760490163    1.0000        1
   23        -1.0363545310       -14.1004324775    1.0000        1
   24        -1.0363545154       -14.1004322653    1.0000        1
   25        -1.0320768385       -14.0422310490    1.0000        1
   26        -0.9689363531       -13.1831542332    1.0000        1
   27        -0.9689363260       -13.1831538648    1.0000        1
   28        -0.9372743617       -12.7523675107    1.0000        1
   29        -0.9232595999       -12.5616854642    1.0000        1
   30        -0.9072983298       -12.3445196155    1.0000        1
   31        -0.8995517600       -12.2391213361    1.0000        1
   32        -0.8995517575       -12.2391213024    1.0000        1
   33        -0.8728644715       -11.8760194257    1.0000        1
   34        -0.8728643874       -11.8760182817    1.0000        1
   35        -0.8694130969       -11.8290607132    1.0000        1
   36        -0.8632264089       -11.7448858737    1.0000        1
   37        -0.8632264060       -11.7448858341    1.0000        1
   38        -0.8586939894       -11.6832186804    1.0000        1
   39        -0.8328859979       -11.3320803102    1.0000        1
   40        -0.8307543612       -11.3030776875    1.0000        1
   41        -0.8307543521       -11.3030775642    1.0000        1
   42        -0.8255330752       -11.2320379141    1.0000        1
   43        -0.8255330577       -11.2320376770    1.0000        1
   44        -0.8143872317       -11.0803897973    1.0000        1
   45        -0.8143871812       -11.0803891101    1.0000        1
   46        -0.8119537539       -11.0472803845    1.0000        1
   47        -0.8056447623       -10.9614415070    1.0000        1
   48        -0.8030308167       -10.9258766863    1.0000        1
   49        -0.8013988141       -10.9036719847    1.0000        1
   50        -0.8013987588       -10.9036712326    1.0000        1
   51        -0.7768377223       -10.5694986814    1.0000        1
   52        -0.7768377122       -10.5694985449    1.0000        1
   53        -0.7490844195       -10.1918927943    1.0000        1
   54        -0.7413458056       -10.0866027625    1.0000        1
   55        -0.7413455059       -10.0865986841    1.0000        1
   56        -0.7299890771        -9.9320853856    1.0000        1
   57        -0.7168210121        -9.7529233269    1.0000        1
   58        -0.7150642406        -9.7290210451    1.0000        1
   59        -0.7150628937        -9.7290027189    1.0000        1
   60        -0.7026323425        -9.5598751255    1.0000        1
   61        -0.7026294008        -9.5598351017    1.0000        1
   62        -0.6891559047        -9.3765174076    1.0000        1
   63        -0.6891442124        -9.3763583252    1.0000        1
   64        -0.6781691083        -9.2270332536    1.0000        1
   65        -0.6775979155        -9.2192617182    1.0000        1
   66        -0.6774991398        -9.2179177957    1.0000        1
   67        -0.6688670670        -9.1004715397    1.0000        1
   68        -0.6630293223        -9.0210443533    1.0000        1
   69        -0.6629822080        -9.0204033255    1.0000        1
   70        -0.6434463068        -8.7546017608    1.0000        1
   71        -0.6358261788        -8.6509238234    1.0000        1
   72        -0.6262778895        -8.5210117088    1.0000        1
   73        -0.6262674488        -8.5208696554    1.0000        1
   74        -0.5075987492        -6.9062870621    0.5033        1
   75        -0.5075142524        -6.9051374160    0.4967        1
   76        -0.3806108206        -5.1785147029    0.0000        1
   77        -0.3599438545        -4.8973240950    0.0000        1
   78        -0.3483490038        -4.7395668754    0.0000        1
   79        -0.3436580201        -4.6757422895    0.0000        1
   80        -0.3300028704        -4.4899530543    0.0000        1


 Max and min values of charge density [e/bohr^3]:   0.2286E+00   0.3745E-11     

 Hartree potential time [sec]:       1.07


   Eigenvalue Energy             =        -134.22089455 [Ry]
   Hartree Energy                =        2516.98341863 [Ry]
   Integral_{Vxc*rho}            =        -120.05105331 [Ry]
   Exc = Integral{eps_xc*rho}    =         -92.03026260 [Ry]
   Electron-Ion energy           =       -5144.67813706 [Ry]
   Ion-Ion Energy                =        2322.66240782 [Ry]

   Total Energy =          -263.12419128 [Ry]
   Energy/atom  =           -55.93773628 [eV]


  0-  1    SRE of pot. & charge weighted pot =  16.8095696441    0.2666672442

 Number of converged eigen-pairs per representation:          85
 Number of matrix-vector multiplications:         1368
 Cumulated number of matrix-vector mult. =         7511

 Diagonalization time [sec] :       6.29,      tdiag_sum =       45.26

 Fermi level at    -0.4796 [Ry]

   State   Eigenvalue [Ry]      Eigenvalue [eV]    Occup.     Repr.

    1        -1.3158910863       -17.9037509413    1.0000        1
    2        -1.2654039503       -17.2168330675    1.0000        1
    3        -1.2653191897       -17.2156798307    1.0000        1
    4        -1.2625973008       -17.1786463551    1.0000        1
    5        -1.2087837643       -16.4464701396    1.0000        1
    6        -1.2087577884       -16.4461167172    1.0000        1
    7        -1.2011267013       -16.3422896728    1.0000        1
    8        -1.1765873689       -16.0084124232    1.0000        1
    9        -1.1765571511       -16.0080012859    1.0000        1
   10        -1.1605123811       -15.7896993545    1.0000        1
   11        -1.1587738122       -15.7660447342    1.0000        1
   12        -1.1517956779       -15.6711016339    1.0000        1
   13        -1.1517405595       -15.6703517039    1.0000        1
   14        -1.1023990884       -14.9990215166    1.0000        1
   15        -1.1015319034       -14.9872227710    1.0000        1
   16        -1.1015096897       -14.9869205366    1.0000        1
   17        -1.0310257019       -14.0279294945    1.0000        1
   18        -1.0309709279       -14.0271842511    1.0000        1
   19        -1.0271895573       -13.9757356793    1.0000        1
   20        -1.0194370492       -13.8702566042    1.0000        1
   21        -1.0193856274       -13.8695569695    1.0000        1
   22        -1.0128283523       -13.7803399953    1.0000        1
   23        -0.9978417425       -13.5764351806    1.0000        1
   24        -0.9977884774       -13.5757104663    1.0000        1
   25        -0.9916550522       -13.4922603087    1.0000        1
   26        -0.9316430734       -12.6757493279    1.0000        1
   27        -0.9315621044       -12.6746476807    1.0000        1
   28        -0.8996448051       -12.2403872897    1.0000        1
   29        -0.8860749505       -12.0557585608    1.0000        1
   30        -0.8679136641       -11.8086597315    1.0000        1
   31        -0.8598366973       -11.6987661361    1.0000        1
   32        -0.8597906153       -11.6981391540    1.0000        1
   33        -0.8313752759       -11.3115257293    1.0000        1
   34        -0.8313499708       -11.3111814330    1.0000        1
   35        -0.8302951314       -11.2968294988    1.0000        1
   36        -0.8236045708       -11.2057990697    1.0000        1
   37        -0.8235672735       -11.2052916099    1.0000        1
   38        -0.8188676570       -11.1413495682    1.0000        1
   39        -0.7910895722       -10.7634065009    1.0000        1
   40        -0.7907560505       -10.7588686725    1.0000        1
   41        -0.7907422603       -10.7586810449    1.0000        1
   42        -0.7857111880       -10.6902292823    1.0000        1
   43        -0.7856788978       -10.6897899471    1.0000        1
   44        -0.7719992243       -10.5036670462    1.0000        1
   45        -0.7712832738       -10.4939259669    1.0000        1
   46        -0.7712334471       -10.4932480347    1.0000        1
   47        -0.7642399868       -10.3980964127    1.0000        1
   48        -0.7625658900       -10.3753189859    1.0000        1
   49        -0.7624002778       -10.3730657001    1.0000        1
   50        -0.7623641119       -10.3725736343    1.0000        1
   51        -0.7375162537       -10.0344986442    1.0000        1
   52        -0.7374615119       -10.0337538391    1.0000        1
   53        -0.7160801527        -9.7428433420    1.0000        1
   54        -0.7063458133        -9.6103998668    1.0000        1
   55        -0.7063198139        -9.6100461241    1.0000        1
   56        -0.6971499043        -9.4852821676    1.0000        1
   57        -0.6815238594        -9.2726773267    1.0000        1
   58        -0.6770790708        -9.2122024213    1.0000        1
   59        -0.6770650180        -9.2120112220    1.0000        1
   60        -0.6701016641        -9.1172692217    1.0000        1
   61        -0.6700674835        -9.1168041670    1.0000        1
   62        -0.6532882718        -8.8885095680    1.0000        1
   63        -0.6532506419        -8.8879975842    1.0000        1
   64        -0.6417625531        -8.7316929451    1.0000        1
   65        -0.6404227981        -8.7134645070    1.0000        1
   66        -0.6403948335        -8.7130840262    1.0000        1
   67        -0.6337223703        -8.6222998252    1.0000        1
   68        -0.6273250572        -8.5352592628    1.0000        1
   69        -0.6272984362        -8.5348970637    1.0000        1
   70        -0.6080401308        -8.2728724123    1.0000        1
   71        -0.6009782386        -8.1767897193    1.0000        1
   72        -0.5930993181        -8.0695907026    1.0000        1
   73        -0.5930644721        -8.0691165951    1.0000        1
   74        -0.4796700094        -6.5262942145    0.5029        1
   75        -0.4795976816        -6.5253101363    0.4971        1
   76        -0.3532122512        -4.8057352470    0.0000        1
   77        -0.3301013223        -4.4912925712    0.0000        1
   78        -0.3186812987        -4.3359140136    0.0000        1
   79        -0.3148736155        -4.2841074382    0.0000        1
   80        -0.3036308812        -4.1311410430    0.0000        1


 Max and min values of charge density [e/bohr^3]:   0.2242E+00   0.9343E-12     

 Hartree potential time [sec]:       1.23


   Eigenvalue Energy             =        -128.62398318 [Ry]
   Hartree Energy                =        2515.73613402 [Ry]
   Integral_{Vxc*rho}            =        -119.54041699 [Ry]
   Exc = Integral{eps_xc*rho}    =         -91.64154734 [Ry]
   Electron-Ion energy           =       -5142.64152796 [Ry]
   Ion-Ion Energy                =        2322.66240782 [Ry]
   (E(new)-E(old))/atom  =            -0.02963368 [eV]

   Total Energy =          -263.26358446 [Ry]
   Energy/atom  =           -55.96736996 [eV]


  0-  2    SRE of pot. & charge weighted pot =  13.7679039068    0.2161562328

 Number of converged eigen-pairs per representation:          85
 Number of matrix-vector multiplications:         1368
 Cumulated number of matrix-vector mult. =         8879

 Diagonalization time [sec] :       6.50,      tdiag_sum =       51.76

 Fermi level at    -0.3515 [Ry]

   State   Eigenvalue [Ry]      Eigenvalue [eV]    Occup.     Repr.

    1        -1.1734115179       -15.9652024304    1.0000        1
    2        -1.1112884097       -15.1199678450    1.0000        1
    3        -1.1111910825       -15.1186436299    1.0000        1
    4        -1.1054999905       -15.0412117705    1.0000        1
    5        -1.0518382156       -14.3111003936    1.0000        1
    6        -1.0516257202       -14.3082092244    1.0000        1
    7        -1.0471278164       -14.2470116439    1.0000        1
    8        -1.0165374607       -13.8308053834    1.0000        1
    9        -1.0165021911       -13.8303255113    1.0000        1
   10        -1.0148688329       -13.8081023662    1.0000        1
   11        -0.9974372030       -13.5709310965    1.0000        1
   12        -0.9898851043       -13.4681787527    1.0000        1
   13        -0.9898290048       -13.4674154741    1.0000        1
   14        -0.9401513445       -12.7915111630    1.0000        1
   15        -0.9399465951       -12.7887253837    1.0000        1
   16        -0.9399260135       -12.7884453548    1.0000        1
   17        -0.8631725182       -11.7441526482    1.0000        1
   18        -0.8631079722       -11.7432744483    1.0000        1
   19        -0.8613155224       -11.7188867344    1.0000        1
   20        -0.8547386791       -11.6294035204    1.0000        1
   21        -0.8522170537       -11.5950947897    1.0000        1
   22        -0.8521402796       -11.5940502158    1.0000        1
   23        -0.8385973105       -11.4097872871    1.0000        1
   24        -0.8384747677       -11.4081199942    1.0000        1
   25        -0.8234241200       -11.2033438915    1.0000        1
   26        -0.7712392895       -10.4933275257    1.0000        1
   27        -0.7710203985       -10.4903493386    1.0000        1
   28        -0.7405076483       -10.0751989606    1.0000        1
   29        -0.7291870633        -9.9211733457    1.0000        1
   30        -0.7043190113        -9.5828236033    1.0000        1
   31        -0.6971041450        -9.4846595756    1.0000        1
   32        -0.6970961815        -9.4845512267    1.0000        1
   33        -0.6683869397        -9.0939390244    1.0000        1
   34        -0.6638616330        -9.0323686066    1.0000        1
   35        -0.6637588427        -9.0309700615    1.0000        1
   36        -0.6592624612        -8.9697931946    1.0000        1
   37        -0.6592263119        -8.9693013539    1.0000        1
   38        -0.6527972923        -8.8818293996    1.0000        1
   39        -0.6318397127        -8.5966847628    1.0000        1
   40        -0.6317877259        -8.5959774413    1.0000        1
   41        -0.6201668653        -8.4378663358    1.0000        1
   42        -0.6156958217        -8.3770342115    1.0000        1
   43        -0.6156510958        -8.3764256798    1.0000        1
   44        -0.6079440133        -8.2715646556    1.0000        1
   45        -0.6019491563        -8.1899998313    1.0000        1
   46        -0.6008484522        -8.1750238704    1.0000        1
   47        -0.6007801208        -8.1740941674    1.0000        1
   48        -0.5930216062        -8.0685333695    1.0000        1
   49        -0.5929512410        -8.0675759945    1.0000        1
   50        -0.5870935014        -7.9878767617    1.0000        1
   51        -0.5744220947        -7.8154721365    1.0000        1
   52        -0.5739371903        -7.8088746238    1.0000        1
   53        -0.5738637282        -7.8078751133    1.0000        1
   54        -0.5554359391        -7.5571503003    1.0000        1
   55        -0.5553265754        -7.5556623199    1.0000        1
   56        -0.5454736597        -7.4216055193    1.0000        1
   57        -0.5325817885        -7.2462012983    1.0000        1
   58        -0.5289171662        -7.1963411793    1.0000        1
   59        -0.5287405795        -7.1939385772    1.0000        1
   60        -0.5177710171        -7.0446889040    1.0000        1
   61        -0.5177677557        -7.0446445311    1.0000        1
   62        -0.5038337579        -6.8550613428    1.0000        1
   63        -0.5038004748        -6.8546084995    1.0000        1
   64        -0.4882365054        -6.6428482457    1.0000        1
   65        -0.4825933974        -6.5660692467    1.0000        1
   66        -0.4809735627        -6.5440300993    1.0000        1
   67        -0.4809601319        -6.5438473626    1.0000        1
   68        -0.4726381686        -6.4306203947    1.0000        1
   69        -0.4725674778        -6.4296585901    1.0000        1
   70        -0.4592004946        -6.2477900889    1.0000        1
   71        -0.4556781774        -6.1998661455    1.0000        1
   72        -0.4476866272        -6.0911347121    1.0000        1
   73        -0.4475512113        -6.0892922702    1.0000        1
   74        -0.3517054915        -4.7852345759    0.5156        1
   75        -0.3513091518        -4.7798420580    0.4844        1
   76        -0.2275298510        -3.0957256470    0.0000        1
   77        -0.2009211842        -2.7336934481    0.0000        1
   78        -0.1911787756        -2.6011401846    0.0000        1
   79        -0.1883872763        -2.5631596043    0.0000        1
   80        -0.1744965614        -2.3741653147    0.0000        1


 Max and min values of charge density [e/bohr^3]:   0.2054E+00   0.1690E-11     

 Hartree potential time [sec]:       2.21


   Eigenvalue Energy             =        -105.14644452 [Ry]
   Hartree Energy                =        2507.34082238 [Ry]
   Integral_{Vxc*rho}            =        -117.28016488 [Ry]
   Exc = Integral{eps_xc*rho}    =         -89.92057146 [Ry]
   Electron-Ion energy           =       -5130.51603540 [Ry]
   Ion-Ion Energy                =        2322.66240782 [Ry]
   (E(new)-E(old))/atom  =            -0.04802479 [eV]

   Total Energy =          -263.48948711 [Ry]
   Energy/atom  =           -56.01539474 [eV]


  0-  3    SRE of pot. & charge weighted pot =   1.8143621875    0.0272860471

 Number of converged eigen-pairs per representation:          85
 Number of matrix-vector multiplications:         1368
 Cumulated number of matrix-vector mult. =        10247

 Diagonalization time [sec] :       6.65,      tdiag_sum =       58.41

 Fermi level at    -0.3562 [Ry]

   State   Eigenvalue [Ry]      Eigenvalue [eV]    Occup.     Repr.

    1        -1.1813023050       -16.0725629017    1.0000        1
    2        -1.1252247892       -15.3095834367    1.0000        1
    3        -1.1249223735       -15.3054688291    1.0000        1
    4        -1.1192111845       -15.2277635338    1.0000        1
    5        -1.0655304983       -14.4973948544    1.0000        1
    6        -1.0654786819       -14.4966898503    1.0000        1
    7        -1.0594479395       -14.4146367756    1.0000        1
    8        -1.0313441273       -14.0322619279    1.0000        1
    9        -1.0312838204       -14.0314414042    1.0000        1
   10        -1.0221637748       -13.9073558874    1.0000        1
   11        -1.0140564335       -13.7970490223    1.0000        1
   12        -1.0051819117       -13.6763040548    1.0000        1
   13        -1.0049875735       -13.6736599274    1.0000        1
   14        -0.9535750794       -12.9741518147    1.0000        1
   15        -0.9535615131       -12.9739672354    1.0000        1
   16        -0.9535132088       -12.9733100156    1.0000        1
   17        -0.8783466473       -11.9506088138    1.0000        1
   18        -0.8782999816       -11.9499738897    1.0000        1
   19        -0.8767765173       -11.9292459397    1.0000        1
   20        -0.8671063443       -11.7976754997    1.0000        1
   21        -0.8669553243       -11.7956207514    1.0000        1
   22        -0.8644236006       -11.7611746248    1.0000        1
   23        -0.8510548926       -11.5792826578    1.0000        1
   24        -0.8509094851       -11.5773042719    1.0000        1
   25        -0.8380183040       -11.4019094408    1.0000        1
   26        -0.7833984078       -10.6587620567    1.0000        1
   27        -0.7831553580       -10.6554551697    1.0000        1
   28        -0.7522021718       -10.2343123096    1.0000        1
   29        -0.7416187170       -10.0903159398    1.0000        1
   30        -0.7180618492        -9.7698059073    1.0000        1
   31        -0.7113293227        -9.6782044994    1.0000        1
   32        -0.7111980170        -9.6764179797    1.0000        1
   33        -0.6821329621        -9.2809646554    1.0000        1
   34        -0.6784516082        -9.2308768905    1.0000        1
   35        -0.6784389020        -9.2307040133    1.0000        1
   36        -0.6735476850        -9.1641550924    1.0000        1
   37        -0.6735288879        -9.1638993425    1.0000        1
   38        -0.6676542898        -9.0839707358    1.0000        1
   39        -0.6445709882        -8.7699039516    1.0000        1
   40        -0.6445320997        -8.7693748424    1.0000        1
   41        -0.6351115476        -8.6412006937    1.0000        1
   42        -0.6306877382        -8.5810112285    1.0000        1
   43        -0.6306631060        -8.5806760883    1.0000        1
   44        -0.6223208999        -8.4671737005    1.0000        1
   45        -0.6165409301        -8.3885325869    1.0000        1
   46        -0.6157250213        -8.3774314945    1.0000        1
   47        -0.6156904450        -8.3769610566    1.0000        1
   48        -0.6092413606        -8.2892161047    1.0000        1
   49        -0.6092234488        -8.2889723990    1.0000        1
   50        -0.6033451398        -8.2089933029    1.0000        1
   51        -0.5875755792        -7.9944358152    1.0000        1
   52        -0.5873789916        -7.9917610835    1.0000        1
   53        -0.5808310097        -7.9026705513    1.0000        1
   54        -0.5658250011        -7.6985017999    1.0000        1
   55        -0.5657613473        -7.6976357391    1.0000        1
   56        -0.5571601336        -7.5806093455    1.0000        1
   57        -0.5451974077        -7.4178468898    1.0000        1
   58        -0.5390914372        -7.3347702769    1.0000        1
   59        -0.5390431862        -7.3341137834    1.0000        1
   60        -0.5321765663        -7.2406879253    1.0000        1
   61        -0.5321273303        -7.2400180300    1.0000        1
   62        -0.5162159697        -7.0235312405    1.0000        1
   63        -0.5162005742        -7.0233217729    1.0000        1
   64        -0.5024926471        -6.8368144575    1.0000        1
   65        -0.4958586387        -6.7465534661    1.0000        1
   66        -0.4958007788        -6.7457662364    1.0000        1
   67        -0.4947505756        -6.7314773809    1.0000        1
   68        -0.4847388727        -6.5952601536    1.0000        1
   69        -0.4846757785        -6.5944017067    1.0000        1
   70        -0.4720991179        -6.4232861781    1.0000        1
   71        -0.4698411037        -6.3925640883    1.0000        1
   72        -0.4594615445        -6.2513418816    1.0000        1
   73        -0.4593292862        -6.2495424020    1.0000        1
   74        -0.3563899209        -4.8489699858    0.5143        1
   75        -0.3560268186        -4.8440296881    0.4857        1
   76        -0.2330377401        -3.1706648840    0.0000        1
   77        -0.2124753337        -2.8908968949    0.0000        1
   78        -0.2004255033        -2.7269493130    0.0000        1
   79        -0.1986200478        -2.7023846468    0.0000        1
   80        -0.1859228185        -2.5296286834    0.0000        1


 Max and min values of charge density [e/bohr^3]:   0.2069E+00   0.2650E-11     

 Hartree potential time [sec]:       1.09


   Eigenvalue Energy             =        -107.10978733 [Ry]
   Hartree Energy                =        2506.82495843 [Ry]
   Integral_{Vxc*rho}            =        -117.48547077 [Ry]
   Exc = Integral{eps_xc*rho}    =         -90.07667408 [Ry]
   Electron-Ion energy           =       -5130.45173836 [Ry]
   Ion-Ion Energy                =        2322.66240782 [Ry]
   (E(new)-E(old))/atom  =            -0.00394654 [eV]

   Total Energy =          -263.50805113 [Ry]
   Energy/atom  =           -56.01934128 [eV]


  0-  4    SRE of pot. & charge weighted pot =   0.5601127755    0.0087472591

 Number of converged eigen-pairs per representation:          85
 Number of matrix-vector multiplications:         1368
 Cumulated number of matrix-vector mult. =        11615

 Diagonalization time [sec] :       6.71,      tdiag_sum =       65.11

 Fermi level at    -0.3547 [Ry]

   State   Eigenvalue [Ry]      Eigenvalue [eV]    Occup.     Repr.

    1        -1.1803160794       -16.0591445131    1.0000        1
    2        -1.1244832848       -15.2994946766    1.0000        1
    3        -1.1243974790       -15.2983272202    1.0000        1
    4        -1.1186894205       -15.2206645179    1.0000        1
    5        -1.0649123518       -14.4889844762    1.0000        1
    6        -1.0648260003       -14.4878095945    1.0000        1
    7        -1.0584067570       -14.4004706540    1.0000        1
    8        -1.0303188619       -14.0183123715    1.0000        1
    9        -1.0302943011       -14.0179782024    1.0000        1
   10        -1.0206081589       -13.8861904885    1.0000        1
   11        -1.0132601737       -13.7862152712    1.0000        1
   12        -1.0040721080       -13.6612042876    1.0000        1
   13        -1.0040114203       -13.6603785818    1.0000        1
   14        -0.9521739353       -12.9550881291    1.0000        1
   15        -0.9521590275       -12.9548852961    1.0000        1
   16        -0.9519291765       -12.9517579890    1.0000        1
   17        -0.8769294794       -11.9313271104    1.0000        1
   18        -0.8769190676       -11.9311854496    1.0000        1
   19        -0.8752105881       -11.9079402195    1.0000        1
   20        -0.8656575603       -11.7779636341    1.0000        1
   21        -0.8655773241       -11.7768719560    1.0000        1
   22        -0.8627296233       -11.7381267091    1.0000        1
   23        -0.8494757190       -11.5577967379    1.0000        1
   24        -0.8493753377       -11.5564309698    1.0000        1
   25        -0.8366377842       -11.3831263641    1.0000        1
   26        -0.7817121370       -10.6358189939    1.0000        1
   27        -0.7816027278       -10.6343303943    1.0000        1
   28        -0.7503991438       -10.2097806701    1.0000        1
   29        -0.7397601495       -10.0650286420    1.0000        1
   30        -0.7164828891        -9.7483228920    1.0000        1
   31        -0.7095379273        -9.6538311306    1.0000        1
   32        -0.7094911658        -9.6531949037    1.0000        1
   33        -0.6803573679        -9.2568062764    1.0000        1
   34        -0.6767648393        -9.2079270510    1.0000        1
   35        -0.6767456738        -9.2076662889    1.0000        1
   36        -0.6716934155        -9.1389262733    1.0000        1
   37        -0.6716501928        -9.1383381926    1.0000        1
   38        -0.6664438820        -9.0675021700    1.0000        1
   39        -0.6430091996        -8.7486545679    1.0000        1
   40        -0.6429845551        -8.7483192603    1.0000        1
   41        -0.6332854174        -8.6163547318    1.0000        1
   42        -0.6285717184        -8.5522210860    1.0000        1
   43        -0.6285429565        -8.5518297573    1.0000        1
   44        -0.6209940790        -8.4491212403    1.0000        1
   45        -0.6150523410        -8.3682791407    1.0000        1
   46        -0.6143570347        -8.3588189427    1.0000        1
   47        -0.6143099728        -8.3581786279    1.0000        1
   48        -0.6074674267        -8.2650803144    1.0000        1
   49        -0.6074226467        -8.2644710464    1.0000        1
   50        -0.6009150591        -8.1759301108    1.0000        1
   51        -0.5860444722        -7.9736038802    1.0000        1
   52        -0.5859752293        -7.9726617743    1.0000        1
   53        -0.5790293457        -7.8781574713    1.0000        1
   54        -0.5643226832        -7.6780615636    1.0000        1
   55        -0.5642763027        -7.6774305188    1.0000        1
   56        -0.5558308597        -7.5625235109    1.0000        1
   57        -0.5443669548        -7.4065479142    1.0000        1
   58        -0.5379946761        -7.3198479641    1.0000        1
   59        -0.5379209625        -7.3188450315    1.0000        1
   60        -0.5310264165        -7.2250392174    1.0000        1
   61        -0.5310209205        -7.2249644395    1.0000        1
   62        -0.5150788931        -7.0080604033    1.0000        1
   63        -0.5150591455        -7.0077917222    1.0000        1
   64        -0.5012670591        -6.8201393528    1.0000        1
   65        -0.4945851854        -6.7292271159    1.0000        1
   66        -0.4945453204        -6.7286847199    1.0000        1
   67        -0.4938961899        -6.7198527807    1.0000        1
   68        -0.4837631091        -6.5819841102    1.0000        1
   69        -0.4837478854        -6.5817769786    1.0000        1
   70        -0.4711965622        -6.4110061863    1.0000        1
   71        -0.4692217283        -6.3841369913    1.0000        1
   72        -0.4585891068        -6.2394716687    1.0000        1
   73        -0.4585232060        -6.2385750362    1.0000        1
   74        -0.3548128111        -4.8275121452    0.5086        1
   75        -0.3545938276        -4.8245326992    0.4914        1
   76        -0.2318942113        -3.1551062602    0.0000        1
   77        -0.2118639571        -2.8825786280    0.0000        1
   78        -0.1996502500        -2.7164013714    0.0000        1
   79        -0.1984648849        -2.7002735309    0.0000        1
   80        -0.1857237581        -2.5269203078    0.0000        1


 Max and min values of charge density [e/bohr^3]:   0.2053E+00   0.3825E-11     

 Hartree potential time [sec]:       0.80


   Eigenvalue Energy             =        -106.90982473 [Ry]
   Hartree Energy                =        2506.67566772 [Ry]
   Integral_{Vxc*rho}            =        -117.38546854 [Ry]
   Exc = Integral{eps_xc*rho}    =         -90.00057832 [Ry]
   Electron-Ion energy           =       -5130.12401338 [Ry]
   Ion-Ion Energy                =        2322.66240782 [Ry]
   (E(new)-E(old))/atom  =            -0.00050393 [eV]

   Total Energy =          -263.51042154 [Ry]
   Energy/atom  =           -56.01984521 [eV]


  0-  5    SRE of pot. & charge weighted pot =   0.3296433878    0.0050420023

 Number of converged eigen-pairs per representation:          85
 Number of matrix-vector multiplications:         1368
 Cumulated number of matrix-vector mult. =        12983

 Diagonalization time [sec] :       5.82,      tdiag_sum =       70.93

 Fermi level at    -0.3545 [Ry]

   State   Eigenvalue [Ry]      Eigenvalue [eV]    Occup.     Repr.

    1        -1.1805322973       -16.0620863302    1.0000        1
    2        -1.1247330281       -15.3028926337    1.0000        1
    3        -1.1246963502       -15.3023936009    1.0000        1
    4        -1.1191235340       -15.2265709782    1.0000        1
    5        -1.0652226771       -14.4932067003    1.0000        1
    6        -1.0651891131       -14.4927500344    1.0000        1
    7        -1.0585299928       -14.4021473763    1.0000        1
    8        -1.0302808779       -14.0177955685    1.0000        1
    9        -1.0302746681       -14.0177110793    1.0000        1
   10        -1.0203880125       -13.8831952202    1.0000        1
   11        -1.0133244964       -13.7870904325    1.0000        1
   12        -1.0039924886       -13.6601210017    1.0000        1
   13        -1.0039853054       -13.6600232682    1.0000        1
   14        -0.9518898695       -12.9512231862    1.0000        1
   15        -0.9518873627       -12.9511890800    1.0000        1
   16        -0.9516121447       -12.9474445187    1.0000        1
   17        -0.8766510203       -11.9275384517    1.0000        1
   18        -0.8766421412       -11.9274176444    1.0000        1
   19        -0.8747093351       -11.9011202719    1.0000        1
   20        -0.8654204661       -11.7747377783    1.0000        1
   21        -0.8654093640       -11.7745867247    1.0000        1
   22        -0.8626172193       -11.7365973626    1.0000        1
   23        -0.8491034041       -11.5527310956    1.0000        1
   24        -0.8490809792       -11.5524259862    1.0000        1
   25        -0.8364144716       -11.3800880179    1.0000        1
   26        -0.7813267229       -10.6305751265    1.0000        1
   27        -0.7812639298       -10.6297207766    1.0000        1
   28        -0.7499155527       -10.2032010272    1.0000        1
   29        -0.7390950197       -10.0559790192    1.0000        1
   30        -0.7160691356        -9.7426934453    1.0000        1
   31        -0.7089220531        -9.6454516705    1.0000        1
   32        -0.7089113988        -9.6453067092    1.0000        1
   33        -0.6796971567        -9.2478235746    1.0000        1
   34        -0.6762080776        -9.2003518623    1.0000        1
   35        -0.6761563473        -9.1996480301    1.0000        1
   36        -0.6709197949        -9.1284005449    1.0000        1
   37        -0.6709003242        -9.1281356309    1.0000        1
   38        -0.6662699613        -9.0651358401    1.0000        1
   39        -0.6425839063        -8.7428681130    1.0000        1
   40        -0.6425682738        -8.7426554192    1.0000        1
   41        -0.6326728165        -8.6080198063    1.0000        1
   42        -0.6276198703        -8.5392704320    1.0000        1
   43        -0.6276010062        -8.5390137704    1.0000        1
   44        -0.6206935475        -8.4450322690    1.0000        1
   45        -0.6146134253        -8.3623073414    1.0000        1
   46        -0.6139643865        -8.3534766505    1.0000        1
   47        -0.6139456949        -8.3532223357    1.0000        1
   48        -0.6067996834        -8.2559951327    1.0000        1
   49        -0.6067297150        -8.2550431567    1.0000        1
   50        -0.5996414798        -8.1586020465    1.0000        1
   51        -0.5857322705        -7.9693561259    1.0000        1
   52        -0.5857204441        -7.9691952180    1.0000        1
   53        -0.5786158983        -7.8725321895    1.0000        1
   54        -0.5639752939        -7.6733350536    1.0000        1
   55        -0.5639543709        -7.6730503791    1.0000        1
   56        -0.5557128434        -7.5609178050    1.0000        1
   57        -0.5444330066        -7.4074466012    1.0000        1
   58        -0.5378915933        -7.3184454405    1.0000        1
   59        -0.5378556393        -7.3179562576    1.0000        1
   60        -0.5309000555        -7.2233199756    1.0000        1
   61        -0.5308924145        -7.2232160132    1.0000        1
   62        -0.5149614590        -7.0064626185    1.0000        1
   63        -0.5149510838        -7.0063214565    1.0000        1
   64        -0.5009296791        -6.8155490286    1.0000        1
   65        -0.4943294736        -6.7257479524    1.0000        1
   66        -0.4943152741        -6.7255547566    1.0000        1
   67        -0.4940130836        -6.7214432130    1.0000        1
   68        -0.4838537125        -6.5832168421    1.0000        1
   69        -0.4838325281        -6.5829286103    1.0000        1
   70        -0.4712812825        -6.4121588731    1.0000        1
   71        -0.4692672963        -6.3847569801    1.0000        1
   72        -0.4587107667        -6.2411269492    1.0000        1
   73        -0.4586759212        -6.2406528482    1.0000        1
   74        -0.3545612608        -4.8240896021    0.5035        1
   75        -0.3544716116        -4.8228698536    0.4965        1
   76        -0.2319303815        -3.1555983846    0.0000        1
   77        -0.2119558754        -2.8838292493    0.0000        1
   78        -0.1997400785        -2.7176235598    0.0000        1
   79        -0.1989784846        -2.7072614662    0.0000        1
   80        -0.1860802128        -2.5317701590    0.0000        1


 Max and min values of charge density [e/bohr^3]:   0.2049E+00   0.4149E-11     

 Hartree potential time [sec]:       0.83


   Eigenvalue Energy             =        -106.87224409 [Ry]
   Hartree Energy                =        2507.00279356 [Ry]
   Integral_{Vxc*rho}            =        -117.37871989 [Ry]
   Exc = Integral{eps_xc*rho}    =         -89.99545127 [Ry]
   Electron-Ion energy           =       -5130.45222415 [Ry]
   Ion-Ion Energy                =        2322.66240782 [Ry]
   (E(new)-E(old))/atom  =            -0.00016593 [eV]

   Total Energy =          -263.51120203 [Ry]
   Energy/atom  =           -56.02001114 [eV]


  0-  6    SRE of pot. & charge weighted pot =   0.2133069515    0.0031344339

 Number of converged eigen-pairs per representation:          85
 Number of matrix-vector multiplications:         1283
 Cumulated number of matrix-vector mult. =        14266

 Diagonalization time [sec] :       5.58,      tdiag_sum =       76.51

 Fermi level at    -0.3534 [Ry]

   State   Eigenvalue [Ry]      Eigenvalue [eV]    Occup.     Repr.

    1        -1.1795073863       -16.0481415963    1.0000        1
    2        -1.1237298349       -15.2892433876    1.0000        1
    3        -1.1237111592       -15.2889892897    1.0000        1
    4        -1.1181974566       -15.2139709551    1.0000        1
    5        -1.0642334032       -14.4797468378    1.0000        1
    6        -1.0642236264       -14.4796138163    1.0000        1
    7        -1.0575338709       -14.3885943405    1.0000        1
    8        -1.0292032549       -14.0031336453    1.0000        1
    9        -1.0291895997       -14.0029478552    1.0000        1
   10        -1.0192011556       -13.8670470832    1.0000        1
   11        -1.0122523502       -13.7725030258    1.0000        1
   12        -1.0029159179       -13.6454733960    1.0000        1
   13        -1.0028908598       -13.6451324608    1.0000        1
   14        -0.9507038426       -12.9350863419    1.0000        1
   15        -0.9506977650       -12.9350036510    1.0000        1
   16        -0.9504731636       -12.9319477697    1.0000        1
   17        -0.8754724692       -11.9115033211    1.0000        1
   18        -0.8754614995       -11.9113540695    1.0000        1
   19        -0.8734427947       -11.8838879766    1.0000        1
   20        -0.8643108953       -11.7596411786    1.0000        1
   21        -0.8642791597       -11.7592093908    1.0000        1
   22        -0.8615546039       -11.7221396295    1.0000        1
   23        -0.8479059277       -11.5364384706    1.0000        1
   24        -0.8478953971       -11.5362951935    1.0000        1
   25        -0.8352522381       -11.3642749014    1.0000        1
   26        -0.7800681051       -10.6134506240    1.0000        1
   27        -0.7800650371       -10.6134088812    1.0000        1
   28        -0.7486772171       -10.1863524799    1.0000        1
   29        -0.7377744745       -10.0380119450    1.0000        1
   30        -0.7148550116        -9.7261743165    1.0000        1
   31        -0.7076593214        -9.6282711945    1.0000        1
   32        -0.7076297964        -9.6278694842    1.0000        1
   33        -0.6783645014        -9.2296917327    1.0000        1
   34        -0.6749192848        -9.1828168056    1.0000        1
   35        -0.6748809626        -9.1822954006    1.0000        1
   36        -0.6695331955        -9.1095347520    1.0000        1
   37        -0.6695161759        -9.1093031863    1.0000        1
   38        -0.6651040561        -9.0492727667    1.0000        1
   39        -0.6413166091        -8.7256255197    1.0000        1
   40        -0.6413109290        -8.7255482385    1.0000        1
   41        -0.6313871366        -8.5905271027    1.0000        1
   42        -0.6261616320        -8.5194299324    1.0000        1
   43        -0.6261510445        -8.5192858807    1.0000        1
   44        -0.6194397374        -8.4279731785    1.0000        1
   45        -0.6133646193        -8.3453163374    1.0000        1
   46        -0.6127053196        -8.3363460370    1.0000        1
   47        -0.6127003485        -8.3362784019    1.0000        1
   48        -0.6054157947        -8.2371662200    1.0000        1
   49        -0.6053595646        -8.2364011640    1.0000        1
   50        -0.5980390552        -8.1367997773    1.0000        1
   51        -0.5845440613        -7.9531895889    1.0000        1
   52        -0.5845187433        -7.9528451181    1.0000        1
   53        -0.5773621483        -7.8554739167    1.0000        1
   54        -0.5627206578        -7.6562647263    1.0000        1
   55        -0.5627139086        -7.6561728982    1.0000        1
   56        -0.5545940357        -7.5456955315    1.0000        1
   57        -0.5433691993        -7.3929726512    1.0000        1
   58        -0.5367738349        -7.3032374435    1.0000        1
   59        -0.5367617787        -7.3030734093    1.0000        1
   60        -0.5297702129        -7.2079475624    1.0000        1
   61        -0.5297660570        -7.2078910189    1.0000        1
   62        -0.5138548425        -6.9914062158    1.0000        1
   63        -0.5138445625        -6.9912663491    1.0000        1
   64        -0.4997080108        -6.7989272538    1.0000        1
   65        -0.4931482342        -6.7096762451    1.0000        1
   66        -0.4931310025        -6.7094417932    1.0000        1
   67        -0.4929420488        -6.7068709278    1.0000        1
   68        -0.4827356934        -6.5680052974    1.0000        1
   69        -0.4827284880        -6.5679072620    1.0000        1
   70        -0.4702615294        -6.3982843164    1.0000        1
   71        -0.4682099689        -6.3703711953    1.0000        1
   72        -0.4576677994        -6.2269365447    1.0000        1
   73        -0.4576617364        -6.2268540530    1.0000        1
   74        -0.3533909316        -4.8081663377    0.5000        1
   75        -0.3533899964        -4.8081536136    0.5000        1
   76        -0.2309780674        -3.1426413900    0.0000        1
   77        -0.2110978988        -2.8721557910    0.0000        1
   78        -0.1988151306        -2.7050389034    0.0000        1
   79        -0.1983109753        -2.6981794676    0.0000        1
   80        -0.1853079150        -2.5212624302    0.0000        1


 Max and min values of charge density [e/bohr^3]:   0.2045E+00   0.4489E-11     

 Hartree potential time [sec]:       0.99


   Eigenvalue Energy             =        -106.69763516 [Ry]
   Hartree Energy                =        2507.04618541 [Ry]
   Integral_{Vxc*rho}            =        -117.35688438 [Ry]
   Exc = Integral{eps_xc*rho}    =         -89.97883720 [Ry]
   Electron-Ion energy           =       -5130.46111377 [Ry]
   Ion-Ion Energy                =        2322.66240782 [Ry]
   (E(new)-E(old))/atom  =            -0.00003654 [eV]

   Total Energy =          -263.51137393 [Ry]
   Energy/atom  =           -56.02004768 [eV]


  0-  7    SRE of pot. & charge weighted pot =   0.1586356212    0.0019752990

 Number of converged eigen-pairs per representation:          85
 Number of matrix-vector multiplications:         1198
 Cumulated number of matrix-vector mult. =        15464

 Diagonalization time [sec] :       5.50,      tdiag_sum =       82.00

 Fermi level at    -0.3518 [Ry]

   State   Eigenvalue [Ry]      Eigenvalue [eV]    Occup.     Repr.

    1        -1.1778941084       -16.0261916606    1.0000        1
    2        -1.1221562019       -15.2678328524    1.0000        1
    3        -1.1221494836       -15.2677414443    1.0000        1
    4        -1.1167134353       -15.1937796576    1.0000        1
    5        -1.0627059456       -14.4589645542    1.0000        1
    6        -1.0626967154       -14.4588389708    1.0000        1
    7        -1.0561397213       -14.3696258200    1.0000        1
    8        -1.0277524012       -13.9833936205    1.0000        1
    9        -1.0277515411       -13.9833819174    1.0000        1
   10        -1.0176539968       -13.8459967490    1.0000        1
   11        -1.0107317555       -13.7518141195    1.0000        1
   12        -1.0014953521       -13.6261454616    1.0000        1
   13        -1.0014906324       -13.6260812462    1.0000        1
   14        -0.9492857474       -12.9157920218    1.0000        1
   15        -0.9492828226       -12.9157522282    1.0000        1
   16        -0.9492350516       -12.9151022657    1.0000        1
   17        -0.8741194472       -11.8930943753    1.0000        1
   18        -0.8741140380       -11.8930207788    1.0000        1
   19        -0.8720340196       -11.8647204635    1.0000        1
   20        -0.8630207958       -11.7420883433    1.0000        1
   21        -0.8630146133       -11.7420042253    1.0000        1
   22        -0.8603621517       -11.7059153641    1.0000        1
   23        -0.8464983825       -11.5172876924    1.0000        1
   24        -0.8464954088       -11.5172472324    1.0000        1
   25        -0.8339196152       -11.3461435005    1.0000        1
   26        -0.7786580873       -10.5942662049    1.0000        1
   27        -0.7786508668       -10.5941679630    1.0000        1
   28        -0.7473274575       -10.1679879210    1.0000        1
   29        -0.7363264431       -10.0183103196    1.0000        1
   30        -0.7135185063        -9.7079900933    1.0000        1
   31        -0.7062859124        -9.6095848671    1.0000        1
   32        -0.7062812441        -9.6095213508    1.0000        1
   33        -0.6769080253        -9.2098752101    1.0000        1
   34        -0.6735176272        -9.1637461318    1.0000        1
   35        -0.6735130821        -9.1636842920    1.0000        1
   36        -0.6680633261        -9.0895360025    1.0000        1
   37        -0.6680604270        -9.0894965570    1.0000        1
   38        -0.6636715003        -9.0297816994    1.0000        1
   39        -0.6398026594        -8.7050270234    1.0000        1
   40        -0.6397983077        -8.7049678146    1.0000        1
   41        -0.6300816485        -8.5727648934    1.0000        1
   42        -0.6247000902        -8.4995444867    1.0000        1
   43        -0.6246979965        -8.4995160001    1.0000        1
   44        -0.6178415439        -8.4062284776    1.0000        1
   45        -0.6119322311        -8.3258275493    1.0000        1
   46        -0.6111809558        -8.3156058482    1.0000        1
   47        -0.6111781423        -8.3155675690    1.0000        1
   48        -0.6039751049        -8.2175644821    1.0000        1
   49        -0.6039673240        -8.2174586171    1.0000        1
   50        -0.5965458242        -8.1164831748    1.0000        1
   51        -0.5830966538        -7.9334964528    1.0000        1
   52        -0.5830919588        -7.9334325727    1.0000        1
   53        -0.5757882990        -7.8340604384    1.0000        1
   54        -0.5611182110        -7.6344621558    1.0000        1
   55        -0.5611123100        -7.6343818678    1.0000        1
   56        -0.5531347090        -7.5258402237    1.0000        1
   57        -0.5417773441        -7.3713141886    1.0000        1
   58        -0.5351830756        -7.2815938906    1.0000        1
   59        -0.5351738816        -7.2814687989    1.0000        1
   60        -0.5282825996        -7.1877073939    1.0000        1
   61        -0.5282796401        -7.1876671273    1.0000        1
   62        -0.5123199869        -6.9705232782    1.0000        1
   63        -0.5123157207        -6.9704652330    1.0000        1
   64        -0.4981245999        -6.7773836808    1.0000        1
   65        -0.4916522165        -6.6893217274    1.0000        1
   66        -0.4916474887        -6.6892574014    1.0000        1
   67        -0.4913435073        -6.6851214912    1.0000        1
   68        -0.4811015193        -6.5457710511    1.0000        1
   69        -0.4811004911        -6.5457570617    1.0000        1
   70        -0.4686967147        -6.3769937614    1.0000        1
   71        -0.4666274691        -6.3488400194    1.0000        1
   72        -0.4561021462        -6.2056345813    1.0000        1
   73        -0.4560980091        -6.2055782927    1.0000        1
   74        -0.3518101175        -4.7866580971    0.5002        1
   75        -0.3518054704        -4.7865948696    0.4998        1
   76        -0.2296295054        -3.1242931245    0.0000        1
   77        -0.2098063436        -2.8545831492    0.0000        1
   78        -0.1973992573        -2.6857748149    0.0000        1
   79        -0.1970564293        -2.6811103651    0.0000        1
   80        -0.1840199525        -2.5037386695    0.0000        1


 Max and min values of charge density [e/bohr^3]:   0.2044E+00   0.4557E-11     

 Hartree potential time [sec]:       1.77


   Eigenvalue Energy             =        -106.48034813 [Ry]
   Hartree Energy                =        2506.91474262 [Ry]
   Integral_{Vxc*rho}            =        -117.34228456 [Ry]
   Exc = Integral{eps_xc*rho}    =         -89.96771330 [Ry]
   Electron-Ion energy           =       -5130.31395987 [Ry]
   Ion-Ion Energy                =        2322.66240782 [Ry]
   (E(new)-E(old))/atom  =            -0.00001497 [eV]

   Total Energy =          -263.51144435 [Ry]
   Energy/atom  =           -56.02006265 [eV]


  0-  8    SRE of pot. & charge weighted pot =   0.1252617149    0.0014241337

 Number of converged eigen-pairs per representation:          85
 Number of matrix-vector multiplications:         1113
 Cumulated number of matrix-vector mult. =        16577

 Diagonalization time [sec] :       6.10,      tdiag_sum =       88.10

 Fermi level at    -0.3521 [Ry]

   State   Eigenvalue [Ry]      Eigenvalue [eV]    Occup.     Repr.

    1        -1.1782165784       -16.0305791228    1.0000        1
    2        -1.1224166007       -15.2713757854    1.0000        1
    3        -1.1224024620       -15.2711834176    1.0000        1
    4        -1.1169863724       -15.1974931851    1.0000        1
    5        -1.0629808982       -14.4627055044    1.0000        1
    6        -1.0629682829       -14.4625338638    1.0000        1
    7        -1.0564054134       -14.3732407737    1.0000        1
    8        -1.0279818455       -13.9865153932    1.0000        1
    9        -1.0279788446       -13.9864745645    1.0000        1
   10        -1.0179802900       -13.8504362295    1.0000        1
   11        -1.0109500486       -13.7547841717    1.0000        1
   12        -1.0017223821       -13.6292343861    1.0000        1
   13        -1.0017122096       -13.6290959811    1.0000        1
   14        -0.9495285384       -12.9190953876    1.0000        1
   15        -0.9495259923       -12.9190607457    1.0000        1
   16        -0.9494741285       -12.9183550974    1.0000        1
   17        -0.8743476451       -11.8961991894    1.0000        1
   18        -0.8743437486       -11.8961461746    1.0000        1
   19        -0.8722373512       -11.8674869535    1.0000        1
   20        -0.8632580390       -11.7453162266    1.0000        1
   21        -0.8632471342       -11.7451678581    1.0000        1
   22        -0.8606807622       -11.7102503138    1.0000        1
   23        -0.8467537034       -11.5207615381    1.0000        1
   24        -0.8467394617       -11.5205677683    1.0000        1
   25        -0.8341683239       -11.3495273812    1.0000        1
   26        -0.7789289636       -10.5979516925    1.0000        1
   27        -0.7789084536       -10.5976726373    1.0000        1
   28        -0.7475793992       -10.1714157894    1.0000        1
   29        -0.7365463530       -10.0213023694    1.0000        1
   30        -0.7137477836        -9.7111095944    1.0000        1
   31        -0.7064944491        -9.6124221757    1.0000        1
   32        -0.7064848931        -9.6122921579    1.0000        1
   33        -0.6771174026        -9.2127239569    1.0000        1
   34        -0.6737238556        -9.1665520352    1.0000        1
   35        -0.6737197319        -9.1664959286    1.0000        1
   36        -0.6682618370        -9.0922369014    1.0000        1
   37        -0.6682575283        -9.0921782783    1.0000        1
   38        -0.6639061776        -9.0329746706    1.0000        1
   39        -0.6400368625        -8.7082135434    1.0000        1
   40        -0.6400318783        -8.7081457296    1.0000        1
   41        -0.6302896002        -8.5755942417    1.0000        1
   42        -0.6248857096        -8.5020699877    1.0000        1
   43        -0.6248830767        -8.5020341649    1.0000        1
   44        -0.6180730982        -8.4093789600    1.0000        1
   45        -0.6121400568        -8.3286551851    1.0000        1
   46        -0.6113905299        -8.3184572716    1.0000        1
   47        -0.6113844616        -8.3183747079    1.0000        1
   48        -0.6041722758        -8.2202471505    1.0000        1
   49        -0.6041638231        -8.2201321446    1.0000        1
   50        -0.5966997019        -8.1185768035    1.0000        1
   51        -0.5833354004        -7.9367447907    1.0000        1
   52        -0.5833224489        -7.9365685758    1.0000        1
   53        -0.5760878359        -7.8381358776    1.0000        1
   54        -0.5613816537        -7.6380465040    1.0000        1
   55        -0.5613735748        -7.6379365836    1.0000        1
   56        -0.5534006378        -7.5294583975    1.0000        1
   57        -0.5420121056        -7.3745083065    1.0000        1
   58        -0.5354356833        -7.2850308199    1.0000        1
   59        -0.5354241146        -7.2848734178    1.0000        1
   60        -0.5284981938        -7.1906407254    1.0000        1
   61        -0.5284961874        -7.1906134259    1.0000        1
   62        -0.5125454399        -6.9735907468    1.0000        1
   63        -0.5125423693        -6.9735489677    1.0000        1
   64        -0.4983128338        -6.7799447542    1.0000        1
   65        -0.4918606235        -6.6921572715    1.0000        1
   66        -0.4918559918        -6.6920942529    1.0000        1
   67        -0.4916084581        -6.6887263588    1.0000        1
   68        -0.4813793764        -6.5495515191    1.0000        1
   69        -0.4813764711        -6.5495119910    1.0000        1
   70        -0.4689317393        -6.3801914587    1.0000        1
   71        -0.4668063936        -6.3512744307    1.0000        1
   72        -0.4563617552        -6.2091667687    1.0000        1
   73        -0.4563513801        -6.2090256069    1.0000        1
   74        -0.3521372111        -4.7911084661    0.5012        1
   75        -0.3521078188        -4.7907085609    0.4988        1
   76        -0.2299549568        -3.1287211507    0.0000        1
   77        -0.2100530767        -2.8579401504    0.0000        1
   78        -0.1976507480        -2.6891965477    0.0000        1
   79        -0.1974086092        -2.6859020557    0.0000        1
   80        -0.1843364732        -2.5080451867    0.0000        1


 Max and min values of charge density [e/bohr^3]:   0.2044E+00   0.4615E-11     

 Hartree potential time [sec]:       2.34


   Eigenvalue Energy             =        -106.51531635 [Ry]
   Hartree Energy                =        2506.95015252 [Ry]
   Integral_{Vxc*rho}            =        -117.34255559 [Ry]
   Exc = Integral{eps_xc*rho}    =         -89.96791949 [Ry]
   Electron-Ion energy           =       -5130.35082816 [Ry]
   Ion-Ion Energy                =        2322.66240782 [Ry]
   (E(new)-E(old))/atom  =            -0.00000245 [eV]

   Total Energy =          -263.51145589 [Ry]
   Energy/atom  =           -56.02006510 [eV]


  0-  9    SRE of pot. & charge weighted pot =   0.0977668266    0.0009234556

 Number of converged eigen-pairs per representation:          85
 Number of matrix-vector multiplications:         1028
 Cumulated number of matrix-vector mult. =        17605

 Diagonalization time [sec] :       5.16,      tdiag_sum =       93.26

 Fermi level at    -0.3528 [Ry]

   State   Eigenvalue [Ry]      Eigenvalue [eV]    Occup.     Repr.

    1        -1.1788798345       -16.0396032518    1.0000        1
    2        -1.1228953605       -15.2778896958    1.0000        1
    3        -1.1228938470       -15.2778691041    1.0000        1
    4        -1.1175185524       -15.2047339205    1.0000        1
    5        -1.0635261193       -14.4701236741    1.0000        1
    6        -1.0635237409       -14.4700913138    1.0000        1
    7        -1.0570000111       -14.3813307513    1.0000        1
    8        -1.0284706400       -13.9931658332    1.0000        1
    9        -1.0284690273       -13.9931438919    1.0000        1
   10        -1.0187587390       -13.8610276507    1.0000        1
   11        -1.0113925476       -13.7608047236    1.0000        1
   12        -1.0022154367       -13.6359427884    1.0000        1
   13        -1.0022135989       -13.6359177837    1.0000        1
   14        -0.9501403498       -12.9274195712    1.0000        1
   15        -0.9501272905       -12.9272418894    1.0000        1
   16        -0.9501236895       -12.9271928948    1.0000        1
   17        -0.8749416641       -11.9042812931    1.0000        1
   18        -0.8749399450       -11.9042579038    1.0000        1
   19        -0.8727697752       -11.8747310070    1.0000        1
   20        -0.8638830936       -11.7538205947    1.0000        1
   21        -0.8638809849       -11.7537919041    1.0000        1
   22        -0.8615837262       -11.7225358625    1.0000        1
   23        -0.8473820514       -11.5293107147    1.0000        1
   24        -0.8473806573       -11.5292917466    1.0000        1
   25        -0.8348283274       -11.3585072576    1.0000        1
   26        -0.7796070085       -10.6071770367    1.0000        1
   27        -0.7796035203       -10.6071295763    1.0000        1
   28        -0.7482507499       -10.1805500530    1.0000        1
   29        -0.7371150564       -10.0290400340    1.0000        1
   30        -0.7143419199        -9.7191932934    1.0000        1
   31        -0.7070426787        -9.6198812777    1.0000        1
   32        -0.7070403941        -9.6198501947    1.0000        1
   33        -0.6776585997        -9.2200873764    1.0000        1
   34        -0.6742478688        -9.1736816538    1.0000        1
   35        -0.6742456541        -9.1736515201    1.0000        1
   36        -0.6687841875        -9.0993438980    1.0000        1
   37        -0.6687832543        -9.0993312008    1.0000        1
   38        -0.6644405908        -9.0402457908    1.0000        1
   39        -0.6405730261        -8.7155084781    1.0000        1
   40        -0.6405691002        -8.7154550632    1.0000        1
   41        -0.6308653949        -8.5834283906    1.0000        1
   42        -0.6253929326        -8.5089711620    1.0000        1
   43        -0.6253904791        -8.5089377804    1.0000        1
   44        -0.6185750614        -8.4162085701    1.0000        1
   45        -0.6126226412        -8.3352211322    1.0000        1
   46        -0.6118358287        -8.3245159178    1.0000        1
   47        -0.6118342736        -8.3244947603    1.0000        1
   48        -0.6046807182        -8.2271649150    1.0000        1
   49        -0.6046777575        -8.2271246333    1.0000        1
   50        -0.5971673225        -8.1249391560    1.0000        1
   51        -0.5838764986        -7.9441068644    1.0000        1
   52        -0.5838739239        -7.9440718342    1.0000        1
   53        -0.5767741622        -7.8474738965    1.0000        1
   54        -0.5619401850        -7.6456457689    1.0000        1
   55        -0.5619388585        -7.6456277211    1.0000        1
   56        -0.5539897039        -7.5374731127    1.0000        1
   57        -0.5423969799        -7.3797448287    1.0000        1
   58        -0.5358840445        -7.2911311324    1.0000        1
   59        -0.5358816284        -7.2910982603    1.0000        1
   60        -0.5289240019        -7.1964341851    1.0000        1
   61        -0.5289234553        -7.1964267475    1.0000        1
   62        -0.5129624776        -6.9792648780    1.0000        1
   63        -0.5129590921        -6.9792188155    1.0000        1
   64        -0.4986278544        -6.7842308611    1.0000        1
   65        -0.4922843985        -6.6979230698    1.0000        1
   66        -0.4922816112        -6.6978851453    1.0000        1
   67        -0.4920991007        -6.6954019439    1.0000        1
   68        -0.4819069620        -6.5567297434    1.0000        1
   69        -0.4819063435        -6.5567213289    1.0000        1
   70        -0.4693114966        -6.3853583606    1.0000        1
   71        -0.4670154977        -6.3541194588    1.0000        1
   72        -0.4568162404        -6.2153504042    1.0000        1
   73        -0.4568131109        -6.2153078249    1.0000        1
   74        -0.3527958691        -4.8000700362    0.5001        1
   75        -0.3527943856        -4.8000498520    0.4999        1
   76        -0.2307037906        -3.1389096335    0.0000        1
   77        -0.2104933224        -2.8639300454    0.0000        1
   78        -0.1981247773        -2.6956460950    0.0000        1
   79        -0.1979490483        -2.6932551615    0.0000        1
   80        -0.1848137180        -2.5145384845    0.0000        1


 Max and min values of charge density [e/bohr^3]:   0.2044E+00   0.4653E-11     

 Hartree potential time [sec]:       1.72


   Eigenvalue Energy             =        -106.59453557 [Ry]
   Hartree Energy                =        2507.06363496 [Ry]
   Integral_{Vxc*rho}            =        -117.34941414 [Ry]
   Exc = Integral{eps_xc*rho}    =         -89.97314088 [Ry]
   Electron-Ion energy           =       -5130.48421128 [Ry]
   Ion-Ion Energy                =        2322.66240782 [Ry]
   (E(new)-E(old))/atom  =            -0.00000342 [eV]

   Total Energy =          -263.51147197 [Ry]
   Energy/atom  =           -56.02006852 [eV]


  0- 10    SRE of pot. & charge weighted pot =   0.0655737883    0.0009540740

 Number of converged eigen-pairs per representation:          85
 Number of matrix-vector multiplications:          943
 Cumulated number of matrix-vector mult. =        18548

 Diagonalization time [sec] :       5.44,      tdiag_sum =       98.71

 Fermi level at    -0.3521 [Ry]

   State   Eigenvalue [Ry]      Eigenvalue [eV]    Occup.     Repr.

    1        -1.1782050800       -16.0304226778    1.0000        1
    2        -1.1223441977       -15.2703906848    1.0000        1
    3        -1.1223416935       -15.2703566133    1.0000        1
    4        -1.1169544606       -15.1970589996    1.0000        1
    5        -1.0629573227       -14.4623847407    1.0000        1
    6        -1.0629511599       -14.4623008912    1.0000        1
    7        -1.0564379731       -14.3736837744    1.0000        1
    8        -1.0279612024       -13.9862345275    1.0000        1
    9        -1.0279585973       -13.9861990825    1.0000        1
   10        -1.0180666841       -13.8516116912    1.0000        1
   11        -1.0109036555       -13.7541529556    1.0000        1
   12        -1.0017142473       -13.6291237053    1.0000        1
   13        -1.0017122911       -13.6290970909    1.0000        1
   14        -0.9496256156       -12.9204162013    1.0000        1
   15        -0.9495879372       -12.9199035560    1.0000        1
   16        -0.9495849201       -12.9198625066    1.0000        1
   17        -0.8744373892       -11.8974202294    1.0000        1
   18        -0.8744361712       -11.8974036577    1.0000        1
   19        -0.8722894736       -11.8681961203    1.0000        1
   20        -0.8633819635       -11.7470023188    1.0000        1
   21        -0.8633784131       -11.7469540126    1.0000        1
   22        -0.8609577135       -11.7140184582    1.0000        1
   23        -0.8468326376       -11.5218355008    1.0000        1
   24        -0.8468286064       -11.5217806531    1.0000        1
   25        -0.8343030080       -11.3513598658    1.0000        1
   26        -0.7790342865       -10.5993846947    1.0000        1
   27        -0.7790266534       -10.5992808409    1.0000        1
   28        -0.7476894111       -10.1729125901    1.0000        1
   29        -0.7365907677       -10.0219066670    1.0000        1
   30        -0.7138284189        -9.7122067018    1.0000        1
   31        -0.7065579678        -9.6132863978    1.0000        1
   32        -0.7065545380        -9.6132397332    1.0000        1
   33        -0.6771537444        -9.2132184161    1.0000        1
   34        -0.6737592436        -9.1670335167    1.0000        1
   35        -0.6737495748        -9.1669019642    1.0000        1
   36        -0.6682928458        -9.0926588018    1.0000        1
   37        -0.6682889798        -9.0926062017    1.0000        1
   38        -0.6639188431        -9.0331469948    1.0000        1
   39        -0.6400200994        -8.7079854689    1.0000        1
   40        -0.6400186157        -8.7079652810    1.0000        1
   41        -0.6303771501        -8.5767854291    1.0000        1
   42        -0.6249090421        -8.5023874450    1.0000        1
   43        -0.6249048216        -8.5023300217    1.0000        1
   44        -0.6180359402        -8.4088733948    1.0000        1
   45        -0.6121198831        -8.3283807057    1.0000        1
   46        -0.6113294194        -8.3176258143    1.0000        1
   47        -0.6113260289        -8.3175796842    1.0000        1
   48        -0.6041983517        -8.2206019329    1.0000        1
   49        -0.6041868595        -8.2204455736    1.0000        1
   50        -0.5967149520        -8.1187842938    1.0000        1
   51        -0.5833371115        -7.9367680723    1.0000        1
   52        -0.5833358728        -7.9367512176    1.0000        1
   53        -0.5760914793        -7.8381854496    1.0000        1
   54        -0.5613294732        -7.6373365468    1.0000        1
   55        -0.5613266653        -7.6372983423    1.0000        1
   56        -0.5533958839        -7.5293937167    1.0000        1
   57        -0.5418361292        -7.3721140068    1.0000        1
   58        -0.5352883139        -7.2830257409    1.0000        1
   59        -0.5352817600        -7.2829365701    1.0000        1
   60        -0.5284067896        -7.1893970976    1.0000        1
   61        -0.5284065612        -7.1893939908    1.0000        1
   62        -0.5124160005        -6.9718296193    1.0000        1
   63        -0.5124155144        -6.9718230054    1.0000        1
   64        -0.4981216635        -6.7773437292    1.0000        1
   65        -0.4917709437        -6.6909371054    1.0000        1
   66        -0.4917696100        -6.6909189598    1.0000        1
   67        -0.4915038682        -6.6873033304    1.0000        1
   68        -0.4812895378        -6.5483291929    1.0000        1
   69        -0.4812864470        -6.5482871400    1.0000        1
   70        -0.4687580516        -6.3778282983    1.0000        1
   71        -0.4665268944        -6.3474716197    1.0000        1
   72        -0.4562290541        -6.2073612648    1.0000        1
   73        -0.4562257237        -6.2073159519    1.0000        1
   74        -0.3521086523        -4.7907199012    0.5005        1
   75        -0.3520961943        -4.7905504002    0.4995        1
   76        -0.2300644742        -3.1302112235    0.0000        1
   77        -0.2100514834        -2.8579184726    0.0000        1
   78        -0.1975888143        -2.6883538896    0.0000        1
   79        -0.1974555285        -2.6865404293    0.0000        1
   80        -0.1843374711        -2.5080587649    0.0000        1


 Max and min values of charge density [e/bohr^3]:   0.2044E+00   0.4666E-11     

 Hartree potential time [sec]:       1.07


   Eigenvalue Energy             =        -106.51438126 [Ry]
   Hartree Energy                =        2507.00520604 [Ry]
   Integral_{Vxc*rho}            =        -117.34499223 [Ry]
   Exc = Integral{eps_xc*rho}    =         -89.96977409 [Ry]
   Electron-Ion energy           =       -5130.41770138 [Ry]
   Ion-Ion Energy                =        2322.66240782 [Ry]
   (E(new)-E(old))/atom  =            -0.00000102 [eV]

   Total Energy =          -263.51147676 [Ry]
   Energy/atom  =           -56.02006954 [eV]


  0- 11    SRE of pot. & charge weighted pot =   0.0318089675    0.0003061415

 Number of converged eigen-pairs per representation:          85
 Number of matrix-vector multiplications:          943
 Cumulated number of matrix-vector mult. =        19491

 Diagonalization time [sec] :       4.74,      tdiag_sum =      103.45

 Fermi level at    -0.3521 [Ry]

   State   Eigenvalue [Ry]      Eigenvalue [eV]    Occup.     Repr.

    1        -1.1782486788       -16.0310158740    1.0000        1
    2        -1.1224694832       -15.2720952940    1.0000        1
    3        -1.1224681640       -15.2720773460    1.0000        1
    4        -1.1170527793       -15.1983967047    1.0000        1
    5        -1.0630655727       -14.4638575685    1.0000        1
    6        -1.0630647510       -14.4638463888    1.0000        1
    7        -1.0565048994       -14.3745943602    1.0000        1
    8        -1.0280920945       -13.9880154194    1.0000        1
    9        -1.0280910772       -13.9880015786    1.0000        1
   10        -1.0181021082       -13.8520936635    1.0000        1
   11        -1.0110753712       -13.7564892848    1.0000        1
   12        -1.0018414514       -13.6308544194    1.0000        1
   13        -1.0018398832       -13.6308330833    1.0000        1
   14        -0.9497106840       -12.9215736245    1.0000        1
   15        -0.9497081335       -12.9215389231    1.0000        1
   16        -0.9497071191       -12.9215251217    1.0000        1
   17        -0.8745764317       -11.8993120141    1.0000        1
   18        -0.8745760361       -11.8993066318    1.0000        1
   19        -0.8724573677       -11.8704804533    1.0000        1
   20        -0.8634923997       -11.7485048922    1.0000        1
   21        -0.8634905534       -11.7484797709    1.0000        1
   22        -0.8609602302       -11.7140527006    1.0000        1
   23        -0.8469334174       -11.5232066910    1.0000        1
   24        -0.8469326103       -11.5231957089    1.0000        1
   25        -0.8344323271       -11.3531193555    1.0000        1
   26        -0.7791359021       -10.6007672566    1.0000        1
   27        -0.7791351325       -10.6007567858    1.0000        1
   28        -0.7477737171       -10.1740596406    1.0000        1
   29        -0.7367250690       -10.0237339444    1.0000        1
   30        -0.7139497274        -9.7138572010    1.0000        1
   31        -0.7067007693        -9.6152293269    1.0000        1
   32        -0.7066995934        -9.6152133281    1.0000        1
   33        -0.6773098328        -9.2153421233    1.0000        1
   34        -0.6739001753        -9.1689510044    1.0000        1
   35        -0.6738980067        -9.1689214991    1.0000        1
   36        -0.6684616918        -9.0949560868    1.0000        1
   37        -0.6684607783        -9.0949436579    1.0000        1
   38        -0.6640580008        -9.0350403476    1.0000        1
   39        -0.6401417812        -8.7096410461    1.0000        1
   40        -0.6401409257        -8.7096294072    1.0000        1
   41        -0.6305052185        -8.5785279017    1.0000        1
   42        -0.6250819368        -8.5047398157    1.0000        1
   43        -0.6250804707        -8.5047198681    1.0000        1
   44        -0.6182030295        -8.4111467787    1.0000        1
   45        -0.6122537320        -8.3302018273    1.0000        1
   46        -0.6114821896        -8.3197043758    1.0000        1
   47        -0.6114818649        -8.3196999577    1.0000        1
   48        -0.6043615627        -8.2228225499    1.0000        1
   49        -0.6043587786        -8.2227846701    1.0000        1
   50        -0.5969276248        -8.1216778776    1.0000        1
   51        -0.5834423930        -7.9382005107    1.0000        1
   52        -0.5834401352        -7.9381697911    1.0000        1
   53        -0.5761132753        -7.8384820013    1.0000        1
   54        -0.5614224987        -7.6386022323    1.0000        1
   55        -0.5614219350        -7.6385945635    1.0000        1
   56        -0.5534523924        -7.5301625611    1.0000        1
   57        -0.5419338419        -7.3734434661    1.0000        1
   58        -0.5353511734        -7.2838809951    1.0000        1
   59        -0.5353508120        -7.2838760784    1.0000        1
   60        -0.5285225803        -7.1909725230    1.0000        1
   61        -0.5285222256        -7.1909676967    1.0000        1
   62        -0.5125044027        -6.9730324027    1.0000        1
   63        -0.5125040534        -6.9730276491    1.0000        1
   64        -0.4982572599        -6.7791886266    1.0000        1
   65        -0.4918907013        -6.6925665036    1.0000        1
   66        -0.4918896320        -6.6925519556    1.0000        1
   67        -0.4915960430        -6.6885574422    1.0000        1
   68        -0.4813779800        -6.5495325203    1.0000        1
   69        -0.4813776284        -6.5495277361    1.0000        1
   70        -0.4688467932        -6.3790356989    1.0000        1
   71        -0.4666411674        -6.3490263956    1.0000        1
   72        -0.4562985933        -6.2083074002    1.0000        1
   73        -0.4562975347        -6.2082929979    1.0000        1
   74        -0.3521087511        -4.7907212455    0.5001        1
   75        -0.3521070819        -4.7906985350    0.4999        1
   76        -0.2300738093        -3.1303382344    0.0000        1
   77        -0.2101886672        -2.8597849688    0.0000        1
   78        -0.1976655460        -2.6893978858    0.0000        1
   79        -0.1975642030        -2.6880190331    0.0000        1
   80        -0.1844645321        -2.5097875307    0.0000        1


 Max and min values of charge density [e/bohr^3]:   0.2044E+00   0.4670E-11     

 Hartree potential time [sec]:       1.42


   Eigenvalue Energy             =        -106.53136821 [Ry]
   Hartree Energy                =        2506.98833520 [Ry]
   Integral_{Vxc*rho}            =        -117.34651449 [Ry]
   Exc = Integral{eps_xc*rho}    =         -89.97093022 [Ry]
   Electron-Ion energy           =       -5130.40532598 [Ry]
   Ion-Ion Energy                =        2322.66240782 [Ry]
   (E(new)-E(old))/atom  =            -0.00000010 [eV]

   Total Energy =          -263.51147724 [Ry]
   Energy/atom  =           -56.02006964 [eV]


  0- 12    SRE of pot. & charge weighted pot =   0.0278744306    0.0003550527

 Number of converged eigen-pairs per representation:          85
 Number of matrix-vector multiplications:          943
 Cumulated number of matrix-vector mult. =        20434

 Diagonalization time [sec] :       4.85,      tdiag_sum =      108.30

 Fermi level at    -0.3523 [Ry]

   State   Eigenvalue [Ry]      Eigenvalue [eV]    Occup.     Repr.

    1        -1.1784432402       -16.0336630381    1.0000        1
    2        -1.1226140611       -15.2740623930    1.0000        1
    3        -1.1226130745       -15.2740489691    1.0000        1
    4        -1.1172046275       -15.2004627213    1.0000        1
    5        -1.0632186843       -14.4659407755    1.0000        1
    6        -1.0632172780       -14.4659216404    1.0000        1
    7        -1.0566564392       -14.3766561801    1.0000        1
    8        -1.0282195888       -13.9897500813    1.0000        1
    9        -1.0282192691       -13.9897457319    1.0000        1
   10        -1.0183017402       -13.8548098162    1.0000        1
   11        -1.0111938102       -13.7581007428    1.0000        1
   12        -1.0019648367       -13.6325331757    1.0000        1
   13        -1.0019642211       -13.6325247996    1.0000        1
   14        -0.9498471439       -12.9234302709    1.0000        1
   15        -0.9498460947       -12.9234159948    1.0000        1
   16        -0.9498429965       -12.9233738414    1.0000        1
   17        -0.8747039523       -11.9010470338    1.0000        1
   18        -0.8747028718       -11.9010323337    1.0000        1
   19        -0.8725730089       -11.8720538449    1.0000        1
   20        -0.8636194208       -11.7502331161    1.0000        1
   21        -0.8636187939       -11.7502245856    1.0000        1
   22        -0.8611417046       -11.7165218043    1.0000        1
   23        -0.8470787448       -11.5251839862    1.0000        1
   24        -0.8470785030       -11.5251806965    1.0000        1
   25        -0.8345692463       -11.3549822518    1.0000        1
   26        -0.7792908665       -10.6028756721    1.0000        1
   27        -0.7792903617       -10.6028688034    1.0000        1
   28        -0.7479230039       -10.1760908070    1.0000        1
   29        -0.7368598763       -10.0255681055    1.0000        1
   30        -0.7140811363        -9.7156451239    1.0000        1
   31        -0.7068199171        -9.6168504285    1.0000        1
   32        -0.7068190472        -9.6168385921    1.0000        1
   33        -0.6774343522        -9.2170363097    1.0000        1
   34        -0.6740182731        -9.1705578201    1.0000        1
   35        -0.6740169704        -9.1705400957    1.0000        1
   36        -0.6685801758        -9.0965681565    1.0000        1
   37        -0.6685801458        -9.0965677481    1.0000        1
   38        -0.6641907667        -9.0368467333    1.0000        1
   39        -0.6402830629        -8.7115632966    1.0000        1
   40        -0.6402818511        -8.7115468091    1.0000        1
   41        -0.6306218610        -8.5801149170    1.0000        1
   42        -0.6251934650        -8.5062572455    1.0000        1
   43        -0.6251930802        -8.5062520108    1.0000        1
   44        -0.6183393441        -8.4130014478    1.0000        1
   45        -0.6123733378        -8.3318291598    1.0000        1
   46        -0.6116034193        -8.3213538018    1.0000        1
   47        -0.6116032389        -8.3213513475    1.0000        1
   48        -0.6044729537        -8.2243381131    1.0000        1
   49        -0.6044711183        -8.2243131407    1.0000        1
   50        -0.5970228723        -8.1229737956    1.0000        1
   51        -0.5835778446        -7.9400434386    1.0000        1
   52        -0.5835768417        -7.9400297925    1.0000        1
   53        -0.5763037726        -7.8410738698    1.0000        1
   54        -0.5615855504        -7.6408206821    1.0000        1
   55        -0.5615847252        -7.6408094541    1.0000        1
   56        -0.5536104473        -7.5323130236    1.0000        1
   57        -0.5420749447        -7.3753632831    1.0000        1
   58        -0.5355081463        -7.2860167365    1.0000        1
   59        -0.5355068576        -7.2859992033    1.0000        1
   60        -0.5286477028        -7.1926749153    1.0000        1
   61        -0.5286472450        -7.1926686854    1.0000        1
   62        -0.5126411392        -6.9748928121    1.0000        1
   63        -0.5126403734        -6.9748823925    1.0000        1
   64        -0.4983725919        -6.7807578112    1.0000        1
   65        -0.4920112901        -6.6942072111    1.0000        1
   66        -0.4920102516        -6.6941930809    1.0000        1
   67        -0.4917526799        -6.6906886126    1.0000        1
   68        -0.4815423517        -6.5517689290    1.0000        1
   69        -0.4815420065        -6.5517642323    1.0000        1
   70        -0.4689848986        -6.3809147340    1.0000        1
   71        -0.4667500132        -6.3505073290    1.0000        1
   72        -0.4564514865        -6.2103876355    1.0000        1
   73        -0.4564503016        -6.2103715137    1.0000        1
   74        -0.3523099904        -4.7934592670    0.5000        1
   75        -0.3523098523        -4.7934573887    0.5000        1
   76        -0.2302706027        -3.1330157668    0.0000        1
   77        -0.2103222773        -2.8616028399    0.0000        1
   78        -0.1978164929        -2.6914516386    0.0000        1
   79        -0.1977397474        -2.6904074558    0.0000        1
   80        -0.1846309217        -2.5120513940    0.0000        1


 Max and min values of charge density [e/bohr^3]:   0.2044E+00   0.4677E-11     

 Hartree potential time [sec]:       0.98


   Eigenvalue Energy             =        -106.55180247 [Ry]
   Hartree Energy                =        2507.01045010 [Ry]
   Integral_{Vxc*rho}            =        -117.34715654 [Ry]
   Exc = Integral{eps_xc*rho}    =         -89.97142009 [Ry]
   Electron-Ion energy           =       -5130.42853230 [Ry]
   Ion-Ion Energy                =        2322.66240782 [Ry]
   (E(new)-E(old))/atom  =            -0.00000019 [eV]

   Total Energy =          -263.51147812 [Ry]
   Energy/atom  =           -56.02006983 [eV]


  0- 13    SRE of pot. & charge weighted pot =   0.0093900375    0.0001441566

 Number of converged eigen-pairs per representation:          85
 Number of matrix-vector multiplications:          943
 Cumulated number of matrix-vector mult. =        21377

 Diagonalization time [sec] :       4.33,      tdiag_sum =      112.63

 Fermi level at    -0.3523 [Ry]

   State   Eigenvalue [Ry]      Eigenvalue [eV]    Occup.     Repr.

    1        -1.1784114601       -16.0332306432    1.0000        1
    2        -1.1225660934       -15.2734097530    1.0000        1
    3        -1.1225648280       -15.2733925375    1.0000        1
    4        -1.1171590110       -15.1998420715    1.0000        1
    5        -1.0631687374       -14.4652612071    1.0000        1
    6        -1.0631677407       -14.4652476461    1.0000        1
    7        -1.0566060137       -14.3759701012    1.0000        1
    8        -1.0281613954       -13.9889583134    1.0000        1
    9        -1.0281610843       -13.9889540806    1.0000        1
   10        -1.0182591765       -13.8542307038    1.0000        1
   11        -1.0111318661       -13.7572579433    1.0000        1
   12        -1.0019026576       -13.6316871788    1.0000        1
   13        -1.0019016962       -13.6316740977    1.0000        1
   14        -0.9497841166       -12.9225727343    1.0000        1
   15        -0.9497836560       -12.9225664664    1.0000        1
   16        -0.9497717886       -12.9224050016    1.0000        1
   17        -0.8746369690       -11.9001356723    1.0000        1
   18        -0.8746365984       -11.9001306305    1.0000        1
   19        -0.8725039717       -11.8711145375    1.0000        1
   20        -0.8635501172       -11.7492901850    1.0000        1
   21        -0.8635489365       -11.7492741198    1.0000        1
   22        -0.8610827312       -11.7157194236    1.0000        1
   23        -0.8470205395       -11.5243920569    1.0000        1
   24        -0.8470193635       -11.5243760565    1.0000        1
   25        -0.8345024737       -11.3540737561    1.0000        1
   26        -0.7792334333       -10.6020942467    1.0000        1
   27        -0.7792322199       -10.6020777374    1.0000        1
   28        -0.7478635639       -10.1752820772    1.0000        1
   29        -0.7368028530       -10.0247922571    1.0000        1
   30        -0.7140184401        -9.7147920926    1.0000        1
   31        -0.7067532173        -9.6159429233    1.0000        1
   32        -0.7067521919        -9.6159289725    1.0000        1
   33        -0.6773699206        -9.2161596659    1.0000        1
   34        -0.6739494805        -9.1696218424    1.0000        1
   35        -0.6739487149        -9.1696114252    1.0000        1
   36        -0.6685141663        -9.0956700443    1.0000        1
   37        -0.6685134695        -9.0956605633    1.0000        1
   38        -0.6641329506        -9.0360600992    1.0000        1
   39        -0.6402266935        -8.7107963467    1.0000        1
   40        -0.6402263397        -8.7107915333    1.0000        1
   41        -0.6305452596        -8.5790726930    1.0000        1
   42        -0.6251206035        -8.5052659069    1.0000        1
   43        -0.6251203929        -8.5052630423    1.0000        1
   44        -0.6182836746        -8.4122440202    1.0000        1
   45        -0.6123057585        -8.3309096885    1.0000        1
   46        -0.6115406696        -8.3205000418    1.0000        1
   47        -0.6115401605        -8.3204931158    1.0000        1
   48        -0.6043969516        -8.2233040440    1.0000        1
   49        -0.6043957322        -8.2232874527    1.0000        1
   50        -0.5969398518        -8.1218442352    1.0000        1
   51        -0.5835169251        -7.9392145797    1.0000        1
   52        -0.5835155402        -7.9391957365    1.0000        1
   53        -0.5762613567        -7.8404967669    1.0000        1
   54        -0.5615390880        -7.6401885238    1.0000        1
   55        -0.5615383915        -7.6401790464    1.0000        1
   56        -0.5535575391        -7.5315931656    1.0000        1
   57        -0.5420284293        -7.3747304035    1.0000        1
   58        -0.5354663593        -7.2854481917    1.0000        1
   59        -0.5354654127        -7.2854353117    1.0000        1
   60        -0.5285885855        -7.1918705768    1.0000        1
   61        -0.5285884795        -7.1918691340    1.0000        1
   62        -0.5125914732        -6.9742170655    1.0000        1
   63        -0.5125909449        -6.9742098786    1.0000        1
   64        -0.4983144651        -6.7799669490    1.0000        1
   65        -0.4919460704        -6.6933198452    1.0000        1
   66        -0.4919453663        -6.6933102644    1.0000        1
   67        -0.4917063104        -6.6900577183    1.0000        1
   68        -0.4814953049        -6.5511288191    1.0000        1
   69        -0.4814952293        -6.5511277905    1.0000        1
   70        -0.4689362279        -6.3802525300    1.0000        1
   71        -0.4666981310        -6.3498014313    1.0000        1
   72        -0.4564052789        -6.2097589431    1.0000        1
   73        -0.4564043770        -6.2097466732    1.0000        1
   74        -0.3522864116        -4.7931384593    0.5001        1
   75        -0.3522839465        -4.7931049197    0.4999        1
   76        -0.2302487709        -3.1327187275    0.0000        1
   77        -0.2102959157        -2.8612441701    0.0000        1
   78        -0.1977877329        -2.6910603358    0.0000        1
   79        -0.1977293491        -2.6902659774    0.0000        1
   80        -0.1846214292        -2.5119222417    0.0000        1


 Max and min values of charge density [e/bohr^3]:   0.2044E+00   0.4683E-11     

 Hartree potential time [sec]:       0.84


   Eigenvalue Energy             =        -106.54322039 [Ry]
   Hartree Energy                =        2507.02008938 [Ry]
   Integral_{Vxc*rho}            =        -117.34636837 [Ry]
   Exc = Integral{eps_xc*rho}    =         -89.97082022 [Ry]
   Electron-Ion energy           =       -5130.43705113 [Ry]
   Ion-Ion Energy                =        2322.66240782 [Ry]
   (E(new)-E(old))/atom  =            -0.00000006 [eV]

   Total Energy =          -263.51147839 [Ry]
   Energy/atom  =           -56.02006989 [eV]


  0- 14    SRE of pot. & charge weighted pot =   0.0076262803    0.0001226549

 Number of converged eigen-pairs per representation:          85
 Number of matrix-vector multiplications:          943
 Cumulated number of matrix-vector mult. =        22320

 Diagonalization time [sec] :       4.57,      tdiag_sum =      117.20

 Fermi level at    -0.3522 [Ry]

   State   Eigenvalue [Ry]      Eigenvalue [eV]    Occup.     Repr.

    1        -1.1783436591       -16.0323081570    1.0000        1
    2        -1.1225150616       -15.2727154253    1.0000        1
    3        -1.1225141381       -15.2727028607    1.0000        1
    4        -1.1171045499       -15.1991010846    1.0000        1
    5        -1.0631130296       -14.4645032586    1.0000        1
    6        -1.0631124396       -14.4644952307    1.0000        1
    7        -1.0565465738       -14.3751613740    1.0000        1
    8        -1.0281134557       -13.9883060562    1.0000        1
    9        -1.0281131969       -13.9883025337    1.0000        1
   10        -1.0181857067       -13.8532310878    1.0000        1
   11        -1.0110879016       -13.7566597716    1.0000        1
   12        -1.0018536954       -13.6310210084    1.0000        1
   13        -1.0018530849       -13.6310127031    1.0000        1
   14        -0.9497299690       -12.9218360125    1.0000        1
   15        -0.9497296577       -12.9218317767    1.0000        1
   16        -0.9497121307       -12.9215933073    1.0000        1
   17        -0.8745862495       -11.8994455940    1.0000        1
   18        -0.8745860553       -11.8994429512    1.0000        1
   19        -0.8724586993       -11.8704985716    1.0000        1
   20        -0.8634942701       -11.7485303403    1.0000        1
   21        -0.8634938260       -11.7485242977    1.0000        1
   22        -0.8610034691       -11.7146409996    1.0000        1
   23        -0.8469631026       -11.5236105820    1.0000        1
   24        -0.8469624497       -11.5236016988    1.0000        1
   25        -0.8344473551       -11.3533238238    1.0000        1
   26        -0.7791747781       -10.6012961964    1.0000        1
   27        -0.7791734034       -10.6012774917    1.0000        1
   28        -0.7478045629       -10.1744793217    1.0000        1
   29        -0.7367536875       -10.0241233213    1.0000        1
   30        -0.7139673299        -9.7140966971    1.0000        1
   31        -0.7067054944        -9.6152936157    1.0000        1
   32        -0.7067051671        -9.6152891630    1.0000        1
   33        -0.6773236067        -9.2155295280    1.0000        1
   34        -0.6739034657        -9.1689957730    1.0000        1
   35        -0.6739031824        -9.1689919189    1.0000        1
   36        -0.6684703511        -9.0950739031    1.0000        1
   37        -0.6684699947        -9.0950690540    1.0000        1
   38        -0.6640859928        -9.0354212013    1.0000        1
   39        -0.6401758658        -8.7101047955    1.0000        1
   40        -0.6401753448        -8.7100977063    1.0000        1
   41        -0.6304944388        -8.5783812352    1.0000        1
   42        -0.6250777651        -8.5046830564    1.0000        1
   43        -0.6250773523        -8.5046774401    1.0000        1
   44        -0.6182376077        -8.4116172430    1.0000        1
   45        -0.6122598056        -8.3302844636    1.0000        1
   46        -0.6114968111        -8.3199033122    1.0000        1
   47        -0.6114964273        -8.3198980907    1.0000        1
   48        -0.6043531688        -8.2227083438    1.0000        1
   49        -0.6043527295        -8.2227023674    1.0000        1
   50        -0.5969022057        -8.1213320297    1.0000        1
   51        -0.5834630771        -7.9384819341    1.0000        1
   52        -0.5834626323        -7.9384758821    1.0000        1
   53        -0.5761911874        -7.8395420581    1.0000        1
   54        -0.5614830101        -7.6394255382    1.0000        1
   55        -0.5614827492        -7.6394219889    1.0000        1
   56        -0.5534962420        -7.5307591696    1.0000        1
   57        -0.5419803878        -7.3740767605    1.0000        1
   58        -0.5354123289        -7.2847130645    1.0000        1
   59        -0.5354119246        -7.2847075634    1.0000        1
   60        -0.5285414448        -7.1912291893    1.0000        1
   61        -0.5285413253        -7.1912275642    1.0000        1
   62        -0.5125416391        -6.9735390326    1.0000        1
   63        -0.5125412650        -6.9735339431    1.0000        1
   64        -0.4982744577        -6.7794226170    1.0000        1
   65        -0.4918982799        -6.6926696167    1.0000        1
   66        -0.4918981459        -6.6926677936    1.0000        1
   67        -0.4916518027        -6.6893160975    1.0000        1
   68        -0.4814381944        -6.5503517856    1.0000        1
   69        -0.4814378978        -6.5503477496    1.0000        1
   70        -0.4688869564        -6.3795821511    1.0000        1
   71        -0.4666603012        -6.3492867262    1.0000        1
   72        -0.4563501630        -6.2090090481    1.0000        1
   73        -0.4563495075        -6.2090001296    1.0000        1
   74        -0.3522164488        -4.7921865587    0.5001        1
   75        -0.3522148929        -4.7921653900    0.4999        1
   76        -0.2301826494        -3.1318190913    0.0000        1
   77        -0.2102635587        -2.8608039275    0.0000        1
   78        -0.1977403369        -2.6904154753    0.0000        1
   79        -0.1976957364        -2.6898086508    0.0000        1
   80        -0.1845964203        -2.5115819760    0.0000        1


 Max and min values of charge density [e/bohr^3]:   0.2044E+00   0.4691E-11     

 Hartree potential time [sec]:       1.09


   Eigenvalue Energy             =        -106.53554971 [Ry]
   Hartree Energy                =        2507.01339885 [Ry]
   Integral_{Vxc*rho}            =        -117.34573842 [Ry]
   Exc = Integral{eps_xc*rho}    =         -89.97034027 [Ry]
   Electron-Ion energy           =       -5130.42923429 [Ry]
   Ion-Ion Energy                =        2322.66240782 [Ry]
   (E(new)-E(old))/atom  =            -0.00000004 [eV]

   Total Energy =          -263.51147856 [Ry]
   Energy/atom  =           -56.02006992 [eV]


  0- 15    SRE of pot. & charge weighted pot =   0.0028955982    0.0000354094


Time for self-consistent field [sec] :     136.77,    tdiag_sum =      117.20

 Tot. charge (user input) [e] =   0.00000000
 Tot. charge (computed) [e] =   0.00000000
 Dipole components [Debye]:
 x-component =   0.24552206
 y-component =   0.24522966
 z-component =   0.24552869
 Format is: atom #, followed by x,y,z components of
 ion, self-consistency, and core-correction forces
at   1   -0.909304   -0.909300   -0.909304    -0.000006   -0.000010   -0.000006
          0.000000    0.000000    0.000000
at   2   -4.512487   -4.512480   -0.842735     0.000010    0.000006    0.000020
          0.000000    0.000000    0.000000
at   3   -4.512492   -0.842742   -4.512492     0.000005    0.000025    0.000005
          0.000000    0.000000    0.000000
at   4   -0.842737   -4.512484   -4.512488     0.000021    0.000007    0.000010
          0.000000    0.000000    0.000000
at   5   -4.940976    1.002377    5.071286    -0.000003   -0.000013   -0.000029
          0.000000    0.000000    0.000000
at   6    1.002365   -4.940978    5.071289    -0.000001   -0.000002   -0.000032
          0.000000    0.000000    0.000000
at   7   -1.917717   -1.917704    6.956758    -0.000010   -0.000019   -0.000010
          0.000000    0.000000    0.000000
at   8   -7.214460   -2.177299    1.743589     0.000033   -0.000007    0.000022
          0.000000    0.000000    0.000000
at   9   -2.177305   -7.214462    1.743592    -0.000001    0.000033    0.000022
          0.000000    0.000000    0.000000
at  10   -4.940974    5.071287    1.002382    -0.000006   -0.000029   -0.000017
          0.000000    0.000000    0.000000
at  11    1.002386    5.071286   -4.940973    -0.000021   -0.000028   -0.000007
          0.000000    0.000000    0.000000
at  12   -1.917706    6.956760   -1.917705    -0.000020   -0.000011   -0.000019
          0.000000    0.000000    0.000000
at  13   -7.214468    1.743594   -2.177287     0.000038    0.000019   -0.000017
          0.000000    0.000000    0.000000
at  14   -2.177287    1.743596   -7.214467    -0.000018    0.000018    0.000036
          0.000000    0.000000    0.000000
at  15   -0.887482    4.677381    4.677379     0.000015    0.000000    0.000002
          0.000000    0.000000    0.000000
at  16   -2.427663    2.393001    2.393001    -0.000026    0.000003    0.000004
          0.000000    0.000000    0.000000
at  17    5.071290   -4.940982    1.002362    -0.000034    0.000001   -0.000000
          0.000000    0.000000    0.000000
at  18    5.071284    1.002382   -4.940976    -0.000027   -0.000016   -0.000002
          0.000000    0.000000    0.000000
at  19    6.956759   -1.917705   -1.917711    -0.000010   -0.000020   -0.000010
          0.000000    0.000000    0.000000
at  20    1.743592   -7.214460   -2.177301     0.000021    0.000034   -0.000003
          0.000000    0.000000    0.000000
at  21    1.743593   -2.177299   -7.214462     0.000019   -0.000009    0.000033
          0.000000    0.000000    0.000000
at  22    4.677384   -0.887468    4.677383    -0.000001    0.000003   -0.000002
          0.000000    0.000000    0.000000
at  23    2.393004   -2.427665    2.393009     0.000008   -0.000031    0.000004
          0.000000    0.000000    0.000000
at  24    4.677378    4.677382   -0.887481     0.000002   -0.000001    0.000017
          0.000000    0.000000    0.000000
at  25    2.393002    2.393000   -2.427664     0.000001    0.000002   -0.000024
          0.000000    0.000000    0.000000
at  26    1.919564    1.919570    7.018123     0.000026    0.000020   -0.000026
          0.000000    0.000000    0.000000
at  27    1.919569    7.018120    1.919564     0.000022   -0.000024    0.000026
          0.000000    0.000000    0.000000
at  28    7.018117    1.919570    1.919561    -0.000023    0.000019    0.000029
          0.000000    0.000000    0.000000
at  29   -1.716955   -1.716956   -1.428584     0.000018    0.000019   -0.000010
          0.000000    0.000000    0.000000
at  30   -1.716955   -1.428591   -1.716955     0.000019   -0.000004    0.000019
          0.000000    0.000000    0.000000
at  31   -1.428586   -1.716957   -1.716955    -0.000009    0.000020    0.000018
          0.000000    0.000000    0.000000
at  32   -1.858666    1.111722    1.851782     0.000010   -0.000011   -0.000016
          0.000000    0.000000    0.000000
at  33    1.111722   -1.858667    1.851784    -0.000011    0.000012   -0.000017
          0.000000    0.000000    0.000000
at  34    0.162001    0.162006    2.601389    -0.000002   -0.000004   -0.000004
          0.000000    0.000000    0.000000
at  35   -1.367341   -1.367339    1.983096     0.000012    0.000010   -0.000010
          0.000000    0.000000    0.000000
at  36   -2.639954    0.078549   -0.162457     0.000007    0.000001    0.000004
          0.000000    0.000000    0.000000
at  37   -1.951320   -1.575463    1.161948     0.000017    0.000010   -0.000008
          0.000000    0.000000    0.000000
at  38    0.078549   -2.639957   -0.162458     0.000002    0.000008    0.000005
          0.000000    0.000000    0.000000
at  39   -1.575464   -1.951320    1.161949     0.000012    0.000017   -0.000008
          0.000000    0.000000    0.000000
at  40   -1.858666    1.851782    1.111722     0.000011   -0.000016   -0.000012
          0.000000    0.000000    0.000000
at  41    1.111722    1.851782   -1.858666    -0.000012   -0.000015    0.000010
          0.000000    0.000000    0.000000
at  42    0.162003    2.601391    0.162004    -0.000003   -0.000005   -0.000003
          0.000000    0.000000    0.000000
at  43   -1.367340    1.983097   -1.367340     0.000011   -0.000011    0.000011
          0.000000    0.000000    0.000000
at  44   -2.639956   -0.162459    0.078551     0.000008    0.000005   -0.000001
          0.000000    0.000000    0.000000
at  45   -1.951320    1.161949   -1.575463     0.000018   -0.000010    0.000010
          0.000000    0.000000    0.000000
at  46    0.078552   -0.162459   -2.639957    -0.000001    0.000005    0.000008
          0.000000    0.000000    0.000000
at  47   -1.575463    1.161950   -1.951321     0.000010   -0.000010    0.000018
          0.000000    0.000000    0.000000
at  48   -1.171188    1.838441    1.838440     0.000013   -0.000014   -0.000013
          0.000000    0.000000    0.000000
at  49    1.851784   -1.858668    1.111722    -0.000018    0.000012   -0.000011
          0.000000    0.000000    0.000000
at  50    1.851781    1.111721   -1.858667    -0.000015   -0.000011    0.000011
          0.000000    0.000000    0.000000
at  51    2.601390    0.162002    0.162004    -0.000004   -0.000003   -0.000002
          0.000000    0.000000    0.000000
at  52    1.983096   -1.367339   -1.367342    -0.000010    0.000010    0.000012
          0.000000    0.000000    0.000000
at  53   -0.162459   -2.639956    0.078551     0.000005    0.000008    0.000001
          0.000000    0.000000    0.000000
at  54    1.161948   -1.951320   -1.575464    -0.000009    0.000017    0.000012
          0.000000    0.000000    0.000000
at  55   -0.162457    0.078550   -2.639955     0.000004    0.000001    0.000007
          0.000000    0.000000    0.000000
at  56    1.161949   -1.575462   -1.951319    -0.000009    0.000010    0.000017
          0.000000    0.000000    0.000000
at  57    1.838442   -1.171189    1.838441    -0.000016    0.000013   -0.000016
          0.000000    0.000000    0.000000
at  58    1.838440    1.838441   -1.171185    -0.000014   -0.000014    0.000012
          0.000000    0.000000    0.000000
at  59   -0.102956   -0.102954    2.620662     0.000003    0.000001   -0.000007
          0.000000    0.000000    0.000000
at  60    1.393341    1.393342    1.931936    -0.000009   -0.000010   -0.000019
          0.000000    0.000000    0.000000
at  61   -0.102954    2.620662   -0.102956     0.000002   -0.000007    0.000002
          0.000000    0.000000    0.000000
at  62    1.393342    1.931936    1.393341    -0.000010   -0.000019   -0.000009
          0.000000    0.000000    0.000000
at  63    2.620663   -0.102955   -0.102957    -0.000008    0.000001    0.000003
          0.000000    0.000000    0.000000
at  64    1.931935    1.393342    1.393341    -0.000018   -0.000010   -0.000009
          0.000000    0.000000    0.000000


Time for local forces [sec] :       0.12,    tforce_sum =        0.12


 Coordinates and local force components
 ======================================
-atom-  ----x----   ----y----   ----z-----   ----Fx----  ----Fy----   ----Fz---
                       [bohr]                             [Ry/bohr]            

   1     0.960275    0.960275    0.960275     -0.000501   -0.000502   -0.000501
   2     4.282700    4.282700   -0.068198      0.003753    0.003757   -0.011282
   3     4.282700   -0.068198    4.282700      0.003744   -0.011283    0.003743
   4    -0.068198    4.282700    4.282700     -0.011282    0.003754    0.003752
   5     5.061911   -0.014620   -5.092864     -0.001406    0.007832    0.008285
   6    -0.014620    5.061911   -5.092864      0.007831   -0.001407    0.008284
   7     2.709049    2.709049   -7.630295      0.000455    0.000458    0.003899
   8     7.472439    2.693771   -2.662112     -0.007584   -0.002028   -0.002567
   9     2.693771    7.472439   -2.662112     -0.002027   -0.007586   -0.002565
  10     5.061911   -5.092864   -0.014620     -0.001407    0.008285    0.007832
  11    -0.014620   -5.092864    5.061911      0.007833    0.008286   -0.001407
  12     2.709049   -7.630295    2.709049      0.000455    0.003901    0.000457
  13     7.472439   -2.662112    2.693771     -0.007586   -0.002565   -0.002026
  14     2.693771   -2.662112    7.472439     -0.002027   -0.002565   -0.007588
  15     0.059666   -4.793361   -4.793361     -0.012237    0.002795    0.002795
  16     2.566411   -2.223336   -2.223336      0.001110    0.001832    0.001832
  17    -5.092864    5.061911   -0.014620      0.008284   -0.001409    0.007830
  18    -5.092864   -0.014620    5.061911      0.008285    0.007834   -0.001406
  19    -7.630295    2.709049    2.709049      0.003901    0.000456    0.000459
  20    -2.662112    7.472439    2.693771     -0.002565   -0.007582   -0.002025
  21    -2.662112    2.693771    7.472439     -0.002567   -0.002029   -0.007586
  22    -4.793361    0.059666   -4.793361      0.002797   -0.012236    0.002796
  23    -2.223336    2.566411   -2.223336      0.001840    0.001103    0.001841
  24    -4.793361   -4.793361    0.059666      0.002794    0.002794   -0.012234
  25    -2.223336   -2.223336    2.566411      0.001831    0.001830    0.001111
  26    -2.658924   -2.658924   -7.487177      0.000495    0.000494    0.008081
  27    -2.658924   -7.487177   -2.658924      0.000495    0.008079    0.000494
  28    -7.487177   -2.658924   -2.658924      0.008077    0.000493    0.000494
  29     5.237516    5.237516    2.419839     -0.002505   -0.002505   -0.011312
  30     5.237516    2.419839    5.237516     -0.002505   -0.011313   -0.002505
  31     2.419839    5.237516    5.237516     -0.011312   -0.002506   -0.002505
  32     6.632063   -1.762168   -6.662237     -0.006566    0.004236    0.003208
  33    -1.762168    6.632063   -6.662237      0.004236   -0.006566    0.003208
  34     1.398638    1.398638   -9.767970      0.003075    0.003078    0.008061
  35     4.543993    4.543993   -8.752258     -0.003441   -0.003440    0.004507
  36     9.685285    1.442206   -1.411947     -0.012346    0.003368    0.000036
  37     8.401506    4.873998   -4.200896     -0.000431   -0.009447   -0.000377
  38     1.442206    9.685285   -1.411947      0.003368   -0.012347    0.000036
  39     4.873998    8.401506   -4.200896     -0.009447   -0.000431   -0.000377
  40     6.632063   -6.662237   -1.762168     -0.006565    0.003208    0.004235
  41    -1.762168   -6.662237    6.632063      0.004235    0.003208   -0.006566
  42     1.398638   -9.767970    1.398638      0.003076    0.008062    0.003076
  43     4.543993   -8.752258    4.543993     -0.003440    0.004507   -0.003441
  44     9.685285   -1.411947    1.442206     -0.012346    0.000036    0.003368
  45     8.401506   -4.200896    4.873998     -0.000430   -0.000378   -0.009447
  46     1.442206   -1.411947    9.685285      0.003369    0.000035   -0.012347
  47     4.873998   -4.200896    8.401506     -0.009447   -0.000378   -0.000430
  48     1.919999   -6.293607   -6.293607     -0.000196   -0.001080   -0.001080
  49    -6.662237    6.632063   -1.762168      0.003208   -0.006566    0.004236
  50    -6.662237   -1.762168    6.632063      0.003208    0.004235   -0.006566
  51    -9.767970    1.398638    1.398638      0.008061    0.003075    0.003077
  52    -8.752258    4.543993    4.543993      0.004507   -0.003440   -0.003441
  53    -1.411947    9.685285    1.442206      0.000035   -0.012346    0.003369
  54    -4.200896    8.401506    4.873998     -0.000378   -0.000431   -0.009447
  55    -1.411947    1.442206    9.685285      0.000036    0.003368   -0.012347
  56    -4.200896    4.873998    8.401506     -0.000377   -0.009446   -0.000431
  57    -6.293607    1.919999   -6.293607     -0.001080   -0.000197   -0.001081
  58    -6.293607   -6.293607    1.919999     -0.001080   -0.001079   -0.000195
  59    -1.427521   -1.427521   -9.727421     -0.002999   -0.002998    0.011042
  60    -4.546287   -4.546287   -8.410518      0.002872    0.002872   -0.001190
  61    -1.427521   -9.727421   -1.427521     -0.002998    0.011043   -0.002999
  62    -4.546287   -8.410518   -4.546287      0.002872   -0.001191    0.002872
  63    -9.727421   -1.427521   -1.427521      0.011043   -0.002999   -0.003000
  64    -8.410518   -4.546287   -4.546287     -0.001191    0.002872    0.002872


 Reporting non-local force components
 ====================================
-atom-  ----x----   ----y----   ----z-----   ----Fx----  ----Fy----   ----Fz---
                       [bohr]                             [Ry/bohr]            

   1     0.960275    0.960275    0.960275      0.000898    0.000899    0.000898
   2     4.282700    4.282700   -0.068198     -0.001817   -0.001817    0.016084
   3     4.282700   -0.068198    4.282700     -0.001808    0.016082   -0.001808
   4    -0.068198    4.282700    4.282700      0.016083   -0.001815   -0.001816
   5     5.061911   -0.014620   -5.092864      0.004625   -0.009075   -0.009714
   6    -0.014620    5.061911   -5.092864     -0.009075    0.004625   -0.009713
   7     2.709049    2.709049   -7.630295      0.001984    0.001983   -0.008045
   8     7.472439    2.693771   -2.662112      0.011029    0.004242    0.001958
   9     2.693771    7.472439   -2.662112      0.004242    0.011030    0.001957
  10     5.061911   -5.092864   -0.014620      0.004625   -0.009713   -0.009075
  11    -0.014620   -5.092864    5.061911     -0.009075   -0.009713    0.004625
  12     2.709049   -7.630295    2.709049      0.001985   -0.008045    0.001984
  13     7.472439   -2.662112    2.693771      0.011030    0.001957    0.004243
  14     2.693771   -2.662112    7.472439      0.004243    0.001957    0.011029
  15     0.059666   -4.793361   -4.793361      0.013184   -0.004360   -0.004359
  16     2.566411   -2.223336   -2.223336     -0.001205   -0.001401   -0.001401
  17    -5.092864    5.061911   -0.014620     -0.009713    0.004626   -0.009074
  18    -5.092864   -0.014620    5.061911     -0.009713   -0.009075    0.004624
  19    -7.630295    2.709049    2.709049     -0.008045    0.001985    0.001983
  20    -2.662112    7.472439    2.693771      0.001957    0.011029    0.004242
  21    -2.662112    2.693771    7.472439      0.001958    0.004243    0.011029
  22    -4.793361    0.059666   -4.793361     -0.004360    0.013184   -0.004360
  23    -2.223336    2.566411   -2.223336     -0.001408   -0.001199   -0.001408
  24    -4.793361   -4.793361    0.059666     -0.004360   -0.004360    0.013183
  25    -2.223336   -2.223336    2.566411     -0.001399   -0.001399   -0.001205
  26    -2.658924   -2.658924   -7.487177     -0.001624   -0.001623   -0.011405
  27    -2.658924   -7.487177   -2.658924     -0.001624   -0.011404   -0.001623
  28    -7.487177   -2.658924   -2.658924     -0.011404   -0.001624   -0.001624
  29     5.237516    5.237516    2.419839      0.000000    0.000000    0.000000
  30     5.237516    2.419839    5.237516      0.000000    0.000000    0.000000
  31     2.419839    5.237516    5.237516      0.000000    0.000000    0.000000
  32     6.632063   -1.762168   -6.662237      0.000000    0.000000    0.000000
  33    -1.762168    6.632063   -6.662237      0.000000    0.000000    0.000000
  34     1.398638    1.398638   -9.767970      0.000000    0.000000    0.000000
  35     4.543993    4.543993   -8.752258      0.000000    0.000000    0.000000
  36     9.685285    1.442206   -1.411947      0.000000    0.000000    0.000000
  37     8.401506    4.873998   -4.200896      0.000000    0.000000    0.000000
  38     1.442206    9.685285   -1.411947      0.000000    0.000000    0.000000
  39     4.873998    8.401506   -4.200896      0.000000    0.000000    0.000000
  40     6.632063   -6.662237   -1.762168      0.000000    0.000000    0.000000
  41    -1.762168   -6.662237    6.632063      0.000000    0.000000    0.000000
  42     1.398638   -9.767970    1.398638      0.000000    0.000000    0.000000
  43     4.543993   -8.752258    4.543993      0.000000    0.000000    0.000000
  44     9.685285   -1.411947    1.442206      0.000000    0.000000    0.000000
  45     8.401506   -4.200896    4.873998      0.000000    0.000000    0.000000
  46     1.442206   -1.411947    9.685285      0.000000    0.000000    0.000000
  47     4.873998   -4.200896    8.401506      0.000000    0.000000    0.000000
  48     1.919999   -6.293607   -6.293607      0.000000    0.000000    0.000000
  49    -6.662237    6.632063   -1.762168      0.000000    0.000000    0.000000
  50    -6.662237   -1.762168    6.632063      0.000000    0.000000    0.000000
  51    -9.767970    1.398638    1.398638      0.000000    0.000000    0.000000
  52    -8.752258    4.543993    4.543993      0.000000    0.000000    0.000000
  53    -1.411947    9.685285    1.442206      0.000000    0.000000    0.000000
  54    -4.200896    8.401506    4.873998      0.000000    0.000000    0.000000
  55    -1.411947    1.442206    9.685285      0.000000    0.000000    0.000000
  56    -4.200896    4.873998    8.401506      0.000000    0.000000    0.000000
  57    -6.293607    1.919999   -6.293607      0.000000    0.000000    0.000000
  58    -6.293607   -6.293607    1.919999      0.000000    0.000000    0.000000
  59    -1.427521   -1.427521   -9.727421      0.000000    0.000000    0.000000
  60    -4.546287   -4.546287   -8.410518      0.000000    0.000000    0.000000
  61    -1.427521   -9.727421   -1.427521      0.000000    0.000000    0.000000
  62    -4.546287   -8.410518   -4.546287      0.000000    0.000000    0.000000
  63    -9.727421   -1.427521   -1.427521      0.000000    0.000000    0.000000
  64    -8.410518   -4.546287   -4.546287      0.000000    0.000000    0.000000

 Coordinates, forces, torque
 ============================

  symmetrizing forces according to symmetry operations 
 coordinates and symmetrized tot. forces
-atom-  ----x----   ----y----   ----z-----   ----Fx----  ----Fy----   ----Fz---
                       [bohr]                             [Ry/bohr]            

   1     0.960275    0.960275    0.960275      0.000397    0.000397    0.000397
   2     4.282700    4.282700   -0.068198      0.001937    0.001937    0.004801
   3     4.282700   -0.068198    4.282700      0.001937    0.004801    0.001937
   4    -0.068198    4.282700    4.282700      0.004801    0.001937    0.001937
   5     5.061911   -0.014620   -5.092864      0.003218   -0.001243   -0.001428
   6    -0.014620    5.061911   -5.092864     -0.001243    0.003218   -0.001428
   7     2.709049    2.709049   -7.630295      0.002440    0.002440   -0.004144
   8     7.472439    2.693771   -2.662112      0.003444    0.002215   -0.000608
   9     2.693771    7.472439   -2.662112      0.002215    0.003444   -0.000608
  10     5.061911   -5.092864   -0.014620      0.003218   -0.001428   -0.001243
  11    -0.014620   -5.092864    5.061911     -0.001243   -0.001428    0.003218
  12     2.709049   -7.630295    2.709049      0.002440   -0.004144    0.002440
  13     7.472439   -2.662112    2.693771      0.003444   -0.000608    0.002215
  14     2.693771   -2.662112    7.472439      0.002215   -0.000608    0.003444
  15     0.059666   -4.793361   -4.793361      0.000948   -0.001565   -0.001565
  16     2.566411   -2.223336   -2.223336     -0.000095    0.000431    0.000431
  17    -5.092864    5.061911   -0.014620     -0.001428    0.003218   -0.001243
  18    -5.092864   -0.014620    5.061911     -0.001428   -0.001243    0.003218
  19    -7.630295    2.709049    2.709049     -0.004144    0.002440    0.002440
  20    -2.662112    7.472439    2.693771     -0.000608    0.003444    0.002215
  21    -2.662112    2.693771    7.472439     -0.000608    0.002215    0.003444
  22    -4.793361    0.059666   -4.793361     -0.001565    0.000948   -0.001565
  23    -2.223336    2.566411   -2.223336      0.000431   -0.000095    0.000431
  24    -4.793361   -4.793361    0.059666     -0.001565   -0.001565    0.000948
  25    -2.223336   -2.223336    2.566411      0.000431    0.000431   -0.000095
  26    -2.658924   -2.658924   -7.487177     -0.001129   -0.001129   -0.003325
  27    -2.658924   -7.487177   -2.658924     -0.001129   -0.003325   -0.001129
  28    -7.487177   -2.658924   -2.658924     -0.003325   -0.001129   -0.001129
  29     5.237516    5.237516    2.419839     -0.002505   -0.002505   -0.011312
  30     5.237516    2.419839    5.237516     -0.002505   -0.011312   -0.002505
  31     2.419839    5.237516    5.237516     -0.011312   -0.002505   -0.002505
  32     6.632063   -1.762168   -6.662237     -0.006566    0.004236    0.003208
  33    -1.762168    6.632063   -6.662237      0.004236   -0.006566    0.003208
  34     1.398638    1.398638   -9.767970      0.003076    0.003076    0.008062
  35     4.543993    4.543993   -8.752258     -0.003440   -0.003440    0.004507
  36     9.685285    1.442206   -1.411947     -0.012346    0.003368    0.000036
  37     8.401506    4.873998   -4.200896     -0.000431   -0.009447   -0.000378
  38     1.442206    9.685285   -1.411947      0.003368   -0.012346    0.000036
  39     4.873998    8.401506   -4.200896     -0.009447   -0.000431   -0.000378
  40     6.632063   -6.662237   -1.762168     -0.006566    0.003208    0.004236
  41    -1.762168   -6.662237    6.632063      0.004236    0.003208   -0.006566
  42     1.398638   -9.767970    1.398638      0.003076    0.008062    0.003076
  43     4.543993   -8.752258    4.543993     -0.003440    0.004507   -0.003440
  44     9.685285   -1.411947    1.442206     -0.012346    0.000036    0.003368
  45     8.401506   -4.200896    4.873998     -0.000431   -0.000378   -0.009447
  46     1.442206   -1.411947    9.685285      0.003368    0.000036   -0.012346
  47     4.873998   -4.200896    8.401506     -0.009447   -0.000378   -0.000431
  48     1.919999   -6.293607   -6.293607     -0.000196   -0.001080   -0.001080
  49    -6.662237    6.632063   -1.762168      0.003208   -0.006566    0.004236
  50    -6.662237   -1.762168    6.632063      0.003208    0.004236   -0.006566
  51    -9.767970    1.398638    1.398638      0.008062    0.003076    0.003076
  52    -8.752258    4.543993    4.543993      0.004507   -0.003440   -0.003440
  53    -1.411947    9.685285    1.442206      0.000036   -0.012346    0.003368
  54    -4.200896    8.401506    4.873998     -0.000378   -0.000431   -0.009447
  55    -1.411947    1.442206    9.685285      0.000036    0.003368   -0.012346
  56    -4.200896    4.873998    8.401506     -0.000378   -0.009447   -0.000431
  57    -6.293607    1.919999   -6.293607     -0.001080   -0.000196   -0.001080
  58    -6.293607   -6.293607    1.919999     -0.001080   -0.001080   -0.000196
  59    -1.427521   -1.427521   -9.727421     -0.002999   -0.002999    0.011043
  60    -4.546287   -4.546287   -8.410518      0.002872    0.002872   -0.001190
  61    -1.427521   -9.727421   -1.427521     -0.002999    0.011043   -0.002999
  62    -4.546287   -8.410518   -4.546287      0.002872   -0.001190    0.002872
  63    -9.727421   -1.427521   -1.427521      0.011043   -0.002999   -0.002999
  64    -8.410518   -4.546287   -4.546287     -0.001190    0.002872    0.002872

             tot.  (net) force [Ry/bohr]:     -0.019874   -0.019874   -0.019874

 coordinates and tot. forces (after setting net force to zero)
-atom-  ----x----   ----y----   ----z-----   ----Fx----  ----Fy----   ----Fz---
                       [bohr]                             [Ry/bohr]            

   1     0.960275    0.960275    0.960275      0.000708    0.000708    0.000708
   2     4.282700    4.282700   -0.068198      0.002247    0.002247    0.005111
   3     4.282700   -0.068198    4.282700      0.002247    0.005111    0.002247
   4    -0.068198    4.282700    4.282700      0.005111    0.002247    0.002247
   5     5.061911   -0.014620   -5.092864      0.003528   -0.000932   -0.001118
   6    -0.014620    5.061911   -5.092864     -0.000932    0.003528   -0.001118
   7     2.709049    2.709049   -7.630295      0.002751    0.002751   -0.003833
   8     7.472439    2.693771   -2.662112      0.003754    0.002526   -0.000298
   9     2.693771    7.472439   -2.662112      0.002526    0.003754   -0.000298
  10     5.061911   -5.092864   -0.014620      0.003528   -0.001118   -0.000932
  11    -0.014620   -5.092864    5.061911     -0.000932   -0.001118    0.003528
  12     2.709049   -7.630295    2.709049      0.002751   -0.003833    0.002751
  13     7.472439   -2.662112    2.693771      0.003754   -0.000298    0.002526
  14     2.693771   -2.662112    7.472439      0.002526   -0.000298    0.003754
  15     0.059666   -4.793361   -4.793361      0.001258   -0.001254   -0.001254
  16     2.566411   -2.223336   -2.223336      0.000215    0.000742    0.000742
  17    -5.092864    5.061911   -0.014620     -0.001118    0.003528   -0.000932
  18    -5.092864   -0.014620    5.061911     -0.001118   -0.000932    0.003528
  19    -7.630295    2.709049    2.709049     -0.003833    0.002751    0.002751
  20    -2.662112    7.472439    2.693771     -0.000298    0.003754    0.002526
  21    -2.662112    2.693771    7.472439     -0.000298    0.002526    0.003754
  22    -4.793361    0.059666   -4.793361     -0.001254    0.001258   -0.001254
  23    -2.223336    2.566411   -2.223336      0.000742    0.000215    0.000742
  24    -4.793361   -4.793361    0.059666     -0.001254   -0.001254    0.001258
  25    -2.223336   -2.223336    2.566411      0.000742    0.000742    0.000215
  26    -2.658924   -2.658924   -7.487177     -0.000819   -0.000819   -0.003015
  27    -2.658924   -7.487177   -2.658924     -0.000819   -0.003015   -0.000819
  28    -7.487177   -2.658924   -2.658924     -0.003015   -0.000819   -0.000819
  29     5.237516    5.237516    2.419839     -0.002195   -0.002195   -0.011001
  30     5.237516    2.419839    5.237516     -0.002195   -0.011001   -0.002195
  31     2.419839    5.237516    5.237516     -0.011001   -0.002195   -0.002195
  32     6.632063   -1.762168   -6.662237     -0.006255    0.004546    0.003518
  33    -1.762168    6.632063   -6.662237      0.004546   -0.006255    0.003518
  34     1.398638    1.398638   -9.767970      0.003387    0.003387    0.008372
  35     4.543993    4.543993   -8.752258     -0.003130   -0.003130    0.004817
  36     9.685285    1.442206   -1.411947     -0.012036    0.003679    0.000346
  37     8.401506    4.873998   -4.200896     -0.000120   -0.009136   -0.000067
  38     1.442206    9.685285   -1.411947      0.003679   -0.012036    0.000346
  39     4.873998    8.401506   -4.200896     -0.009136   -0.000120   -0.000067
  40     6.632063   -6.662237   -1.762168     -0.006255    0.003518    0.004546
  41    -1.762168   -6.662237    6.632063      0.004546    0.003518   -0.006255
  42     1.398638   -9.767970    1.398638      0.003387    0.008372    0.003387
  43     4.543993   -8.752258    4.543993     -0.003130    0.004817   -0.003130
  44     9.685285   -1.411947    1.442206     -0.012036    0.000346    0.003679
  45     8.401506   -4.200896    4.873998     -0.000120   -0.000067   -0.009136
  46     1.442206   -1.411947    9.685285      0.003679    0.000346   -0.012036
  47     4.873998   -4.200896    8.401506     -0.009136   -0.000067   -0.000120
  48     1.919999   -6.293607   -6.293607      0.000114   -0.000770   -0.000770
  49    -6.662237    6.632063   -1.762168      0.003518   -0.006255    0.004546
  50    -6.662237   -1.762168    6.632063      0.003518    0.004546   -0.006255
  51    -9.767970    1.398638    1.398638      0.008372    0.003387    0.003387
  52    -8.752258    4.543993    4.543993      0.004817   -0.003130   -0.003130
  53    -1.411947    9.685285    1.442206      0.000346   -0.012036    0.003679
  54    -4.200896    8.401506    4.873998     -0.000067   -0.000120   -0.009136
  55    -1.411947    1.442206    9.685285      0.000346    0.003679   -0.012036
  56    -4.200896    4.873998    8.401506     -0.000067   -0.009136   -0.000120
  57    -6.293607    1.919999   -6.293607     -0.000770    0.000114   -0.000770
  58    -6.293607   -6.293607    1.919999     -0.000770   -0.000770    0.000114
  59    -1.427521   -1.427521   -9.727421     -0.002688   -0.002688    0.011353
  60    -4.546287   -4.546287   -8.410518      0.003182    0.003182   -0.000880
  61    -1.427521   -9.727421   -1.427521     -0.002688    0.011353   -0.002688
  62    -4.546287   -8.410518   -4.546287      0.003182   -0.000880    0.003182
  63    -9.727421   -1.427521   -1.427521      0.011353   -0.002688   -0.002688
  64    -8.410518   -4.546287   -4.546287     -0.000880    0.003182    0.003182

 tot. torque [Ry/radian] :    -0.000000   -0.000000   -0.000000


Time for non-local forces [sec] :       0.05,    tforce_sum =        0.16


Time for movement    0 is [sec]:     139.11

 =================================================================


 =================================================================
 Setup time [sec] :        2.91
 Time spent on Hartree potential [sec] :       21.07
 Time spent on diagonalization [sec] :      117.20
 Time spent on force calc. [sec] :        0.16

 CPU time [sec] :     142.02
 Wall-clock time [sec] :     139.41
 Current date/time: 20-AUG-2026 13:53:47 -0700 UTC

 =================================================================

