 C  pb nrl nc  
 converted from C.pbe-mt-cpi-1s.UPF (UPF 2.0.1, semilocal norm-conserving)
 2s(  2.00) rc= 1.4982 2p(  2.00) rc= 1.4982
   2  0  921  1.041666666667E-03  1.219994341177E-02  5.000000000000E+00   nl nls nr a b zion
 Radial grid follows
  1.278611071230E-05  2.572916666667E-05  3.883109431356E-05  5.209384375000E-05
  6.551938900978E-05  7.910972835729E-05  9.286688458499E-05  1.067929053144E-04
  1.208898633009E-04  1.351598567423E-04  1.496050095911E-04  1.642274718705E-04
  1.790294199947E-04  1.940130570924E-04  2.091806133352E-04  2.245343462692E-04
  2.400765411513E-04  2.558095112888E-04  2.717355983844E-04  2.878571728843E-04
  3.041766343311E-04  3.206964117212E-04  3.374189638658E-04  3.543467797573E-04
  3.714823789399E-04  3.888283118840E-04  4.063871603664E-04  4.241615378542E-04
  4.421540898941E-04  4.603674945059E-04  4.788044625812E-04  4.974677382869E-04
  5.163600994736E-04  5.354843580892E-04  5.548433605973E-04  5.744399884007E-04
  5.942771582707E-04  6.143578227808E-04  6.346849707466E-04  6.552616276702E-04
  6.760908561907E-04  6.971757565403E-04  7.185194670053E-04  7.401251643935E-04
  7.619960645070E-04  7.841354226207E-04  8.065465339670E-04  8.292327342261E-04
  8.521974000227E-04  8.754439494282E-04  8.989758424699E-04  9.227965816457E-04
  9.469097124456E-04  9.713188238790E-04  9.960275490096E-04  1.021039565496E-03
  1.046358596137E-03  1.071988409430E-03  1.097932820128E-03  1.124195689810E-03
  1.150780927452E-03  1.177692490014E-03  1.204934383027E-03  1.232510661184E-03
  1.260425428954E-03  1.288682841182E-03  1.317287103716E-03  1.346242474026E-03
  1.375553261844E-03  1.405223829801E-03  1.435258594079E-03  1.465662025064E-03
  1.496438648019E-03  1.527593043750E-03  1.559129849292E-03  1.591053758597E-03
  1.623369523236E-03  1.656081953101E-03  1.689195917126E-03  1.722716344009E-03
  1.756648222946E-03  1.790996604373E-03  1.825766600720E-03  1.860963387168E-03
  1.896592202424E-03  1.932658349498E-03  1.969167196491E-03  2.006124177397E-03
  2.043534792911E-03  2.081404611245E-03  2.119739268962E-03  2.158544471810E-03
  2.197825995572E-03  2.237589686930E-03  2.277841464329E-03  2.318587318864E-03
  2.359833315165E-03  2.401585592306E-03  2.443850364716E-03  2.486633923103E-03
  2.529942635391E-03  2.573782947670E-03  2.618161385152E-03  2.663084553145E-03
  2.708559138032E-03  2.754591908274E-03  2.801189715408E-03  2.848359495075E-03
  2.896108268046E-03  2.944443141270E-03  2.993371308933E-03  3.042900053526E-03
  3.093036746930E-03  3.143788851515E-03  3.195163921246E-03  3.247169602814E-03
  3.299813636768E-03  3.353103858670E-03  3.407048200262E-03  3.461654690646E-03
  3.516931457476E-03  3.572886728171E-03  3.629528831142E-03  3.686866197024E-03
  3.744907359938E-03  3.803660958757E-03  3.863135738395E-03  3.923340551105E-03
  3.984284357800E-03  4.045976229384E-03  4.108425348104E-03  4.171641008916E-03
  4.235632620869E-03  4.300409708503E-03  4.365981913271E-03  4.432358994970E-03
  4.499550833196E-03  4.567567428812E-03  4.636418905442E-03  4.706115510971E-03
  4.776667619073E-03  4.848085730758E-03  4.920380475931E-03  4.993562614975E-03
  5.067643040353E-03  5.142632778231E-03  5.218542990117E-03  5.295384974520E-03
  5.373170168639E-03  5.451910150058E-03  5.531616638471E-03  5.612301497431E-03
  5.693976736108E-03  5.776654511084E-03  5.860347128157E-03  5.945067044174E-03
  6.030826868889E-03  6.117639366832E-03  6.205517459217E-03  6.294474225860E-03
  6.384522907126E-03  6.475676905905E-03  6.567949789599E-03  6.661355292148E-03
  6.755907316069E-03  6.851619934530E-03  6.948507393442E-03  7.046584113580E-03
  7.145864692727E-03  7.246363907852E-03  7.348096717304E-03  7.451078263043E-03
  7.555323872888E-03  7.660849062806E-03  7.767669539215E-03  7.875801201324E-03
  7.985260143501E-03  8.096062657664E-03  8.208225235712E-03  8.321764571975E-03
  8.436697565700E-03  8.553041323569E-03  8.670813162240E-03  8.790030610928E-03
  8.910711414014E-03  9.032873533685E-03  9.156535152607E-03  9.281714676633E-03
  9.408430737543E-03  9.536702195813E-03  9.666548143427E-03  9.797987906716E-03
  9.931041049236E-03  1.006572737468E-02  1.020206692982E-02  1.034008000750E-02
  1.047978714965E-02  1.062120915035E-02  1.076436705892E-02  1.090928218303E-02
  1.105597609194E-02  1.120447061962E-02  1.135478786807E-02  1.150695021059E-02
  1.166098029508E-02  1.181690104746E-02  1.197473567504E-02  1.213450767000E-02
  1.229624081288E-02  1.245995917611E-02  1.262568712762E-02  1.279344933443E-02
  1.296327076634E-02  1.313517669966E-02  1.330919272094E-02  1.348534473081E-02
  1.366365894781E-02  1.384416191232E-02  1.402688049049E-02  1.421184187822E-02
  1.439907360527E-02  1.458860353928E-02  1.478045988999E-02  1.497467121337E-02
  1.517126641594E-02  1.537027475901E-02  1.557172586308E-02  1.577564971222E-02
  1.598207665856E-02  1.619103742678E-02  1.640256311869E-02  1.661668521789E-02
  1.683343559439E-02  1.705284650944E-02  1.727495062024E-02  1.749978098489E-02
  1.772737106723E-02  1.795775474188E-02  1.819096629925E-02  1.842704045067E-02
  1.866601233351E-02  1.890791751647E-02  1.915279200482E-02  1.940067224579E-02
  1.965159513400E-02  1.990559801693E-02  2.016271870048E-02  2.042299545461E-02
  2.068646701905E-02  2.095317260901E-02  2.122315192109E-02  2.149644513912E-02
  2.177309294020E-02  2.205313650072E-02  2.233661750249E-02  2.262357813896E-02
  2.291406112147E-02  2.320810968566E-02  2.350576759784E-02  2.380707916156E-02
  2.411208922417E-02  2.442084318352E-02  2.473338699467E-02  2.504976717681E-02
  2.537003082011E-02  2.569422559275E-02  2.602239974803E-02  2.635460213156E-02
  2.669088218848E-02  2.703128997087E-02  2.737587614520E-02  2.772469199982E-02
  2.807778945265E-02  2.843522105888E-02  2.879704001880E-02  2.916330018570E-02
  2.953405607393E-02  2.990936286696E-02  3.028927642562E-02  3.067385329644E-02
  3.106315072000E-02  3.145722663953E-02  3.185613970945E-02  3.225994930419E-02
  3.266871552694E-02  3.308249921867E-02  3.350136196712E-02  3.392536611604E-02
  3.435457477438E-02  3.478905182577E-02  3.522886193797E-02  3.567407057253E-02
  3.612474399451E-02  3.658094928234E-02  3.704275433784E-02  3.751022789628E-02
  3.798343953665E-02  3.846245969199E-02  3.894735965987E-02  3.943821161304E-02
  3.993508861014E-02  4.043806460655E-02  4.094721446547E-02  4.146261396900E-02
  4.198433982944E-02  4.251246970070E-02  4.304708218989E-02  4.358825686898E-02
  4.413607428665E-02  4.469061598031E-02  4.525196448820E-02  4.582020336169E-02
  4.639541717772E-02  4.697769155139E-02  4.756711314868E-02  4.816376969937E-02
  4.876775001012E-02  4.937914397761E-02  4.999804260203E-02  5.062453800053E-02
  5.125872342097E-02  5.190069325581E-02  5.255054305613E-02  5.320836954589E-02
  5.387427063629E-02  5.454834544034E-02  5.523069428767E-02  5.592141873939E-02
  5.662062160324E-02  5.732840694892E-02  5.804488012351E-02  5.877014776722E-02
  5.950431782923E-02  6.024749958374E-02  6.099980364628E-02  6.176134199012E-02
  6.253222796300E-02  6.331257630395E-02  6.410250316036E-02  6.490212610532E-02
  6.571156415509E-02  6.653093778679E-02  6.736036895638E-02  6.819998111679E-02
  6.904989923627E-02  6.991024981704E-02  7.078116091407E-02  7.166276215419E-02
  7.255518475532E-02  7.345856154606E-02  7.437302698544E-02  7.529871718292E-02
  7.623576991865E-02  7.718432466400E-02  7.814452260231E-02  7.911650664987E-02
  8.010042147725E-02  8.109641353079E-02  8.210463105440E-02  8.312522411166E-02
  8.415834460811E-02  8.520414631389E-02  8.626278488660E-02  8.733441789451E-02
  8.841920483997E-02  8.951730718317E-02  9.062888836618E-02  9.175411383726E-02
  9.289315107549E-02  9.404616961571E-02  9.521334107372E-02  9.639483917188E-02
  9.759083976491E-02  9.880152086610E-02  1.000270626738E-01  1.012676475982E-01
  1.025234602885E-01  1.037946876605E-01  1.050815189243E-01  1.063841456124E-01
  1.077027616084E-01  1.090375631757E-01  1.103887489868E-01  1.117565201528E-01
  1.131410802534E-01  1.145426353672E-01  1.159613941023E-01  1.173975676275E-01
  1.188513697033E-01  1.203230167145E-01  1.218127277017E-01  1.233207243940E-01
  1.248472312426E-01  1.263924754532E-01  1.279566870209E-01  1.295400987636E-01
  1.311429463570E-01  1.327654683697E-01  1.344079062987E-01  1.360705046051E-01
  1.377535107509E-01  1.394571752355E-01  1.411817516331E-01  1.429274966305E-01
  1.446946700651E-01  1.464835349640E-01  1.482943575824E-01  1.501274074442E-01
  1.519829573814E-01  1.538612835748E-01  1.557626655954E-01  1.576873864457E-01
  1.596357326022E-01  1.616079940576E-01  1.636044643642E-01  1.656254406775E-01
  1.676712238006E-01  1.697421182289E-01  1.718384321952E-01  1.739604777158E-01
  1.761085706371E-01  1.782830306821E-01  1.804841814985E-01  1.827123507066E-01
  1.849678699481E-01  1.872510749357E-01  1.895623055025E-01  1.919019056533E-01
  1.942702236151E-01  1.966676118896E-01  1.990944273051E-01  2.015510310699E-01
  2.040377888262E-01  2.065550707040E-01  2.091032513769E-01  2.116827101171E-01
  2.142938308525E-01  2.169370022236E-01  2.196126176412E-01  2.223210753452E-01
  2.250627784637E-01  2.278381350729E-01  2.306475582584E-01  2.334914661759E-01
  2.363702821140E-01  2.392844345571E-01  2.422343572489E-01  2.452204892573E-01
  2.482432750396E-01  2.513031645086E-01  2.544006130998E-01  2.575360818387E-01
  2.607100374100E-01  2.639229522268E-01  2.671753045007E-01  2.704675783134E-01
  2.738002636885E-01  2.771738566644E-01  2.805888593683E-01  2.840457800907E-01
  2.875451333614E-01  2.910874400256E-01  2.946732273221E-01  2.983030289609E-01
  3.019773852036E-01  3.056968429429E-01  3.094619557848E-01  3.132732841303E-01
  3.171313952593E-01  3.210368634150E-01  3.249902698889E-01  3.289922031080E-01
  3.330432587218E-01  3.371440396914E-01  3.412951563789E-01  3.454972266385E-01
  3.497508759081E-01  3.540567373031E-01  3.584154517097E-01  3.628276678811E-01
  3.672940425336E-01  3.718152404445E-01  3.763919345509E-01  3.810248060501E-01
  3.857145445009E-01  3.904618479262E-01  3.952674229168E-01  4.001319847367E-01
  4.050562574295E-01  4.100409739263E-01  4.150868761547E-01  4.201947151490E-01
  4.253652511624E-01  4.305992537798E-01  4.358975020327E-01  4.412607845149E-01
  4.466898994996E-01  4.521856550590E-01  4.577488691839E-01  4.633803699057E-01
  4.690809954194E-01  4.748515942090E-01  4.806930251730E-01  4.866061577526E-01
  4.925918720614E-01  4.986510590158E-01  5.047846204680E-01  5.109934693401E-01
  5.172785297602E-01  5.236407371995E-01  5.300810386119E-01  5.366003925750E-01
  5.431997694323E-01  5.498801514383E-01  5.566425329040E-01  5.634879203455E-01
  5.704173326334E-01  5.774318011447E-01  5.845323699161E-01  5.917200957996E-01
  5.989960486197E-01  6.063613113325E-01  6.138169801872E-01  6.213641648891E-01
  6.290039887645E-01  6.367375889285E-01  6.445661164537E-01  6.524907365417E-01
  6.605126286968E-01  6.686329869010E-01  6.768530197922E-01  6.851739508441E-01
  6.935970185478E-01  7.021234765966E-01  7.107545940726E-01  7.194916556352E-01
  7.283359617128E-01  7.372888286961E-01  7.463515891338E-01  7.555255919315E-01
  7.648122025521E-01  7.742128032189E-01  7.837287931218E-01  7.933615886251E-01
  8.031126234786E-01  8.129833490308E-01  8.229752344451E-01  8.330897669185E-01
  8.433284519026E-01  8.536928133281E-01  8.641843938313E-01  8.748047549839E-01
  8.855554775256E-01  8.964381615987E-01  9.074544269871E-01  9.186059133569E-01
  9.298942805004E-01  9.413212085834E-01  9.528883983954E-01  9.645975716021E-01
  9.764504710024E-01  9.884488607874E-01  1.000594526803E+00  1.012889276815E+00
  1.025334940782E+00  1.037933371119E+00  1.050686442986E+00  1.063596054553E+00
  1.076664127294E+00  1.089892606267E+00  1.103283460405E+00  1.116838682808E+00
  1.130560291043E+00  1.144450327440E+00  1.158510859399E+00  1.172743979695E+00
  1.187151806793E+00  1.201736485160E+00  1.216500185587E+00  1.231445105510E+00
  1.246573469338E+00  1.261887528783E+00  1.277389563197E+00  1.293081879910E+00
  1.308966814575E+00  1.325046731511E+00  1.341324024061E+00  1.357801114946E+00
  1.374480456622E+00  1.391364531652E+00  1.408455853068E+00  1.425756964750E+00
  1.443270441805E+00  1.460998890946E+00  1.478944950884E+00  1.497111292719E+00
  1.515500620338E+00  1.534115670816E+00  1.552959214827E+00  1.572034057052E+00
  1.591343036600E+00  1.610889027428E+00  1.630674938770E+00  1.650703715572E+00
  1.670978338925E+00  1.691501826513E+00  1.712277233063E+00  1.733307650795E+00
  1.754596209886E+00  1.776146078936E+00  1.797960465437E+00  1.820042616252E+00
  1.842395818100E+00  1.865023398040E+00  1.887928723974E+00  1.911115205139E+00
  1.934586292622E+00  1.958345479872E+00  1.982396303217E+00  2.006742342392E+00
  2.031387221073E+00  2.056334607416E+00  2.081588214600E+00  2.107151801385E+00
  2.133029172667E+00  2.159224180046E+00  2.185740722399E+00  2.212582746460E+00
  2.239754247409E+00  2.267259269464E+00  2.295101906487E+00  2.323286302587E+00
  2.351816652744E+00  2.380697203427E+00  2.409932253233E+00  2.439526153519E+00
  2.469483309054E+00  2.499808178677E+00  2.530505275955E+00  2.561579169857E+00
  2.593034485438E+00  2.624875904519E+00  2.657108166395E+00  2.689736068528E+00
  2.722764467271E+00  2.756198278587E+00  2.790042478779E+00  2.824302105235E+00
  2.858982257172E+00  2.894088096401E+00  2.929624848091E+00  2.965597801549E+00
  3.002012311005E+00  3.038873796413E+00  3.076187744254E+00  3.113959708351E+00
  3.152195310703E+00  3.190900242314E+00  3.230080264044E+00  3.269741207466E+00
  3.309888975733E+00  3.350529544457E+00  3.391668962600E+00  3.433313353372E+00
  3.475468915143E+00  3.518141922367E+00  3.561338726514E+00  3.605065757016E+00
  3.649329522225E+00  3.694136610381E+00  3.739493690591E+00  3.785407513824E+00
  3.831884913915E+00  3.878932808582E+00  3.926558200456E+00  3.974768178121E+00
  4.023569917174E+00  4.072970681287E+00  4.122977823295E+00  4.173598786282E+00
  4.224841104697E+00  4.276712405470E+00  4.329220409149E+00  4.382372931051E+00
  4.436177882422E+00  4.490643271615E+00  4.545777205284E+00  4.601587889591E+00
  4.658083631422E+00  4.715272839630E+00  4.773164026284E+00  4.831765807936E+00
  4.891086906900E+00  4.951136152558E+00  5.011922482667E+00  5.073454944693E+00
  5.135742697156E+00  5.198795010994E+00  5.262621270942E+00  5.327230976932E+00
  5.392633745501E+00  5.458839311229E+00  5.525857528182E+00  5.593698371383E+00
  5.662371938295E+00  5.731888450323E+00  5.802258254337E+00  5.873491824212E+00
  5.945599762386E+00  6.018592801437E+00  6.092481805684E+00  6.167277772799E+00
  6.242991835451E+00  6.319635262954E+00  6.397219462953E+00  6.475755983116E+00
  6.555256512854E+00  6.635732885065E+00  6.717197077889E+00  6.799661216493E+00
  6.883137574879E+00  6.967638577707E+00  7.053176802145E+00  7.139764979743E+00
  7.227415998325E+00  7.316142903909E+00  7.405958902650E+00  7.496877362803E+00
  7.588911816712E+00  7.682075962831E+00  7.776383667752E+00  7.871848968279E+00
  7.968486073512E+00  8.066309366962E+00  8.165333408694E+00  8.265572937493E+00
  8.367042873056E+00  8.469758318216E+00  8.573734561187E+00  8.678987077842E+00
  8.785531534015E+00  8.893383787832E+00  9.002559892072E+00  9.113076096558E+00
  9.224948850573E+00  9.338194805309E+00  9.452830816348E+00  9.568873946167E+00
  9.686341466679E+00  9.805250861804E+00  9.925619830073E+00  1.004746628726E+01
  1.017080836904E+01  1.029566443372E+01  1.042205306492E+01  1.054999307440E+01
  1.067950350479E+01  1.081060363250E+01  1.094331297053E+01  1.107765127139E+01
  1.121363853007E+01  1.135129498696E+01  1.149064113093E+01  1.163169770231E+01
  1.177448569603E+01  1.191902636472E+01  1.206534122189E+01  1.221345204510E+01
  1.236338087923E+01  1.251515003978E+01  1.266878211612E+01  1.282429997493E+01
  1.298172676355E+01  1.314108591347E+01  1.330240114378E+01  1.346569646470E+01
  1.363099618120E+01  1.379832489655E+01  1.396770751604E+01  1.413916925066E+01
  1.431273562085E+01  1.448843246032E+01  1.466628591985E+01  1.484632247125E+01
  1.502856891124E+01  1.521305236546E+01  1.539980029251E+01  1.558884048805E+01
  1.578020108891E+01  1.597391057728E+01  1.616999778497E+01  1.636849189770E+01
  1.656942245942E+01  1.677281937674E+01  1.697871292334E+01  1.718713374451E+01
  1.739811286171E+01  1.761168167717E+01  1.782787197856E+01  1.804671594376E+01
  1.826824614560E+01  1.849249555674E+01  1.871949755456E+01  1.894928592616E+01
  1.918189487333E+01  1.941735901770E+01  1.965571340587E+01  1.989699351460E+01
  2.014123525616E+01  2.038847498358E+01  2.063874949615E+01  2.089209604484E+01
  2.114855233787E+01  2.140815654632E+01  2.167094730978E+01  2.193696374218E+01
  2.220624543750E+01  2.247883247578E+01  2.275476542898E+01  2.303408536709E+01
  2.331683386424E+01  2.360305300483E+01  2.389278538985E+01  2.418607414321E+01
  2.448296291815E+01  2.478349590372E+01  2.508771783139E+01  2.539567398171E+01
  2.570741019099E+01  2.602297285822E+01  2.634240895188E+01  2.666576601699E+01
  2.699309218216E+01  2.732443616677E+01  2.765984728822E+01  2.799937546926E+01
  2.834307124541E+01  2.869098577252E+01  2.904317083434E+01  2.939967885026E+01
  2.976056288311E+01  3.012587664703E+01  3.049567451549E+01  3.087001152938E+01
  3.124894340519E+01  3.163252654332E+01  3.202081803647E+01  3.241387567811E+01
  3.281175797113E+01  3.321452413652E+01  3.362223412219E+01  3.403494861186E+01
  3.445272903417E+01  3.487563757174E+01  3.530373717048E+01  3.573709154893E+01
  3.617576520776E+01  3.661982343936E+01  3.706933233756E+01  3.752435880748E+01
  3.798497057546E+01  3.845123619919E+01  3.892322507784E+01  3.940100746247E+01
  3.988465446643E+01  4.037423807596E+01  4.086983116092E+01  4.137150748561E+01
  4.187934171976E+01  4.239340944967E+01  4.291378718941E+01  4.344055239224E+01
  4.397378346215E+01  4.451355976550E+01  4.505996164283E+01  4.561307042087E+01
  4.617296842458E+01  4.673973898943E+01  4.731346647383E+01  4.789423627164E+01
  4.848213482490E+01  4.907724963671E+01  4.967966928424E+01  5.028948343191E+01
  5.090678284473E+01  5.153165940184E+01  5.216420611016E+01  5.280451711824E+01
  5.345268773025E+01  5.410881442022E+01  5.477299484635E+01  5.544532786557E+01
  5.612591354823E+01  5.681485319301E+01  5.751224934203E+01  5.821820579605E+01
  5.893282762995E+01  5.965622120838E+01  6.038849420157E+01  6.112975560139E+01
  6.188011573752E+01  6.263968629391E+01  6.340858032540E+01  6.418691227454E+01
  6.497479798861E+01  6.577235473689E+01  6.657970122809E+01  6.739695762805E+01
  6.822424557759E+01  6.906168821063E+01  6.990941017253E+01  7.076753763860E+01
  7.163619833295E+01  7.251552154744E+01  7.340563816095E+01  7.430668065883E+01
  7.521878315269E+01  7.614208140027E+01  7.707671282573E+01  7.802281654002E+01
  7.898053336169E+01
 Pseudopotential follows (l on next line)
 0
 -1.064020808169E-04 -2.141102204951E-04 -3.231404598087E-04 -4.335090369978E-04
 -5.452323902186E-04 -6.583271600255E-04 -7.728101918848E-04 -8.886985387194E-04
 -1.006009463488E-03 -1.124760441794E-03 -1.244969164534E-03 -1.366653540572E-03
 -1.489831699453E-03 -1.614521994152E-03 -1.740743003857E-03 -1.868513536785E-03
 -1.997852633042E-03 -2.128779567509E-03 -2.261313852775E-03 -2.395475242105E-03
 -2.531283732441E-03 -2.668759567455E-03 -2.807923240622E-03 -2.948795498357E-03
 -3.091397343169E-03 -3.235750036874E-03 -3.381875103844E-03 -3.529794334293E-03
 -3.679529787615E-03 -3.831103795761E-03 -3.984538966662E-03 -4.139858187696E-03
 -4.297084629201E-03 -4.456241748035E-03 -4.617353291185E-03 -4.780443299420E-03
 -4.945536110995E-03 -5.112656365404E-03 -5.281829007184E-03 -5.453079289768E-03
 -5.626432779393E-03 -5.801915359057E-03 -5.979553232528E-03 -6.159372928417E-03
 -6.341401304292E-03 -6.525665550857E-03 -6.712193196189E-03 -6.901012110026E-03
 -7.092150508118E-03 -7.285636956638E-03 -7.481500376648E-03 -7.679770048640E-03
 -7.880475617120E-03 -8.083647095274E-03 -8.289314869687E-03 -8.497509705135E-03
 -8.708262929731E-03 -8.921605921673E-03 -9.137570519825E-03 -9.356189043794E-03
 -9.577494214646E-03 -9.801519159801E-03 -1.002829750890E-02 -1.025786325925E-02
 -1.049025071713E-02 -1.072549469414E-02 -1.096363043418E-02 -1.120469361858E-02
 -1.144872037126E-02 -1.169574726395E-02 -1.194581132132E-02 -1.219895004957E-02
 -1.245520214867E-02 -1.271460541306E-02 -1.297719875076E-02 -1.324302155064E-02
 -1.351211368769E-02 -1.378451552826E-02 -1.406026938818E-02 -1.433941544741E-02
 -1.462199559757E-02 -1.490805225539E-02 -1.519762836535E-02 -1.549076963431E-02
 -1.578751817716E-02 -1.608791856367E-02 -1.639201590746E-02 -1.669985768521E-02
 -1.701148997615E-02 -1.732695842105E-02 -1.764631041664E-02 -1.796959617083E-02
 -1.829686440665E-02 -1.862816254267E-02 -1.896354036755E-02 -1.930305242433E-02
 -1.964674760515E-02 -1.999467634821E-02 -2.034689213106E-02 -2.070345275082E-02
 -2.106440673903E-02 -2.142980836352E-02 -2.179971908408E-02 -2.217419109737E-02
 -2.255327877214E-02 -2.293704393978E-02 -2.332554597944E-02 -2.371883819618E-02
 -2.411698326770E-02 -2.452004735993E-02 -2.492808289251E-02 -2.534115413512E-02
 -2.575933317113E-02 -2.618267192479E-02 -2.661123735411E-02 -2.704510596834E-02
 -2.748432986675E-02 -2.792898024062E-02 -2.837913572827E-02 -2.883484963974E-02
 -2.929619951233E-02 -2.976326278771E-02 -3.023609549176E-02 -3.071478433309E-02
 -3.119940092978E-02 -3.169000612505E-02 -3.218669951132E-02 -3.268954062532E-02
 -3.319859984403E-02 -3.371398886046E-02 -3.423575243710E-02 -3.476398417537E-02
 -3.529877872931E-02 -3.584019059460E-02 -3.638833610090E-02 -3.694328171052E-02
 -3.750510162852E-02 -3.807392840383E-02 -3.864980053504E-02 -3.923283573634E-02
 -3.982312683047E-02 -4.042073216087E-02 -4.102581003748E-02 -4.163839433508E-02
 -4.225860477754E-02 -4.288655561173E-02 -4.352229553540E-02 -4.416600239544E-02
 -4.481770847387E-02 -4.547754300033E-02 -4.614563065729E-02 -4.682201442916E-02
 -4.750690488122E-02 -4.820031270504E-02 -4.890239772336E-02 -4.961327525030E-02
 -5.033300033982E-02 -5.106180611016E-02 -5.179967979439E-02 -5.254683518682E-02
 -5.330334594614E-02 -5.406931912241E-02 -5.484495948523E-02 -5.563026236053E-02
 -5.642551924546E-02 -5.723071258174E-02 -5.804605319746E-02 -5.887166651351E-02
 -5.970761946913E-02 -6.055419813406E-02 -6.141134646330E-02 -6.227941321591E-02
 -6.315836864130E-02 -6.404845045724E-02 -6.494980009739E-02 -6.586248266024E-02
 -6.678683157233E-02 -6.772274841319E-02 -6.867068979745E-02 -6.963053869566E-02
 -7.060263879842E-02 -7.158707200461E-02 -7.258398125151E-02 -7.359367134574E-02
 -7.461605989402E-02 -7.565170053944E-02 -7.670035001922E-02 -7.776256571520E-02
 -7.883823339074E-02 -7.992771686322E-02 -8.103115174979E-02 -8.214864944406E-02
 -8.328062445743E-02 -8.442690605723E-02 -8.558821889592E-02 -8.676417765670E-02
 -8.795555222595E-02 -8.916207399003E-02 -9.038429320302E-02 -9.162224052943E-02
 -9.287616405280E-02 -9.414642753825E-02 -9.543294240450E-02 -9.673644168991E-02
 -9.805646328091E-02 -9.939414808324E-02 -1.007488005609E-01 -1.021214723108E-01
 -1.035117647531E-01 -1.049204025770E-01 -1.063473630027E-01 -1.077929918627E-01
 -1.092576820822E-01 -1.107413601309E-01 -1.122448768624E-01 -1.137676965682E-01
 -1.153111725635E-01 -1.168743464324E-01 -1.184588670300E-01 -1.200637291183E-01
 -1.216903330212E-01 -1.233381092285E-01 -1.250080205068E-01 -1.266999766659E-01
 -1.284144589560E-01 -1.301519019370E-01 -1.319122596071E-01 -1.336965383952E-01
 -1.355041177023E-01 -1.373366244405E-01 -1.391928146711E-01 -1.410749856572E-01
 -1.429814122182E-01 -1.449145368690E-01 -1.468728109542E-01 -1.488582840911E-01
 -1.508699546642E-01 -1.529093263540E-01 -1.549759895818E-01 -1.570708573726E-01
 -1.591941572806E-01 -1.613461670340E-01 -1.635277960404E-01 -1.657386426700E-01
 -1.679803419816E-01 -1.702517700848E-01 -1.725553299349E-01 -1.748891343001E-01
 -1.772563940096E-01 -1.796545037152E-01 -1.820872678240E-01 -1.845518668182E-01
 -1.870517843568E-01 -1.895848347640E-01 -1.921538753806E-01 -1.947573874700E-01
 -1.973975704352E-01 -2.000736016906E-01 -2.027869952992E-01 -2.055376491997E-01
 -2.083263699175E-01 -2.111537944079E-01 -2.140200057453E-01 -2.169263913773E-01
 -2.198723024674E-01 -2.228598801931E-01 -2.258877440573E-01 -2.289587826596E-01
 -2.320708941427E-01 -2.352276972878E-01 -2.384263906461E-01 -2.416712935509E-01
 -2.449590019230E-01 -2.482943053856E-01 -2.516736883497E-01 -2.551015239293E-01
 -2.585749927137E-01 -2.620977894887E-01 -2.656677736989E-01 -2.692879827468E-01
 -2.729569253654E-01 -2.766770152267E-01 -2.804473672537E-01 -2.842698190430E-01
 -2.881440338018E-01 -2.920713359853E-01 -2.960518631298E-01 -3.000865059948E-01
 -3.041757852590E-01 -3.083202551089E-01 -3.125207098522E-01 -3.167774829683E-01
 -3.210915135753E-01 -3.254630499956E-01 -3.298930272026E-01 -3.343817643738E-01
 -3.389300226002E-01 -3.435383689718E-01 -3.482071997444E-01 -3.529375283779E-01
 -3.577291739447E-01 -3.625838162218E-01 -3.675004634589E-01 -3.724817029790E-01
 -3.775254777003E-01 -3.826354789527E-01 -3.878085062500E-01 -3.930492301041E-01
 -3.983537088958E-01 -4.037271476150E-01 -4.091651069255E-01 -4.146731766191E-01
 -4.202465759066E-01 -4.258911137450E-01 -4.316018401831E-01 -4.373846026314E-01
 -4.432344693127E-01 -4.491571314953E-01 -4.551478766639E-01 -4.612120329630E-01
 -4.673453203716E-01 -4.735524863541E-01 -4.798299068369E-01 -4.861815225879E-01
 -4.926045969292E-01 -4.991020318593E-01 -5.056722150212E-01 -5.123167741935E-01
 -5.190354609567E-01 -5.258283929607E-01 -5.326969250090E-01 -5.396394313860E-01
 -5.466591058500E-01 -5.537523520518E-01 -5.609244315027E-01 -5.681695593377E-01
 -5.754952832018E-01 -5.828934246985E-01 -5.903740220366E-01 -5.979263146234E-01
 -6.055630181944E-01 -6.132706210699E-01 -6.210646825725E-01 -6.289287941099E-01
 -6.368815004674E-01 -6.449033764690E-01 -6.530160669978E-01 -6.611970395892E-01
 -6.694711238638E-01 -6.778126207905E-01 -6.862495969929E-01 -6.947531610603E-01
 -7.033546345781E-01 -7.120219429521E-01 -7.207896449672E-01 -7.296225280379E-01
 -7.385583338305E-01 -7.475587933258E-01 -7.566647400003E-01 -7.658349660286E-01
 -7.751132693601E-01 -7.844556560589E-01 -7.939079778038E-01 -8.034258856198E-01
 -8.130544800415E-01 -8.227511152739E-01 -8.325588539727E-01 -8.424372658973E-01
 -8.524272638775E-01 -8.624907359647E-01 -8.726663584902E-01 -8.829184136711E-01
 -8.932832802607E-01 -9.037276834677E-01 -9.142856688504E-01 -9.249264266810E-01
 -9.356816585851E-01 -9.465230159921E-01 -9.574798697051E-01 -9.685263036756E-01
 -9.796893933808E-01 -9.909456036357E-01 -1.002319770609E+00 -1.013790667426E+00
 -1.025380965258E+00 -1.037071654599E+00 -1.048883331687E+00 -1.060799097898E+00
 -1.072837577552E+00 -1.084983863967E+00 -1.097254722554E+00 -1.109637110453E+00
 -1.122146054080E+00 -1.134770240491E+00 -1.147523080841E+00 -1.160394855797E+00
 -1.173397485786E+00 -1.186522709695E+00 -1.199781079699E+00 -1.213165661575E+00
 -1.226685757082E+00 -1.240335634450E+00 -1.254123455993E+00 -1.268044577355E+00
 -1.282106123712E+00 -1.296304434499E+00 -1.310645690162E+00 -1.325127123182E+00
 -1.339754051155E+00 -1.354524522576E+00 -1.369443063615E+00 -1.384508475582E+00
 -1.399724555020E+00 -1.415090806038E+00 -1.430610349388E+00 -1.446283353644E+00
 -1.462112312178E+00 -1.478098029006E+00 -1.494242416555E+00 -1.510546891253E+00
 -1.527012833452E+00 -1.543642250697E+00 -1.560436047925E+00 -1.577396798998E+00
 -1.594525004217E+00 -1.611823769250E+00 -1.629293281935E+00 -1.646937128337E+00
 -1.664755305601E+00 -1.682751803766E+00 -1.700926589720E+00 -1.719283947033E+00
 -1.737824021291E+00 -1.756551235308E+00 -1.775466181416E+00 -1.794573212984E+00
 -1.813873707367E+00 -1.833371674238E+00 -1.853069696078E+00 -1.872971087398E+00
 -1.893080149603E+00 -1.913399061418E+00 -1.933934462615E+00 -1.954686854277E+00
 -1.975665951478E+00 -1.996869922587E+00 -2.018312423888E+00 -2.039988511078E+00
 -2.061916787414E+00 -2.084088279984E+00 -2.106527694608E+00 -2.129220967599E+00
 -2.152200221487E+00 -2.175445084356E+00 -2.198996575201E+00 -2.222826633623E+00
 -2.246986825316E+00 -2.271439852867E+00 -2.296249651359E+00 -2.321367966725E+00
 -2.346873096758E+00 -2.372703940609E+00 -2.398955315878E+00 -2.425551219505E+00
 -2.452605296225E+00 -2.480024431231E+00 -2.507943531643E+00 -2.536250026428E+00
 -2.565102614418E+00 -2.594366818558E+00 -2.624227704181E+00 -2.654526376265E+00
 -2.685476819664E+00 -2.716893207721E+00 -2.749020886045E+00 -2.781644662721E+00
 -2.815043456820E+00 -2.848970464803E+00 -2.883740016863E+00 -2.919071774880E+00
 -2.955316765613E+00 -2.992159683578E+00 -3.029988780610E+00 -3.068453036914E+00
 -3.107977477970E+00 -3.148175525894E+00 -3.189507325099E+00 -3.231552022731E+00
 -3.274801829556E+00 -3.318804232048E+00 -3.364078932623E+00 -3.410145849275E+00
 -3.457546078339E+00 -3.505777578414E+00 -3.555395401156E+00 -3.605882544559E+00
 -3.657799657326E+00 -3.710622814243E+00 -3.764909679208E+00 -3.820137862622E+00
 -3.876854203985E+00 -3.934545839939E+00 -3.993742856327E+00 -4.053948327394E+00
 -4.115672793424E+00 -4.178438890130E+00 -4.242739028002E+00 -4.308115133767E+00
 -4.375047765674E+00 -4.443093221647E+00 -4.512731335360E+00 -4.583523057331E+00
 -4.655962626522E+00 -4.729601775541E+00 -4.804966567852E+00 -4.881583001246E+00
 -4.960026239006E+00 -5.039779639285E+00 -5.121481742540E+00 -5.204558719482E+00
 -5.289720879386E+00 -5.376327875907E+00 -5.465161750316E+00 -5.555514122511E+00
 -5.648228381991E+00 -5.742536437481E+00 -5.839321126691E+00 -5.937774109636E+00
 -6.038783802082E+00 -6.141532794396E+00 -6.246869350196E+00 -6.354009867706E+00
 -6.463705338698E+00 -6.575260126735E+00 -6.689260083994E+00 -6.805162351385E+00
 -6.923309711335E+00 -7.043386855341E+00 -7.165406194396E+00 -7.289363999295E+00
 -7.414846384078E+00 -7.542253729624E+00 -7.670642238801E+00 -7.800916517858E+00
 -7.931492869648E+00 -8.063886563378E+00 -8.195759564637E+00 -8.329348733575E+00
 -8.461445608522E+00 -8.595121406041E+00 -8.726183424465E+00 -8.858648104933E+00
 -8.987232290510E+00 -9.117001547698E+00 -9.241490583746E+00 -9.366904392005E+00
 -9.485527125242E+00 -9.604771536649E+00 -9.715636671036E+00 -9.826779206583E+00
 -9.927924829318E+00 -1.002896613996E+01 -1.011842756622E+01 -1.020737186450E+01
 -1.028326984511E+01 -1.035821613605E+01 -1.041886663870E+01 -1.047812190270E+01
 -1.052216731719E+01 -1.056438137802E+01 -1.059094093330E+01 -1.061526059918E+01
 -1.062409477858E+01 -1.063033173102E+01 -1.062201121505E+01 -1.061081370966E+01
 -1.058687741406E+01 -1.055988968661E+01 -1.052296814131E+01 -1.048295279913E+01
 -1.043682142474E+01 -1.038770800332E+01 -1.033721823091E+01 -1.028402389162E+01
 -1.023483618106E+01 -1.018337977237E+01 -1.014138805201E+01 -1.009768297881E+01
 -1.006797050412E+01 -1.003713057684E+01 -1.002222783801E+01 -1.000664856631E+01
 -1.000377037419E+01 -1.000025173180E+01 -1.000070969830E+01 -1.000001979294E+01
 -1.000068496352E+01 -1.000003389832E+01 -1.000070117764E+01 -1.000004557634E+01
 -1.000071315028E+01 -1.000005386495E+01 -1.000072207519E+01 -1.000005952651E+01
 -1.000072862803E+01 -1.000006316684E+01 -1.000073335776E+01 -1.000006527530E+01
 -1.000073670587E+01 -1.000006624296E+01 -1.000073902354E+01 -1.000006637863E+01
 -1.000074058667E+01 -1.000006592296E+01 -1.000074160903E+01 -1.000006506058E+01
 -1.000074225358E+01 -1.000006393060E+01 -1.000074264219E+01 -1.000006263558E+01
 -1.000074286398E+01 -1.000006124922E+01 -1.000074298239E+01 -1.000005982276E+01
 -1.000074304107E+01 -1.000005839040E+01 -1.000074306884E+01 -1.000005697380E+01
 -1.000074308372E+01 -1.000005558559E+01 -1.000074309611E+01 -1.000005423228E+01
 -1.000074311135E+01 -1.000005291635E+01 -1.000074313149E+01 -1.000005163787E+01
 -1.000074315674E+01 -1.000005039560E+01 -1.000074318633E+01 -1.000004918773E+01
 -1.000074321910E+01 -1.000004801228E+01 -1.000074325389E+01 -1.000004686742E+01
 -1.000074328966E+01 -1.000004575152E+01 -1.000000000000E+01 -1.000000000000E+01
 -1.000000000000E+01 -1.000000000000E+01 -1.000000000000E+01 -1.000000000000E+01
 -1.000000000000E+01 -1.000000000000E+01 -1.000000000000E+01 -1.000000000000E+01
 -1.000000000000E+01 -1.000000000000E+01 -1.000000000000E+01 -1.000000000000E+01
 -1.000000000000E+01 -1.000000000000E+01 -1.000000000000E+01 -1.000000000000E+01
 -1.000000000000E+01 -1.000000000000E+01 -1.000000000000E+01 -1.000000000000E+01
 -1.000000000000E+01 -1.000000000000E+01 -1.000000000000E+01 -1.000000000000E+01
 -1.000000000000E+01 -1.000000000000E+01 -1.000000000000E+01 -1.000000000000E+01
 -1.000000000000E+01 -1.000000000000E+01 -1.000000000000E+01 -1.000000000000E+01
 -1.000000000000E+01 -1.000000000000E+01 -1.000000000000E+01 -1.000000000000E+01
 -1.000000000000E+01 -1.000000000000E+01 -1.000000000000E+01 -1.000000000000E+01
 -1.000000000000E+01 -1.000000000000E+01 -1.000000000000E+01 -1.000000000000E+01
 -1.000000000000E+01 -1.000000000000E+01 -1.000000000000E+01 -1.000000000000E+01
 -1.000000000000E+01 -1.000000000000E+01 -1.000000000000E+01 -1.000000000000E+01
 -1.000000000000E+01 -1.000000000000E+01 -1.000000000000E+01 -1.000000000000E+01
 -1.000000000000E+01 -1.000000000000E+01 -1.000000000000E+01 -1.000000000000E+01
 -1.000000000000E+01 -1.000000000000E+01 -1.000000000000E+01 -1.000000000000E+01
 -1.000000000000E+01 -1.000000000000E+01 -1.000000000000E+01 -1.000000000000E+01
 -1.000000000000E+01 -1.000000000000E+01 -1.000000000000E+01 -1.000000000000E+01
 -1.000000000000E+01 -1.000000000000E+01 -1.000000000000E+01 -1.000000000000E+01
 -1.000000000000E+01 -1.000000000000E+01 -1.000000000000E+01 -1.000000000000E+01
 -1.000000000000E+01 -1.000000000000E+01 -1.000000000000E+01 -1.000000000000E+01
 -1.000000000000E+01 -1.000000000000E+01 -1.000000000000E+01 -1.000000000000E+01
 -1.000000000000E+01 -1.000000000000E+01 -1.000000000000E+01 -1.000000000000E+01
 -1.000000000000E+01 -1.000000000000E+01 -1.000000000000E+01 -1.000000000000E+01
 -1.000000000000E+01 -1.000000000000E+01 -1.000000000000E+01 -1.000000000000E+01
 -1.000000000000E+01 -1.000000000000E+01 -1.000000000000E+01 -1.000000000000E+01
 -1.000000000000E+01 -1.000000000000E+01 -1.000000000000E+01 -1.000000000000E+01
 -1.000000000000E+01 -1.000000000000E+01 -1.000000000000E+01 -1.000000000000E+01
 -1.000000000000E+01 -1.000000000000E+01 -1.000000000000E+01 -1.000000000000E+01
 -1.000000000000E+01 -1.000000000000E+01 -1.000000000000E+01 -1.000000000000E+01
 -1.000000000000E+01 -1.000000000000E+01 -1.000000000000E+01 -1.000000000000E+01
 -1.000000000000E+01 -1.000000000000E+01 -1.000000000000E+01 -1.000000000000E+01
 -1.000000000000E+01 -1.000000000000E+01 -1.000000000000E+01 -1.000000000000E+01
 -1.000000000000E+01 -1.000000000000E+01 -1.000000000000E+01 -1.000000000000E+01
 -1.000000000000E+01 -1.000000000000E+01 -1.000000000000E+01 -1.000000000000E+01
 -1.000000000000E+01 -1.000000000000E+01 -1.000000000000E+01 -1.000000000000E+01
 -1.000000000000E+01 -1.000000000000E+01 -1.000000000000E+01 -1.000000000000E+01
 -1.000000000000E+01 -1.000000000000E+01 -1.000000000000E+01 -1.000000000000E+01
 -1.000000000000E+01 -1.000000000000E+01 -1.000000000000E+01 -1.000000000000E+01
 -1.000000000000E+01 -1.000000000000E+01 -1.000000000000E+01 -1.000000000000E+01
 -1.000000000000E+01 -1.000000000000E+01 -1.000000000000E+01 -1.000000000000E+01
 -1.000000000000E+01 -1.000000000000E+01 -1.000000000000E+01 -1.000000000000E+01
 -1.000000000000E+01 -1.000000000000E+01 -1.000000000000E+01 -1.000000000000E+01
 -1.000000000000E+01 -1.000000000000E+01 -1.000000000000E+01 -1.000000000000E+01
 -1.000000000000E+01 -1.000000000000E+01 -1.000000000000E+01 -1.000000000000E+01
 -1.000000000000E+01 -1.000000000000E+01 -1.000000000000E+01 -1.000000000000E+01
 -1.000000000000E+01 -1.000000000000E+01 -1.000000000000E+01 -1.000000000000E+01
 -1.000000000000E+01 -1.000000000000E+01 -1.000000000000E+01 -1.000000000000E+01
 -1.000000000000E+01 -1.000000000000E+01 -1.000000000000E+01 -1.000000000000E+01
 -1.000000000000E+01 -1.000000000000E+01 -1.000000000000E+01 -1.000000000000E+01
 -1.000000000000E+01 -1.000000000000E+01 -1.000000000000E+01 -1.000000000000E+01
 -1.000000000000E+01 -1.000000000000E+01 -1.000000000000E+01 -1.000000000000E+01
 -1.000000000000E+01 -1.000000000000E+01 -1.000000000000E+01 -1.000000000000E+01
 -1.000000000000E+01 -1.000000000000E+01 -1.000000000000E+01 -1.000000000000E+01
 -1.000000000000E+01 -1.000000000000E+01 -1.000000000000E+01 -1.000000000000E+01
 -1.000000000000E+01 -1.000000000000E+01 -1.000000000000E+01 -1.000000000000E+01
 -1.000000000000E+01 -1.000000000000E+01 -1.000000000000E+01 -1.000000000000E+01
 -1.000000000000E+01 -1.000000000000E+01 -1.000000000000E+01 -1.000000000000E+01
 -1.000000000000E+01 -1.000000000000E+01 -1.000000000000E+01 -1.000000000000E+01
 -1.000000000000E+01 -1.000000000000E+01 -1.000000000000E+01 -1.000000000000E+01
 -1.000000000000E+01 -1.000000000000E+01 -1.000000000000E+01 -1.000000000000E+01
 -1.000000000000E+01 -1.000000000000E+01 -1.000000000000E+01 -1.000000000000E+01
 -1.000000000000E+01 -1.000000000000E+01 -1.000000000000E+01 -1.000000000000E+01
 -1.000000000000E+01 -1.000000000000E+01 -1.000000000000E+01 -1.000000000000E+01
 -1.000000000000E+01 -1.000000000000E+01 -1.000000000000E+01 -1.000000000000E+01
 -1.000000000000E+01 -1.000000000000E+01 -1.000000000000E+01 -1.000000000000E+01
 -1.000000000000E+01 -1.000000000000E+01 -1.000000000000E+01 -1.000000000000E+01
 -1.000000000000E+01 -1.000000000000E+01 -1.000000000000E+01 -1.000000000000E+01
 -1.000000000000E+01
 Pseudopotential follows (l on next line)
 1
 -3.012642033870E-04 -6.062263331612E-04 -9.149317894724E-04 -1.227426530313E-03
 -1.543757078391E-03 -1.863970528092E-03 -2.188114552521E-03 -2.516237410643E-03
 -2.848387954498E-03 -3.184615636520E-03 -3.524970516938E-03 -3.869503271273E-03
 -4.218265197927E-03 -4.571308225867E-03 -4.928684922409E-03 -5.290448501090E-03
 -5.656652829648E-03 -6.027352438097E-03 -6.402602526902E-03 -6.782458975261E-03
 -7.166978349484E-03 -7.556217911484E-03 -7.950235627370E-03 -8.349090176148E-03
 -8.752840958533E-03 -9.161548105871E-03 -9.575272489172E-03 -9.994075728257E-03
 -1.041802020102E-02 -1.084716905282E-02 -1.128158620594E-02 -1.172133636927E-02
 -1.216648504796E-02 -1.261709855335E-02 -1.307324401294E-02 -1.353498938049E-02
 -1.400240344624E-02 -1.447555584733E-02 -1.495451707827E-02 -1.543935850156E-02
 -1.593015235849E-02 -1.642697178004E-02 -1.692989079789E-02 -1.743898435565E-02
 -1.795432832017E-02 -1.847599949300E-02 -1.900407562202E-02 -1.953863541319E-02
 -2.007975854251E-02 -2.062752566804E-02 -2.118201844214E-02 -2.174331952387E-02
 -2.231151259148E-02 -2.288668235519E-02 -2.346891456996E-02 -2.405829604861E-02
 -2.465491485525E-02 -2.525885980047E-02 -2.587022086054E-02 -2.648908920604E-02
 -2.711555713142E-02 -2.774971806869E-02 -2.839166669235E-02 -2.904149879382E-02
 -2.969931123203E-02 -3.036520213903E-02 -3.103927085642E-02 -3.172161794997E-02
 -3.241234522454E-02 -3.311155573893E-02 -3.381935382106E-02 -3.453584510647E-02
 -3.526113726074E-02 -3.599533789043E-02 -3.673855657265E-02 -3.749090423276E-02
 -3.825249316033E-02 -3.902343702516E-02 -3.980385234631E-02 -4.059385441779E-02
 -4.139356116725E-02 -4.220309198080E-02 -4.302256771707E-02 -4.385211295339E-02
 -4.469184964327E-02 -4.554190317511E-02 -4.640240047316E-02 -4.727347182890E-02
 -4.815524715294E-02 -4.904785694637E-02 -4.995143450794E-02 -5.086611700194E-02
 -5.179204117518E-02 -5.272934355044E-02 -5.367816411435E-02 -5.463864871502E-02
 -5.561093867046E-02 -5.659517797921E-02 -5.759151482755E-02 -5.860010288389E-02
 -5.962108772784E-02 -6.065462186652E-02 -6.170086620486E-02 -6.275997360534E-02
 -6.383210033817E-02 -6.491741138696E-02 -6.601607054928E-02 -6.712823683032E-02
 -6.825407990531E-02 -6.939377425106E-02 -7.054748192764E-02 -7.171537819088E-02
 -7.289764747264E-02 -7.409445542476E-02 -7.530598412872E-02 -7.653242663035E-02
 -7.777395299603E-02 -7.903075383209E-02 -8.030302865765E-02 -8.159095314743E-02
 -8.289472870528E-02 -8.421455815987E-02 -8.555062446325E-02 -8.690314280803E-02
 -8.827231487347E-02 -8.965833316052E-02 -9.106143053512E-02 -9.248180144367E-02
 -9.391965282874E-02 -9.537523462498E-02 -9.684873153378E-02 -9.834037881290E-02
 -9.985041451148E-02 -1.013790382807E-01 -1.029265133871E-01 -1.044930550336E-01
 -1.060788879919E-01 -1.076842972251E-01 -1.093094755175E-01 -1.109546967623E-01
 -1.126202118784E-01 -1.143062392463E-01 -1.160130991765E-01 -1.177409895342E-01
 -1.194901960455E-01 -1.212610009974E-01 -1.230536231910E-01 -1.248684126632E-01
 -1.267055760012E-01 -1.285654188781E-01 -1.304482445861E-01 -1.323542769122E-01
 -1.342839094419E-01 -1.362373381358E-01 -1.382149103580E-01 -1.402169312665E-01
 -1.422436480904E-01 -1.442954884792E-01 -1.463726365889E-01 -1.484755055504E-01
 -1.506043708079E-01 -1.527595436736E-01 -1.549414356843E-01 -1.571502514753E-01
 -1.593864944169E-01 -1.616503614302E-01 -1.639422804512E-01 -1.662625966751E-01
 -1.686115995148E-01 -1.709898002392E-01 -1.733973707748E-01 -1.758348906411E-01
 -1.783025636890E-01 -1.808008640993E-01 -1.833301726732E-01 -1.858907968171E-01
 -1.884833152325E-01 -1.911078777962E-01 -1.937651924529E-01 -1.964553966040E-01
 -1.991790914811E-01 -2.019366196927E-01 -2.047283880846E-01 -2.075549686055E-01
 -2.104165492967E-01 -2.133139575333E-01 -2.162472271726E-01 -2.192171960894E-01
 -2.222240340076E-01 -2.252683921730E-01 -2.283506971675E-01 -2.314713549228E-01
 -2.346310780903E-01 -2.378299977632E-01 -2.410691440834E-01 -2.443484410257E-01
 -2.476689715091E-01 -2.510307838458E-01 -2.544347490651E-01 -2.578812225704E-01
 -2.613707811599E-01 -2.649041213401E-01 -2.684814913833E-01 -2.721039652655E-01
 -2.757714260712E-01 -2.794853640375E-01 -2.832454373696E-01 -2.870530556292E-01
 -2.909081826958E-01 -2.948119100876E-01 -2.987645864100E-01 -3.027669334139E-01
 -3.068197245498E-01 -3.109232715264E-01 -3.150788150813E-01 -3.192862143032E-01
 -3.235472219728E-01 -3.278612842661E-01 -3.322304593380E-01 -3.366541565438E-01
 -3.411341956400E-01 -3.456704319065E-01 -3.502642579483E-01 -3.549160188047E-01
 -3.596266362374E-01 -3.643969907211E-01 -3.692274877151E-01 -3.741195904981E-01
 -3.790731411671E-01 -3.840902346727E-01 -3.891701013016E-01 -3.943155178019E-01
 -3.995252450192E-01 -4.048022167600E-01 -4.101453823825E-01 -4.155572949876E-01
 -4.210374631847E-01 -4.265879066683E-01 -4.322087385762E-01 -4.379014008099E-01
 -4.436666564143E-01 -4.495053252012E-01 -4.554188651296E-01 -4.614074302170E-01
 -4.674732174225E-01 -4.736156724378E-01 -4.798377737571E-01 -4.861382180522E-01
 -4.925208056192E-01 -4.989835297087E-01 -5.055307985001E-01 -5.121604059881E-01
 -5.188764545715E-01 -5.256773870623E-01 -5.325666950088E-01 -5.395435034607E-01
 -5.466106619265E-01 -5.537680072284E-01 -5.610177198827E-01 -5.683603731789E-01
 -5.757974569147E-01 -5.833302996567E-01 -5.909596850652E-01 -5.986877087725E-01
 -6.065144403617E-01 -6.144427460740E-01 -6.224719822147E-01 -6.306057796207E-01
 -6.388427922016E-01 -6.471873984323E-01 -6.556375722104E-01 -6.641984102862E-01
 -6.728673040849E-01 -6.816498388483E-01 -6.905433147307E-01 -6.995529201248E-01
 -7.086766710845E-01 -7.179190982346E-01 -7.272789165619E-01 -7.367600205095E-01
 -7.463617947713E-01 -7.560875319439E-01 -7.659372436509E-01 -7.759136690258E-01
 -7.860173890122E-01 -7.962506529948E-01 -8.066145375473E-01 -8.171108825906E-01
 -8.277411693692E-01 -8.385069263684E-01 -8.494099301715E-01 -8.604515146760E-01
 -8.716336231116E-01 -8.829575314047E-01 -8.944252005387E-01 -9.060380056442E-01
 -9.177977557048E-01 -9.297061033863E-01 -9.417645146140E-01 -9.539751194444E-01
 -9.663388281835E-01 -9.788584697663E-01 -9.915341649027E-01 -1.004369684338E+00
 -1.017364104193E+00 -1.030522334683E+00 -1.043842330676E+00 -1.057330015291E+00
 -1.070982629587E+00 -1.084806661312E+00 -1.098798883533E+00 -1.112966199203E+00
 -1.127305070864E+00 -1.141822651197E+00 -1.156515265853E+00 -1.171390136567E+00
 -1.186443640927E+00 -1.201682875029E+00 -1.217104471162E+00 -1.232715192529E+00
 -1.248512141231E+00 -1.264501529560E+00 -1.280681154998E+00 -1.297056452213E+00
 -1.313626147904E+00 -1.330394666075E+00 -1.347361902276E+00 -1.364531033102E+00
 -1.381903365642E+00 -1.399480591513E+00 -1.417265672121E+00 -1.435258578764E+00
 -1.453464166878E+00 -1.471880457562E+00 -1.490514433619E+00 -1.509361944869E+00
 -1.528432325040E+00 -1.547719043777E+00 -1.567233996082E+00 -1.586968078083E+00
 -1.606935939790E+00 -1.627125729336E+00 -1.647555025544E+00 -1.668209076083E+00
 -1.689108539327E+00 -1.710235634954E+00 -1.731614225672E+00 -1.753223403204E+00
 -1.775090330855E+00 -1.797190902252E+00 -1.819555646866E+00 -1.842157221700E+00
 -1.865029555592E+00 -1.888142063287E+00 -1.911532072674E+00 -1.935165784167E+00
 -1.959083890365E+00 -1.983249438862E+00 -2.007706418764E+00 -2.032414819238E+00
 -2.057421824724E+00 -2.082684491779E+00 -2.108252295630E+00 -2.134081831474E+00
 -2.160222004505E+00 -2.186631051602E+00 -2.213355993934E+00 -2.240357228718E+00
 -2.267679786196E+00 -2.295286322175E+00 -2.323219793974E+00 -2.351445187560E+00
 -2.380003330415E+00 -2.408861583475E+00 -2.438058612266E+00 -2.467564171166E+00
 -2.497414755642E+00 -2.527582506590E+00 -2.558101764073E+00 -2.588947024623E+00
 -2.620150508576E+00 -2.651689015192E+00 -2.683592699605E+00 -2.715840591268E+00
 -2.748460850889E+00 -2.781434648769E+00 -2.814788235250E+00 -2.848504818536E+00
 -2.882608832658E+00 -2.917085410709E+00 -2.951957270904E+00 -2.987211351922E+00
 -3.022868759363E+00 -3.058918115874E+00 -3.095379016483E+00 -3.132241647944E+00
 -3.169524191687E+00 -3.207218284583E+00 -3.245340782508E+00 -3.283884668356E+00
 -3.322865547807E+00 -3.362277659504E+00 -3.402135418017E+00 -3.442434244983E+00
 -3.483187403370E+00 -3.524391445968E+00 -3.566058501068E+00 -3.608186224767E+00
 -3.650785602395E+00 -3.693855392146E+00 -3.737405400694E+00 -3.781435515966E+00
 -3.825954301111E+00 -3.870962832002E+00 -3.916468332941E+00 -3.962473157734E+00
 -4.008983065272E+00 -4.056001809759E+00 -4.103533526543E+00 -4.151583525350E+00
 -4.200154128424E+00 -4.249252388487E+00 -4.298878594237E+00 -4.349041760451E+00
 -4.399739891871E+00 -4.450984214805E+00 -4.502770170844E+00 -4.555111476225E+00
 -4.608000702768E+00 -4.661454362247E+00 -4.715461824065E+00 -4.770042726514E+00
 -4.825182879208E+00 -4.880905401544E+00 -4.937192162242E+00 -4.994070138430E+00
 -5.051516853591E+00 -5.109563540124E+00 -5.168182948457E+00 -5.227410984238E+00
 -5.287215172292E+00 -5.347636530392E+00 -5.408636877933E+00 -5.470262806254E+00
 -5.532469918077E+00 -5.595310865489E+00 -5.658734485779E+00 -5.722800009762E+00
 -5.787448914650E+00 -5.852747565978E+00 -5.918629429317E+00 -5.985168608734E+00
 -6.052289835548E+00 -6.120075616760E+00 -6.188441138107E+00 -6.257478050665E+00
 -6.327091072790E+00 -6.397381837575E+00 -6.468243537183E+00 -6.539788746029E+00
 -6.611897902105E+00 -6.684695631649E+00 -6.758048182454E+00 -6.832093530356E+00
 -6.906682041820E+00 -6.981966570962E+00 -7.057779599652E+00 -7.134290672701E+00
 -7.211312002681E+00 -7.289031985387E+00 -7.367239713641E+00 -7.446145020436E+00
 -7.525510460242E+00 -7.605570410318E+00 -7.686056776331E+00 -7.767232222772E+00
 -7.848793056436E+00 -7.931034746047E+00 -8.013612036411E+00 -8.096858654839E+00
 -8.180380609895E+00 -8.264556467629E+00 -8.348934897480E+00 -8.433947219955E+00
 -8.519074508935E+00 -8.604810311970E+00 -8.690555986131E+00 -8.776878550016E+00
 -8.863085493121E+00 -8.949830498844E+00 -9.036310936594E+00 -9.123282397897E+00
 -9.209813856243E+00 -9.296780070373E+00 -9.383101613386E+00 -9.469791454563E+00
 -9.555600607050E+00 -9.641700584801E+00 -9.726651422232E+00 -9.811803998122E+00
 -9.895506911567E+00 -9.979310581718E+00 -1.006133416659E+01 -1.014334574226E+01
 -1.022322109326E+01 -1.030296042658E+01 -1.038018784544E+01 -1.045714495491E+01
 -1.053120272505E+01 -1.060484691373E+01 -1.067520143472E+01 -1.074499163771E+01
 -1.081110793978E+01 -1.087650328484E+01 -1.093785485140E+01 -1.099832435814E+01
 -1.105440133090E+01 -1.110943185933E+01 -1.115974707687E+01 -1.120884904483E+01
 -1.125294188935E+01 -1.129565281911E+01 -1.133309138936E+01 -1.136897788138E+01
 -1.139936043429E+01 -1.142801956730E+01 -1.145097638380E+01 -1.147203771874E+01
 -1.148723452086E+01 -1.150036382397E+01 -1.150750764028E+01 -1.151241318517E+01
 -1.151126120879E+01 -1.150770315205E+01 -1.149807474855E+01 -1.148587768579E+01
 -1.146766935588E+01 -1.144673782031E+01 -1.141994064234E+01 -1.139027703826E+01
 -1.135499591355E+01 -1.131672018469E+01 -1.127319407024E+01 -1.122656427088E+01
 -1.117518648342E+01 -1.112061932245E+01 -1.106195691074E+01 -1.100004725092E+01
 -1.093485833945E+01 -1.086639653732E+01 -1.079564443062E+01 -1.072163028440E+01
 -1.064649298104E+01 -1.056814490776E+01 -1.049001850257E+01 -1.040877638988E+01
 -1.032927064371E+01 -1.024679061640E+01 -1.016771474659E+01 -1.008585385621E+01
 -1.000919035632E+01 -9.929978952134E+00 -9.857843000464E+00 -9.783442287598E+00
 -9.718024081003E+00 -9.650666147459E+00 -9.594153353884E+00 -9.536060810380E+00
 -9.490538369297E+00 -9.443820797339E+00 -9.411145682147E+00 -9.377670505192E+00
 -9.359320083936E+00 -9.340556565248E+00 -9.337451323192E+00 -9.334288639155E+00
 -9.346593981094E+00 -9.359138471177E+00 -9.386057154535E+00 -9.413420997483E+00
 -9.452998887027E+00 -9.493104069173E+00 -9.542089143479E+00 -9.591528508879E+00
 -9.645348457763E+00 -9.699371974203E+00 -9.752331519297E+00 -9.805062909031E+00
 -9.850910468683E+00 -9.895949386887E+00 -9.929026643972E+00 -9.960657465648E+00
 -9.977929213659E+00 -9.993243827543E+00 -9.997556521484E+00 -9.999847745274E+00
 -1.000068496352E+01 -1.000003389832E+01 -1.000070117764E+01 -1.000004557634E+01
 -1.000071315028E+01 -1.000005386495E+01 -1.000072207519E+01 -1.000005952651E+01
 -1.000072862803E+01 -1.000006316684E+01 -1.000073335776E+01 -1.000006527530E+01
 -1.000073670587E+01 -1.000006624296E+01 -1.000073902354E+01 -1.000006637863E+01
 -1.000074058667E+01 -1.000006592296E+01 -1.000074160903E+01 -1.000006506058E+01
 -1.000074225358E+01 -1.000006393060E+01 -1.000074264219E+01 -1.000006263558E+01
 -1.000074286398E+01 -1.000006124922E+01 -1.000074298239E+01 -1.000005982276E+01
 -1.000074304107E+01 -1.000005839040E+01 -1.000074306884E+01 -1.000005697380E+01
 -1.000074308372E+01 -1.000005558559E+01 -1.000074309611E+01 -1.000005423228E+01
 -1.000074311135E+01 -1.000005291635E+01 -1.000074313149E+01 -1.000005163787E+01
 -1.000074315674E+01 -1.000005039560E+01 -1.000074318633E+01 -1.000004918773E+01
 -1.000074321910E+01 -1.000004801228E+01 -1.000074325389E+01 -1.000004686742E+01
 -1.000074328966E+01 -1.000004575152E+01 -1.000000000000E+01 -1.000000000000E+01
 -1.000000000000E+01 -1.000000000000E+01 -1.000000000000E+01 -1.000000000000E+01
 -1.000000000000E+01 -1.000000000000E+01 -1.000000000000E+01 -1.000000000000E+01
 -1.000000000000E+01 -1.000000000000E+01 -1.000000000000E+01 -1.000000000000E+01
 -1.000000000000E+01 -1.000000000000E+01 -1.000000000000E+01 -1.000000000000E+01
 -1.000000000000E+01 -1.000000000000E+01 -1.000000000000E+01 -1.000000000000E+01
 -1.000000000000E+01 -1.000000000000E+01 -1.000000000000E+01 -1.000000000000E+01
 -1.000000000000E+01 -1.000000000000E+01 -1.000000000000E+01 -1.000000000000E+01
 -1.000000000000E+01 -1.000000000000E+01 -1.000000000000E+01 -1.000000000000E+01
 -1.000000000000E+01 -1.000000000000E+01 -1.000000000000E+01 -1.000000000000E+01
 -1.000000000000E+01 -1.000000000000E+01 -1.000000000000E+01 -1.000000000000E+01
 -1.000000000000E+01 -1.000000000000E+01 -1.000000000000E+01 -1.000000000000E+01
 -1.000000000000E+01 -1.000000000000E+01 -1.000000000000E+01 -1.000000000000E+01
 -1.000000000000E+01 -1.000000000000E+01 -1.000000000000E+01 -1.000000000000E+01
 -1.000000000000E+01 -1.000000000000E+01 -1.000000000000E+01 -1.000000000000E+01
 -1.000000000000E+01 -1.000000000000E+01 -1.000000000000E+01 -1.000000000000E+01
 -1.000000000000E+01 -1.000000000000E+01 -1.000000000000E+01 -1.000000000000E+01
 -1.000000000000E+01 -1.000000000000E+01 -1.000000000000E+01 -1.000000000000E+01
 -1.000000000000E+01 -1.000000000000E+01 -1.000000000000E+01 -1.000000000000E+01
 -1.000000000000E+01 -1.000000000000E+01 -1.000000000000E+01 -1.000000000000E+01
 -1.000000000000E+01 -1.000000000000E+01 -1.000000000000E+01 -1.000000000000E+01
 -1.000000000000E+01 -1.000000000000E+01 -1.000000000000E+01 -1.000000000000E+01
 -1.000000000000E+01 -1.000000000000E+01 -1.000000000000E+01 -1.000000000000E+01
 -1.000000000000E+01 -1.000000000000E+01 -1.000000000000E+01 -1.000000000000E+01
 -1.000000000000E+01 -1.000000000000E+01 -1.000000000000E+01 -1.000000000000E+01
 -1.000000000000E+01 -1.000000000000E+01 -1.000000000000E+01 -1.000000000000E+01
 -1.000000000000E+01 -1.000000000000E+01 -1.000000000000E+01 -1.000000000000E+01
 -1.000000000000E+01 -1.000000000000E+01 -1.000000000000E+01 -1.000000000000E+01
 -1.000000000000E+01 -1.000000000000E+01 -1.000000000000E+01 -1.000000000000E+01
 -1.000000000000E+01 -1.000000000000E+01 -1.000000000000E+01 -1.000000000000E+01
 -1.000000000000E+01 -1.000000000000E+01 -1.000000000000E+01 -1.000000000000E+01
 -1.000000000000E+01 -1.000000000000E+01 -1.000000000000E+01 -1.000000000000E+01
 -1.000000000000E+01 -1.000000000000E+01 -1.000000000000E+01 -1.000000000000E+01
 -1.000000000000E+01 -1.000000000000E+01 -1.000000000000E+01 -1.000000000000E+01
 -1.000000000000E+01 -1.000000000000E+01 -1.000000000000E+01 -1.000000000000E+01
 -1.000000000000E+01 -1.000000000000E+01 -1.000000000000E+01 -1.000000000000E+01
 -1.000000000000E+01 -1.000000000000E+01 -1.000000000000E+01 -1.000000000000E+01
 -1.000000000000E+01 -1.000000000000E+01 -1.000000000000E+01 -1.000000000000E+01
 -1.000000000000E+01 -1.000000000000E+01 -1.000000000000E+01 -1.000000000000E+01
 -1.000000000000E+01 -1.000000000000E+01 -1.000000000000E+01 -1.000000000000E+01
 -1.000000000000E+01 -1.000000000000E+01 -1.000000000000E+01 -1.000000000000E+01
 -1.000000000000E+01 -1.000000000000E+01 -1.000000000000E+01 -1.000000000000E+01
 -1.000000000000E+01 -1.000000000000E+01 -1.000000000000E+01 -1.000000000000E+01
 -1.000000000000E+01 -1.000000000000E+01 -1.000000000000E+01 -1.000000000000E+01
 -1.000000000000E+01 -1.000000000000E+01 -1.000000000000E+01 -1.000000000000E+01
 -1.000000000000E+01 -1.000000000000E+01 -1.000000000000E+01 -1.000000000000E+01
 -1.000000000000E+01 -1.000000000000E+01 -1.000000000000E+01 -1.000000000000E+01
 -1.000000000000E+01 -1.000000000000E+01 -1.000000000000E+01 -1.000000000000E+01
 -1.000000000000E+01 -1.000000000000E+01 -1.000000000000E+01 -1.000000000000E+01
 -1.000000000000E+01 -1.000000000000E+01 -1.000000000000E+01 -1.000000000000E+01
 -1.000000000000E+01 -1.000000000000E+01 -1.000000000000E+01 -1.000000000000E+01
 -1.000000000000E+01 -1.000000000000E+01 -1.000000000000E+01 -1.000000000000E+01
 -1.000000000000E+01 -1.000000000000E+01 -1.000000000000E+01 -1.000000000000E+01
 -1.000000000000E+01 -1.000000000000E+01 -1.000000000000E+01 -1.000000000000E+01
 -1.000000000000E+01 -1.000000000000E+01 -1.000000000000E+01 -1.000000000000E+01
 -1.000000000000E+01 -1.000000000000E+01 -1.000000000000E+01 -1.000000000000E+01
 -1.000000000000E+01 -1.000000000000E+01 -1.000000000000E+01 -1.000000000000E+01
 -1.000000000000E+01 -1.000000000000E+01 -1.000000000000E+01 -1.000000000000E+01
 -1.000000000000E+01 -1.000000000000E+01 -1.000000000000E+01 -1.000000000000E+01
 -1.000000000000E+01 -1.000000000000E+01 -1.000000000000E+01 -1.000000000000E+01
 -1.000000000000E+01 -1.000000000000E+01 -1.000000000000E+01 -1.000000000000E+01
 -1.000000000000E+01 -1.000000000000E+01 -1.000000000000E+01 -1.000000000000E+01
 -1.000000000000E+01 -1.000000000000E+01 -1.000000000000E+01 -1.000000000000E+01
 -1.000000000000E+01 -1.000000000000E+01 -1.000000000000E+01 -1.000000000000E+01
 -1.000000000000E+01 -1.000000000000E+01 -1.000000000000E+01 -1.000000000000E+01
 -1.000000000000E+01 -1.000000000000E+01 -1.000000000000E+01 -1.000000000000E+01
 -1.000000000000E+01 -1.000000000000E+01 -1.000000000000E+01 -1.000000000000E+01
 -1.000000000000E+01 -1.000000000000E+01 -1.000000000000E+01 -1.000000000000E+01
 -1.000000000000E+01 -1.000000000000E+01 -1.000000000000E+01 -1.000000000000E+01
 -1.000000000000E+01
 Core charge follows
  0.000000000000E+00  0.000000000000E+00  0.000000000000E+00  0.000000000000E+00
  0.000000000000E+00  0.000000000000E+00  0.000000000000E+00  0.000000000000E+00
  0.000000000000E+00  0.000000000000E+00  0.000000000000E+00  0.000000000000E+00
  0.000000000000E+00  0.000000000000E+00  0.000000000000E+00  0.000000000000E+00
  0.000000000000E+00  0.000000000000E+00  0.000000000000E+00  0.000000000000E+00
  0.000000000000E+00  0.000000000000E+00  0.000000000000E+00  0.000000000000E+00
  0.000000000000E+00  0.000000000000E+00  0.000000000000E+00  0.000000000000E+00
  0.000000000000E+00  0.000000000000E+00  0.000000000000E+00  0.000000000000E+00
  0.000000000000E+00  0.000000000000E+00  0.000000000000E+00  0.000000000000E+00
  0.000000000000E+00  0.000000000000E+00  0.000000000000E+00  0.000000000000E+00
  0.000000000000E+00  0.000000000000E+00  0.000000000000E+00  0.000000000000E+00
  0.000000000000E+00  0.000000000000E+00  0.000000000000E+00  0.000000000000E+00
  0.000000000000E+00  0.000000000000E+00  0.000000000000E+00  0.000000000000E+00
  0.000000000000E+00  0.000000000000E+00  0.000000000000E+00  0.000000000000E+00
  0.000000000000E+00  0.000000000000E+00  0.000000000000E+00  0.000000000000E+00
  0.000000000000E+00  0.000000000000E+00  0.000000000000E+00  0.000000000000E+00
  0.000000000000E+00  0.000000000000E+00  0.000000000000E+00  0.000000000000E+00
  0.000000000000E+00  0.000000000000E+00  0.000000000000E+00  0.000000000000E+00
  0.000000000000E+00  0.000000000000E+00  0.000000000000E+00  0.000000000000E+00
  0.000000000000E+00  0.000000000000E+00  0.000000000000E+00  0.000000000000E+00
  0.000000000000E+00  0.000000000000E+00  0.000000000000E+00  0.000000000000E+00
  0.000000000000E+00  0.000000000000E+00  0.000000000000E+00  0.000000000000E+00
  0.000000000000E+00  0.000000000000E+00  0.000000000000E+00  0.000000000000E+00
  0.000000000000E+00  0.000000000000E+00  0.000000000000E+00  0.000000000000E+00
  0.000000000000E+00  0.000000000000E+00  0.000000000000E+00  0.000000000000E+00
  0.000000000000E+00  0.000000000000E+00  0.000000000000E+00  0.000000000000E+00
  0.000000000000E+00  0.000000000000E+00  0.000000000000E+00  0.000000000000E+00
  0.000000000000E+00  0.000000000000E+00  0.000000000000E+00  0.000000000000E+00
  0.000000000000E+00  0.000000000000E+00  0.000000000000E+00  0.000000000000E+00
  0.000000000000E+00  0.000000000000E+00  0.000000000000E+00  0.000000000000E+00
  0.000000000000E+00  0.000000000000E+00  0.000000000000E+00  0.000000000000E+00
  0.000000000000E+00  0.000000000000E+00  0.000000000000E+00  0.000000000000E+00
  0.000000000000E+00  0.000000000000E+00  0.000000000000E+00  0.000000000000E+00
  0.000000000000E+00  0.000000000000E+00  0.000000000000E+00  0.000000000000E+00
  0.000000000000E+00  0.000000000000E+00  0.000000000000E+00  0.000000000000E+00
  0.000000000000E+00  0.000000000000E+00  0.000000000000E+00  0.000000000000E+00
  0.000000000000E+00  0.000000000000E+00  0.000000000000E+00  0.000000000000E+00
  0.000000000000E+00  0.000000000000E+00  0.000000000000E+00  0.000000000000E+00
  0.000000000000E+00  0.000000000000E+00  0.000000000000E+00  0.000000000000E+00
  0.000000000000E+00  0.000000000000E+00  0.000000000000E+00  0.000000000000E+00
  0.000000000000E+00  0.000000000000E+00  0.000000000000E+00  0.000000000000E+00
  0.000000000000E+00  0.000000000000E+00  0.000000000000E+00  0.000000000000E+00
  0.000000000000E+00  0.000000000000E+00  0.000000000000E+00  0.000000000000E+00
  0.000000000000E+00  0.000000000000E+00  0.000000000000E+00  0.000000000000E+00
  0.000000000000E+00  0.000000000000E+00  0.000000000000E+00  0.000000000000E+00
  0.000000000000E+00  0.000000000000E+00  0.000000000000E+00  0.000000000000E+00
  0.000000000000E+00  0.000000000000E+00  0.000000000000E+00  0.000000000000E+00
  0.000000000000E+00  0.000000000000E+00  0.000000000000E+00  0.000000000000E+00
  0.000000000000E+00  0.000000000000E+00  0.000000000000E+00  0.000000000000E+00
  0.000000000000E+00  0.000000000000E+00  0.000000000000E+00  0.000000000000E+00
  0.000000000000E+00  0.000000000000E+00  0.000000000000E+00  0.000000000000E+00
  0.000000000000E+00  0.000000000000E+00  0.000000000000E+00  0.000000000000E+00
  0.000000000000E+00  0.000000000000E+00  0.000000000000E+00  0.000000000000E+00
  0.000000000000E+00  0.000000000000E+00  0.000000000000E+00  0.000000000000E+00
  0.000000000000E+00  0.000000000000E+00  0.000000000000E+00  0.000000000000E+00
  0.000000000000E+00  0.000000000000E+00  0.000000000000E+00  0.000000000000E+00
  0.000000000000E+00  0.000000000000E+00  0.000000000000E+00  0.000000000000E+00
  0.000000000000E+00  0.000000000000E+00  0.000000000000E+00  0.000000000000E+00
  0.000000000000E+00  0.000000000000E+00  0.000000000000E+00  0.000000000000E+00
  0.000000000000E+00  0.000000000000E+00  0.000000000000E+00  0.000000000000E+00
  0.000000000000E+00  0.000000000000E+00  0.000000000000E+00  0.000000000000E+00
  0.000000000000E+00  0.000000000000E+00  0.000000000000E+00  0.000000000000E+00
  0.000000000000E+00  0.000000000000E+00  0.000000000000E+00  0.000000000000E+00
  0.000000000000E+00  0.000000000000E+00  0.000000000000E+00  0.000000000000E+00
  0.000000000000E+00  0.000000000000E+00  0.000000000000E+00  0.000000000000E+00
  0.000000000000E+00  0.000000000000E+00  0.000000000000E+00  0.000000000000E+00
  0.000000000000E+00  0.000000000000E+00  0.000000000000E+00  0.000000000000E+00
  0.000000000000E+00  0.000000000000E+00  0.000000000000E+00  0.000000000000E+00
  0.000000000000E+00  0.000000000000E+00  0.000000000000E+00  0.000000000000E+00
  0.000000000000E+00  0.000000000000E+00  0.000000000000E+00  0.000000000000E+00
  0.000000000000E+00  0.000000000000E+00  0.000000000000E+00  0.000000000000E+00
  0.000000000000E+00  0.000000000000E+00  0.000000000000E+00  0.000000000000E+00
  0.000000000000E+00  0.000000000000E+00  0.000000000000E+00  0.000000000000E+00
  0.000000000000E+00  0.000000000000E+00  0.000000000000E+00  0.000000000000E+00
  0.000000000000E+00  0.000000000000E+00  0.000000000000E+00  0.000000000000E+00
  0.000000000000E+00  0.000000000000E+00  0.000000000000E+00  0.000000000000E+00
  0.000000000000E+00  0.000000000000E+00  0.000000000000E+00  0.000000000000E+00
  0.000000000000E+00  0.000000000000E+00  0.000000000000E+00  0.000000000000E+00
  0.000000000000E+00  0.000000000000E+00  0.000000000000E+00  0.000000000000E+00
  0.000000000000E+00  0.000000000000E+00  0.000000000000E+00  0.000000000000E+00
  0.000000000000E+00  0.000000000000E+00  0.000000000000E+00  0.000000000000E+00
  0.000000000000E+00  0.000000000000E+00  0.000000000000E+00  0.000000000000E+00
  0.000000000000E+00  0.000000000000E+00  0.000000000000E+00  0.000000000000E+00
  0.000000000000E+00  0.000000000000E+00  0.000000000000E+00  0.000000000000E+00
  0.000000000000E+00  0.000000000000E+00  0.000000000000E+00  0.000000000000E+00
  0.000000000000E+00  0.000000000000E+00  0.000000000000E+00  0.000000000000E+00
  0.000000000000E+00  0.000000000000E+00  0.000000000000E+00  0.000000000000E+00
  0.000000000000E+00  0.000000000000E+00  0.000000000000E+00  0.000000000000E+00
  0.000000000000E+00  0.000000000000E+00  0.000000000000E+00  0.000000000000E+00
  0.000000000000E+00  0.000000000000E+00  0.000000000000E+00  0.000000000000E+00
  0.000000000000E+00  0.000000000000E+00  0.000000000000E+00  0.000000000000E+00
  0.000000000000E+00  0.000000000000E+00  0.000000000000E+00  0.000000000000E+00
  0.000000000000E+00  0.000000000000E+00  0.000000000000E+00  0.000000000000E+00
  0.000000000000E+00  0.000000000000E+00  0.000000000000E+00  0.000000000000E+00
  0.000000000000E+00  0.000000000000E+00  0.000000000000E+00  0.000000000000E+00
  0.000000000000E+00  0.000000000000E+00  0.000000000000E+00  0.000000000000E+00
  0.000000000000E+00  0.000000000000E+00  0.000000000000E+00  0.000000000000E+00
  0.000000000000E+00  0.000000000000E+00  0.000000000000E+00  0.000000000000E+00
  0.000000000000E+00  0.000000000000E+00  0.000000000000E+00  0.000000000000E+00
  0.000000000000E+00  0.000000000000E+00  0.000000000000E+00  0.000000000000E+00
  0.000000000000E+00  0.000000000000E+00  0.000000000000E+00  0.000000000000E+00
  0.000000000000E+00  0.000000000000E+00  0.000000000000E+00  0.000000000000E+00
  0.000000000000E+00  0.000000000000E+00  0.000000000000E+00  0.000000000000E+00
  0.000000000000E+00  0.000000000000E+00  0.000000000000E+00  0.000000000000E+00
  0.000000000000E+00  0.000000000000E+00  0.000000000000E+00  0.000000000000E+00
  0.000000000000E+00  0.000000000000E+00  0.000000000000E+00  0.000000000000E+00
  0.000000000000E+00  0.000000000000E+00  0.000000000000E+00  0.000000000000E+00
  0.000000000000E+00  0.000000000000E+00  0.000000000000E+00  0.000000000000E+00
  0.000000000000E+00  0.000000000000E+00  0.000000000000E+00  0.000000000000E+00
  0.000000000000E+00  0.000000000000E+00  0.000000000000E+00  0.000000000000E+00
  0.000000000000E+00  0.000000000000E+00  0.000000000000E+00  0.000000000000E+00
  0.000000000000E+00  0.000000000000E+00  0.000000000000E+00  0.000000000000E+00
  0.000000000000E+00  0.000000000000E+00  0.000000000000E+00  0.000000000000E+00
  0.000000000000E+00  0.000000000000E+00  0.000000000000E+00  0.000000000000E+00
  0.000000000000E+00  0.000000000000E+00  0.000000000000E+00  0.000000000000E+00
  0.000000000000E+00  0.000000000000E+00  0.000000000000E+00  0.000000000000E+00
  0.000000000000E+00  0.000000000000E+00  0.000000000000E+00  0.000000000000E+00
  0.000000000000E+00  0.000000000000E+00  0.000000000000E+00  0.000000000000E+00
  0.000000000000E+00  0.000000000000E+00  0.000000000000E+00  0.000000000000E+00
  0.000000000000E+00  0.000000000000E+00  0.000000000000E+00  0.000000000000E+00
  0.000000000000E+00  0.000000000000E+00  0.000000000000E+00  0.000000000000E+00
  0.000000000000E+00  0.000000000000E+00  0.000000000000E+00  0.000000000000E+00
  0.000000000000E+00  0.000000000000E+00  0.000000000000E+00  0.000000000000E+00
  0.000000000000E+00  0.000000000000E+00  0.000000000000E+00  0.000000000000E+00
  0.000000000000E+00  0.000000000000E+00  0.000000000000E+00  0.000000000000E+00
  0.000000000000E+00  0.000000000000E+00  0.000000000000E+00  0.000000000000E+00
  0.000000000000E+00  0.000000000000E+00  0.000000000000E+00  0.000000000000E+00
  0.000000000000E+00  0.000000000000E+00  0.000000000000E+00  0.000000000000E+00
  0.000000000000E+00  0.000000000000E+00  0.000000000000E+00  0.000000000000E+00
  0.000000000000E+00  0.000000000000E+00  0.000000000000E+00  0.000000000000E+00
  0.000000000000E+00  0.000000000000E+00  0.000000000000E+00  0.000000000000E+00
  0.000000000000E+00  0.000000000000E+00  0.000000000000E+00  0.000000000000E+00
  0.000000000000E+00  0.000000000000E+00  0.000000000000E+00  0.000000000000E+00
  0.000000000000E+00  0.000000000000E+00  0.000000000000E+00  0.000000000000E+00
  0.000000000000E+00  0.000000000000E+00  0.000000000000E+00  0.000000000000E+00
  0.000000000000E+00  0.000000000000E+00  0.000000000000E+00  0.000000000000E+00
  0.000000000000E+00  0.000000000000E+00  0.000000000000E+00  0.000000000000E+00
  0.000000000000E+00  0.000000000000E+00  0.000000000000E+00  0.000000000000E+00
  0.000000000000E+00  0.000000000000E+00  0.000000000000E+00  0.000000000000E+00
  0.000000000000E+00  0.000000000000E+00  0.000000000000E+00  0.000000000000E+00
  0.000000000000E+00  0.000000000000E+00  0.000000000000E+00  0.000000000000E+00
  0.000000000000E+00  0.000000000000E+00  0.000000000000E+00  0.000000000000E+00
  0.000000000000E+00  0.000000000000E+00  0.000000000000E+00  0.000000000000E+00
  0.000000000000E+00  0.000000000000E+00  0.000000000000E+00  0.000000000000E+00
  0.000000000000E+00  0.000000000000E+00  0.000000000000E+00  0.000000000000E+00
  0.000000000000E+00  0.000000000000E+00  0.000000000000E+00  0.000000000000E+00
  0.000000000000E+00  0.000000000000E+00  0.000000000000E+00  0.000000000000E+00
  0.000000000000E+00  0.000000000000E+00  0.000000000000E+00  0.000000000000E+00
  0.000000000000E+00  0.000000000000E+00  0.000000000000E+00  0.000000000000E+00
  0.000000000000E+00  0.000000000000E+00  0.000000000000E+00  0.000000000000E+00
  0.000000000000E+00  0.000000000000E+00  0.000000000000E+00  0.000000000000E+00
  0.000000000000E+00  0.000000000000E+00  0.000000000000E+00  0.000000000000E+00
  0.000000000000E+00  0.000000000000E+00  0.000000000000E+00  0.000000000000E+00
  0.000000000000E+00  0.000000000000E+00  0.000000000000E+00  0.000000000000E+00
  0.000000000000E+00  0.000000000000E+00  0.000000000000E+00  0.000000000000E+00
  0.000000000000E+00  0.000000000000E+00  0.000000000000E+00  0.000000000000E+00
  0.000000000000E+00  0.000000000000E+00  0.000000000000E+00  0.000000000000E+00
  0.000000000000E+00  0.000000000000E+00  0.000000000000E+00  0.000000000000E+00
  0.000000000000E+00  0.000000000000E+00  0.000000000000E+00  0.000000000000E+00
  0.000000000000E+00  0.000000000000E+00  0.000000000000E+00  0.000000000000E+00
  0.000000000000E+00  0.000000000000E+00  0.000000000000E+00  0.000000000000E+00
  0.000000000000E+00  0.000000000000E+00  0.000000000000E+00  0.000000000000E+00
  0.000000000000E+00  0.000000000000E+00  0.000000000000E+00  0.000000000000E+00
  0.000000000000E+00  0.000000000000E+00  0.000000000000E+00  0.000000000000E+00
  0.000000000000E+00  0.000000000000E+00  0.000000000000E+00  0.000000000000E+00
  0.000000000000E+00  0.000000000000E+00  0.000000000000E+00  0.000000000000E+00
  0.000000000000E+00  0.000000000000E+00  0.000000000000E+00  0.000000000000E+00
  0.000000000000E+00  0.000000000000E+00  0.000000000000E+00  0.000000000000E+00
  0.000000000000E+00  0.000000000000E+00  0.000000000000E+00  0.000000000000E+00
  0.000000000000E+00  0.000000000000E+00  0.000000000000E+00  0.000000000000E+00
  0.000000000000E+00  0.000000000000E+00  0.000000000000E+00  0.000000000000E+00
  0.000000000000E+00  0.000000000000E+00  0.000000000000E+00  0.000000000000E+00
  0.000000000000E+00  0.000000000000E+00  0.000000000000E+00  0.000000000000E+00
  0.000000000000E+00  0.000000000000E+00  0.000000000000E+00  0.000000000000E+00
  0.000000000000E+00  0.000000000000E+00  0.000000000000E+00  0.000000000000E+00
  0.000000000000E+00  0.000000000000E+00  0.000000000000E+00  0.000000000000E+00
  0.000000000000E+00  0.000000000000E+00  0.000000000000E+00  0.000000000000E+00
  0.000000000000E+00  0.000000000000E+00  0.000000000000E+00  0.000000000000E+00
  0.000000000000E+00  0.000000000000E+00  0.000000000000E+00  0.000000000000E+00
  0.000000000000E+00  0.000000000000E+00  0.000000000000E+00  0.000000000000E+00
  0.000000000000E+00  0.000000000000E+00  0.000000000000E+00  0.000000000000E+00
  0.000000000000E+00  0.000000000000E+00  0.000000000000E+00  0.000000000000E+00
  0.000000000000E+00  0.000000000000E+00  0.000000000000E+00  0.000000000000E+00
  0.000000000000E+00  0.000000000000E+00  0.000000000000E+00  0.000000000000E+00
  0.000000000000E+00  0.000000000000E+00  0.000000000000E+00  0.000000000000E+00
  0.000000000000E+00  0.000000000000E+00  0.000000000000E+00  0.000000000000E+00
  0.000000000000E+00  0.000000000000E+00  0.000000000000E+00  0.000000000000E+00
  0.000000000000E+00  0.000000000000E+00  0.000000000000E+00  0.000000000000E+00
  0.000000000000E+00  0.000000000000E+00  0.000000000000E+00  0.000000000000E+00
  0.000000000000E+00  0.000000000000E+00  0.000000000000E+00  0.000000000000E+00
  0.000000000000E+00  0.000000000000E+00  0.000000000000E+00  0.000000000000E+00
  0.000000000000E+00  0.000000000000E+00  0.000000000000E+00  0.000000000000E+00
  0.000000000000E+00  0.000000000000E+00  0.000000000000E+00  0.000000000000E+00
  0.000000000000E+00  0.000000000000E+00  0.000000000000E+00  0.000000000000E+00
  0.000000000000E+00  0.000000000000E+00  0.000000000000E+00  0.000000000000E+00
  0.000000000000E+00  0.000000000000E+00  0.000000000000E+00  0.000000000000E+00
  0.000000000000E+00  0.000000000000E+00  0.000000000000E+00  0.000000000000E+00
  0.000000000000E+00  0.000000000000E+00  0.000000000000E+00  0.000000000000E+00
  0.000000000000E+00  0.000000000000E+00  0.000000000000E+00  0.000000000000E+00
  0.000000000000E+00  0.000000000000E+00  0.000000000000E+00  0.000000000000E+00
  0.000000000000E+00  0.000000000000E+00  0.000000000000E+00  0.000000000000E+00
  0.000000000000E+00  0.000000000000E+00  0.000000000000E+00  0.000000000000E+00
  0.000000000000E+00  0.000000000000E+00  0.000000000000E+00  0.000000000000E+00
  0.000000000000E+00  0.000000000000E+00  0.000000000000E+00  0.000000000000E+00
  0.000000000000E+00  0.000000000000E+00  0.000000000000E+00  0.000000000000E+00
  0.000000000000E+00  0.000000000000E+00  0.000000000000E+00  0.000000000000E+00
  0.000000000000E+00  0.000000000000E+00  0.000000000000E+00  0.000000000000E+00
  0.000000000000E+00  0.000000000000E+00  0.000000000000E+00  0.000000000000E+00
  0.000000000000E+00  0.000000000000E+00  0.000000000000E+00  0.000000000000E+00
  0.000000000000E+00  0.000000000000E+00  0.000000000000E+00  0.000000000000E+00
  0.000000000000E+00  0.000000000000E+00  0.000000000000E+00  0.000000000000E+00
  0.000000000000E+00  0.000000000000E+00  0.000000000000E+00  0.000000000000E+00
  0.000000000000E+00  0.000000000000E+00  0.000000000000E+00  0.000000000000E+00
  0.000000000000E+00  0.000000000000E+00  0.000000000000E+00  0.000000000000E+00
  0.000000000000E+00  0.000000000000E+00  0.000000000000E+00  0.000000000000E+00
  0.000000000000E+00  0.000000000000E+00  0.000000000000E+00  0.000000000000E+00
  0.000000000000E+00  0.000000000000E+00  0.000000000000E+00  0.000000000000E+00
  0.000000000000E+00  0.000000000000E+00  0.000000000000E+00  0.000000000000E+00
  0.000000000000E+00  0.000000000000E+00  0.000000000000E+00  0.000000000000E+00
  0.000000000000E+00  0.000000000000E+00  0.000000000000E+00  0.000000000000E+00
  0.000000000000E+00  0.000000000000E+00  0.000000000000E+00  0.000000000000E+00
  0.000000000000E+00  0.000000000000E+00  0.000000000000E+00  0.000000000000E+00
  0.000000000000E+00  0.000000000000E+00  0.000000000000E+00  0.000000000000E+00
  0.000000000000E+00  0.000000000000E+00  0.000000000000E+00  0.000000000000E+00
  0.000000000000E+00  0.000000000000E+00  0.000000000000E+00  0.000000000000E+00
  0.000000000000E+00  0.000000000000E+00  0.000000000000E+00  0.000000000000E+00
  0.000000000000E+00  0.000000000000E+00  0.000000000000E+00  0.000000000000E+00
  0.000000000000E+00  0.000000000000E+00  0.000000000000E+00  0.000000000000E+00
  0.000000000000E+00  0.000000000000E+00  0.000000000000E+00  0.000000000000E+00
  0.000000000000E+00  0.000000000000E+00  0.000000000000E+00  0.000000000000E+00
  0.000000000000E+00
 Valence charge follows
  3.228404058794E-10  1.307289193568E-09  2.977727453969E-09  5.359229875064E-09
  8.477587796055E-09  1.235932928177E-08  1.703173904260E-08  2.252287862910E-08
  2.886160703707E-08  3.607760178377E-08  4.420138049003E-08  5.326432299292E-08
  6.329869400873E-08  7.433766636401E-08  8.641534481147E-08  9.956679044663E-08
  1.138280457418E-07  1.292361602131E-07  1.458292167372E-07  1.636463585347E-07
  1.827278168359E-07  2.031149392481E-07  2.248502188407E-07  2.479773239662E-07
  2.725411288369E-07  2.985877448750E-07  3.261645528555E-07  3.553202358628E-07
  3.861048130808E-07  4.185696744364E-07  4.527676161199E-07  4.887528770018E-07
  5.265811759708E-07  5.663097502140E-07  6.079973944637E-07  6.517045012355E-07
  6.974931020813E-07  7.454269098835E-07  7.955713622154E-07  8.479936657964E-07
  9.027628420662E-07  9.599497739090E-07  1.019627253554E-06  1.081870031685E-06
  1.146754867783E-06  1.214360581738E-06  1.284768106765E-06  1.358060543642E-06
  1.434323216322E-06  1.513643728938E-06  1.596112024246E-06  1.681820443531E-06
  1.770863788031E-06  1.863339381889E-06  1.959347136702E-06  2.058989617682E-06
  2.162763029132E-06  2.269998744066E-06  2.381169988420E-06  2.496383892408E-06
  2.615747435842E-06  2.739367154332E-06  2.867572059040E-06  3.000553086407E-06
  3.138228341474E-06  3.280711316195E-06  3.428114063764E-06  3.580546752366E-06
  3.738117176249E-06  3.900930221000E-06  4.069087279648E-06  4.242732587441E-06
  4.423441278667E-06  4.610008429284E-06  4.802535967392E-06  5.001120150297E-06
  5.205850710871E-06  5.416809931104E-06  5.636607547898E-06  5.863132368825E-06
  6.096449340407E-06  6.336631951837E-06  6.583755151662E-06  6.841425721855E-06
  7.106561150042E-06  7.379220626152E-06  7.659449091675E-06  7.949943604663E-06
  8.250373230148E-06  8.558995927775E-06  8.875831247105E-06  9.203940222312E-06
  9.543375989192E-06  9.891669459319E-06  1.024880477084E-05  1.062004001949E-05
  1.100241336432E-05  1.139428438281E-05  1.179702470517E-05  1.221628056023E-05
  1.264571376867E-05  1.308523313657E-05  1.354212401605E-05  1.401213229240E-05
  1.449289455855E-05  1.498947477016E-05  1.550326453712E-05  1.602848687784E-05
  1.656858640947E-05  1.712956416688E-05  1.770265797367E-05  1.829048125924E-05
  1.890225929566E-05  1.952683449980E-05  2.016699817589E-05  2.083339921910E-05
  2.151326732833E-05  2.221084179052E-05  2.293590231473E-05  2.367507784725E-05
  2.443563299950E-05  2.522360485898E-05  2.602630480741E-05  2.685596043788E-05
  2.771131044158E-05  2.858195133953E-05  2.948743260091E-05  3.041483957975E-05
  3.135943609862E-05  3.234673019695E-05  3.335107904346E-05  3.438279372717E-05
  3.545165821929E-05  3.653803029710E-05  3.766537860395E-05  3.882119711368E-05
  3.999813503928E-05  4.122720136520E-05  4.247555228910E-05  4.376243663733E-05
  4.508956436766E-05  4.643620107062E-05  4.784382517177E-05  4.927511135769E-05
  5.074562024718E-05  5.226617181150E-05  5.380787335378E-05  5.541727997566E-05
  5.705481083466E-05  5.873673553955E-05  6.047530681868E-05  6.223658286812E-05
  6.407835555379E-05  6.594799527639E-05  6.787340935546E-05  6.985729049481E-05
  7.187040191201E-05  7.397470875060E-05  7.610508139558E-05  7.831101189829E-05
  8.057040391693E-05  8.287750997445E-05  8.527289004105E-05  8.769558372647E-05
  9.022478890734E-05  9.279301952243E-05  9.543897377255E-05  9.816058623253E-05
  1.009289738197E-04  1.038122215677E-04  1.067259542875E-04  1.097625736553E-04
  1.128490969175E-04  1.160270372905E-04  1.192956328018E-04  1.226217920538E-04
  1.260822245877E-04  1.295760623638E-04  1.332263847242E-04  1.369250586984E-04
  1.407465189146E-04  1.446609988296E-04  1.486619718172E-04  1.528037982182E-04
  1.569930751158E-04  1.613743888802E-04  1.657944477626E-04  1.703947715001E-04
  1.750702345421E-04  1.798880702583E-04  1.848325619752E-04  1.898785905180E-04
  1.951064444023E-04  2.003918795283E-04  2.059181748643E-04  2.114881950645E-04
  2.172953909302E-04  2.231832845571E-04  2.292671439828E-04  2.354898148808E-04
  2.418639721542E-04  2.484392045233E-04  2.551179771105E-04  2.620644814464E-04
  2.690629049003E-04  2.764003663881E-04  2.837894170914E-04  2.914833605902E-04
  2.992882849179E-04  3.073518382007E-04  3.155946808986E-04  3.240461436114E-04
  3.327500998582E-04  3.416086940105E-04  3.507981699224E-04  3.600840874461E-04
  3.697847638659E-04  3.795435932859E-04  3.897581164749E-04  4.000599946361E-04
  4.107689482710E-04  4.216426064402E-04  4.328705959618E-04  4.443462701991E-04
  4.561191500114E-04  4.682286611297E-04  4.805735997471E-04  4.933504376993E-04
  5.062959864436E-04  5.197753994044E-04  5.333515648590E-04  5.475706532817E-04
  5.618620303297E-04  5.768067896744E-04  5.918829087861E-04  6.075580678111E-04
  6.234604111687E-04  6.399026117903E-04  6.566748511241E-04  6.739226176067E-04
  6.916107327444E-04  7.097045718964E-04  7.283569761062E-04  7.473394831253E-04
  7.670071556799E-04  7.869231259959E-04  8.076597524143E-04  8.285562999031E-04
  8.504184203593E-04  8.723695374767E-04  8.953922687475E-04  9.185359978504E-04
  9.426961605261E-04  9.670957140736E-04  9.924510283968E-04  1.018173003024E-03
  1.044784209502E-03  1.071898774717E-03  1.099829799975E-03  1.128410898205E-03
  1.157729030674E-03  1.187854589421E-03  1.218630665489E-03  1.250382822417E-03
  1.282691423754E-03  1.316156765590E-03  1.350076428386E-03  1.385346244574E-03
  1.420959681491E-03  1.458130233629E-03  1.495524569341E-03  1.534697377504E-03
  1.573991690984E-03  1.615246545866E-03  1.656660801227E-03  1.699987422600E-03
  1.743635298295E-03  1.789141132436E-03  1.835142585362E-03  1.882940907550E-03
  1.931422543216E-03  1.981632797021E-03  2.032728263827E-03  2.085476422231E-03
  2.139326831653E-03  2.194745781563E-03  2.251500156134E-03  2.309730108008E-03
  2.369545859181E-03  2.430734783604E-03  2.493778221734E-03  2.558082314923E-03
  2.624529193795E-03  2.692113374214E-03  2.762149472742E-03  2.833187911138E-03
  2.907009655087E-03  2.981686340484E-03  3.059501467303E-03  3.138010811677E-03
  3.220039081790E-03  3.302586566396E-03  3.389060524577E-03  3.475863391138E-03
  3.567029181913E-03  3.658390916002E-03  3.754435413485E-03  3.850767717374E-03
  3.951798280682E-03  4.053378525934E-03  4.159667399027E-03  4.266789475087E-03
  4.378624924668E-03  4.491600325563E-03  4.609287685686E-03  4.728446676859E-03
  4.852309469872E-03  4.978002341678E-03  5.108383481645E-03  5.240981896582E-03
  5.378244981845E-03  5.518143423197E-03  5.662674125350E-03  5.810291455592E-03
  5.962499012694E-03  6.118280150722E-03  6.278598973303E-03  6.443016700329E-03
  6.611908099452E-03  6.785465004244E-03  6.963419051660E-03  7.146649626749E-03
  7.334187158071E-03  7.527660059494E-03  7.725334832213E-03  7.929655316487E-03
  8.138056335680E-03  8.353868888822E-03  8.573622914472E-03  8.801614089169E-03
  9.033388340202E-03  9.274289818562E-03  9.518794889980E-03  9.773386790793E-03
  1.003137980162E-02  1.030049425261E-02  1.057278224388E-02  1.085730724114E-02
  1.114475084476E-02  1.144563442337E-02  1.174915182429E-02  1.206740656616E-02
  1.238797778225E-02  1.272468568920E-02  1.306335719518E-02  1.341967495758E-02
  1.377756468135E-02  1.415472937516E-02  1.453303209723E-02  1.493236734462E-02
  1.533236053371E-02  1.575528316533E-02  1.617872608364E-02  1.662636054563E-02
  1.707496596628E-02  1.754868721169E-02  1.802408597578E-02  1.852557070141E-02
  1.902951077677E-02  1.956055543821E-02  2.009491107300E-02  2.065744118604E-02
  2.122422280424E-02  2.182030299435E-02  2.242166789106E-02  2.305351274867E-02
  2.369177664694E-02  2.436176245015E-02  2.503941198514E-02  2.575008935513E-02
  2.646979555501E-02  2.722390311360E-02  2.798853595099E-02  2.878901505326E-02
  2.960165914472E-02  3.045166976380E-02  3.131564129905E-02  3.221857914382E-02
  3.313744412977E-02  3.409695907981E-02  3.507455298864E-02  3.609456893418E-02
  3.713501784720E-02  3.821975402473E-02  3.932749736720E-02  4.048149128396E-02
  4.166130624773E-02  4.288943829026E-02  4.414646604267E-02  4.545398586539E-02
  4.679375964339E-02  4.818631443355E-02  4.961478962085E-02  5.109845433466E-02
  5.262204061774E-02  5.420335027995E-02  5.582894597445E-02  5.751493012882E-02
  5.924995876147E-02  6.104817815270E-02  6.290062737513E-02  6.481921293361E-02
  6.679767583223E-02  6.884537001949E-02  7.095908887005E-02  7.314528942731E-02
  7.540420192277E-02  7.773900804356E-02  8.015379599896E-02  8.264805692138E-02
  8.523019742904E-02  8.789556341171E-02  9.065738238265E-02  9.350635799019E-02
  9.646108597327E-02  9.950708555150E-02  1.026689156684E-01  1.059263208353E-01
  1.093104686072E-01  1.127946875218E-01  1.164174522885E-01  1.201449803847E-01
  1.240238079344E-01  1.280122897211E-01  1.321658356456E-01  1.364341270729E-01
  1.408823202538E-01  1.454505510312E-01  1.502146565299E-01  1.551042916522E-01
  1.602069721308E-01  1.654408717185E-01  1.709062463530E-01  1.765087227481E-01
  1.823624224098E-01  1.883592932838E-01  1.946285105604E-01  2.010471465838E-01
  2.077606789842E-01  2.146300443831E-01  2.218183288246E-01  2.291690129023E-01
  2.368641493100E-01  2.447283867475E-01  2.529641483124E-01  2.613758257783E-01
  2.701876531163E-01  2.791822994177E-01  2.886072755611E-01  2.982220322576E-01
  3.082988350851E-01  3.185724041742E-01  3.293412325675E-01  3.403137975326E-01
  3.518162672345E-01  3.635293834467E-01  3.758083883026E-01  3.883048384831E-01
  4.014043724929E-01  4.147279827023E-01  4.286929181040E-01  4.428883295331E-01
  4.577641460076E-01  4.728765377311E-01  4.887089977871E-01  5.047837556261E-01
  5.216185213097E-01  5.387008480644E-01  5.565830343889E-01  5.747174969696E-01
  5.936911578968E-01  6.129211673471E-01  6.330287108148E-01  6.533959319096E-01
  6.746774613265E-01  6.962211493828E-01  7.187137302416E-01  7.414699940327E-01
  7.652068458544E-01  7.892078371099E-01  8.142174528594E-01  8.394904847765E-01
  8.657956822000E-01  8.923622817236E-01  9.199791937565E-01  9.478540950863E-01
  9.767911095580E-01  1.005981199418E+00  1.036237861693E+00  1.066741090298E+00
  1.098306986174E+00  1.130111261476E+00  1.162964901532E+00  1.196046988131E+00
  1.230154718562E+00  1.264479166480E+00  1.299794135195E+00  1.335312267301E+00
  1.371773477342E+00  1.408422467400E+00  1.445953952348E+00  1.483656028119E+00
  1.522166185760E+00  1.560827993015E+00  1.600209113776E+00  1.639721277116E+00
  1.679849302297E+00  1.720086217009E+00  1.760820758378E+00  1.801640643869E+00
  1.842825290362E+00  1.884070529726E+00  1.925533458805E+00  1.967031240722E+00
  2.008586141341E+00  2.050149409789E+00  2.091596711109E+00  2.133025415575E+00
  2.174153801190E+00  2.215236425738E+00  2.255824597971E+00  2.296339932524E+00
  2.336158576548E+00  2.375877679286E+00  2.414691563928E+00  2.453379851260E+00
  2.490949994039E+00  2.528369385954E+00  2.564455206202E+00  2.600366251765E+00
  2.634727639188E+00  2.668891551292E+00  2.701290789670E+00  2.733471331238E+00
  2.763674838832E+00  2.793640025209E+00  2.821419904521E+00  2.848943518377E+00
  2.874078946629E+00  2.898941900514E+00  2.921220435045E+00  2.943212059322E+00
  2.962430973934E+00  2.981350348808E+00  2.997318150902E+00  3.012975633699E+00
  3.025513929754E+00  3.037733044398E+00  3.046678914439E+00  3.055298760815E+00
  3.060507763710E+00  3.065386063312E+00  3.066735919631E+00  3.067752736412E+00
  3.065147624741E+00  3.062209687548E+00  3.055584951182E+00  3.048630364564E+00
  3.037957274094E+00  3.026960253842E+00  3.012250331472E+00  2.997225464426E+00
  2.978533778365E+00  2.959539213339E+00  2.936966028274E+00  2.914104989054E+00
  2.887795240281E+00  2.861215340521E+00  2.831355601819E+00  2.801245651095E+00
  2.768058587186E+00  2.734642903397E+00  2.698379609761E+00  2.661910266959E+00
  2.622841352445E+00  2.583589243589E+00  2.541995939752E+00  2.500241956018E+00
  2.456408880428E+00  2.412436842640E+00  2.366648265606E+00  2.320741455617E+00
  2.273283023811E+00  2.225726259803E+00  2.176893033319E+00  2.127981062465E+00
  2.078085095716E+00  2.028130075160E+00  1.977493021659E+00  1.926816205163E+00
  1.875754575873E+00  1.824671253173E+00  1.773494572427E+00  1.722313048081E+00
  1.671320718324E+00  1.620339064499E+00  1.569816984222E+00  1.519319666135E+00
  1.469537425755E+00  1.419792541432E+00  1.371000856356E+00  1.322257589789E+00
  1.274686071705E+00  1.227172488379E+00  1.181027784878E+00  1.134948994240E+00
  1.090413331201E+00  1.045950050968E+00  1.003180204104E+00  9.604877523836E-01
  9.196144649784E-01  8.788221968158E-01  8.399500493505E-01  8.011612430299E-01
  7.643689675503E-01  7.276611531053E-01  6.930023714632E-01  6.584280802035E-01
  6.259324317003E-01  5.935203320342E-01  5.631949435738E-01  5.329513160990E-01
  5.047825577600E-01  4.766930525350E-01  4.506485143235E-01  4.246801262281E-01
  4.007107482152E-01  3.768139428877E-01  3.548562311145E-01  3.329671542444E-01
  3.129454184901E-01  2.929881250438E-01  2.748166812740E-01  2.567053279966E-01
  2.402906172853E-01  2.239315708051E-01  2.091741568554E-01  1.944679800205E-01
  1.812643981659E-01  1.681076879404E-01  1.563521288024E-01  1.446391892612E-01
  1.342250093128E-01  1.238493522576E-01  1.146704108567E-01  1.055260837907E-01
  9.747791149813E-02  8.946065786024E-02  8.244146404008E-02  7.544972370358E-02
  6.936125275118E-02  6.329701208682E-02  5.804525760564E-02  5.281475834546E-02
  4.831054373876E-02  4.382485901092E-02  3.998429184174E-02  3.615977663514E-02
  3.290458319795E-02  2.966320562023E-02  2.692095177108E-02  2.419051108622E-02
  2.189471561419E-02  1.960895330152E-02  1.769910094857E-02  1.579771186382E-02
  1.421917433756E-02  1.264772630323E-02  1.135160104272E-02  1.006137261249E-02
  9.004250412691E-03  7.951997896831E-03  7.095671562069E-03  6.243337458933E-03
  5.554464290966E-03  4.868839896227E-03  4.318570952177E-03  3.770926039141E-03
  3.334514710391E-03  2.900206784308E-03  2.556608398359E-03  2.214683174643E-03
  1.946156094441E-03  1.678949622288E-03  1.470666820462E-03  1.263418177995E-03
  1.103096611137E-03  9.435784499141E-04  8.211318589919E-04  6.993043823677E-04
  6.065234933794E-04  5.142158080250E-04  4.444783768214E-04  3.750996337503E-04
  3.231114239705E-04  2.713928176434E-04  2.329594539152E-04  1.947270079325E-04
  1.665557221946E-04  1.385328717869E-04  1.180624577261E-04  9.770074146244E-05
  8.295753749522E-05  6.829322015588E-05  5.777063355894E-05  4.730477740000E-05
  3.986371432225E-05  3.246307027536E-05  2.725061928280E-05  2.206669393335E-05
  1.845049521686E-05  1.485423457736E-05  1.237012541340E-05  9.899815117006E-06
  8.210549896999E-06  6.530738893314E-06  5.393817883776E-06  4.263308002694E-06
  3.506195701002E-06  2.753385400588E-06  2.254643511406E-06  1.758757431590E-06
  1.433849320506E-06  1.110816209243E-06  9.015526145948E-07  6.935062494769E-07
  5.602921821537E-07  4.278592460900E-07  3.440676964031E-07  2.607715194062E-07
  2.087108061956E-07  1.569604545913E-07  1.250199792955E-07  9.327154695590E-08
  7.392732762623E-08  5.470043180058E-08  4.313951133531E-08  3.164933411216E-08
  2.483358805671E-08  1.805992924809E-08  1.409753030027E-08  1.015982750864E-08
  7.889092428228E-09  5.632645120746E-09  4.350392761013E-09  3.076287341024E-09
  2.363089123580E-09  1.654467613766E-09  1.263893668237E-09  8.758517590615E-10
  6.653407724679E-10  4.562088031815E-10  3.445886663664E-10  2.337075780702E-10
  1.755079765354E-10  1.176979540683E-10  8.787050738130E-11  5.824496669142E-11
  4.322616732111E-11  2.831020290096E-11  2.088382453338E-11  1.350889469672E-11
  9.904454870892E-12  6.325287216467E-12  4.608938199224E-12  2.904771971308E-12
  2.103342352878E-12  1.307673369497E-12  9.408979438941E-13  5.767930250897E-13
  4.123608110247E-13  2.491417047491E-13  1.769651938117E-13  1.053283966122E-13
  7.432620705225E-14  4.355906446086E-14  3.053531174041E-14  1.761170567961E-14
  1.226382858545E-14  6.957673681848E-15  4.812429891931E-15  2.684172419293E-15
  1.844007834906E-15  1.010597542713E-15  6.895414170836E-16  3.711067925981E-16
  2.514722811021E-16  1.328303024630E-16  8.938783911261E-17  4.631172317561E-17
  3.094888005056E-17  1.571777673515E-17  1.043043123844E-17  5.189210292649E-18
  3.419446744521E-18  1.665395761529E-18  1.089691687249E-18  5.191919242866E-19
  3.373151774747E-19  1.571132757741E-19  1.013525837301E-19  4.611521193506E-20
  2.953754550861E-20  1.311852180785E-20  8.342954616763E-21  3.614010719703E-21
  2.282059676032E-21  9.633818476169E-22  6.040045346394E-22  2.482848342411E-22
  1.545557331257E-22  6.180137758866E-23  3.819788078701E-23  1.484543771141E-23
  7.407292954892E-24  2.552884935726E-26  4.974875361683E-29  1.666897818376E-31
  0.000000000000E+00  0.000000000000E+00  0.000000000000E+00  0.000000000000E+00
  0.000000000000E+00  0.000000000000E+00  0.000000000000E+00  0.000000000000E+00
  0.000000000000E+00  0.000000000000E+00  0.000000000000E+00  0.000000000000E+00
  0.000000000000E+00  0.000000000000E+00  0.000000000000E+00  0.000000000000E+00
  0.000000000000E+00  0.000000000000E+00  0.000000000000E+00  0.000000000000E+00
  0.000000000000E+00  0.000000000000E+00  0.000000000000E+00  0.000000000000E+00
  0.000000000000E+00  0.000000000000E+00  0.000000000000E+00  0.000000000000E+00
  0.000000000000E+00  0.000000000000E+00  0.000000000000E+00  0.000000000000E+00
  0.000000000000E+00  0.000000000000E+00  0.000000000000E+00  0.000000000000E+00
  0.000000000000E+00  0.000000000000E+00  0.000000000000E+00  0.000000000000E+00
  0.000000000000E+00  0.000000000000E+00  0.000000000000E+00  0.000000000000E+00
  0.000000000000E+00  0.000000000000E+00  0.000000000000E+00  0.000000000000E+00
  0.000000000000E+00  0.000000000000E+00  0.000000000000E+00  0.000000000000E+00
  0.000000000000E+00  0.000000000000E+00  0.000000000000E+00  0.000000000000E+00
  0.000000000000E+00  0.000000000000E+00  0.000000000000E+00  0.000000000000E+00
  0.000000000000E+00  0.000000000000E+00  0.000000000000E+00  0.000000000000E+00
  0.000000000000E+00  0.000000000000E+00  0.000000000000E+00  0.000000000000E+00
  0.000000000000E+00  0.000000000000E+00  0.000000000000E+00  0.000000000000E+00
  0.000000000000E+00  0.000000000000E+00  0.000000000000E+00  0.000000000000E+00
  0.000000000000E+00  0.000000000000E+00  0.000000000000E+00  0.000000000000E+00
  0.000000000000E+00  0.000000000000E+00  0.000000000000E+00  0.000000000000E+00
  0.000000000000E+00  0.000000000000E+00  0.000000000000E+00  0.000000000000E+00
  0.000000000000E+00  0.000000000000E+00  0.000000000000E+00  0.000000000000E+00
  0.000000000000E+00
 Pseudo-wave-function follows (l, zelect, rc)
 0  2.000000000000E+00  1.498152959386E+00
  1.270588350560E-05  2.556772749109E-05  3.858744631929E-05  5.176697785123E-05
  6.510828373450E-05  7.861334969528E-05  9.228418583387E-05  1.061228269239E-04
  1.201313327151E-04  1.343117882400E-04  1.486663041243E-04  1.631970169007E-04
  1.779060893273E-04  1.927957107093E-04  2.078680972248E-04  2.231254922549E-04
  2.385701667174E-04  2.542044194048E-04  2.700305773265E-04  2.860509960552E-04
  3.022680600776E-04  3.186841831490E-04  3.353018086527E-04  3.521234099639E-04
  3.691514908175E-04  3.863885856811E-04  4.038372601319E-04  4.215001112386E-04
  4.393797679483E-04  4.574788914774E-04  4.758001757078E-04  4.943463475880E-04
  5.131201675389E-04  5.321244298646E-04  5.513619631683E-04  5.708356307734E-04
  5.905483311497E-04  6.105029983447E-04  6.307026024203E-04  6.511501498950E-04
  6.718486841913E-04  6.928012860886E-04  7.140110741820E-04  7.354812053461E-04
  7.572148752054E-04  7.792153186094E-04  8.014858101142E-04  8.240296644702E-04
  8.468502371152E-04  8.699509246738E-04  8.933351654631E-04  9.170064400044E-04
  9.409682715412E-04  9.652242265637E-04  9.897779153395E-04  1.014632992451E-03
  1.039839907068E-03  1.065308377728E-03  1.091086787319E-03  1.117178414084E-03
  1.143586301210E-03  1.170313254259E-03  1.197385119899E-03  1.224811317424E-03
  1.252573304424E-03  1.280673291746E-03  1.309113247732E-03  1.337894892004E-03
  1.367019688600E-03  1.396488838451E-03  1.426303271228E-03  1.456467666295E-03
  1.487106228008E-03  1.518104215541E-03  1.549461914438E-03  1.581179309564E-03
  1.613256073785E-03  1.645691556034E-03  1.678672692153E-03  1.712027224905E-03
  1.745752698989E-03  1.779847698394E-03  1.814311299188E-03  1.849380322698E-03
  1.884830283705E-03  1.920658930466E-03  1.956863605349E-03  1.993607885556E-03
  2.030855321134E-03  2.068488812278E-03  2.106504735612E-03  2.145076745035E-03
  2.184191714302E-03  2.223698125009E-03  2.263591279399E-03  2.304151894063E-03
  2.345201233685E-03  2.386645176107E-03  2.428551587446E-03  2.471196597054E-03
  2.514243484937E-03  2.557685625113E-03  2.601869788064E-03  2.646572056113E-03
  2.691675438615E-03  2.737409713145E-03  2.783820074953E-03  2.830636667975E-03
  2.878008870618E-03  2.926180305097E-03  2.974762273125E-03  3.023863576415E-03
  3.073849299851E-03  3.124248967622E-03  3.175174160845E-03  3.227027585097E-03
  3.279297387528E-03  3.332145139255E-03  3.385919816339E-03  3.440112234615E-03
  3.494985358730E-03  3.550734911841E-03  3.606902395623E-03  3.663908122357E-03
  3.721686163198E-03  3.779881038760E-03  3.839131292115E-03  3.898991324236E-03
  3.959309962254E-03  4.020877371014E-03  4.082872678726E-03  4.145613808594E-03
  4.209373564746E-03  4.273557087057E-03  4.338845548268E-03  4.404851822809E-03
  4.471367478811E-03  4.539242382308E-03  4.607548858779E-03  4.676810397150E-03
  4.747046437994E-03  4.817706149137E-03  4.889853289196E-03  4.962504763047E-03
  5.036055829910E-03  5.110748938845E-03  5.185869297608E-03  5.262528219915E-03
  5.339755176432E-03  5.417934176048E-03  5.497320347526E-03  5.577134822828E-03
  5.658659731367E-03  5.740701243190E-03  5.823870429058E-03  5.908194491828E-03
  5.993051784622E-03  6.079715253989E-03  6.166819074521E-03  6.255366556269E-03
  6.344882263276E-03  6.435253831710E-03  6.527241413881E-03  6.619664014819E-03
  6.714005889946E-03  6.808975952105E-03  6.905287632876E-03  7.002868441170E-03
  7.101201231484E-03  7.201457613565E-03  7.302153671752E-03  7.404862358674E-03
  7.508314676063E-03  7.613204397027E-03  7.719481353603E-03  7.826608355132E-03
  7.935780003561E-03  8.045391180772E-03  8.157339949905E-03  8.269931884206E-03
  8.384293620406E-03  8.499940187215E-03  8.616776627400E-03  8.735553513851E-03
  8.854927850325E-03  8.976912600893E-03  9.099345079565E-03  9.224161583295E-03
  9.349895900759E-03  9.477448081585E-03  9.606565994156E-03  9.736923291238E-03
  9.869508565024E-03  1.000274207411E-02  1.013888053534E-02  1.027546766171E-02
  1.041484263854E-02  1.055508547022E-02  1.069755951649E-02  1.084154851391E-02
  1.098719981871E-02  1.113502766981E-02  1.128393630394E-02  1.143569797975E-02
  1.158794594413E-02  1.174373875571E-02  1.189998629345E-02  1.205933368761E-02
  1.221972683299E-02  1.238267095375E-02  1.254731223765E-02  1.271394333383E-02
  1.288293781557E-02  1.305334832474E-02  1.322680365495E-02  1.340108825912E-02
  1.357911474425E-02  1.375758972733E-02  1.394008109510E-02  1.412325490670E-02
  1.430991786836E-02  1.449790668749E-02  1.468884550317E-02  1.488176837678E-02
  1.507708984909E-02  1.527506876339E-02  1.547488230158E-02  1.567804225508E-02
  1.588245994074E-02  1.609092901907E-02  1.630006567338E-02  1.651397512610E-02
  1.672833912152E-02  1.694743269786E-02  1.716738639371E-02  1.739156005824E-02
  1.761724163618E-02  1.784662188815E-02  1.807817294464E-02  1.831288938424E-02
  1.855045501547E-02  1.879064042156E-02  1.903436931036E-02  1.928015972015E-02
  1.953020422518E-02  1.978173901589E-02  2.003825526297E-02  2.029567723544E-02
  2.055882521127E-02  2.082242395144E-02  2.109222432379E-02  2.136263352119E-02
  2.163877050667E-02  2.191615852625E-02  2.219878950935E-02  2.248332888139E-02
  2.277261512020E-02  2.306448264395E-02  2.336058936708E-02  2.365996621698E-02
  2.396306272285E-02  2.427013455748E-02  2.458039431609E-02  2.489535138982E-02
  2.521295214708E-02  2.553598942454E-02  2.586111330921E-02  2.619243058267E-02
  2.652526421595E-02  2.686506622569E-02  2.720580083357E-02  2.755429739121E-02
  2.790324615538E-02  2.826053503476E-02  2.861840823047E-02  2.898420027753E-02
  2.935121861174E-02  2.972572466050E-02  3.010211431017E-02  3.048555040494E-02
  3.087154315372E-02  3.126413067958E-02  3.165996405796E-02  3.206192987457E-02
  3.246784730359E-02  3.287942388237E-02  3.329567482107E-02  3.371710038591E-02
  3.414394048253E-02  3.457545915405E-02  3.501315040107E-02  3.545501234464E-02
  3.590382323790E-02  3.635628481534E-02  3.681649051722E-02  3.727981444251E-02
  3.775169694933E-02  3.822615244822E-02  3.871000076199E-02  3.919586373584E-02
  3.969197404046E-02  4.018952723420E-02  4.069820307629E-02  4.120773625083E-02
  4.172928872521E-02  4.225129761547E-02  4.278584677433E-02  4.332106619012E-02
  4.386850831903E-02  4.441726540588E-02  4.497792014959E-02  4.554055019741E-02
  4.611474514812E-02  4.669159179730E-02  4.727966269593E-02  4.787107814890E-02
  4.847336909159E-02  4.907971433006E-02  4.969657798027E-02  5.031822298817E-02
  5.095002079433E-02  5.158734478683E-02  5.223444720581E-02  5.288783886443E-02
  5.355062559106E-02  5.422048330511E-02  5.489934350779E-02  5.558607562245E-02
  5.628140818517E-02  5.698543325621E-02  5.769764702712E-02  5.841939408263E-02
  5.914890812936E-02  5.988881693867E-02  6.063606081066E-02  6.139458216068E-02
  6.215999615868E-02  6.293759213787E-02  6.372162759092E-02  6.451877188117E-02
  6.532189143122E-02  6.613906960796E-02  6.696174750241E-02  6.779945734307E-02
  6.864217973558E-02  6.950093153684E-02  7.036419679652E-02  7.124451370061E-02
  7.212883272999E-02  7.303125106023E-02  7.393714762237E-02  7.486221722846E-02
  7.579022828326E-02  7.673851289656E-02  7.768918894689E-02  7.866126654599E-02
  7.963517199385E-02  8.063163518093E-02  8.162934869391E-02  8.265080508217E-02
  8.367291997073E-02  8.471999258337E-02  8.576753066073E-02  8.684044487034E-02
  8.791425356514E-02  8.901344080427E-02  9.011417561461E-02  9.124029176977E-02
  9.236862488618E-02  9.352234254862E-02  9.467896330400E-02  9.586097222020E-02
  9.704658755350E-02  9.825759508968E-02  9.947293002399E-02  1.007136616449E-01
  1.019594597804E-01  1.032306595429E-01  1.045076835654E-01  1.058101146281E-01
  1.071191468335E-01  1.084535919814E-01  1.097954348171E-01  1.111626970042E-01
  1.125381736271E-01  1.139390765357E-01  1.153490313893E-01  1.167844200066E-01
  1.182297194159E-01  1.197004606308E-01  1.211819934169E-01  1.226889766347E-01
  1.242076547493E-01  1.257517925272E-01  1.273085517080E-01  1.288907804115E-01
  1.304865808590E-01  1.321078613389E-01  1.337436884158E-01  1.354050067087E-01
  1.370818716620E-01  1.387842397123E-01  1.405031804192E-01  1.422476368262E-01
  1.440097185647E-01  1.457973293530E-01  1.476036455971E-01  1.494355050126E-01
  1.512871782541E-01  1.531644095852E-01  1.550625921810E-01  1.569863486065E-01
  1.589322236532E-01  1.609036891162E-01  1.628984713521E-01  1.649188614609E-01
  1.669637981949E-01  1.690343611516E-01  1.711307332194E-01  1.732527507747E-01
  1.754018735232E-01  1.775766619587E-01  1.797798862558E-01  1.820087973917E-01
  1.842675106632E-01  1.865519328916E-01  1.888675601818E-01  1.912089195242E-01
  1.935829245793E-01  1.959826857650E-01  1.984165721370E-01  2.008762397015E-01
  2.033715518685E-01  2.058926712669E-01  2.084509957669E-01  2.110351544990E-01
  2.136581210699E-01  2.163069498108E-01  2.189962325311E-01  2.217114062605E-01
  2.244687246829E-01  2.272519638040E-01  2.300790840697E-01  2.329321555079E-01
  2.358308914308E-01  2.387556096981E-01  2.417278238020E-01  2.447260520123E-01
  2.477736565044E-01  2.508473073200E-01  2.539722649754E-01  2.571233014620E-01
  2.603276263959E-01  2.635580627581E-01  2.668438210503E-01  2.701557232157E-01
  2.735250333510E-01  2.769205193626E-01  2.803755524403E-01  2.838567926109E-01
  2.873997722703E-01  2.909689890446E-01  2.946021910413E-01  2.982616584988E-01
  3.019874098570E-01  3.057394527806E-01  3.095601304320E-01  3.134071228504E-01
  3.173251516547E-01  3.212695147529E-01  3.252873647784E-01  3.293315640517E-01
  3.334517469713E-01  3.375982884780E-01  3.418233529137E-01  3.460747784556E-01
  3.504073040770E-01  3.547661851120E-01  3.592087752627E-01  3.636777053198E-01
  3.682329779084E-01  3.728145632408E-01  3.774851395966E-01  3.821819877668E-01
  3.869704791098E-01  3.917851851561E-01  3.966941762824E-01  4.016293060636E-01
  4.066613357898E-01  4.117194060471E-01  4.168769438927E-01  4.220603985054E-01
  4.273458170225E-01  4.326569988636E-01  4.380725409485E-01  4.435136586700E-01
  4.490613991080E-01  4.546344881051E-01  4.603162885146E-01  4.660231652327E-01
  4.718406214833E-01  4.776828301411E-01  4.836372112329E-01  4.896159619463E-01
  4.957081392445E-01  5.018242364502E-01  5.080546020919E-01  5.143083620870E-01
  5.206767353041E-01  5.270678916550E-01  5.335734117115E-01  5.401010072381E-01
  5.467420116611E-01  5.534042756917E-01  5.601781625036E-01  5.669723721259E-01
  5.738754448720E-01  5.807977690034E-01  5.878250635383E-01  5.948703888126E-01
  6.020154810819E-01  6.091772188345E-01  6.164320132956E-01  6.237018873466E-01
  6.310563862455E-01  6.384242017667E-01  6.458662562631E-01  6.533196508056E-01
  6.608346959582E-01  6.683588747508E-01  6.759296516738E-01  6.835071106171E-01
  6.911133807399E-01  6.987236221588E-01  7.063418804882E-01  7.139611286883E-01
  7.215643253122E-01  7.291652513304E-01  7.367225330937E-01  7.442740007357E-01
  7.517504880372E-01  7.592173363040E-01  7.665739532066E-01  7.739168334400E-01
  7.811102126094E-01  7.882855019763E-01  7.952679891304E-01  8.022278051731E-01
  8.089475904004E-01  8.156399339785E-01  8.220413390334E-01  8.284103946152E-01
  8.344343455623E-01  8.404209679438E-01  8.460056806435E-01  8.515480951130E-01
  8.566299962897E-01  8.616647342932E-01  8.661796325445E-01  8.706427162999E-01
  8.745272247330E-01  8.783556013303E-01  8.815487960634E-01  8.846820039311E-01
  8.871272803720E-01  8.895093085062E-01  8.911563705654E-01  8.927376440953E-01
  8.935445314706E-01  8.942839271908E-01  8.942189546877E-01  8.940857192669E-01
  8.931291728790E-01  8.921045876931E-01  8.902499990612E-01  8.883286132160E-01
  8.855834223047E-01  8.827736646190E-01  8.791590862287E-01  8.754830739726E-01
  8.710330143259E-01  8.665254086332E-01  8.612843425267E-01  8.559901664340E-01
  8.500099946015E-01  8.439814409522E-01  8.373175169461E-01  8.306099457131E-01
  8.233167144760E-01  8.159842953764E-01  8.081113546725E-01  8.002031846124E-01
  7.917931113388E-01  7.833511733578E-01  7.744408448257E-01  7.655015489480E-01
  7.561267871594E-01  7.467257911611E-01  7.369245326610E-01  7.270997853128E-01
  7.169113635911E-01  7.067021537599E-01  6.961671298523E-01  6.856139663883E-01
  6.747739920526E-01  6.639184668361E-01  6.528160243493E-01  6.417005463655E-01
  6.303786921433E-01  6.190462330278E-01  6.075483240116E-01  5.960421447592E-01
  5.844115557864E-01  5.727749249606E-01  5.610547577360E-01  5.493306612553E-01
  5.375634491240E-01  5.257942960165E-01  5.140217093027E-01  5.022490381825E-01
  4.905115956453E-01  4.787757874665E-01  4.671125799831E-01  4.554525831744E-01
  4.439010159562E-01  4.323540902193E-01  4.209496496244E-01  4.095511344183E-01
  3.983271847186E-01  3.871102977373E-01  3.760979120647E-01  3.650935818693E-01
  3.543214100871E-01  3.435581455742E-01  3.330523201190E-01  3.225561178103E-01
  3.123401967806E-01  3.021344851535E-01  2.922294302290E-01  2.823350486331E-01
  2.727592339416E-01  2.631944421940E-01  2.539636891283E-01  2.447442027815E-01
  2.358718350928E-01  2.270108807159E-01  2.185077940416E-01  2.100161786986E-01
  2.018909190276E-01  1.937771084976E-01  1.860359549001E-01  1.783061560189E-01
  1.709532041820E-01  1.636114479021E-01  1.566486924755E-01  1.496969157032E-01
  1.431243309916E-01  1.365624567868E-01  1.303780767372E-01  1.242040938637E-01
  1.184040934178E-01  1.126141373354E-01  1.071929179110E-01  1.017813559832E-01
  9.673163806062E-02  9.169116194750E-02  8.700408747321E-02  8.232581540519E-02
  7.799106206841E-02  7.366465303078E-02  6.967056153453E-02  6.568434245825E-02
  6.201805684531E-02  5.835916283771E-02  5.500678287449E-02  5.166130947163E-02
  4.860805315354E-02  4.556121864249E-02  4.279159214040E-02  4.002790726299E-02
  3.752587912083E-02  3.502932096749E-02  3.277849709503E-02  3.053268373745E-02
  2.851647970215E-02  2.650484207752E-02  2.470664935301E-02  2.291259706926E-02
  2.131594020362E-02  1.972301824226E-02  1.831170032568E-02  1.690373403542E-02
  1.566196833203E-02  1.442319459108E-02  1.333572072047E-02  1.225090366471E-02
  1.130308724400E-02  1.035761748194E-02  9.535532647430E-03  8.715509388846E-03
  8.006004089167E-03  7.298300085407E-03  6.689044463658E-03  6.081354081130E-03
  5.560872633918E-03  5.041743750758E-03  4.599432262138E-03  4.158282986673E-03
  3.784411483452E-03  3.411532940051E-03  3.097236101926E-03  2.783782715674E-03
  2.521039301494E-03  2.259008140056E-03  2.040611063756E-03  1.822811866329E-03
  1.642330577529E-03  1.462348121753E-03  1.314084922098E-03  1.166235355599E-03
  1.045177218879E-03  9.244599189469E-04  8.262272872361E-04  7.282737163958E-04
  6.490676226395E-04  5.700885262115E-04  5.066372524340E-04  4.433694031788E-04
  3.928757292010E-04  3.425292702014E-04  3.026192065107E-04  2.628264825877E-04
  2.315002183206E-04  2.002668240258E-04  1.758524618396E-04  1.515110753225E-04
  1.326215734534E-04  1.137889944705E-04  9.928259595046E-05  8.482026638386E-05
  7.376456885608E-05  6.274272798363E-05  5.438243666630E-05  4.604795290609E-05
  3.977626507815E-05  3.352409208342E-05  2.885758436609E-05  2.420571253355E-05
  2.076254193636E-05  1.733025632589E-05  1.481144169407E-05  1.230065321980E-05
  1.047417409689E-05  8.653561376293E-06  7.340994789625E-06  6.032677639514E-06
  5.098088117044E-06  4.166548557520E-06  3.507350872015E-06  2.850321725382E-06
  2.389847498525E-06  1.930900318482E-06  1.612416836609E-06  1.294998111310E-06
  1.076948770967E-06  8.596343822172E-07  7.118935617319E-07  5.646548205997E-07
  4.656143017572E-07  3.669131604210E-07  3.012415421720E-07  2.357968478202E-07
  1.927363869862E-07  1.498259802828E-07  1.219137697876E-07  9.409966051171E-08
  7.621832122070E-08  5.840037433120E-08  4.708233990891E-08  3.580478241492E-08
  2.872894012047E-08  2.167862845893E-08  1.731057210793E-08  1.295841848700E-08
  1.029668483352E-08  7.644730404721E-09  6.044188679602E-09  4.449581983655E-09
  3.500176904423E-09  2.554325571857E-09  1.998970709112E-09  1.445714549566E-09
  1.125476795654E-09  8.064610341565E-10  6.244901734577E-10  4.432205855277E-10
  3.413617167165E-10  2.398993545213E-10  1.837558405748E-10  1.278331264703E-10
  9.737271601052E-11  6.703335630730E-11  5.077283433647E-11  3.457762359255E-11
  2.604036819111E-11  1.753777740326E-11  1.313116545055E-11  8.742645430920E-12
  6.507494791913E-12  4.281625280572E-12  3.168018459949E-12  2.059089483025E-12
  1.514358237999E-12  9.719423978692E-13  7.104522127227E-13  4.500870091554E-13
  3.269634608094E-13  2.043762021536E-13  1.475391117208E-13  9.095273086897E-14
  6.524347632644E-14  3.964910921988E-14  2.825705057453E-14  1.691655719307E-14
  1.197606598851E-14  7.058249508633E-15  3.532635834692E-15  1.183656380886E-17
  0.000000000000E+00  0.000000000000E+00  0.000000000000E+00  0.000000000000E+00
  0.000000000000E+00  0.000000000000E+00  0.000000000000E+00  0.000000000000E+00
  0.000000000000E+00  0.000000000000E+00  0.000000000000E+00  0.000000000000E+00
  0.000000000000E+00  0.000000000000E+00  0.000000000000E+00  0.000000000000E+00
  0.000000000000E+00  0.000000000000E+00  0.000000000000E+00  0.000000000000E+00
  0.000000000000E+00  0.000000000000E+00  0.000000000000E+00  0.000000000000E+00
  0.000000000000E+00  0.000000000000E+00  0.000000000000E+00  0.000000000000E+00
  0.000000000000E+00  0.000000000000E+00  0.000000000000E+00  0.000000000000E+00
  0.000000000000E+00  0.000000000000E+00  0.000000000000E+00  0.000000000000E+00
  0.000000000000E+00  0.000000000000E+00  0.000000000000E+00  0.000000000000E+00
  0.000000000000E+00  0.000000000000E+00  0.000000000000E+00  0.000000000000E+00
  0.000000000000E+00  0.000000000000E+00  0.000000000000E+00  0.000000000000E+00
  0.000000000000E+00  0.000000000000E+00  0.000000000000E+00  0.000000000000E+00
  0.000000000000E+00  0.000000000000E+00  0.000000000000E+00  0.000000000000E+00
  0.000000000000E+00  0.000000000000E+00  0.000000000000E+00  0.000000000000E+00
  0.000000000000E+00  0.000000000000E+00  0.000000000000E+00  0.000000000000E+00
  0.000000000000E+00  0.000000000000E+00  0.000000000000E+00  0.000000000000E+00
  0.000000000000E+00  0.000000000000E+00  0.000000000000E+00  0.000000000000E+00
  0.000000000000E+00  0.000000000000E+00  0.000000000000E+00  0.000000000000E+00
  0.000000000000E+00  0.000000000000E+00  0.000000000000E+00  0.000000000000E+00
  0.000000000000E+00  0.000000000000E+00  0.000000000000E+00  0.000000000000E+00
  0.000000000000E+00  0.000000000000E+00  0.000000000000E+00  0.000000000000E+00
  0.000000000000E+00  0.000000000000E+00  0.000000000000E+00  0.000000000000E+00
  0.000000000000E+00
 Pseudo-wave-function follows (l, zelect, rc)
 1  2.000000000000E+00  1.498152959386E+00
  6.017909509878E-10  2.436801606642E-09  5.550447400461E-09  9.989449093637E-09
  1.580186726987E-08  2.303713770986E-08  3.174610766755E-08  4.198107307071E-08
  5.379581666911E-08  6.724564715393E-08  8.238743927287E-08  9.927967496588E-08
  1.179824855469E-07  1.385576949584E-07  1.610688641244E-07  1.855813364313E-07
  2.121622843627E-07  2.408807573188E-07  2.718077306492E-07  3.050161559292E-07
  3.405810125120E-07  3.785793603868E-07  4.190903943774E-07  4.621954997136E-07
  5.079783090098E-07  5.565247606872E-07  6.079231588735E-07  6.622642348191E-07
  7.196412098670E-07  7.801498600148E-07  8.438885821084E-07  9.109584617102E-07
  9.814633426800E-07  1.055509898516E-06  1.133207705493E-06  1.214669317656E-06
  1.300010343691E-06  1.389349525755E-06  1.482808820277E-06  1.580513480805E-06
  1.682592142946E-06  1.789176911433E-06  1.900403449402E-06  2.016411069906E-06
  2.137342829742E-06  2.263345625634E-06  2.394570292842E-06  2.531171706250E-06
  2.673308884003E-06  2.821145093741E-06  2.974847961516E-06  3.134589583439E-06
  3.300546640139E-06  3.472900514100E-06  3.651837409936E-06  3.837548477704E-06
  4.030958509418E-06  4.230821321056E-06  4.438018745209E-06  4.652750415126E-06
  4.875215681253E-06  5.105612998913E-06  5.344555510750E-06  5.592399013757E-06
  5.848990838183E-06  6.114542449066E-06  6.389262626954E-06  6.673356636317E-06
  6.967025314488E-06  7.270464075308E-06  7.583861821238E-06  7.907487292647E-06
  8.244275815268E-06  8.591981821402E-06  8.950795190838E-06  9.320895233159E-06
  9.702449097658E-06  1.009561004776E-05  1.050524127145E-05  1.092740839339E-05
  1.136223235110E-05  1.180985000215E-05  1.227040092516E-05  1.275060603854E-05
  1.324472105850E-05  1.375285617546E-05  1.427509503405E-05  1.481646316147E-05
  1.537634364533E-05  1.595149025777E-05  1.654193931527E-05  1.715339433714E-05
  1.778595400437E-05  1.843501747518E-05  1.910055508017E-05  1.979236367544E-05
  2.050492425804E-05  2.123518019183E-05  2.198568692264E-05  2.276696380255E-05
  2.356720150643E-05  2.438623001695E-05  2.523762216737E-05  2.611345164856E-05
  2.700931513514E-05  2.793464650248E-05  2.889203752551E-05  2.987072557532E-05
  3.087712747247E-05  3.192242158302E-05  3.299028462368E-05  3.408558479203E-05
  3.522550579322E-05  3.638926298933E-05  3.758205566268E-05  3.882371809607E-05
  4.009046283078E-05  4.139018581657E-05  4.274110092252E-05  4.411830327915E-05
  4.553532277635E-05  4.700340131974E-05  4.849890688233E-05  5.004461082727E-05
  5.163816207396E-05  5.326018625581E-05  5.494708706663E-05  5.667481308083E-05
  5.843454511797E-05  6.027377774366E-05  6.214476204538E-05  6.406669638056E-05
  6.605779392653E-05  6.808148339946E-05  7.018145588816E-05  7.233442532985E-05
  7.452670742574E-05  7.681602301588E-05  7.914123090047E-05  8.153816038542E-05
  8.400998910994E-05  8.651812448945E-05  8.913976121248E-05  9.180542798959E-05
  9.454408333544E-05  9.737585579428E-05  1.002469792432E-04  1.032440767675E-04
  1.062934947144E-04  1.094255038088E-04  1.126628912188E-04  1.159425112066E-04
  1.193718658635E-04  1.228530465520E-04  1.264379623242E-04  1.301316100185E-04
  1.338796135186E-04  1.377972003641E-04  1.417632465415E-04  1.458697791723E-04
  1.500756986826E-04  1.543703193478E-04  1.588290304137E-04  1.633385042638E-04
  1.680459456089E-04  1.728259030859E-04  1.777502978199E-04  1.828152700175E-04
  1.879671481259E-04  1.933324174538E-04  1.987543072441E-04  2.044044641928E-04
  2.101472936881E-04  2.160599011302E-04  2.221408405809E-04  2.283286602386E-04
  2.347657658715E-04  2.412648714973E-04  2.480544459251E-04  2.549337370030E-04
  2.620408938222E-04  2.693206321205E-04  2.767608415691E-04  2.844623323575E-04
  2.922518264130E-04  3.003974712995E-04  3.086149359469E-04  3.171666338843E-04
  3.258575938186E-04  3.348124543316E-04  3.440020137875E-04  3.533797189589E-04
  3.630942717000E-04  3.729154741264E-04  3.831827686303E-04  3.935309940435E-04
  4.043183474707E-04  4.152550315757E-04  4.265544153331E-04  4.381106105892E-04
  4.499470720486E-04  4.621554220752E-04  4.745552450696E-04  4.874500649410E-04
  5.004408310871E-04  5.140581916380E-04  5.277708043084E-04  5.420466610376E-04
  5.565274021915E-04  5.714856989105E-04  5.867748727329E-04  6.024490663854E-04
  6.185890359913E-04  6.350142367799E-04  6.520495278749E-04  6.692625812142E-04
  6.872399909175E-04  7.053244673236E-04  7.242482745249E-04  7.433327962811E-04
  7.631666451550E-04  7.833034172712E-04  8.040920069187E-04  8.253358934690E-04
  8.471261331122E-04  8.695347907719E-04  8.923759092149E-04  9.160099274233E-04
  9.399535879133E-04  9.648766359862E-04  9.899770567380E-04  1.016256038268E-03
  1.042667312541E-03  1.070275333826E-03  1.098123595511E-03  1.127068102715E-03
  1.156427852324E-03  1.186774623171E-03  1.217724139805E-03  1.249542204941E-03
  1.282163735258E-03  1.315525539039E-03  1.349905495539E-03  1.384887064700E-03
  1.421116233770E-03  1.457797354365E-03  1.495971114561E-03  1.534435517581E-03
  1.574654068631E-03  1.615033967908E-03  1.657358227736E-03  1.699901418393E-03
  1.744286380905E-03  1.789104218612E-03  1.835651452970E-03  1.882860912509E-03
  1.931677006477E-03  1.981400961051E-03  2.032597768060E-03  2.084965282237E-03
  2.138660180464E-03  2.193806817370E-03  2.250122981399E-03  2.308191124854E-03
  2.367257810500E-03  2.428397002784E-03  2.490349845714E-03  2.554717141688E-03
  2.619698470462E-03  2.687458808814E-03  2.755617973044E-03  2.826944565433E-03
  2.898486790442E-03  2.973513018681E-03  3.048821084487E-03  3.127519609517E-03
  3.206785555348E-03  3.289337438466E-03  3.372762913940E-03  3.459358130842E-03
  3.547154867910E-03  3.637992743268E-03  3.730383050625E-03  3.825672713315E-03
  3.922889994295E-03  4.022850854222E-03  4.125140149211E-03  4.230002396677E-03
  4.337620951116E-03  4.447626079735E-03  4.560843938845E-03  4.676245293042E-03
  4.795345924412E-03  4.916409272568E-03  5.041690217808E-03  5.168694352171E-03
  5.300467908868E-03  5.433705273369E-03  5.572299208608E-03  5.712076555770E-03
  5.857834852545E-03  6.004473930708E-03  6.157757568567E-03  6.311595840684E-03
  6.472783611996E-03  6.634298677560E-03  6.803664370581E-03  6.973507629098E-03
  7.151188042197E-03  7.329778040175E-03  7.516181388122E-03  7.703957237752E-03
  7.899511564816E-03  8.096933920493E-03  8.302088037183E-03  8.509640115191E-03
  8.724864576359E-03  8.943053219266E-03  9.168841345109E-03  9.398198132482E-03
  9.635067073960E-03  9.876149480983E-03  1.012464133122E-02  1.037803393684E-02
  1.063871689008E-02  1.090503263625E-02  1.117850219590E-02  1.145838369963E-02
  1.174526393695E-02  1.203938485658E-02  1.234032972170E-02  1.264939617911E-02
  1.296509086568E-02  1.328984292588E-02  1.362100529106E-02  1.396221850065E-02
  1.430960054177E-02  1.466808752767E-02  1.503247691704E-02  1.540908904677E-02
  1.579131072588E-02  1.618693983069E-02  1.658785766518E-02  1.700343782700E-02
  1.742395632328E-02  1.786046572654E-02  1.830153181135E-02  1.875999466032E-02
  1.922259952379E-02  1.970408802611E-02  2.018926902917E-02  2.069490544571E-02
  2.120374809212E-02  2.173470685336E-02  2.226834682666E-02  2.282585671519E-02
  2.338548198037E-02  2.397082837886E-02  2.455768134827E-02  2.517220855181E-02
  2.578758831461E-02  2.643270190583E-02  2.707846850415E-02  2.775513580440E-02
  2.843300825730E-02  2.914246514832E-02  2.985398150178E-02  3.059777733392E-02
  3.134454448052E-02  3.212429731653E-02  3.290799359213E-02  3.372539277043E-02
  3.454777059523E-02  3.540457933482E-02  3.626746789265E-02  3.716552593299E-02
  3.807083388153E-02  3.901206015010E-02  3.996177835345E-02  4.094817365202E-02
  4.194437792575E-02  4.297802762537E-02  4.402288148253E-02  4.510595821536E-02
  4.620171560038E-02  4.733648193508E-02  4.848548993042E-02  4.967430101569E-02
  5.087900250420E-02  5.212430866306E-02  5.338724492663E-02  5.469159418182E-02
  5.601540741440E-02  5.738144792247E-02  5.876888363267E-02  6.019936600194E-02
  6.165327527755E-02  6.315105474158E-02  6.467439634488E-02  6.624243476024E-02
  6.783827701929E-02  6.947964465228E-02  7.115116710949E-02  7.286904417287E-02
  7.461953894779E-02  7.641721684394E-02  7.825008966235E-02  8.013097188465E-02
  8.204974272108E-02  8.401734536028E-02  8.602564863539E-02  8.808360043193E-02
  9.018518470032E-02  9.233722657785E-02  9.453595363523E-02  9.678593764394E-02
  9.908578097587E-02  1.014376685674E-01  1.038427110542E-01  1.063005706028E-01
  1.088150013874E-01  1.113830048628E-01  1.140111152801E-01  1.166935339722E-01
  1.194397124289E-01  1.222409116113E-01  1.251096372967E-01  1.280340697109E-01
  1.310299050093E-01  1.340821030390E-01  1.372096845031E-01  1.403942508990E-01
  1.436582786343E-01  1.469798756397E-01  1.503851009389E-01  1.538484376552E-01
  1.573996487114E-01  1.610094665318E-01  1.647114720458E-01  1.684725279768E-01
  1.723301384677E-01  1.762471861440E-01  1.802651927579E-01  1.843429609510E-01
  1.885261115559E-01  1.927692799636E-01  1.971222523089E-01  2.015354244076E-01
  2.060627961207E-01  2.106504688548E-01  2.153566840409E-01  2.201232141189E-01
  2.250125463300E-01  2.299621128967E-01  2.350386242334E-01  2.401751876860E-01
  2.454426838040E-01  2.507699405290E-01  2.562319213275E-01  2.617532541415E-01
  2.674128599300E-01  2.731312840271E-01  2.789912369864E-01  2.849093412148E-01
  2.909718819992E-01  2.970917653239E-01  3.033585846907E-01  3.096817877373E-01
  3.161539531424E-01  3.226813847700E-01  3.293592619296E-01  3.360911208461E-01
  3.429742903439E-01  3.499099818547E-01  3.569971509672E-01  3.641351990452E-01
  3.714241090705E-01  3.787620640466E-01  3.862493935545E-01  3.937837358628E-01
  4.014650004363E-01  4.091910410011E-01  4.170604902173E-01  4.249722682480E-01
  4.330227808470E-01  4.411129600064E-01  4.493359384218E-01  4.575957025612E-01
  4.659809682378E-01  4.743999181398E-01  4.829356093367E-01  4.915016621834E-01
  5.001741362597E-01  5.088734298358E-01  5.176671723274E-01  5.264839762811E-01
  5.353815194083E-01  5.442981562163E-01  5.532800097925E-01  5.622767884054E-01
  5.713213864466E-01  5.803765519109E-01  5.894602185589E-01  5.985499212196E-01
  6.076468598696E-01  6.167451480238E-01  6.258274577754E-01  6.349062978687E-01
  6.439440215732E-01  6.529733501681E-01  6.619345583995E-01  6.708823701879E-01
  6.797332853926E-01  6.885657614369E-01  6.972709262848E-01  7.059526064235E-01
  7.144750999650E-01  7.229691028818E-01  7.312708074721E-01  7.395391012696E-01
  7.475810223317E-01  7.555847475447E-01  7.633273870767E-01  7.710272328788E-01
  7.784310161563E-01  7.857876490473E-01  7.928134022180E-01  7.997879447210E-01
  8.063974189494E-01  8.129519738024E-01  8.191084093185E-01  8.252066223509E-01
  8.308753432413E-01  8.364829956210E-01  8.416320235413E-01  8.467176414422E-01
  8.513183137177E-01  8.558537807835E-01  8.598813557346E-01  8.638425111218E-01
  8.672767410248E-01  8.706439434420E-01  8.734695934904E-01  8.762282296682E-01
  8.784355197994E-01  8.805764343925E-01  8.821613800570E-01  8.836812032716E-01
  8.846458313182E-01  8.855471807282E-01  8.858995976954E-01  8.861911319011E-01
  8.859454242605E-01  8.856417283663E-01  8.848176777393E-01  8.839389641571E-01
  8.825615652669E-01  8.811331781377E-01  8.792319532967E-01  8.772836708893E-01
  8.748917821696E-01  8.724569189817E-01  8.696100879279E-01  8.667244069340E-01
  8.634596618413E-01  8.601601175017E-01  8.565144000892E-01  8.528377445514E-01
  8.488464215786E-01  8.448277202375E-01  8.405230615656E-01  8.361941801318E-01
  8.316038831765E-01  8.269920268749E-01  8.221378882670E-01  8.172642946605E-01
  8.121611523857E-01  8.070400616949E-01  8.016951527458E-01  7.963332010505E-01
  7.907460959578E-01  7.851422924498E-01  7.793055705880E-01  7.734520215351E-01
  7.673528263228E-01  7.612363418891E-01  7.548588830330E-01  7.484635284382E-01
  7.417924518810E-01  7.351029540340E-01  7.281272441636E-01  7.211329036212E-01
  7.138495736804E-01  7.065479165606E-01  6.989641303793E-01  6.913629139406E-01
  6.834946750992E-01  6.756103664476E-01  6.674777527402E-01  6.593305833902E-01
  6.509543025367E-01  6.425649400917E-01  6.339667647034E-01  6.253569773202E-01
  6.165596119730E-01  6.077520884243E-01  5.987789714559E-01  5.897971230448E-01
  5.806723235092E-01  5.715401870587E-01  5.622882742708E-01  5.530303805261E-01
  5.436762824953E-01  5.343175147462E-01  5.248863653688E-01  5.154518067790E-01
  5.059687835695E-01  4.964835551530E-01  4.869737103507E-01  4.774628024583E-01
  4.679508912265E-01  4.584389922762E-01  4.489493024271E-01  4.394606293171E-01
  4.300168174435E-01  4.205749525218E-01  4.111998915151E-01  4.018276310618E-01
  3.925432736892E-01  3.832624925475E-01  3.740897550576E-01  3.649212913370E-01
  3.558799600018E-01  3.468435227058E-01  3.379521848758E-01  3.290662859783E-01
  3.203422857358E-01  3.116241967371E-01  3.030836137084E-01  2.945493451901E-01
  2.862069936520E-01  2.778712949327E-01  2.697407391446E-01  2.616171139516E-01
  2.537106947773E-01  2.458114279942E-01  2.381402954350E-01  2.304764855628E-01
  2.230506318660E-01  2.156322238898E-01  2.084605124430E-01  2.012963263536E-01
  1.943865125817E-01  1.874842638209E-01  1.808430056873E-01  1.742093151685E-01
  1.678421724820E-01  1.614825654410E-01  1.553939888186E-01  1.493128833875E-01
  1.435061952132E-01  1.377068830891E-01  1.321842539801E-01  1.266688767189E-01
  1.214313017364E-01  1.162008269120E-01  1.112481059896E-01  1.063023076799E-01
  1.016330345038E-01  9.697048231561E-02  9.258204525897E-02  8.820010546765E-02
  8.408870327510E-02  7.998355474228E-02  7.614422860959E-02  7.231089509618E-02
  6.873757771772E-02  6.516997713855E-02  6.185555830104E-02  5.854656848043E-02
  5.548297593335E-02  5.242451557892E-02  4.960280924895E-02  4.678593220445E-02
  4.419640935360E-02  4.161140972895E-02  3.924371837560E-02  3.688024387703E-02
  3.472350168464E-02  3.257067235582E-02  3.061358821747E-02  2.866011782876E-02
  2.689111350771E-02  2.512543096326E-02  2.353276036163E-02  2.194312870687E-02
  2.051499260218E-02  1.908962348092E-02  1.781427787112E-02  1.654143958247E-02
  1.540729609879E-02  1.427541372114E-02  1.327113088988E-02  1.226887726034E-02
  1.138344171013E-02  1.049981836186E-02  9.722615374201E-03  8.947022834118E-03
  8.267895916229E-03  7.590193045960E-03  6.999492462701E-03  6.410044781933E-03
  5.898665214504E-03  5.388382376221E-03  4.947790077972E-03  4.508152866705E-03
  4.130402859672E-03  3.753480256448E-03  3.431224255645E-03  3.109681256149E-03
  2.836167122517E-03  2.563264108301E-03  2.332327716085E-03  2.101912263105E-03
  1.907962724470E-03  1.714454789992E-03  1.552454010463E-03  1.390825469877E-03
  1.256263014546E-03  1.122012525826E-03  1.010876760497E-03  9.000009182226E-04
  8.087473542771E-04  7.177090597064E-04  6.432267792385E-04  5.689217007292E-04
  5.084986723295E-04  4.482206043226E-04  3.995086227868E-04  3.509144746016E-04
  3.118943728468E-04  2.729694336935E-04  2.419171252258E-04  2.109411620924E-04
  1.863949803241E-04  1.619096335486E-04  1.426393427342E-04  1.234171927498E-04
  1.083949566487E-04  9.341054694421E-05  8.178405757385E-05  7.018707537167E-05
  6.125496706737E-05  5.234570627269E-05  4.553531102668E-05  3.874247294309E-05
  3.358991256788E-05  2.845073961514E-05  2.458329919896E-05  2.072598594024E-05
  1.784667149826E-05  1.497495584831E-05  1.284910685804E-05  1.072891223577E-05
  9.172716411197E-06  7.620692351686E-06  6.491434923757E-06  5.365228643605E-06
  4.553100427407E-06  3.743183895109E-06  3.164471782384E-06  2.587348240093E-06
  2.178832195420E-06  1.771446503647E-06  1.485844768952E-06  1.201039662977E-06
  1.003336991960E-06  8.061902593996E-07  6.707151986017E-07  5.356242114225E-07
  4.437501716098E-07  3.521387452222E-07  2.904933446179E-07  2.290256196041E-07
  1.881120020740E-07  1.473172990077E-07  1.204653113470E-07  9.369203233903E-08
  7.626973653048E-08  5.889894852499E-08  4.772695517777E-08  3.658827877547E-08
  2.951004201709E-08  2.245310011189E-08  1.802356479530E-08  1.360747488738E-08
  1.087034060977E-08  8.141589969803E-09  6.472031532229E-09  4.807633882449E-09
  3.802708267776E-09  2.800918009494E-09  2.204228361878E-09  1.609418048609E-09
  1.260038770557E-09  9.117705142162E-10  7.101068243592E-10  5.090907149611E-10
  3.943852566885E-10  2.800518173350E-10  2.157821585743E-10  1.517230617512E-10
  1.162638482953E-10  8.092201028295E-11  6.166520941962E-11  4.247282443701E-11
  3.218318344940E-11  2.192833240918E-11  1.652087523012E-11  1.113190214988E-11
  8.337952821878E-12  5.553659387335E-12  4.135264444540E-12  2.721828931099E-12
  1.363157045461E-12  4.679864078481E-15  0.000000000000E+00  0.000000000000E+00
  0.000000000000E+00  0.000000000000E+00  0.000000000000E+00  0.000000000000E+00
  0.000000000000E+00  0.000000000000E+00  0.000000000000E+00  0.000000000000E+00
  0.000000000000E+00  0.000000000000E+00  0.000000000000E+00  0.000000000000E+00
  0.000000000000E+00  0.000000000000E+00  0.000000000000E+00  0.000000000000E+00
  0.000000000000E+00  0.000000000000E+00  0.000000000000E+00  0.000000000000E+00
  0.000000000000E+00  0.000000000000E+00  0.000000000000E+00  0.000000000000E+00
  0.000000000000E+00  0.000000000000E+00  0.000000000000E+00  0.000000000000E+00
  0.000000000000E+00  0.000000000000E+00  0.000000000000E+00  0.000000000000E+00
  0.000000000000E+00  0.000000000000E+00  0.000000000000E+00  0.000000000000E+00
  0.000000000000E+00  0.000000000000E+00  0.000000000000E+00  0.000000000000E+00
  0.000000000000E+00  0.000000000000E+00  0.000000000000E+00  0.000000000000E+00
  0.000000000000E+00  0.000000000000E+00  0.000000000000E+00  0.000000000000E+00
  0.000000000000E+00  0.000000000000E+00  0.000000000000E+00  0.000000000000E+00
  0.000000000000E+00  0.000000000000E+00  0.000000000000E+00  0.000000000000E+00
  0.000000000000E+00  0.000000000000E+00  0.000000000000E+00  0.000000000000E+00
  0.000000000000E+00  0.000000000000E+00  0.000000000000E+00  0.000000000000E+00
  0.000000000000E+00  0.000000000000E+00  0.000000000000E+00  0.000000000000E+00
  0.000000000000E+00  0.000000000000E+00  0.000000000000E+00  0.000000000000E+00
  0.000000000000E+00  0.000000000000E+00  0.000000000000E+00  0.000000000000E+00
  0.000000000000E+00  0.000000000000E+00  0.000000000000E+00  0.000000000000E+00
  0.000000000000E+00  0.000000000000E+00  0.000000000000E+00  0.000000000000E+00
  0.000000000000E+00  0.000000000000E+00  0.000000000000E+00  0.000000000000E+00
  0.000000000000E+00  0.000000000000E+00  0.000000000000E+00  0.000000000000E+00
  0.000000000000E+00
