
 =================================================================

  PARSEC-PYTHON - Modular real-space DFT program
  PARSEC-like report; Python real-space implementation

 starting run on 01-Sep-2026 00:00:42 -0700
 input file: C:\Users\zigze\Desktop\parsec_python\src\accelerated_architecture\benchmarks\0_CH4_CF4\python_pbe\CH4\FS_1s\parsec.in

 =================================================================

 Initial Run - starting from atomic potentials
 ignoresym= F

 Grid data:
 ~~------~~

 Confined system (cluster) with zero boundary condition!
  Spherical domain shape:
 --- Radius is  11.448589 bohrs
 Grid spacing is  0.226767 bohrs
 Order of double grid is    1
 Grid points are shifted from origin!
 shift vector =   0.5000   0.5000   0.5000   [units of grid spacing]
 WAVEFUNCTIONS ARE REAL!
 The Finite-difference expansion is of order  8
 Python constructs the full active grid; the selected execution backend reports any exact symmetry reduction.

 Eigenvalue data:
 ----------------
 Number of states:           65
 Net cluster charge =    1.000      [e]
 Fermi temperature =   1160.45 [K]

 Self-consistency data:
 ----------------------
 Maximum number of iterations is          100
 Performing Chebyshev subspace filtering
 Polynomial degree for First-filter is     24
 The matvec operations use block size     16
 Polynomial degree for Chebyshev filtering is     12
 Change in polynomial degree (dpm) for Chebyshev filtering is      3
 Self-consistency convergence criterion is    1.0000000000000001E-05  Ry
 Diagonalization tolerance is    1.0000000000000001E-05
 Buffer size in subspace is      6

 Mixer data:
 -----------
 solver lpole is :            9
 Anderson mixer
 Initial Jacobian:  0.300  Mixing memory is  4
 Mixing restarted after           20 iterations

 Correlation data:
 -----------------
 Exchange-Correlation functional is pbe
 GGA, Perdew-Burke-Ernzerhof parametrization

 Other input data:
 -----------------
 output level [1 - 6] =  1
 No spin effects!
 No minimization!


 Atom data:
 --~--~---

 Tot. # of atom types is     2

 Chemical element : C-1s
 Physical element : C
 martins_new
  pseudopotential format : new Martins
  pseudopotential file   : C:\Users\zigze\Desktop\parsec_python\src\accelerated_architecture\benchmarks\0_CH4_CF4\python_pbe\CH4\FS_1s\C-1s_POTRE.DAT
  radial points/channels : 921 / 2
  selected local channel : l=1
 There are      1 C-1s  atoms
 and their initial coordinates are:

    x [bohr]          y [bohr]          z [bohr]
     -0.000045117     -0.000021369     -0.000024143

 Chemical element : H
 Physical element : H
 martins_new
  pseudopotential format : new Martins
  pseudopotential file   : C:\Users\zigze\Desktop\parsec_python\src\accelerated_architecture\benchmarks\0_CH4_CF4\python_pbe\CH4\FS_1s\H_POTRE.DAT
  radial points/channels : 773 / 1
  selected local channel : l=0
 There are      4 H  atoms
 and their initial coordinates are:

    x [bohr]          y [bohr]          z [bohr]
      1.727954967     -1.127608747      0.176302644
     -1.642194097     -1.259755193     -0.070031554
     -0.168771272      1.264170764      1.631493405
      0.083093085      1.123132447     -1.737906362

 Tot. number of atoms =       5

 Real-space setup:
 -----------------
 Full active grid points =       539152
 Hamiltonian dimension   =       539152
 Sparse Laplacian nonzeros =    12998800
 Nonlocal projector columns =        1
 Number of electrons =     8.00000000
 Initial density integral =     8.00000000

 Setup timings [sec]
 --------------------------------------------------
 Pseudopotential loading       :     0.016836
 Grid-domain construction      :     0.054302
 Finite-difference construction:     0.132593
 Local ionic potential setup   :     0.025620
 Nonlocal ionic projector setup:     0.004292
 Initial valence-density setup :     0.013960
 Core-density setup            :     0.000108
 Ion-ion energy setup           :     0.000097
 Preparation wall time          :     0.247864
 --------------------------------------------------

 Acceleration backend:
 ---------------------
 Requested backend = auto
 Selected backend  = cupy
 Numeric dtype     = float64
 Device            = CUDA:0 (NVIDIA GeForce RTX 5070 Laptop GPU)
 Implementation    = CuPy float64 device-resident stencil-major/compact-CSR Hamiltonian with fused Chebyshev recurrence, CHEBFF/CHEBDAV/SUBSPACE eigensolver, and fused orbital-density construction
 laplacian_nnz = 12998800
 projector_columns = 1
 cupy_version = 14.0.1
 gpu_finite_difference_storage = stencil_major_int32_neighbors_uint8_coefficient_palette
 gpu_finite_difference_palette_size = 5
 gpu_finite_difference_fallback = none
 gpu_chebyshev_recurrence = fused_hamiltonian_recurrence
 gpu_later_subspace_filter_precision = float32 stencil/projectors/recurrence; float64 Ritz and SCF
 gpu_nonlocal_application = B.T projection plus KB scatter fused into CUDA stencil
 gpu_projector_reduction = parallel
 gpu_subspace_residuals = disabled_diagnostics_only
 cuda_initialization_overlap = cuda_probe_with_cpu_reference_setup
 backend_resolution_seconds = 0.903786
 reference_preparation_seconds = 0.252198
 backend_reference_overlapped_seconds = 0.251689
 symmetry_mode = auto
 symmetry_detection = identity only; no nontrivial supported symmetry detected
 detected_symmetry_group_order = 1
 orbital_symmetry = full grid (no nontrivial supported symmetry)
 finite_difference_builder = C++17 compressed-grid CSR builder (exact stencil parity)
 ionic_setup_implementation = cached-grid C++/OpenMP radial interpolation and KB sampling
 hartree_backend = native
 hartree_implementation = cached C++/OpenMP multipole boundary/RHS plus cached C++/OpenMP CG
 xc_implementation = vectorized NumPy discrete-variational PBE
 finite_difference_full_grid_materialization = performed
 finite_difference_provenance_key = dbbe2cabb2258d05cbc2d5b34a442e7284ce801010eace1d176fce5f22e64005
 finite_difference_provenance_hash_seconds = 0.009312
 finite_difference_nnz_count_seconds = 0.123272
 finite_difference_nnz_cache = miss-written
 finite_difference_nnz_cache_path = C:\Users\zigze\Desktop\parsec_python\src\accelerated_architecture\benchmarks\0_CH4_CF4\python_pbe\CH4\FS_1s\.parsec_cache\symmetry\negative-laplacian-nnz-v1-dbbe2cabb2258d05cbc2d5b34a442e7284ce801010eace1d176fce5f22e64005.json
 finite_difference_materialization_seconds = 0.223172
 reference_static_cache = disabled
 reference_static_cache_lookup_seconds = 0.000000
 symmetry_geometry_cache = miss-written
 symmetry_geometry_cache_key = 9b21a3a3f6da57e7f4ce4d09c8f9bf9e01f643cec2d493843af4ab4ef0d4edd3
 symmetry_geometry_cache_path = C:\Users\zigze\Desktop\parsec_python\src\accelerated_architecture\benchmarks\0_CH4_CF4\python_pbe\CH4\FS_1s\.parsec_cache\symmetry\reflection-reduction-v2-9b21a3a3f6da57e7f4ce4d09c8f9bf9e01f643cec2d493843af4ab4ef0d4edd3.npz
 symmetry_geometry_hash_seconds = 0.011075
 symmetry_geometry_cache_load_seconds = 0.000000
 symmetry_geometry_build_seconds = 0.262259
 symmetry_geometry_cache_write_seconds = 0.013075
 gpu_initial_random_basis = bit-exact 2048-lane skip-ahead DLARNV generator
 gpu_chebdav_ritz_scalar_source = reuse values already returned by host LAPACK
 gpu_chebdav_appended_orthogonalization = not used by the selected first eigensolver
 gpu_chebdav_prefix_projection = full C-order coefficient GEMM plus fused active-prefix CUDA update for blocks up to six
 gpu_chebdav_ritz_projection = full contiguous C-order Davidson workspace GEMM; use only the active row interval
 gpu_subspace_orthogonalization = audited generalized Cholesky-whitened Rayleigh--Ritz selected for 539152x71 filtered basis; Householder QR stability fallback
 hartree_boundary_setup = overlapped with GPU orbital setup
 hartree_boundary_setup_seconds = 0.034449
 hartree_boundary_setup_wait_seconds = 0.000017
 hartree_boundary_setup_overlapped_seconds = 0.034432
 hartree_cg_storage = int32_columns_uint8_coefficient_palette
 hartree_cg_openmp_workers = 28
 hartree_initial_guess = two-step chronological RHS predictor with previous-potential fallback
 hartree_cg_coefficient_palette_size = 5
 hartree_symmetry = full grid
 native_openmp_detected_processors = 32
 native_openmp_reserved_threads = 4
 native_openmp_max_threads = 28
 native_openmp_thread_source = detected_processors_minus_4
 Backend initialization [sec] =     1.213567

 SCF iter #   1

 Diagonalization time [sec] :       5.67,      tdiag_sum =        5.67

 Fermi level at    -0.1266 [Ry]

   State   Eigenvalue [Ry]      Eigenvalue [eV]    Occup.     Repr.

    1        -2.1998078374       -29.9301454734    1.0000        1
    2        -1.3827342845       -18.8132061275    1.0000        1
    3        -1.2006944389       -16.3364083971    1.0000        1
    4        -0.8603252404       -11.7054131558    1.0000        1
    5         0.1390100119         1.8913424199    0.0000        1
    6         0.1455144934         1.9798410943    0.0000        1
    7         0.3823823823         5.2026182173    0.0000        1
    8         0.4873908337         6.6313422058    0.0000        1
    9         0.6226588719         8.4717720800    0.0000        1
   10         0.6300826887         8.5727790465    0.0000        1
   11         0.6891953573         9.3770541922    0.0000        1
   12         0.7187018940         9.7785142293    0.0000        1
   13         0.7455589807        10.1439263790    0.0000        1
   14         0.7687262446        10.4591355394    0.0000        1
   15         0.8283575020        11.2704665005    0.0000        1
   16         0.8461230755        11.5121813411    0.0000        1
   17         0.8856850051        12.0504530419    0.0000        1
   18         0.9008186221        12.2563580084    0.0000        1
   19         0.9243191689        12.5761017478    0.0000        1
   20         0.9439980160        12.8438482067    0.0000        1
   21         0.9808034677        13.3446158206    0.0000        1
   22         0.9985468805        13.5860291461    0.0000        1
   23         1.0233913532        13.9240580731    0.0000        1
   24         1.0900725063        14.8313085065    0.0000        1
   25         1.1090353551        15.0893132337    0.0000        1
   26         1.1318499654        15.3997242598    0.0000        1
   27         1.1397429424        15.5071145263    0.0000        1
   28         1.1741096229        15.9747007077    0.0000        1
   29         1.2114991576        16.4834152386    0.0000        1
   30         1.2433307136        16.9165090230    0.0000        1
   31         1.2560607014        17.0897106905    0.0000        1
   32         1.2637065298        17.1937383038    0.0000        1
   33         1.2836291228        17.4648011194    0.0000        1
   34         1.2984486024        17.6664319949    0.0000        1
   35         1.3066964613        17.7786507133    0.0000        1
   36         1.3480088989        18.3407394768    0.0000        1
   37         1.3563995699        18.4549012683    0.0000        1
   38         1.3914671182        18.9320233163    0.0000        1
   39         1.4218824562        19.3458483224    0.0000        1
   40         1.4376431746        19.5602855055    0.0000        1
   41         1.4543542488        19.7876530382    0.0000        1
   42         1.4642292508        19.9220103399    0.0000        1
   43         1.4808994638        20.1488219239    0.0000        1
   44         1.4883437999        20.2501080720    0.0000        1
   45         1.5291528779        20.8053482258    0.0000        1
   46         1.5524851968        21.1228030913    0.0000        1
   47         1.5792616037        21.4871175278    0.0000        1
   48         1.5969869161        21.7282845832    0.0000        1
   49         1.6295885537        22.1718559437    0.0000        1
   50         1.6489938803        22.4358809366    0.0000        1
   51         1.6673078158        22.6850566806    0.0000        1
   52         1.6940455323        23.0488447039    0.0000        1
   53         1.7123106172        23.2973557952    0.0000        1
   54         1.7267374649        23.4936445999    0.0000        1
   55         1.7548895055        23.8766756342    0.0000        1
   56         1.7839001014        24.2713880002    0.0000        1
   57         1.8034997978        24.5380575490    0.0000        1
   58         1.8170643148        24.7226136539    0.0000        1
   59         1.8371406369        24.9957680779    0.0000        1
   60         1.8593893364        25.2984794334    0.0000        1
   61         1.8869659759        25.6736816748    0.0000        1
   62         1.8964234858        25.8023586634    0.0000        1
   63         1.9152838452        26.0589689411    0.0000        1
   64         1.9310587935        26.2735997329    0.0000        1
   65         1.9466681941        26.4859781158    0.0000        1

 Max and min values of charge density [e/bohr^3]:   6.4937E-01   2.3036E-08

 Hartree potential time [sec]:       0.66

   Eigenvalue Energy             =         -11.28712360 [Ry]
   Hartree Energy                =          27.66343764 [Ry]
   Integral_{Vxc*rho}            =          -7.93586988 [Ry]
   Exc = Integral{eps_xc*rho}    =          -6.13282211 [Ry]
   Electron-Ion energy           =         -84.04539724 [Ry]
   Ion-Ion Energy                =          22.86396517 [Ry]

   Total Energy =           -16.75396481 [Ry]
   Energy/atom  =           -45.59021887 [eV]

  0-  1    SRE of pot. & charge weighted pot =  15.4695337742   0.3768099729

 SCF iter #   2

 Diagonalization time [sec] :       0.87,      tdiag_sum =        6.54

 Fermi level at    -0.8895 [Ry]

   State   Eigenvalue [Ry]      Eigenvalue [eV]    Occup.     Repr.

    1        -2.8153505696       -38.3050967798    1.0000        1
    2        -2.1062812641       -28.6576416231    1.0000        1
    3        -2.0756329835       -28.2406472464    1.0000        1
    4        -1.9624025623       -26.7000567819    1.0000        1
    5        -0.5667117983        -7.7105673847    0.0000        1
    6        -0.5225672887        -7.1099460160    0.0000        1
    7        -0.3501060300        -4.7634726229    0.0000        1
    8        -0.3307051375        -4.4995079600    0.0000        1
    9        -0.0760307712        -1.0344594667    0.0000        1
   10        -0.0410639649        -0.5587080930    0.0000        1
   11        -0.0164343444        -0.2236024036    0.0000        1
   12         0.0438783276         0.5969997493    0.0000        1
   13         0.0943777735         1.2840851113    0.0000        1
   14         0.1314575812         1.7885855586    0.0000        1
   15         0.1772195676         2.4112139932    0.0000        1
   16         0.2036863381         2.7713155793    0.0000        1
   17         0.2391015079         3.2531672961    0.0000        1
   18         0.2579864220         3.5101116600    0.0000        1
   19         0.2764669627         3.7615542006    0.0000        1
   20         0.3068188811         4.1745163331    0.0000        1
   21         0.3307578005         4.5002244826    0.0000        1
   22         0.3386737149         4.6079268300    0.0000        1
   23         0.3448683432         4.6922097038    0.0000        1
   24         0.3784527676         5.1491526649    0.0000        1
   25         0.3974594041         5.4077531599    0.0000        1
   26         0.4068083224         5.5349526731    0.0000        1
   27         0.4390390961         5.9734781341    0.0000        1
   28         0.4535078196         6.1703366916    0.0000        1
   29         0.4673010932         6.3580052133    0.0000        1
   30         0.4858902099         6.6109250180    0.0000        1
   31         0.4970964483         6.7633948559    0.0000        1
   32         0.5122654172         6.9697808135    0.0000        1
   33         0.5248492086         7.1409933623    0.0000        1
   34         0.5498112232         7.4806215408    0.0000        1
   35         0.5557561554         7.5615070997    0.0000        1
   36         0.5700548349         7.7560520732    0.0000        1
   37         0.5785997042         7.8723118555    0.0000        1
   38         0.5831278284         7.9339206079    0.0000        1
   39         0.6003559623         8.1683231513    0.0000        1
   40         0.6212706050         8.4528835980    0.0000        1
   41         0.6331460371         8.6144583513    0.0000        1
   42         0.6483833778         8.8217745620    0.0000        1
   43         0.6538114317         8.8956275777    0.0000        1
   44         0.6601852773         8.9823488465    0.0000        1
   45         0.6720805924         9.1441941237    0.0000        1
   46         0.6901336120         9.3898198976    0.0000        1
   47         0.7085380396         9.6402268586    0.0000        1
   48         0.7214307040         9.8156418719    0.0000        1
   49         0.7313844175         9.9510701081    0.0000        1
   50         0.7599882858        10.3402486193    0.0000        1
   51         0.7686851440        10.4585763327    0.0000        1
   52         0.7849738921        10.6801977809    0.0000        1
   53         0.8070019246        10.9799067862    0.0000        1
   54         0.8080140510        10.9936775756    0.0000        1
   55         0.8274068637        11.2575323056    0.0000        1
   56         0.8625491606        11.7356713697    0.0000        1
   57         0.8717829723        11.8613047640    0.0000        1
   58         0.9059472067        12.3261365053    0.0000        1
   59         0.9138159289        12.4331967659    0.0000        1
   60         0.9241998090        12.5744777607    0.0000        1
   61         0.9358843574        12.7334553895    0.0000        1
   62         0.9695693640        13.1917668523    0.0000        1
   63         0.9980288552        13.5789809987    0.0000        1
   64         1.0267944072        13.9703593454    0.0000        1
   65         1.0362709273        14.0992949830    0.0000        1

 Max and min values of charge density [e/bohr^3]:   7.0239E-01   1.6383E-09

 Hartree potential time [sec]:       0.66

   Eigenvalue Energy             =         -17.91933476 [Ry]
   Hartree Energy                =          37.42834110 [Ry]
   Integral_{Vxc*rho}            =          -9.88049110 [Ry]
   Exc = Integral{eps_xc*rho}    =          -7.62095716 [Ry]
   Electron-Ion energy           =         -98.77829651 [Ry]
   Ion-Ion Energy                =          22.86396517 [Ry]
   (E(new)-E(old))/atom  =           -14.15273771 [eV]

   Total Energy =           -21.95495913 [Ry]
   Energy/atom  =           -59.74295659 [eV]

  0-  2    SRE of pot. & charge weighted pot =   8.4899384812   1.1697100442

 SCF iter #   3

 Diagonalization time [sec] :       0.78,      tdiag_sum =        7.32

 Fermi level at    -0.9232 [Ry]

   State   Eigenvalue [Ry]      Eigenvalue [eV]    Occup.     Repr.

    1        -2.6543373646       -36.1143833156    1.0000        1
    2        -1.9938417417       -27.1278119692    1.0000        1
    3        -1.9904930182       -27.0822499074    1.0000        1
    4        -1.9665725165       -26.7567923454    1.0000        1
    5        -0.6554821896        -8.9183595753    0.0000        1
    6        -0.5918614424        -8.0527484126    0.0000        1
    7        -0.5184885514        -7.0544515328    0.0000        1
    8        -0.4996756222        -6.7984865801    0.0000        1
    9        -0.2428285779        -3.3038770655    0.0000        1
   10        -0.2251569989        -3.0634410961    0.0000        1
   11        -0.1891549697        -2.5736046866    0.0000        1
   12        -0.1747224088        -2.3772381499    0.0000        1
   13        -0.1028744819        -1.3996896264    0.0000        1
   14        -0.0598167737        -0.8138550598    0.0000        1
   15         0.0235907618         0.3209711875    0.0000        1
   16         0.0437384732         0.5950969188    0.0000        1
   17         0.0814529821         1.1082329839    0.0000        1
   18         0.0872254055         1.1867714215    0.0000        1
   19         0.1121260967         1.5255652461    0.0000        1
   20         0.1374946125         1.8707241983    0.0000        1
   21         0.1537470709         2.0918518969    0.0000        1
   22         0.1663073078         2.2627439682    0.0000        1
   23         0.1827573873         2.4865604604    0.0000        1
   24         0.1882959639         2.5619172252    0.0000        1
   25         0.2113924834         2.8761638504    0.0000        1
   26         0.2435397112         3.3135526024    0.0000        1
   27         0.2518332110         3.4263923020    0.0000        1
   28         0.2575300678         3.5039025968    0.0000        1
   29         0.2944999525         4.0069074537    0.0000        1
   30         0.3084666323         4.1969353051    0.0000        1
   31         0.3168967747         4.3116341369    0.0000        1
   32         0.3210697943         4.3684114079    0.0000        1
   33         0.3326981752         4.5266248316    0.0000        1
   34         0.3401862797         4.6285064840    0.0000        1
   35         0.3482184589         4.7377907084    0.0000        1
   36         0.3621003776         4.9266653180    0.0000        1
   37         0.3669904695         4.9931989294    0.0000        1
   38         0.3795697338         5.1643498839    0.0000        1
   39         0.3913234694         5.3242688600    0.0000        1
   40         0.4052228100         5.5133805085    0.0000        1
   41         0.4182408032         5.6905007200    0.0000        1
   42         0.4358924659         5.9306657128    0.0000        1
   43         0.4420705673         6.0147237242    0.0000        1
   44         0.4540918786         6.1782832820    0.0000        1
   45         0.4618850008         6.2843149444    0.0000        1
   46         0.4655405162         6.3340511558    0.0000        1
   47         0.4758544779         6.4743808557    0.0000        1
   48         0.4847228702         6.5950424280    0.0000        1
   49         0.5093556787         6.9301914936    0.0000        1
   50         0.5234739229         7.1222815006    0.0000        1
   51         0.5437088755         7.3975942183    0.0000        1
   52         0.5687639500         7.7384885507    0.0000        1
   53         0.5836556974         7.9411026874    0.0000        1
   54         0.5917708294         8.0515155501    0.0000        1
   55         0.6125888192         8.3347609568    0.0000        1
   56         0.6206846600         8.4449113476    0.0000        1
   57         0.6363301461         8.6577807020    0.0000        1
   58         0.6484473020         8.8226443018    0.0000        1
   59         0.6637805971         9.0312660476    0.0000        1
   60         0.7011015514         9.5390474877    0.0000        1
   61         0.7149160744         9.7270051257    0.0000        1
   62         0.7326866941         9.9687886224    0.0000        1
   63         0.7528889177        10.2436560360    0.0000        1
   64         0.7796154677        10.6072921304    0.0000        1
   65         0.8079631987        10.9929856889    0.0000        1

 Max and min values of charge density [e/bohr^3]:   6.4368E-01   4.2041E-10

 Hartree potential time [sec]:       0.67

   Eigenvalue Energy             =         -17.21048928 [Ry]
   Hartree Energy                =          37.81768410 [Ry]
   Integral_{Vxc*rho}            =          -9.90704368 [Ry]
   Exc = Integral{eps_xc*rho}    =          -7.64209145 [Ry]
   Electron-Ion energy           =         -98.73763500 [Ry]
   Ion-Ion Energy                =          22.86396517 [Ry]
   (E(new)-E(old))/atom  =            -3.11554243 [eV]

   Total Energy =           -23.09989086 [Ry]
   Energy/atom  =           -62.85849902 [eV]

  0-  3    SRE of pot. & charge weighted pot =   7.8844346468   0.9175226249

 SCF iter #   4

 Diagonalization time [sec] :       0.78,      tdiag_sum =        8.10

 Fermi level at    -0.8811 [Ry]

   State   Eigenvalue [Ry]      Eigenvalue [eV]    Occup.     Repr.

    1        -2.4761087508       -33.6894404412    1.0000        1
    2        -1.8436251050       -25.0839944534    1.0000        1
    3        -1.8408087071       -25.0456751066    1.0000        1
    4        -1.8376250021       -25.0023582538    1.0000        1
    5        -0.6175949442        -8.4028732919    0.0000        1
    6        -0.5544243962        -7.5433874498    0.0000        1
    7        -0.5293034559        -7.2015969605    0.0000        1
    8        -0.5139292797        -6.9924189939    0.0000        1
    9        -0.2845749425        -3.8718697521    0.0000        1
   10        -0.2703398170        -3.6781894820    0.0000        1
   11        -0.2452326519        -3.3365864153    0.0000        1
   12        -0.2234209726        -3.0398210693    0.0000        1
   13        -0.1671545468        -2.2742713334    0.0000        1
   14        -0.1073420194        -1.4604740480    0.0000        1
   15        -0.0253017639        -0.3442507389    0.0000        1
   16        -0.0122892195        -0.1672046623    0.0000        1
   17         0.0272944679         0.3713630711    0.0000        1
   18         0.0359368078         0.4889490191    0.0000        1
   19         0.0570398553         0.7760728629    0.0000        1
   20         0.0735173358         1.0002621674    0.0000        1
   21         0.0887032020         1.2068780259    0.0000        1
   22         0.1017698652         1.3846604316    0.0000        1
   23         0.1144130863         1.5566815690    0.0000        1
   24         0.1211296876         1.6480663031    0.0000        1
   25         0.1434704311         1.9520299910    0.0000        1
   26         0.1650079214         2.2450647774    0.0000        1
   27         0.1770016887         2.4082495764    0.0000        1
   28         0.1852436114         2.5203875279    0.0000        1
   29         0.2276711602         3.0976482720    0.0000        1
   30         0.2403684196         3.2704046430    0.0000        1
   31         0.2536268669         3.4507964258    0.0000        1
   32         0.2609247730         3.5500902758    0.0000        1
   33         0.2680955245         3.6476540872    0.0000        1
   34         0.2726951253         3.7102353363    0.0000        1
   35         0.2780201391         3.7826864081    0.0000        1
   36         0.2859680545         3.8908241557    0.0000        1
   37         0.2883771195         3.9236014121    0.0000        1
   38         0.3101399516         4.2197021533    0.0000        1
   39         0.3367395591         4.5816110926    0.0000        1
   40         0.3573746169         4.8623675622    0.0000        1
   41         0.3606083666         4.9063653141    0.0000        1
   42         0.3695090236         5.0274658739    0.0000        1
   43         0.3779709740         5.1425974779    0.0000        1
   44         0.3883023945         5.2831647188    0.0000        1
   45         0.4005476671         5.4497714485    0.0000        1
   46         0.4061305100         5.5257304929    0.0000        1
   47         0.4157012585         5.6559481823    0.0000        1
   48         0.4249298040         5.7815099274    0.0000        1
   49         0.4552675356         6.1942790363    0.0000        1
   50         0.4573773366         6.2229845665    0.0000        1
   51         0.4638849729         6.3115261648    0.0000        1
   52         0.4731050689         6.4369729459    0.0000        1
   53         0.4864408445         6.6184168415    0.0000        1
   54         0.4926022185         6.7022472648    0.0000        1
   55         0.5404686605         7.3535085015    0.0000        1
   56         0.5462708420         7.4324518226    0.0000        1
   57         0.5503984525         7.4886112655    0.0000        1
   58         0.5718489697         7.7804627119    0.0000        1
   59         0.5742090136         7.8125729970    0.0000        1
   60         0.6117629825         8.3235247876    0.0000        1
   61         0.6243134930         8.4942845229    0.0000        1
   62         0.6357242714         8.6495372915    0.0000        1
   63         0.6618532038         9.0050423207    0.0000        1
   64         0.6870405008         9.3477356454    0.0000        1
   65         0.7138567807         9.7125925875    0.0000        1

 Max and min values of charge density [e/bohr^3]:   5.9746E-01   1.1357E-10

 Hartree potential time [sec]:       0.63

   Eigenvalue Energy             =         -15.99633513 [Ry]
   Hartree Energy                =          37.01424134 [Ry]
   Integral_{Vxc*rho}            =          -9.71722661 [Ry]
   Exc = Integral{eps_xc*rho}    =          -7.49739063 [Ry]
   Electron-Ion energy           =         -97.20277044 [Ry]
   Ion-Ion Energy                =          22.86396517 [Ry]
   (E(new)-E(old))/atom  =            -1.00510239 [eV]

   Total Energy =           -23.46925627 [Ry]
   Energy/atom  =           -63.86360140 [eV]

  0-  4    SRE of pot. & charge weighted pot =   6.0581400174   0.5907868159

 SCF iter #   5

 Diagonalization time [sec] :       0.78,      tdiag_sum =        8.88

 Fermi level at    -0.8547 [Ry]

   State   Eigenvalue [Ry]      Eigenvalue [eV]    Occup.     Repr.

    1        -2.3759273950       -32.3263929507    1.0000        1
    2        -1.7562200789       -23.8947791490    1.0000        1
    3        -1.7541714036       -23.8669052827    1.0000        1
    4        -1.7501309788       -23.8119320709    1.0000        1
    5        -0.5868910087        -7.9851216867    0.0000        1
    6        -0.5227038692        -7.1118043036    0.0000        1
    7        -0.5141778046        -6.9958003739    0.0000        1
    8        -0.5035041399        -6.8505766273    0.0000        1
    9        -0.2946784630        -4.0093362324    0.0000        1
   10        -0.2838613717        -3.8621610516    0.0000        1
   11        -0.2703289651        -3.6780418329    0.0000        1
   12        -0.2259072888        -3.0736493904    0.0000        1
   13        -0.1909763374        -2.5983858511    0.0000        1
   14        -0.1188327294        -1.6168143497    0.0000        1
   15        -0.0444038535        -0.6041499504    0.0000        1
   16        -0.0358242610        -0.4874177307    0.0000        1
   17         0.0033467509         0.0455352237    0.0000        1
   18         0.0208990916         0.2843488604    0.0000        1
   19         0.0348414584         0.4740459151    0.0000        1
   20         0.0481352681         0.6549188305    0.0000        1
   21         0.0612189295         0.8329325113    0.0000        1
   22         0.0708291972         0.9636878914    0.0000        1
   23         0.0820397119         1.1162159121    0.0000        1
   24         0.0879483152         1.1966071870    0.0000        1
   25         0.1119186405         1.5227426386    0.0000        1
   26         0.1235133689         1.6804981946    0.0000        1
   27         0.1328383602         1.8073721613    0.0000        1
   28         0.1442850529         1.9631135722    0.0000        1
   29         0.1902873827         2.5890120719    0.0000        1
   30         0.2232740330         3.0378218383    0.0000        1
   31         0.2274207102         3.0942406987    0.0000        1
   32         0.2323464470         3.1612592888    0.0000        1
   33         0.2391302089         3.2535577956    0.0000        1
   34         0.2399284411         3.2644183843    0.0000        1
   35         0.2445647297         3.3274987993    0.0000        1
   36         0.2500549187         3.4021972131    0.0000        1
   37         0.2585038189         3.5171512595    0.0000        1
   38         0.2795998833         3.8041800923    0.0000        1
   39         0.3156612361         4.2948236465    0.0000        1
   40         0.3360511070         4.5722441519    0.0000        1
   41         0.3372420150         4.5884474076    0.0000        1
   42         0.3480947187         4.7361071236    0.0000        1
   43         0.3594128411         4.8900992335    0.0000        1
   44         0.3651925533         4.9687368418    0.0000        1
   45         0.3774352431         5.1353084306    0.0000        1
   46         0.3899783393         5.3059672886    0.0000        1
   47         0.3913558006         5.3247087514    0.0000        1
   48         0.4043292428         5.5012228110    0.0000        1
   49         0.4152188280         5.6493843303    0.0000        1
   50         0.4257329853         5.7924378521    0.0000        1
   51         0.4289820848         5.8366444500    0.0000        1
   52         0.4407842274         5.9972220405    0.0000        1
   53         0.4567485151         6.2144289466    0.0000        1
   54         0.4638411940         6.3109305167    0.0000        1
   55         0.4987951901         6.7865075973    0.0000        1
   56         0.5095863947         6.9333305693    0.0000        1
   57         0.5223797753         7.1073947474    0.0000        1
   58         0.5304961962         7.2178251462    0.0000        1
   59         0.5336331997         7.2605065883    0.0000        1
   60         0.5659435663         7.7001149743    0.0000        1
   61         0.5712741107         7.7726412960    0.0000        1
   62         0.5906275043         8.0359596975    0.0000        1
   63         0.6028619508         8.2024191298    0.0000        1
   64         0.6441533409         8.7642215261    0.0000        1
   65         0.6666063918         9.0697132449    0.0000        1

 Max and min values of charge density [e/bohr^3]:   5.7832E-01   4.5320E-11

 Hartree potential time [sec]:       0.65

   Eigenvalue Energy             =         -15.27289971 [Ry]
   Hartree Energy                =          36.59991653 [Ry]
   Integral_{Vxc*rho}            =          -9.61903447 [Ry]
   Exc = Integral{eps_xc*rho}    =          -7.42233785 [Ry]
   Electron-Ion energy           =         -96.44216228 [Ry]
   Ion-Ion Energy                =          22.86396517 [Ry]
   (E(new)-E(old))/atom  =            -0.29224115 [eV]

   Total Energy =           -23.57665207 [Ry]
   Energy/atom  =           -64.15584256 [eV]

  0-  5    SRE of pot. & charge weighted pot =   4.7829646115   0.4274068984

 SCF iter #   6

 Diagonalization time [sec] :       0.78,      tdiag_sum =        9.66

 Fermi level at    -0.8509 [Ry]

   State   Eigenvalue [Ry]      Eigenvalue [eV]    Occup.     Repr.

    1        -2.3288919764       -31.6864384523    1.0000        1
    2        -1.7135250334       -23.3138788998    1.0000        1
    3        -1.7112784348       -23.2833121283    1.0000        1
    4        -1.7081580603       -23.2408569365    1.0000        1
    5        -0.5742481352        -7.8131052782    0.0000        1
    6        -0.5080519201        -6.9124528142    0.0000        1
    7        -0.5042539537        -6.8607784438    0.0000        1
    8        -0.4970320224        -6.7625182899    0.0000        1
    9        -0.3001600730        -4.0839179206    0.0000        1
   10        -0.2917967253        -3.9701278845    0.0000        1
   11        -0.2844398436        -3.8700316242    0.0000        1
   12        -0.2257331401        -3.0712799582    0.0000        1
   13        -0.2044714944        -2.7819982591    0.0000        1
   14        -0.1246376204        -1.6957945362    0.0000        1
   15        -0.0553084937        -0.7525163032    0.0000        1
   16        -0.0496062301        -0.6749324448    0.0000        1
   17        -0.0152472320        -0.2074507897    0.0000        1
   18         0.0146899463         0.1998684720    0.0000        1
   19         0.0238450115         0.3244304577    0.0000        1
   20         0.0352996565         0.4802800659    0.0000        1
   21         0.0459328164         0.6249527135    0.0000        1
   22         0.0524759470         0.7139772401    0.0000        1
   23         0.0619339116         0.8426604146    0.0000        1
   24         0.0687562804         0.9354841998    0.0000        1
   25         0.0900488586         1.2251867606    0.0000        1
   26         0.0966326701         1.3147647833    0.0000        1
   27         0.1052754551         1.4323567876    0.0000        1
   28         0.1129048452         1.5361607433    0.0000        1
   29         0.1554189202         2.1145987441    0.0000        1
   30         0.2121034266         2.8858368010    0.0000        1
   31         0.2154330659         2.9311392076    0.0000        1
   32         0.2185016603         2.9728898902    0.0000        1
   33         0.2203938488         2.9986346274    0.0000        1
   34         0.2252543638         3.0647658235    0.0000        1
   35         0.2262678777         3.0785554906    0.0000        1
   36         0.2293820083         3.1209257280    0.0000        1
   37         0.2429978963         3.3061807770    0.0000        1
   38         0.2570288077         3.4970825515    0.0000        1
   39         0.3013721489         4.1004091836    0.0000        1
   40         0.3227134947         4.3907752660    0.0000        1
   41         0.3250240977         4.4222128679    0.0000        1
   42         0.3406022329         4.6341658598    0.0000        1
   43         0.3517296283         4.7855629770    0.0000        1
   44         0.3589546743         4.8838655071    0.0000        1
   45         0.3680634465         5.0077976409    0.0000        1
   46         0.3777371384         5.1394159581    0.0000        1
   47         0.3805388659         5.1775357013    0.0000        1
   48         0.3905833694         5.3141992080    0.0000        1
   49         0.3968217582         5.3990774771    0.0000        1
   50         0.4025691027         5.4772746979    0.0000        1
   51         0.4106503961         5.5872271589    0.0000        1
   52         0.4247589877         5.7791858347    0.0000        1
   53         0.4376420431         5.9544701102    0.0000        1
   54         0.4539940426         6.1769521446    0.0000        1
   55         0.4711817319         6.4108044073    0.0000        1
   56         0.4858865035         6.6108745898    0.0000        1
   57         0.4907109532         6.6765150870    0.0000        1
   58         0.4959569207         6.7478906719    0.0000        1
   59         0.5139444754         6.9926257436    0.0000        1
   60         0.5295183189         7.2045203429    0.0000        1
   61         0.5480908325         7.4572142492    0.0000        1
   62         0.5538422683         7.5354671345    0.0000        1
   63         0.5708852052         7.7673499251    0.0000        1
   64         0.6148015403         8.3648667973    0.0000        1
   65         0.6270111950         8.5309889164    0.0000        1

 Max and min values of charge density [e/bohr^3]:   5.7162E-01   1.1304E-11

 Hartree potential time [sec]:       0.64

   Eigenvalue Energy             =         -14.92370701 [Ry]
   Hartree Energy                =          36.42956826 [Ry]
   Integral_{Vxc*rho}            =          -9.57695638 [Ry]
   Exc = Integral{eps_xc*rho}    =          -7.39009480 [Ry]
   Electron-Ion energy           =         -96.13436065 [Ry]
   Ion-Ion Energy                =          22.86396517 [Ry]
   (E(new)-E(old))/atom  =            -0.09078864 [eV]

   Total Energy =           -23.61001602 [Ry]
   Energy/atom  =           -64.24663119 [eV]

  0-  6    SRE of pot. & charge weighted pot =   4.1442674893   0.3567422021

 SCF iter #   7

 Diagonalization time [sec] :       0.78,      tdiag_sum =       10.44

 Fermi level at    -0.7877 [Ry]

   State   Eigenvalue [Ry]      Eigenvalue [eV]    Occup.     Repr.

    1        -2.1979579159       -29.9049758119    1.0000        1
    2        -1.5867856437       -21.5894881116    1.0000        1
    3        -1.5859774659       -21.5784922056    1.0000        1
    4        -1.5835828524       -21.5459115728    1.0000        1
    5        -0.5136820581        -6.9890553467    0.0000        1
    6        -0.4330406910        -5.8918650336    0.0000        1
    7        -0.4294846210        -5.8434818559    0.0000        1
    8        -0.4270119004        -5.8098385142    0.0000        1
    9        -0.2627761149        -3.5752792637    0.0000        1
   10        -0.2571344782        -3.4985202840    0.0000        1
   11        -0.2520467408        -3.4292975463    0.0000        1
   12        -0.1850940679        -2.5183528687    0.0000        1
   13        -0.1722781468        -2.3439820102    0.0000        1
   14        -0.0900733805        -1.2255204007    0.0000        1
   15        -0.0284423504        -0.3869809315    0.0000        1
   16        -0.0238376556        -0.3243303747    0.0000        1
   17         0.0016656973         0.0226631437    0.0000        1
   18         0.0426860392         0.5807777118    0.0000        1
   19         0.0507994584         0.6911672715    0.0000        1
   20         0.0571345012         0.7773605966    0.0000        1
   21         0.0659396346         0.8971614805    0.0000        1
   22         0.0699514176         0.9517449982    0.0000        1
   23         0.0778010809         1.0585459462    0.0000        1
   24         0.0887818653         1.2079483024    0.0000        1
   25         0.1024197196         1.3935022215    0.0000        1
   26         0.1067081714         1.4518500390    0.0000        1
   27         0.1164897706         1.5849365207    0.0000        1
   28         0.1230649706         1.6743973771    0.0000        1
   29         0.1554535801         2.1150703196    0.0000        1
   30         0.2305927150         3.1373983624    0.0000        1
   31         0.2335157672         3.1771688259    0.0000        1
   32         0.2346532659         3.1926454053    0.0000        1
   33         0.2383539239         3.2429958185    0.0000        1
   34         0.2393154451         3.2560780823    0.0000        1
   35         0.2407135531         3.2751004608    0.0000        1
   36         0.2420531919         3.2933273180    0.0000        1
   37         0.2595002645         3.5307086994    0.0000        1
   38         0.2711839913         3.6896751484    0.0000        1
   39         0.3173561328         4.3178840717    0.0000        1
   40         0.3472675463         4.7248527813    0.0000        1
   41         0.3484151855         4.7404673304    0.0000        1
   42         0.3657751913         4.9766640982    0.0000        1
   43         0.3756267025         5.1107017888    0.0000        1
   44         0.3834429453         5.2170480248    0.0000        1
   45         0.3920470885         5.3341142763    0.0000        1
   46         0.3992064117         5.4315225964    0.0000        1
   47         0.4036985244         5.4926413827    0.0000        1
   48         0.4079113019         5.5499595909    0.0000        1
   49         0.4134152811         5.6248456319    0.0000        1
   50         0.4156007959         5.6545813088    0.0000        1
   51         0.4264007927         5.8015239056    0.0000        1
   52         0.4400576375         5.9873362039    0.0000        1
   53         0.4490015985         6.1090259485    0.0000        1
   54         0.4677813237         6.3645391344    0.0000        1
   55         0.4739443594         6.4483921651    0.0000        1
   56         0.4841070555         6.5866637763    0.0000        1
   57         0.5027046899         6.8396994702    0.0000        1
   58         0.5141660491         6.9956404306    0.0000        1
   59         0.5255806334         7.1509449822    0.0000        1
   60         0.5353742539         7.2841950239    0.0000        1
   61         0.5543108658         7.5418427778    0.0000        1
   62         0.5602595875         7.6227798953    0.0000        1
   63         0.5743144933         7.8140081333    0.0000        1
   64         0.6160520473         8.3818809455    0.0000        1
   65         0.6225320180         8.4700461304    0.0000        1

 Max and min values of charge density [e/bohr^3]:   5.5547E-01   5.3162E-12

 Hartree potential time [sec]:       0.77

   Eigenvalue Energy             =         -13.90860776 [Ry]
   Hartree Energy                =          35.93552268 [Ry]
   Integral_{Vxc*rho}            =          -9.46055372 [Ry]
   Exc = Integral{eps_xc*rho}    =          -7.30097738 [Ry]
   Electron-Ion energy           =         -95.30001640 [Ry]
   Ion-Ion Energy                =          22.86396517 [Ry]
   (E(new)-E(old))/atom  =            -0.07644393 [eV]

   Total Energy =           -23.63810843 [Ry]
   Energy/atom  =           -64.32307513 [eV]

  0-  7    SRE of pot. & charge weighted pot =   1.6602246664   0.1600945230

 SCF iter #   8

 Diagonalization time [sec] :       0.78,      tdiag_sum =       11.22

 Fermi level at    -0.7438 [Ry]

   State   Eigenvalue [Ry]      Eigenvalue [eV]    Occup.     Repr.

    1        -2.1050309308       -28.6406298385    1.0000        1
    2        -1.4988363905       -20.3928681615    1.0000        1
    3        -1.4976803407       -20.3771391789    1.0000        1
    4        -1.4936000811       -20.3216239833    1.0000        1
    5        -0.4760502968        -6.4770451280    0.0000        1
    6        -0.3840966988        -5.2259428650    0.0000        1
    7        -0.3803752803        -5.1753099881    0.0000        1
    8        -0.3797725711        -5.1671096477    0.0000        1
    9        -0.2414445700        -3.2850465306    0.0000        1
   10        -0.2368902091        -3.2230808070    0.0000        1
   11        -0.2331136200        -3.1716972907    0.0000        1
   12        -0.1625258813        -2.2112946356    0.0000        1
   13        -0.1547214443        -2.1051090267    0.0000        1
   14        -0.0717140303        -0.9757267533    0.0000        1
   15        -0.0138701746        -0.1887148220    0.0000        1
   16        -0.0096179188        -0.1308594789    0.0000        1
   17         0.0081918518         0.1114566975    0.0000        1
   18         0.0574245951         0.7813075562    0.0000        1
   19         0.0643756397         0.8758820792    0.0000        1
   20         0.0669192486         0.9104899129    0.0000        1
   21         0.0737309900         1.0031691032    0.0000        1
   22         0.0781231988         1.0629286184    0.0000        1
   23         0.0823554097         1.1205112329    0.0000        1
   24         0.0945712557         1.2867175908    0.0000        1
   25         0.1033147477         1.4056797943    0.0000        1
   26         0.1102746605         1.5003749762    0.0000        1
   27         0.1136178830         1.5458621932    0.0000        1
   28         0.1317421790         1.7924577396    0.0000        1
   29         0.1474027172         2.0055318891    0.0000        1
   30         0.2388628141         3.2499196766    0.0000        1
   31         0.2408064091         3.2763638403    0.0000        1
   32         0.2415734924         3.2868006235    0.0000        1
   33         0.2426923438         3.3020234906    0.0000        1
   34         0.2435046769         3.3130759325    0.0000        1
   35         0.2444841810         3.3264028704    0.0000        1
   36         0.2462555266         3.3505034441    0.0000        1
   37         0.2612473014         3.5544785334    0.0000        1
   38         0.2774023292         3.7742806113    0.0000        1
   39         0.3180133319         4.3268257915    0.0000        1
   40         0.3615592319         4.9193025971    0.0000        1
   41         0.3622311848         4.9284450546    0.0000        1
   42         0.3779961091         5.1429394613    0.0000        1
   43         0.3881958507         5.2817151051    0.0000        1
   44         0.3950372633         5.3747979972    0.0000        1
   45         0.4020558597         5.4702916165    0.0000        1
   46         0.4107884582         5.5891056044    0.0000        1
   47         0.4133713678         5.6242481560    0.0000        1
   48         0.4167621708         5.6703827434    0.0000        1
   49         0.4189771456         5.7005192476    0.0000        1
   50         0.4212080967         5.7308731220    0.0000        1
   51         0.4301718153         5.8528316843    0.0000        1
   52         0.4418591255         6.0118468899    0.0000        1
   53         0.4477841423         6.0924614833    0.0000        1
   54         0.4578817703         6.2298477908    0.0000        1
   55         0.4692162581         6.3840625639    0.0000        1
   56         0.4801190477         6.5324037388    0.0000        1
   57         0.5009318606         6.8155787094    0.0000        1
   58         0.5073184425         6.9024732653    0.0000        1
   59         0.5310667578         7.2255880926    0.0000        1
   60         0.5467461527         7.4389188043    0.0000        1
   61         0.5499708984         7.4827940500    0.0000        1
   62         0.5600970328         7.6205682085    0.0000        1
   63         0.5720933099         7.7837871562    0.0000        1
   64         0.6082910201         8.2762859611    0.0000        1
   65         0.6174776773         8.4012777813    0.0000        1

 Max and min values of charge density [e/bohr^3]:   5.3735E-01   1.7816E-12

 Hartree potential time [sec]:       0.64

   Eigenvalue Energy             =         -13.19029549 [Ry]
   Hartree Energy                =          35.41564576 [Ry]
   Integral_{Vxc*rho}            =          -9.34130124 [Ry]
   Exc = Integral{eps_xc*rho}    =          -7.20975623 [Ry]
   Electron-Ion energy           =         -94.38728373 [Ry]
   Ion-Ion Energy                =          22.86396517 [Ry]
   (E(new)-E(old))/atom  =            -0.02737794 [eV]

   Total Energy =           -23.64816956 [Ry]
   Energy/atom  =           -64.35045307 [eV]

  0-  8    SRE of pot. & charge weighted pot =   0.7500135761   0.0127825450

 SCF iter #   9

 Diagonalization time [sec] :       0.78,      tdiag_sum =       12.00

 Fermi level at    -0.7583 [Ry]

   State   Eigenvalue [Ry]      Eigenvalue [eV]    Occup.     Repr.

    1        -2.1169983168       -28.8034556985    1.0000        1
    2        -1.5092376854       -20.5343860996    1.0000        1
    3        -1.5087216274       -20.5273647177    1.0000        1
    4        -1.5079280156       -20.5165669946    1.0000        1
    5        -0.4861577750        -6.6145654551    0.0000        1
    6        -0.3952080492        -5.3771216755    0.0000        1
    7        -0.3933751281        -5.3521833181    0.0000        1
    8        -0.3917201273        -5.3296657074    0.0000        1
    9        -0.2535345107        -3.4495398463    0.0000        1
   10        -0.2495843835        -3.3957952056    0.0000        1
   11        -0.2477716133        -3.3711310166    0.0000        1
   12        -0.1734826327        -2.3603700044    0.0000        1
   13        -0.1686705130        -2.2948972664    0.0000        1
   14        -0.0852460022        -1.1598400562    0.0000        1
   15        -0.0264349673        -0.3596688782    0.0000        1
   16        -0.0236884949        -0.3223009236    0.0000        1
   17        -0.0097738506        -0.1329810562    0.0000        1
   18         0.0476465570         0.6482695253    0.0000        1
   19         0.0530124146         0.7212763104    0.0000        1
   20         0.0544894008         0.7413718889    0.0000        1
   21         0.0600271276         0.8167170926    0.0000        1
   22         0.0642891853         0.8747057979    0.0000        1
   23         0.0660018704         0.8980082479    0.0000        1
   24         0.0775489043         1.0551148827    0.0000        1
   25         0.0832933083         1.1332720938    0.0000        1
   26         0.0883758188         1.2024237159    0.0000        1
   27         0.0943112703         1.2831802814    0.0000        1
   28         0.1155682539         1.5723985496    0.0000        1
   29         0.1209390614         1.6454726813    0.0000        1
   30         0.2276206681         3.0969612861    0.0000        1
   31         0.2283279804         3.1065848355    0.0000        1
   32         0.2288972939         3.1143308018    0.0000        1
   33         0.2306892470         3.1387117562    0.0000        1
   34         0.2308991758         3.1415680064    0.0000        1
   35         0.2318233152         3.1541416616    0.0000        1
   36         0.2336651558         3.1792013765    0.0000        1
   37         0.2440350280         3.3202917838    0.0000        1
   38         0.2595239608         3.5310311052    0.0000        1
   39         0.2932105489         3.9893640861    0.0000        1
   40         0.3492638212         4.7520136991    0.0000        1
   41         0.3507712135         4.7725229771    0.0000        1
   42         0.3643852367         4.9577526534    0.0000        1
   43         0.3784601939         5.1492537056    0.0000        1
   44         0.3852197812         5.2412232989    0.0000        1
   45         0.3912888483         5.3237978127    0.0000        1
   46         0.3991639394         5.4309447269    0.0000        1
   47         0.4017109801         5.4655992533    0.0000        1
   48         0.4038651850         5.4949089346    0.0000        1
   49         0.4059803017         5.5236867893    0.0000        1
   50         0.4088269257         5.5624173858    0.0000        1
   51         0.4148976982         5.6450151020    0.0000        1
   52         0.4229881914         5.7550927350    0.0000        1
   53         0.4280901056         5.8245083585    0.0000        1
   54         0.4347143232         5.9146361389    0.0000        1
   55         0.4424414047         6.0197692640    0.0000        1
   56         0.4585026419         6.2382952457    0.0000        1
   57         0.4733834312         6.4407602889    0.0000        1
   58         0.4773032725         6.4940928651    0.0000        1
   59         0.5122492973         6.9695614895    0.0000        1
   60         0.5244778040         7.1359401063    0.0000        1
   61         0.5322214581         7.2412987150    0.0000        1
   62         0.5409724219         7.3603625780    0.0000        1
   63         0.5517177069         7.5065607764    0.0000        1
   64         0.5861609320         7.9751884083    0.0000        1
   65         0.6003672176         8.1684762886    0.0000        1

 Max and min values of charge density [e/bohr^3]:   5.3606E-01   1.0472E-12

 Hartree potential time [sec]:       0.67

   Eigenvalue Energy             =         -13.28577129 [Ry]
   Hartree Energy                =          35.39893615 [Ry]
   Integral_{Vxc*rho}            =          -9.33712951 [Ry]
   Exc = Integral{eps_xc*rho}    =          -7.20650432 [Ry]
   Electron-Ion energy           =         -94.34079938 [Ry]
   Ion-Ion Energy                =          22.86396517 [Ry]
   (E(new)-E(old))/atom  =            -0.00328332 [eV]

   Total Energy =           -23.64937614 [Ry]
   Energy/atom  =           -64.35373639 [eV]

  0-  9    SRE of pot. & charge weighted pot =   0.7710912003   0.0078060614

 SCF iter #  10

 Diagonalization time [sec] :       0.78,      tdiag_sum =       12.78

 Fermi level at    -0.7601 [Ry]

   State   Eigenvalue [Ry]      Eigenvalue [eV]    Occup.     Repr.

    1        -2.1130946259       -28.7503428608    1.0000        1
    2        -1.5053618321       -20.4816520156    1.0000        1
    3        -1.5049160179       -20.4755863562    1.0000        1
    4        -1.5043770179       -20.4682528304    1.0000        1
    5        -0.4854487845        -6.6049190720    0.0000        1
    6        -0.3942034877        -5.3634538134    0.0000        1
    7        -0.3928329782        -5.3448069343    0.0000        1
    8        -0.3916720124        -5.3290110662    0.0000        1
    9        -0.2547148345        -3.4655990958    0.0000        1
   10        -0.2516737071        -3.4242221246    0.0000        1
   11        -0.2505328816        -3.4087002809    0.0000        1
   12        -0.1741756467        -2.3697990140    0.0000        1
   13        -0.1712060245        -2.3293949281    0.0000        1
   14        -0.0880667967        -1.1982192230    0.0000        1
   15        -0.0289481416        -0.3938626247    0.0000        1
   16        -0.0269290187        -0.3663908428    0.0000        1
   17        -0.0166553398        -0.2266092224    0.0000        1
   18         0.0464365471         0.6318063728    0.0000        1
   19         0.0509826577         0.6936598438    0.0000        1
   20         0.0516213920         0.7023503349    0.0000        1
   21         0.0560867771         0.7631054717    0.0000        1
   22         0.0595972782         0.8108686484    0.0000        1
   23         0.0613085092         0.8341513140    0.0000        1
   24         0.0708941798         0.9645720315    0.0000        1
   25         0.0747244809         1.0166863419    0.0000        1
   26         0.0776486429         1.0564719050    0.0000        1
   27         0.0864363321         1.1760354471    0.0000        1
   28         0.1088438276         1.4809073501    0.0000        1
   29         0.1103311333         1.5011433337    0.0000        1
   30         0.2251300940         3.0630750330    0.0000        1
   31         0.2257990688         3.0721769708    0.0000        1
   32         0.2269446996         3.0877641932    0.0000        1
   33         0.2270032405         3.0885606902    0.0000        1
   34         0.2272579298         3.0920259414    0.0000        1
   35         0.2274433244         3.0945483835    0.0000        1
   36         0.2301323875         3.1311352374    0.0000        1
   37         0.2369249419         3.2235533746    0.0000        1
   38         0.2520132315         3.4288416249    0.0000        1
   39         0.2796219752         3.8044806697    0.0000        1
   40         0.3465910414         4.7156483913    0.0000        1
   41         0.3486575739         4.7437652190    0.0000        1
   42         0.3595215440         4.8915782238    0.0000        1
   43         0.3769679651         5.1289507390    0.0000        1
   44         0.3836255578         5.2195326146    0.0000        1
   45         0.3883497718         5.2838093245    0.0000        1
   46         0.3966846861         5.3972125021    0.0000        1
   47         0.3994203294         5.4344331177    0.0000        1
   48         0.4011822265         5.4584051377    0.0000        1
   49         0.4026484133         5.4783537821    0.0000        1
   50         0.4059939114         5.5238719598    0.0000        1
   51         0.4094918235         5.5714638522    0.0000        1
   52         0.4145547269         5.6403487038    0.0000        1
   53         0.4190316408         5.7012606984    0.0000        1
   54         0.4244193794         5.7745651923    0.0000        1
   55         0.4291805757         5.8393450771    0.0000        1
   56         0.4475229183         6.0889073212    0.0000        1
   57         0.4526869822         6.1591685425    0.0000        1
   58         0.4644800256         6.3196223323    0.0000        1
   59         0.4964342770         6.7543854858    0.0000        1
   60         0.5124486538         6.9722738943    0.0000        1
   61         0.5276901720         7.1796469417    0.0000        1
   62         0.5334580762         7.2581238928    0.0000        1
   63         0.5443880853         7.4068354109    0.0000        1
   64         0.5756068053         7.8315910718    0.0000        1
   65         0.5929244138         8.0672109894    0.0000        1

 Max and min values of charge density [e/bohr^3]:   5.3542E-01   7.5669E-13

 Hartree potential time [sec]:       0.68

   Eigenvalue Energy             =         -13.25549899 [Ry]
   Hartree Energy                =          35.38079403 [Ry]
   Integral_{Vxc*rho}            =          -9.33210245 [Ry]
   Exc = Integral{eps_xc*rho}    =          -7.20260283 [Ry]
   Electron-Ion energy           =         -94.30666994 [Ry]
   Ion-Ion Energy                =          22.86396517 [Ry]
   (E(new)-E(old))/atom  =            -0.00102625 [eV]

   Total Energy =           -23.64975328 [Ry]
   Energy/atom  =           -64.35476264 [eV]

  0- 10    SRE of pot. & charge weighted pot =   0.7972928206   0.0062935525

 SCF iter #  11

 Diagonalization time [sec] :       0.78,      tdiag_sum =       13.56

 Fermi level at    -0.7614 [Ry]

   State   Eigenvalue [Ry]      Eigenvalue [eV]    Occup.     Repr.

    1        -2.1103023161       -28.7123512518    1.0000        1
    2        -1.5027590386       -20.4462389278    1.0000        1
    3        -1.5023618301       -20.4408345875    1.0000        1
    4        -1.5011778826       -20.4247260357    1.0000        1
    5        -0.4839721782        -6.5848286618    0.0000        1
    6        -0.3927249571        -5.3433372214    0.0000        1
    7        -0.3913191631        -5.3242102694    0.0000        1
    8        -0.3910728191        -5.3208585620    0.0000        1
    9        -0.2541099687        -3.4573694116    0.0000        1
   10        -0.2518718139        -3.4269175255    0.0000        1
   11        -0.2507864191        -3.4121498610    0.0000        1
   12        -0.1732307264        -2.3569426169    0.0000        1
   13        -0.1713832483        -2.3318061998    0.0000        1
   14        -0.0888822923        -1.2093146925    0.0000        1
   15        -0.0294261340        -0.4003660937    0.0000        1
   16        -0.0277754043        -0.3779065964    0.0000        1
   17        -0.0204839196        -0.2787001137    0.0000        1
   18         0.0465880700         0.6338679634    0.0000        1
   19         0.0508145924         0.6913731814    0.0000        1
   20         0.0510010514         0.6939101053    0.0000        1
   21         0.0545841067         0.7426604387    0.0000        1
   22         0.0569499360         0.7748494394    0.0000        1
   23         0.0598359274         0.8141156615    0.0000        1
   24         0.0670226220         0.9118963904    0.0000        1
   25         0.0700459886         0.9530317121    0.0000        1
   26         0.0716252429         0.9745187292    0.0000        1
   27         0.0805245745         1.0956012554    0.0000        1
   28         0.1036020667         1.4095889993    0.0000        1
   29         0.1069218251         1.4547569675    0.0000        1
   30         0.2246125759         3.0560337846    0.0000        1
   31         0.2253506514         3.0660758921    0.0000        1
   32         0.2256203075         3.0697447796    0.0000        1
   33         0.2258617317         3.0730295487    0.0000        1
   34         0.2265128928         3.0818891163    0.0000        1
   35         0.2272471781         3.0918796556    0.0000        1
   36         0.2288862290         3.1141802549    0.0000        1
   37         0.2330206134         3.1704318620    0.0000        1
   38         0.2467730984         3.3575454217    0.0000        1
   39         0.2708451015         3.6850642824    0.0000        1
   40         0.3457910418         4.7047637567    0.0000        1
   41         0.3482141257         4.7377317512    0.0000        1
   42         0.3564509425         4.8498002332    0.0000        1
   43         0.3768709601         5.1276309094    0.0000        1
   44         0.3833416591         5.2156699449    0.0000        1
   45         0.3867848258         5.2625169823    0.0000        1
   46         0.3965699114         5.3956509008    0.0000        1
   47         0.3990710614         5.4296810476    0.0000        1
   48         0.4007302691         5.4522558947    0.0000        1
   49         0.4019682004         5.4690989403    0.0000        1
   50         0.4049877803         5.5101827408    0.0000        1
   51         0.4068110839         5.5349902455    0.0000        1
   52         0.4100205380         5.5786574355    0.0000        1
   53         0.4138024252         5.6301130373    0.0000        1
   54         0.4183044623         5.6913668526    0.0000        1
   55         0.4212835658         5.7318999393    0.0000        1
   56         0.4385282249         5.9665273225    0.0000        1
   57         0.4398110194         5.9839807682    0.0000        1
   58         0.4547280383         6.1869387437    0.0000        1
   59         0.4808069277         6.5417628971    0.0000        1
   60         0.5020526147         6.8308274656    0.0000        1
   61         0.5256905563         7.1524405709    0.0000        1
   62         0.5304099443         7.2166516208    0.0000        1
   63         0.5407813618         7.3577630524    0.0000        1
   64         0.5684714571         7.7345089508    0.0000        1
   65         0.5875438026         7.9940034688    0.0000        1

 Max and min values of charge density [e/bohr^3]:   5.3577E-01   1.3044E-13

 Hartree potential time [sec]:       0.70

   Eigenvalue Energy             =         -13.23320213 [Ry]
   Hartree Energy                =          35.38792756 [Ry]
   Integral_{Vxc*rho}            =          -9.33287980 [Ry]
   Exc = Integral{eps_xc*rho}    =          -7.20316122 [Ry]
   Electron-Ion energy           =         -94.32017970 [Ry]
   Ion-Ion Energy                =          22.86396517 [Ry]
   (E(new)-E(old))/atom  =            -0.00041551 [eV]

   Total Energy =           -23.64990598 [Ry]
   Energy/atom  =           -64.35517815 [eV]

  0- 11    SRE of pot. & charge weighted pot =   0.8019145889   0.0060458868

 SCF iter #  12

 Diagonalization time [sec] :       0.78,      tdiag_sum =       14.34

 Fermi level at    -0.7664 [Ry]

   State   Eigenvalue [Ry]      Eigenvalue [eV]    Occup.     Repr.

    1        -2.1101178628       -28.7098416175    1.0000        1
    2        -1.5025798051       -20.4438003128    1.0000        1
    3        -1.5021257221       -20.4376221500    1.0000        1
    4        -1.5012807089       -20.4261250696    1.0000        1
    5        -0.4849622534        -6.5982994276    0.0000        1
    6        -0.3936665202        -5.3561479404    0.0000        1
    7        -0.3925427088        -5.3408575880    0.0000        1
    8        -0.3922632361        -5.3370551373    0.0000        1
    9        -0.2563421015        -3.4877393648    0.0000        1
   10        -0.2544119507        -3.4614781182    0.0000        1
   11        -0.2534229813        -3.4480223986    0.0000        1
   12        -0.1751825128        -2.3834982332    0.0000        1
   13        -0.1740399310        -2.3679524938    0.0000        1
   14        -0.0928501123        -1.2633000583    0.0000        1
   15        -0.0329594958        -0.4484403077    0.0000        1
   16        -0.0315870222        -0.4297667061    0.0000        1
   17        -0.0265453120        -0.3611702056    0.0000        1
   18         0.0431965431         0.5877235267    0.0000        1
   19         0.0471048926         0.6408997475    0.0000        1
   20         0.0475214277         0.6465670410    0.0000        1
   21         0.0500628542         0.6811451814    0.0000        1
   22         0.0515029463         0.7007387866    0.0000        1
   23         0.0552366922         0.7515393865    0.0000        1
   24         0.0603335501         0.8208862153    0.0000        1
   25         0.0636363437         0.8658233651    0.0000        1
   26         0.0646027385         0.8789719394    0.0000        1
   27         0.0720116377         0.9797759397    0.0000        1
   28         0.0973779242         1.3249045610    0.0000        1
   29         0.1011272316         1.3759168875    0.0000        1
   30         0.2204106604         2.9988633630    0.0000        1
   31         0.2215257973         3.0140356930    0.0000        1
   32         0.2217006898         3.0164152451    0.0000        1
   33         0.2220121380         3.0206527469    0.0000        1
   34         0.2222587683         3.0240083493    0.0000        1
   35         0.2226468843         3.0292889785    0.0000        1
   36         0.2242816256         3.0515309413    0.0000        1
   37         0.2267398735         3.0849773711    0.0000        1
   38         0.2382333135         3.2413548174    0.0000        1
   39         0.2617879203         3.5618340858    0.0000        1
   40         0.3420434327         4.6537745371    0.0000        1
   41         0.3444735464         4.6868381773    0.0000        1
   42         0.3505546452         4.7695763915    0.0000        1
   43         0.3735589775         5.0825687356    0.0000        1
   44         0.3795132836         5.1635818339    0.0000        1
   45         0.3819356102         5.1965395251    0.0000        1
   46         0.3928389918         5.3448887549    0.0000        1
   47         0.3952139004         5.3772012863    0.0000        1
   48         0.3964688483         5.3942758557    0.0000        1
   49         0.3982684221         5.4187604972    0.0000        1
   50         0.4000873852         5.4435089452    0.0000        1
   51         0.4017488159         5.4661140394    0.0000        1
   52         0.4033318392         5.4876523378    0.0000        1
   53         0.4065370185         5.5312613669    0.0000        1
   54         0.4104476884         5.5844691582    0.0000        1
   55         0.4126817773         5.6148657257    0.0000        1
   56         0.4252251449         5.7855282770    0.0000        1
   57         0.4295310649         5.8441137634    0.0000        1
   58         0.4423919218         6.0190960093    0.0000        1
   59         0.4628143266         6.2969591647    0.0000        1
   60         0.4871529708         6.6281058898    0.0000        1
   61         0.5208314016         7.0863278835    0.0000        1
   62         0.5254372174         7.1489936925    0.0000        1
   63         0.5347394254         7.2755576744    0.0000        1
   64         0.5587626500         7.6024128636    0.0000        1
   65         0.5774144998         7.8561862014    0.0000        1

 Max and min values of charge density [e/bohr^3]:   5.3498E-01   9.8885E-14

 Hartree potential time [sec]:       0.65

   Eigenvalue Energy             =         -13.23220820 [Ry]
   Hartree Energy                =          35.36861520 [Ry]
   Integral_{Vxc*rho}            =          -9.32854245 [Ry]
   Exc = Integral{eps_xc*rho}    =          -7.19984484 [Ry]
   Electron-Ion energy           =         -94.28371435 [Ry]
   Ion-Ion Energy                =          22.86396517 [Ry]
   (E(new)-E(old))/atom  =            -0.00003743 [eV]

   Total Energy =           -23.64991973 [Ry]
   Energy/atom  =           -64.35521558 [eV]

  0- 12    SRE of pot. & charge weighted pot =   1.0112998114   0.0087326700

 SCF iter #  13

 Diagonalization time [sec] :       0.78,      tdiag_sum =       15.12

 Fermi level at    -0.7691 [Ry]

   State   Eigenvalue [Ry]      Eigenvalue [eV]    Occup.     Repr.

    1        -2.1122241428       -28.7384992418    1.0000        1
    2        -1.5040909931       -20.4643612336    1.0000        1
    3        -1.5039872875       -20.4629502364    1.0000        1
    4        -1.5036643383       -20.4585562546    1.0000        1
    5        -0.4848894740        -6.5973092059    0.0000        1
    6        -0.3937972697        -5.3579268914    0.0000        1
    7        -0.3933341047        -5.3516251614    0.0000        1
    8        -0.3930497927        -5.3477568697    0.0000        1
    9        -0.2549411426        -3.4686781975    0.0000        1
   10        -0.2537437110        -3.4523861826    0.0000        1
   11        -0.2533251484        -3.4466913045    0.0000        1
   12        -0.1740586577        -2.3682072843    0.0000        1
   13        -0.1733150248        -2.3580895642    0.0000        1
   14        -0.0900756444        -1.2255512023    0.0000        1
   15        -0.0297995618        -0.4054468783    0.0000        1
   16        -0.0289698322        -0.3941577435    0.0000        1
   17        -0.0251008097        -0.3415165965    0.0000        1
   18         0.0463023044         0.6299798935    0.0000        1
   19         0.0510354093         0.6943775721    0.0000        1
   20         0.0511873497         0.6964448432    0.0000        1
   21         0.0530718337         0.7220847555    0.0000        1
   22         0.0539792618         0.7344310403    0.0000        1
   23         0.0571607857         0.7777182178    0.0000        1
   24         0.0617304803         0.8398925692    0.0000        1
   25         0.0652849788         0.8882543641    0.0000        1
   26         0.0657798699         0.8949877536    0.0000        1
   27         0.0712280256         0.9691142706    0.0000        1
   28         0.0993737161         1.3520589060    0.0000        1
   29         0.1031155463         1.4029694997    0.0000        1
   30         0.2256849748         3.0706246298    0.0000        1
   31         0.2260254386         3.0752569122    0.0000        1
   32         0.2265705393         3.0826734442    0.0000        1
   33         0.2267084963         3.0845504592    0.0000        1
   34         0.2268700464         3.0867484775    0.0000        1
   35         0.2270168892         3.0887463907    0.0000        1
   36         0.2285672994         3.1098409616    0.0000        1
   37         0.2298645799         3.1274915017    0.0000        1
   38         0.2393047382         3.2559324073    0.0000        1
   39         0.2612060219         3.5539168930    0.0000        1
   40         0.3448451434         4.6918940521    0.0000        1
   41         0.3471459430         4.7231982709    0.0000        1
   42         0.3514732382         4.7820745841    0.0000        1
   43         0.3766232885         5.1242611391    0.0000        1
   44         0.3824046621         5.2029213520    0.0000        1
   45         0.3842237427         5.2276713984    0.0000        1
   46         0.3988895292         5.4272111568    0.0000        1
   47         0.4004477029         5.4484113561    0.0000        1
   48         0.4016191562         5.4643499151    0.0000        1
   49         0.4025970269         5.4776546293    0.0000        1
   50         0.4040013307         5.4967613049    0.0000        1
   51         0.4050215876         5.5106427159    0.0000        1
   52         0.4069877709         5.5373942133    0.0000        1
   53         0.4090956311         5.5660733371    0.0000        1
   54         0.4113012572         5.5960826447    0.0000        1
   55         0.4130108613         5.6193431762    0.0000        1
   56         0.4225671107         5.7493635945    0.0000        1
   57         0.4289166014         5.8357534954    0.0000        1
   58         0.4400707542         5.9875146675    0.0000        1
   59         0.4551500213         6.1926801604    0.0000        1
   60         0.4814345303         6.5503019329    0.0000        1
   61         0.5225162803         7.1092520062    0.0000        1
   62         0.5273183800         7.1745884148    0.0000        1
   63         0.5360392330         7.2932425967    0.0000        1
   64         0.5567822280         7.5754676380    0.0000        1
   65         0.5740094784         7.8098581617    0.0000        1

 Max and min values of charge density [e/bohr^3]:   5.3668E-01   1.5321E-14

 Hartree potential time [sec]:       0.62

   Eigenvalue Energy             =         -13.24793352 [Ry]
   Hartree Energy                =          35.40879465 [Ry]
   Integral_{Vxc*rho}            =          -9.33703316 [Ry]
   Exc = Integral{eps_xc*rho}    =          -7.20631080 [Ry]
   Electron-Ion energy           =         -94.35713805 [Ry]
   Ion-Ion Energy                =          22.86396517 [Ry]
   (E(new)-E(old))/atom  =            -0.00022637 [eV]

   Total Energy =           -23.65000292 [Ry]
   Energy/atom  =           -64.35544195 [eV]

  0- 13    SRE of pot. & charge weighted pot =   0.4952792519   0.0020670529

 SCF iter #  14

 Diagonalization time [sec] :       0.78,      tdiag_sum =       15.90

 Fermi level at    -0.7721 [Ry]

   State   Eigenvalue [Ry]      Eigenvalue [eV]    Occup.     Repr.

    1        -2.1126061020       -28.7436961032    1.0000        1
    2        -1.5045546952       -20.4706702713    1.0000        1
    3        -1.5042002936       -20.4658483551    1.0000        1
    4        -1.5041265453       -20.4648449497    1.0000        1
    5        -0.4850676748        -6.5997337698    0.0000        1
    6        -0.3939631546        -5.3601838883    0.0000        1
    7        -0.3938325605        -5.3584070512    0.0000        1
    8        -0.3933416235        -5.3517274610    0.0000        1
    9        -0.2546530652        -3.4647586749    0.0000        1
   10        -0.2540430601        -3.4564590672    0.0000        1
   11        -0.2539528519        -3.4552317129    0.0000        1
   12        -0.1741042056        -2.3688270007    0.0000        1
   13        -0.1736181717        -2.3622141206    0.0000        1
   14        -0.0889628306        -1.2104104803    0.0000        1
   15        -0.0284628531        -0.3872598866    0.0000        1
   16        -0.0280632652        -0.3818231736    0.0000        1
   17        -0.0249822281        -0.3399031985    0.0000        1
   18         0.0472169811         0.6424248010    0.0000        1
   19         0.0523754218         0.7126095146    0.0000        1
   20         0.0530366506         0.7216060604    0.0000        1
   21         0.0541961800         0.7373823855    0.0000        1
   22         0.0547375396         0.7447480164    0.0000        1
   23         0.0572120101         0.7784151669    0.0000        1
   24         0.0614494444         0.8360688502    0.0000        1
   25         0.0654286206         0.8902087263    0.0000        1
   26         0.0660369475         0.8984855007    0.0000        1
   27         0.0696686518         0.9478977421    0.0000        1
   28         0.1001684896         1.3628724355    0.0000        1
   29         0.1036421850         1.4101348412    0.0000        1
   30         0.2280673192         3.1030383311    0.0000        1
   31         0.2281865971         3.1046612023    0.0000        1
   32         0.2285656755         3.1098188682    0.0000        1
   33         0.2290261595         3.1160841214    0.0000        1
   34         0.2290597038         3.1165405186    0.0000        1
   35         0.2292240519         3.1187766052    0.0000        1
   36         0.2303837297         3.1345549496    0.0000        1
   37         0.2312735100         3.1466611225    0.0000        1
   38         0.2385586856         3.2457817648    0.0000        1
   39         0.2604945619         3.5442369096    0.0000        1
   40         0.3461224036         4.7092721993    0.0000        1
   41         0.3481748726         4.7371976810    0.0000        1
   42         0.3510689544         4.7765739793    0.0000        1
   43         0.3779505390         5.1423194431    0.0000        1
   44         0.3831653598         5.2132712518    0.0000        1
   45         0.3845311855         5.2318544039    0.0000        1
   46         0.4021930632         5.4721583790    0.0000        1
   47         0.4031728469         5.4854891209    0.0000        1
   48         0.4042015303         5.4994851804    0.0000        1
   49         0.4049408039         5.5095435891    0.0000        1
   50         0.4056642701         5.5193869267    0.0000        1
   51         0.4067408753         5.5340350011    0.0000        1
   52         0.4084682022         5.5575366651    0.0000        1
   53         0.4099620738         5.5778619838    0.0000        1
   54         0.4111472109         5.5939867218    0.0000        1
   55         0.4125750763         5.6134139725    0.0000        1
   56         0.4197532506         5.7110787767    0.0000        1
   57         0.4268603849         5.8077770253    0.0000        1
   58         0.4364922945         5.9388268611    0.0000        1
   59         0.4470988446         6.0831374593    0.0000        1
   60         0.4737331925         6.4455190707    0.0000        1
   61         0.5227753578         7.1127769633    0.0000        1
   62         0.5277230849         7.1800947480    0.0000        1
   63         0.5357896876         7.2898473322    0.0000        1
   64         0.5533653283         7.5289779834    0.0000        1
   65         0.5684536141         7.7342661826    0.0000        1

 Max and min values of charge density [e/bohr^3]:   5.3696E-01   6.9381E-15

 Hartree potential time [sec]:       0.70

   Eigenvalue Energy             =         -13.25097527 [Ry]
   Hartree Energy                =          35.41370208 [Ry]
   Integral_{Vxc*rho}            =          -9.33802838 [Ry]
   Exc = Integral{eps_xc*rho}    =          -7.20707159 [Ry]
   Electron-Ion energy           =         -94.36589689 [Ry]
   Ion-Ion Energy                =          22.86396517 [Ry]
   (E(new)-E(old))/atom  =            -0.00001952 [eV]

   Total Energy =           -23.65001010 [Ry]
   Energy/atom  =           -64.35546147 [eV]

  0- 14    SRE of pot. & charge weighted pot =   0.1799397907   0.0027067201

 SCF iter #  15

 Diagonalization time [sec] :       0.78,      tdiag_sum =       16.68

 Fermi level at    -0.7749 [Ry]

   State   Eigenvalue [Ry]      Eigenvalue [eV]    Occup.     Repr.

    1        -2.1112047824       -28.7246300278    1.0000        1
    2        -1.5030728940       -20.4505091812    1.0000        1
    3        -1.5029522486       -20.4488677040    1.0000        1
    4        -1.5028927382       -20.4480580178    1.0000        1
    5        -0.4848200147        -6.5963641558    0.0000        1
    6        -0.3934156099        -5.3527341052    0.0000        1
    7        -0.3933561276        -5.3519248015    0.0000        1
    8        -0.3930806068        -5.3481761203    0.0000        1
    9        -0.2548364803        -3.4672541835    0.0000        1
   10        -0.2545226313        -3.4629840168    0.0000        1
   11        -0.2544103219        -3.4614559579    0.0000        1
   12        -0.1744272308        -2.3732220170    0.0000        1
   13        -0.1741219086        -2.3690678634    0.0000        1
   14        -0.0897526979        -1.2211572566    0.0000        1
   15        -0.0291532596        -0.3966534199    0.0000        1
   16        -0.0288769372        -0.3928938317    0.0000        1
   17        -0.0266370185        -0.3624179461    0.0000        1
   18         0.0460412520         0.6264280668    0.0000        1
   19         0.0515004612         0.7007049745    0.0000        1
   20         0.0523511757         0.7122796266    0.0000        1
   21         0.0529265803         0.7201084667    0.0000        1
   22         0.0535354588         0.7283927455    0.0000        1
   23         0.0554062966         0.7538469897    0.0000        1
   24         0.0589266879         0.8017447303    0.0000        1
   25         0.0640098563         0.8709053031    0.0000        1
   26         0.0645802319         0.8786657190    0.0000        1
   27         0.0670111936         0.9117408972    0.0000        1
   28         0.0990797326         1.3480590258    0.0000        1
   29         0.1020536337         1.3885213297    0.0000        1
   30         0.2273572043         3.0933766500    0.0000        1
   31         0.2273881074         3.0937971116    0.0000        1
   32         0.2278451035         3.1000149097    0.0000        1
   33         0.2279096562         3.1008932000    0.0000        1
   34         0.2282460619         3.1054702692    0.0000        1
   35         0.2283075829         3.1063073107    0.0000        1
   36         0.2291273306         3.1174606349    0.0000        1
   37         0.2297985526         3.1265931466    0.0000        1
   38         0.2351720343         3.1997036638    0.0000        1
   39         0.2587852444         3.5209802788    0.0000        1
   40         0.3454368099         4.6999441484    0.0000        1
   41         0.3472769429         4.7249806303    0.0000        1
   42         0.3490594832         4.7492335161    0.0000        1
   43         0.3771966944         5.1320627849    0.0000        1
   44         0.3817461736         5.1939620888    0.0000        1
   45         0.3827569009         5.2077138418    0.0000        1
   46         0.4018087422         5.4669293853    0.0000        1
   47         0.4026523500         5.4784073442    0.0000        1
   48         0.4036024320         5.4913339697    0.0000        1
   49         0.4042836588         5.5006026048    0.0000        1
   50         0.4043738625         5.5018298979    0.0000        1
   51         0.4056724611         5.5194983715    0.0000        1
   52         0.4065898606         5.5319803260    0.0000        1
   53         0.4080250514         5.5515072448    0.0000        1
   54         0.4090344869         5.5652414213    0.0000        1
   55         0.4101992367         5.5810887749    0.0000        1
   56         0.4154923213         5.6531054251    0.0000        1
   57         0.4222764534         5.7454089699    0.0000        1
   58         0.4303106222         5.8547202637    0.0000        1
   59         0.4377540971         5.9559946941    0.0000        1
   60         0.4633388178         6.3040952874    0.0000        1
   61         0.5214297964         7.0944695237    0.0000        1
   62         0.5265847004         7.1646061164    0.0000        1
   63         0.5338234906         7.2630956480    0.0000        1
   64         0.5486720691         7.4651224383    0.0000        1
   65         0.5615002876         7.6396606130    0.0000        1

 Max and min values of charge density [e/bohr^3]:   5.3656E-01   5.9019E-15

 Hartree potential time [sec]:       0.67

   Eigenvalue Energy             =         -13.24024533 [Ry]
   Hartree Energy                =          35.40256062 [Ry]
   Integral_{Vxc*rho}            =          -9.33549055 [Ry]
   Exc = Integral{eps_xc*rho}    =          -7.20513219 [Ry]
   Electron-Ion energy           =         -94.34608614 [Ry]
   Ion-Ion Energy                =          22.86396517 [Ry]
   (E(new)-E(old))/atom  =            -0.00000659 [eV]

   Total Energy =           -23.65001252 [Ry]
   Energy/atom  =           -64.35546806 [eV]

  0- 15    SRE of pot. & charge weighted pot =   0.1079062377   0.0010734679

 SCF iter #  16

 Diagonalization time [sec] :       0.78,      tdiag_sum =       17.45

 Fermi level at    -0.7772 [Ry]

   State   Eigenvalue [Ry]      Eigenvalue [eV]    Occup.     Repr.

    1        -2.1107007129       -28.7177717597    1.0000        1
    2        -1.5025049922       -20.4427824227    1.0000        1
    3        -1.5024840343       -20.4424972736    1.0000        1
    4        -1.5023991136       -20.4413418604    1.0000        1
    5        -0.4844891034        -6.5918618434    0.0000        1
    6        -0.3930504239        -5.3477654579    0.0000        1
    7        -0.3929326445        -5.3461629750    0.0000        1
    8        -0.3928812652        -5.3454639176    0.0000        1
    9        -0.2545536690        -3.4634063096    0.0000        1
   10        -0.2544007688        -3.4613259808    0.0000        1
   11        -0.2543253122        -3.4602993327    0.0000        1
   12        -0.1742069203        -2.3702245162    0.0000        1
   13        -0.1740098787        -2.3675436083    0.0000        1
   14        -0.0898239998        -1.2221273761    0.0000        1
   15        -0.0291406759        -0.3964822087    0.0000        1
   16        -0.0289322478        -0.3936463770    0.0000        1
   17        -0.0273128295        -0.3716128956    0.0000        1
   18         0.0456926568         0.6216851493    0.0000        1
   19         0.0514566131         0.7001083858    0.0000        1
   20         0.0523144807         0.7117803609    0.0000        1
   21         0.0525971453         0.7156262401    0.0000        1
   22         0.0532917871         0.7250773974    0.0000        1
   23         0.0546101643         0.7430149733    0.0000        1
   24         0.0574368264         0.7814739727    0.0000        1
   25         0.0636834709         0.8664645683    0.0000        1
   26         0.0641598536         0.8729461356    0.0000        1
   27         0.0658053283         0.8953341357    0.0000        1
   28         0.0988490416         1.3449202898    0.0000        1
   29         0.1013223348         1.3785714234    0.0000        1
   30         0.2274262732         3.0943163883    0.0000        1
   31         0.2274746427         3.0949744933    0.0000        1
   32         0.2277053161         3.0981129904    0.0000        1
   33         0.2279217016         3.1010570877    0.0000        1
   34         0.2283018911         3.1062298699    0.0000        1
   35         0.2284107004         3.1077103074    0.0000        1
   36         0.2289356558         3.1148527462    0.0000        1
   37         0.2294385009         3.1216943551    0.0000        1
   38         0.2333199214         3.1745041863    0.0000        1
   39         0.2581048579         3.5117230762    0.0000        1
   40         0.3453386671         4.6986088372    0.0000        1
   41         0.3469614676         4.7206883361    0.0000        1
   42         0.3479712377         4.7344270658    0.0000        1
   43         0.3770396705         5.1299263484    0.0000        1
   44         0.3809825669         5.1835726094    0.0000        1
   45         0.3817465242         5.1939668596    0.0000        1
   46         0.4021241677         5.4712210010    0.0000        1
   47         0.4028438189         5.4810124311    0.0000        1
   48         0.4037179627         5.4929058570    0.0000        1
   49         0.4040063087         5.4968290345    0.0000        1
   50         0.4044516973         5.5028889031    0.0000        1
   51         0.4053496770         5.5151066353    0.0000        1
   52         0.4058800800         5.5223231921    0.0000        1
   53         0.4072129341         5.5404577390    0.0000        1
   54         0.4080659039         5.5520630747    0.0000        1
   55         0.4090437243         5.5653671039    0.0000        1
   56         0.4129152137         5.6180418145    0.0000        1
   57         0.4191015082         5.7022113008    0.0000        1
   58         0.4256441749         5.7912295150    0.0000        1
   59         0.4308996957         5.8627350793    0.0000        1
   60         0.4546353052         6.1856770349    0.0000        1
   61         0.5207773869         7.0855929702    0.0000        1
   62         0.5261648295         7.1588934373    0.0000        1
   63         0.5327066039         7.2478995119    0.0000        1
   64         0.5452380931         7.4184004471    0.0000        1
   65         0.5563024311         7.5689396165    0.0000        1

 Max and min values of charge density [e/bohr^3]:   5.3673E-01   2.7299E-15

 Hartree potential time [sec]:       0.70

   Eigenvalue Energy             =         -13.23617771 [Ry]
   Hartree Energy                =          35.40627636 [Ry]
   Integral_{Vxc*rho}            =          -9.33617516 [Ry]
   Exc = Integral{eps_xc*rho}    =          -7.20564992 [Ry]
   Electron-Ion energy           =         -94.35325248 [Ry]
   Ion-Ion Energy                =          22.86396517 [Ry]
   (E(new)-E(old))/atom  =            -0.00000585 [eV]

   Total Energy =           -23.65001467 [Ry]
   Energy/atom  =           -64.35547391 [eV]

  0- 16    SRE of pot. & charge weighted pot =   0.0496120277   0.0004914653

 SCF iter #  17

 Diagonalization time [sec] :       0.77,      tdiag_sum =       18.23

 Fermi level at    -0.7792 [Ry]

   State   Eigenvalue [Ry]      Eigenvalue [eV]    Occup.     Repr.

    1        -2.1105685479       -28.7159735486    1.0000        1
    2        -1.5023619763       -20.4408365770    1.0000        1
    3        -1.5023449943       -20.4406055236    1.0000        1
    4        -1.5022720268       -20.4396127424    1.0000        1
    5        -0.4843781159        -6.5903517695    0.0000        1
    6        -0.3929261071        -5.3460740283    0.0000        1
    7        -0.3928520608        -5.3450665692    0.0000        1
    8        -0.3928190371        -5.3446172554    0.0000        1
    9        -0.2544555598        -3.4620714551    0.0000        1
   10        -0.2543839273        -3.4610968375    0.0000        1
   11        -0.2543107470        -3.4601011613    0.0000        1
   12        -0.1741297322        -2.3691743098    0.0000        1
   13        -0.1739914989        -2.3672935352    0.0000        1
   14        -0.0899139478        -1.2233511910    0.0000        1
   15        -0.0291529048        -0.3966485922    0.0000        1
   16        -0.0290223041        -0.3948716658    0.0000        1
   17        -0.0277581819        -0.3776722713    0.0000        1
   18         0.0454089476         0.6178250586    0.0000        1
   19         0.0513996622         0.6993335237    0.0000        1
   20         0.0521433709         0.7094522755    0.0000        1
   21         0.0524281931         0.7133275091    0.0000        1
   22         0.0531110190         0.7226179023    0.0000        1
   23         0.0540734960         0.7357131723    0.0000        1
   24         0.0563970267         0.7673266655    0.0000        1
   25         0.0635015830         0.8639898383    0.0000        1
   26         0.0638814146         0.8691577511    0.0000        1
   27         0.0650772081         0.8854274781    0.0000        1
   28         0.0986679819         1.3424568285    0.0000        1
   29         0.1007824349         1.3712256532    0.0000        1
   30         0.2274242476         3.0942888286    0.0000        1
   31         0.2274962477         3.0952684472    0.0000        1
   32         0.2276216060         3.0969740471    0.0000        1
   33         0.2277639194         3.0989103340    0.0000        1
   34         0.2283254607         3.1065505529    0.0000        1
   35         0.2284747743         3.1085820847    0.0000        1
   36         0.2288255699         3.1133549395    0.0000        1
   37         0.2292009643         3.1184624795    0.0000        1
   38         0.2320211018         3.1568327063    0.0000        1
   39         0.2575995819         3.5048483908    0.0000        1
   40         0.3451689124         4.6962991879    0.0000        1
   41         0.3465540047         4.7151444775    0.0000        1
   42         0.3471109671         4.7227223961    0.0000        1
   43         0.3768088237         5.1267854937    0.0000        1
   44         0.3802203065         5.1732014464    0.0000        1
   45         0.3808213237         5.1813787658    0.0000        1
   46         0.4022548549         5.4729991048    0.0000        1
   47         0.4028806502         5.4815135510    0.0000        1
   48         0.4035917310         5.4911883736    0.0000        1
   49         0.4039014297         5.4954020729    0.0000        1
   50         0.4044559886         5.5029472897    0.0000        1
   51         0.4049813837         5.5100957102    0.0000        1
   52         0.4053981596         5.5157662804    0.0000        1
   53         0.4065833639         5.5318919319    0.0000        1
   54         0.4073507268         5.5423325186    0.0000        1
   55         0.4081914341         5.5537710140    0.0000        1
   56         0.4110597878         5.5927972603    0.0000        1
   57         0.4165944922         5.6681013416    0.0000        1
   58         0.4218436888         5.7395208606    0.0000        1
   59         0.4258361733         5.7938418062    0.0000        1
   60         0.4473939684         6.0871528549    0.0000        1
   61         0.5201483000         7.0770337402    0.0000        1
   62         0.5257048146         7.1526345671    0.0000        1
   63         0.5316902542         7.2340712601    0.0000        1
   64         0.5423690626         7.3793649918    0.0000        1
   65         0.5522358055         7.5136099220    0.0000        1

 Max and min values of charge density [e/bohr^3]:   5.3682E-01   9.5692E-16

 Hartree potential time [sec]:       0.63

   Eigenvalue Energy             =         -13.23509509 [Ry]
   Hartree Energy                =          35.40822492 [Ry]
   Integral_{Vxc*rho}            =          -9.33655214 [Ry]
   Exc = Integral{eps_xc*rho}    =          -7.20593674 [Ry]
   Electron-Ion energy           =         -94.35694913 [Ry]
   Ion-Ion Energy                =          22.86396517 [Ry]
   (E(new)-E(old))/atom  =            -0.00000130 [eV]

   Total Energy =           -23.65001514 [Ry]
   Energy/atom  =           -64.35547521 [eV]

  0- 17    SRE of pot. & charge weighted pot =   0.0139989909   0.0002817817

 SCF iter #  18

 Diagonalization time [sec] :       0.77,      tdiag_sum =       18.99

 Fermi level at    -0.7809 [Ry]

   State   Eigenvalue [Ry]      Eigenvalue [eV]    Occup.     Repr.

    1        -2.1106999132       -28.7177608784    1.0000        1
    2        -1.5024814042       -20.4424614891    1.0000        1
    3        -1.5024581314       -20.4421448445    1.0000        1
    4        -1.5024318161       -20.4417868034    1.0000        1
    5        -0.4844679470        -6.5915739933    0.0000        1
    6        -0.3930182651        -5.3473279114    0.0000        1
    7        -0.3930160071        -5.3472971895    0.0000        1
    8        -0.3929243201        -5.3460497142    0.0000        1
    9        -0.2545754058        -3.4637020563    0.0000        1
   10        -0.2545264940        -3.4630365725    0.0000        1
   11        -0.2544467426        -3.4619514907    0.0000        1
   12        -0.1742371025        -2.3706351689    0.0000        1
   13        -0.1741333532        -2.3692235765    0.0000        1
   14        -0.0901670769        -1.2267952153    0.0000        1
   15        -0.0293295048        -0.3990513766    0.0000        1
   16        -0.0292597268        -0.3981019909    0.0000        1
   17        -0.0282192059        -0.3839448714    0.0000        1
   18         0.0450415494         0.6128263130    0.0000        1
   19         0.0511911731         0.6964968625    0.0000        1
   20         0.0518087977         0.7049001404    0.0000        1
   21         0.0521352418         0.7093416732    0.0000        1
   22         0.0528013007         0.7184039364    0.0000        1
   23         0.0535481333         0.7285651917    0.0000        1
   24         0.0554959703         0.7550670726    0.0000        1
   25         0.0632218770         0.8601842147    0.0000        1
   26         0.0635146415         0.8641675093    0.0000        1
   27         0.0644558468         0.8769733607    0.0000        1
   28         0.0983415652         1.3380156675    0.0000        1
   29         0.1001958146         1.3632442137    0.0000        1
   30         0.2272093172         3.0913645277    0.0000        1
   31         0.2272932242         3.0925061498    0.0000        1
   32         0.2273269568         3.0929651086    0.0000        1
   33         0.2274215291         3.0942518408    0.0000        1
   34         0.2281432898         3.1040719722    0.0000        1
   35         0.2283163369         3.1064264171    0.0000        1
   36         0.2285731800         3.1099209728    0.0000        1
   37         0.2288339721         3.1134692578    0.0000        1
   38         0.2309251107         3.1419208715    0.0000        1
   39         0.2570191073         3.4969505707    0.0000        1
   40         0.3447880877         4.6911177633    0.0000        1
   41         0.3459417356         4.7068140669    0.0000        1
   42         0.3462654186         4.7112180323    0.0000        1
   43         0.3763787530         5.1209340379    0.0000        1
   44         0.3793407649         5.1612345787    0.0000        1
   45         0.3798412452         5.1680440139    0.0000        1
   46         0.4020641396         5.4704042707    0.0000        1
   47         0.4026429661         5.4782796687    0.0000        1
   48         0.4032054281         5.4859324142    0.0000        1
   49         0.4036618246         5.4921420528    0.0000        1
   50         0.4042099360         5.4995995471    0.0000        1
   51         0.4044465622         5.5028190361    0.0000        1
   52         0.4048391681         5.5081607531    0.0000        1
   53         0.4059046413         5.5226573687    0.0000        1
   54         0.4066035595         5.5321667095    0.0000        1
   55         0.4073614985         5.5424790757    0.0000        1
   56         0.4095122346         5.5717415617    0.0000        1
   57         0.4144218597         5.6385409386    0.0000        1
   58         0.4185565875         5.6947972187    0.0000        1
   59         0.4218884962         5.7401305015    0.0000        1
   60         0.4412551190         6.0036288985    0.0000        1
   61         0.5193726529         7.0664804409    0.0000        1
   62         0.5250340624         7.1435084464    0.0000        1
   63         0.5305888171         7.2190853279    0.0000        1
   64         0.5397726699         7.3440389927    0.0000        1
   65         0.5488495729         7.4675375192    0.0000        1

 Max and min values of charge density [e/bohr^3]:   5.3682E-01   5.6268E-16

 Hartree potential time [sec]:       0.63

   Eigenvalue Energy             =         -13.23614253 [Ry]
   Hartree Energy                =          35.40799336 [Ry]
   Integral_{Vxc*rho}            =          -9.33651031 [Ry]
   Exc = Integral{eps_xc*rho}    =          -7.20590569 [Ry]
   Electron-Ion energy           =         -94.35652165 [Ry]
   Ion-Ion Energy                =          22.86396517 [Ry]
   (E(new)-E(old))/atom  =            -0.00000042 [eV]

   Total Energy =           -23.65001530 [Ry]
   Energy/atom  =           -64.35547563 [eV]

  0- 18    SRE of pot. & charge weighted pot =   0.0069049590   0.0000853631

 SCF iter #  19

 Diagonalization time [sec] :       0.77,      tdiag_sum =       19.76

 Fermi level at    -0.7824 [Ry]

   State   Eigenvalue [Ry]      Eigenvalue [eV]    Occup.     Repr.

    1        -2.1107459545       -28.7183873078    1.0000        1
    2        -1.5025277394       -20.4430919172    1.0000        1
    3        -1.5025019874       -20.4427415398    1.0000        1
    4        -1.5024749379       -20.4423735098    1.0000        1
    5        -0.4844950821        -6.5919431877    0.0000        1
    6        -0.3930596034        -5.3478903516    0.0000        1
    7        -0.3930516639        -5.3477823281    0.0000        1
    8        -0.3929812567        -5.3468243820    0.0000        1
    9        -0.2546202739        -3.4643125225    0.0000        1
   10        -0.2545884784        -3.4638799196    0.0000        1
   11        -0.2545219980        -3.4629753999    0.0000        1
   12        -0.1742807946        -2.3712296358    0.0000        1
   13        -0.1742023761        -2.3701626888    0.0000        1
   14        -0.0903348283        -1.2290776072    0.0000        1
   15        -0.0294490658        -0.4006780998    0.0000        1
   16        -0.0294001105        -0.4000120235    0.0000        1
   17        -0.0285570315        -0.3885412587    0.0000        1
   18         0.0447670633         0.6090917099    0.0000        1
   19         0.0510486134         0.6945572240    0.0000        1
   20         0.0515607099         0.7015247066    0.0000        1
   21         0.0519081443         0.7062518292    0.0000        1
   22         0.0525852050         0.7154637826    0.0000        1
   23         0.0531628542         0.7233231614    0.0000        1
   24         0.0547868117         0.7454184020    0.0000        1
   25         0.0630236274         0.8574868693    0.0000        1
   26         0.0632529776         0.8606073622    0.0000        1
   27         0.0640005824         0.8707791235    0.0000        1
   28         0.0981130365         1.3349063523    0.0000        1
   29         0.0997343096         1.3569650696    0.0000        1
   30         0.2270488462         3.0891811923    0.0000        1
   31         0.2270913043         3.0897588686    0.0000        1
   32         0.2271403788         3.0904265664    0.0000        1
   33         0.2271909951         3.0911152412    0.0000        1
   34         0.2280294515         3.1025231115    0.0000        1
   35         0.2282263200         3.1052016641    0.0000        1
   36         0.2284147113         3.1077648793    0.0000        1
   37         0.2285996395         3.1102809749    0.0000        1
   38         0.2301344612         3.1311634517    0.0000        1
   39         0.2566178963         3.4914917731    0.0000        1
   40         0.3444979763         4.6871705661    0.0000        1
   41         0.3454167458         4.6996711599    0.0000        1
   42         0.3456485440         4.7028249605    0.0000        1
   43         0.3760325452         5.1162236032    0.0000        1
   44         0.3785869519         5.1509783501    0.0000        1
   45         0.3790271083         5.1569670306    0.0000        1
   46         0.4019074876         5.4682728954    0.0000        1
   47         0.4024613202         5.4758082306    0.0000        1
   48         0.4029288257         5.4821690170    0.0000        1
   49         0.4034933075         5.4898492425    0.0000        1
   50         0.4040031602         5.4967861977    0.0000        1
   51         0.4040604297         5.4975653950    0.0000        1
   52         0.4044250259         5.5025260180    0.0000        1
   53         0.4053976396         5.5157592044    0.0000        1
   54         0.4060190547         5.5242140544    0.0000        1
   55         0.4067296381         5.5338821100    0.0000        1
   56         0.4083109075         5.5553965455    0.0000        1
   57         0.4125952921         5.6136890253    0.0000        1
   58         0.4157554637         5.6566856884    0.0000        1
   59         0.4187213165         5.6970384883    0.0000        1
   60         0.4358607001         5.9302335136    0.0000        1
   61         0.5187261131         7.0576837490    0.0000        1
   62         0.5244311366         7.1353051582    0.0000        1
   63         0.5296567952         7.2064044244    0.0000        1
   64         0.5375097947         7.3132507647    0.0000        1
   65         0.5459908632         7.4286424866    0.0000        1

 Max and min values of charge density [e/bohr^3]:   5.3683E-01   1.3348E-16

 Hartree potential time [sec]:       0.67

   Eigenvalue Energy             =         -13.23650124 [Ry]
   Hartree Energy                =          35.40819236 [Ry]
   Integral_{Vxc*rho}            =          -9.33655272 [Ry]
   Exc = Integral{eps_xc*rho}    =          -7.20593818 [Ry]
   Electron-Ion energy           =         -94.35688945 [Ry]
   Ion-Ion Energy                =          22.86396517 [Ry]
   (E(new)-E(old))/atom  =            -0.00000014 [eV]

   Total Energy =           -23.65001535 [Ry]
   Energy/atom  =           -64.35547577 [eV]

  0- 19    SRE of pot. & charge weighted pot =   0.0053313270   0.0000782639

 SCF iter #  20

 Diagonalization time [sec] :       0.77,      tdiag_sum =       20.53

 Fermi level at    -0.7836 [Ry]

   State   Eigenvalue [Ry]      Eigenvalue [eV]    Occup.     Repr.

    1        -2.1107497732       -28.7184392642    1.0000        1
    2        -1.5025195712       -20.4429807813    1.0000        1
    3        -1.5025107728       -20.4428610728    1.0000        1
    4        -1.5024843428       -20.4425014712    1.0000        1
    5        -0.4844987185        -6.5919926638    0.0000        1
    6        -0.3930640257        -5.3479505210    0.0000        1
    7        -0.3930552419        -5.3478310105    0.0000        1
    8        -0.3930122382        -5.3472459107    0.0000        1
    9        -0.2546382475        -3.4645570674    0.0000        1
   10        -0.2546178503        -3.4642795479    0.0000        1
   11        -0.2545704670        -3.4636348604    0.0000        1
   12        -0.1743010994        -2.3715058987    0.0000        1
   13        -0.1742411181        -2.3706898051    0.0000        1
   14        -0.0904607594        -1.2307910002    0.0000        1
   15        -0.0295437816        -0.4019667831    0.0000        1
   16        -0.0294930863        -0.4012770331    0.0000        1
   17        -0.0288192068        -0.3921083645    0.0000        1
   18         0.0445454718         0.6060767800    0.0000        1
   19         0.0509371977         0.6930413240    0.0000        1
   20         0.0513622259         0.6988241732    0.0000        1
   21         0.0517086159         0.7035370868    0.0000        1
   22         0.0524164291         0.7131674517    0.0000        1
   23         0.0528657813         0.7192812476    0.0000        1
   24         0.0542097912         0.7375675769    0.0000        1
   25         0.0628677648         0.8553662338    0.0000        1
   26         0.0630488602         0.8578301825    0.0000        1
   27         0.0636474729         0.8659747870    0.0000        1
   28         0.0979336086         1.3324650922    0.0000        1
   29         0.0993504619         1.3517425151    0.0000        1
   30         0.2269054573         3.0872302715    0.0000        1
   31         0.2269142362         3.0873497146    0.0000        1
   32         0.2269800680         3.0882454098    0.0000        1
   33         0.2270072209         3.0886148464    0.0000        1
   34         0.2279451725         3.1013764281    0.0000        1
   35         0.2281619793         3.1043262578    0.0000        1
   36         0.2282974423         3.1061693409    0.0000        1
   37         0.2284392657         3.1080989619    0.0000        1
   38         0.2295536146         3.1232605689    0.0000        1
   39         0.2563203771         3.4874437872    0.0000        1
   40         0.3442582967         4.6839095326    0.0000        1
   41         0.3449299186         4.6930474864    0.0000        1
   42         0.3451970111         4.6966814941    0.0000        1
   43         0.3757330279         5.1121484307    0.0000        1
   44         0.3779207593         5.1419142672    0.0000        1
   45         0.3783275491         5.1474489670    0.0000        1
   46         0.4017585969         5.4662471176    0.0000        1
   47         0.4022986292         5.4735946887    0.0000        1
   48         0.4027164829         5.4792799236    0.0000        1
   49         0.4033461705         5.4878473270    0.0000        1
   50         0.4036830858         5.4924313288    0.0000        1
   51         0.4038777665         5.4950801159    0.0000        1
   52         0.4040939950         5.4980220768    0.0000        1
   53         0.4049998496         5.5103469537    0.0000        1
   54         0.4055353489         5.5176328498    0.0000        1
   55         0.4062323771         5.5271164768    0.0000        1
   56         0.4073643832         5.5425183243    0.0000        1
   57         0.4110430977         5.5925701787    0.0000        1
   58         0.4133842224         5.6244230534    0.0000        1
   59         0.4161390732         5.6619050021    0.0000        1
   60         0.4311272343         5.8658309249    0.0000        1
   61         0.5181626971         7.0500180241    0.0000        1
   62         0.5238530530         7.1274398680    0.0000        1
   63         0.5288407479         7.1953014483    0.0000        1
   64         0.5354991071         7.2858937508    0.0000        1
   65         0.5435477320         7.3954017319    0.0000        1

 Max and min values of charge density [e/bohr^3]:   5.3683E-01   3.6206E-15

 Hartree potential time [sec]:       0.65

   Eigenvalue Energy             =         -13.23652892 [Ry]
   Hartree Energy                =          35.40826978 [Ry]
   Integral_{Vxc*rho}            =          -9.33656680 [Ry]
   Exc = Integral{eps_xc*rho}    =          -7.20594894 [Ry]
   Electron-Ion energy           =         -94.35703826 [Ry]
   Ion-Ion Energy                =          22.86396517 [Ry]
   (E(new)-E(old))/atom  =            -0.00000008 [eV]

   Total Energy =           -23.65001538 [Ry]
   Energy/atom  =           -64.35547586 [eV]

  0- 20    SRE of pot. & charge weighted pot =   0.0037413561   0.0000281825

 SCF iter #  21

 Diagonalization time [sec] :       0.77,      tdiag_sum =       21.30

 Fermi level at    -0.7846 [Ry]

   State   Eigenvalue [Ry]      Eigenvalue [eV]    Occup.     Repr.

    1        -2.1107381303       -28.7182808538    1.0000        1
    2        -1.5025074828       -20.4428163091    1.0000        1
    3        -1.5025007810       -20.4427251265    1.0000        1
    4        -1.5024736617       -20.4423561460    1.0000        1
    5        -0.4844954561        -6.5919482762    0.0000        1
    6        -0.3930625266        -5.3479301244    0.0000        1
    7        -0.3930528023        -5.3477978172    0.0000        1
    8        -0.3930224834        -5.3473853048    0.0000        1
    9        -0.2546460316        -3.4646629774    0.0000        1
   10        -0.2546353682        -3.4645178927    0.0000        1
   11        -0.2545979900        -3.4640093328    0.0000        1
   12        -0.1743112592        -2.3716441300    0.0000        1
   13        -0.1742646304        -2.3710097083    0.0000        1
   14        -0.0905507986        -1.2320160552    0.0000        1
   15        -0.0296097234        -0.4028639746    0.0000        1
   16        -0.0295594957        -0.4021805872    0.0000        1
   17        -0.0290166534        -0.3947947831    0.0000        1
   18         0.0443696538         0.6036846360    0.0000        1
   19         0.0508551628         0.6919251736    0.0000        1
   20         0.0512094907         0.6967460887    0.0000        1
   21         0.0515345301         0.7011685093    0.0000        1
   22         0.0522931501         0.7114901418    0.0000        1
   23         0.0526441360         0.7162655861    0.0000        1
   24         0.0537502240         0.7313147972    0.0000        1
   25         0.0627515553         0.8537851109    0.0000        1
   26         0.0628950690         0.8557377300    0.0000        1
   27         0.0633754764         0.8622740569    0.0000        1
   28         0.0977967131         1.3306025194    0.0000        1
   29         0.0990410210         1.3475323229    0.0000        1
   30         0.2267680602         3.0853608733    0.0000        1
   31         0.2268025849         3.0858306095    0.0000        1
   32         0.2268170380         3.0860272551    0.0000        1
   33         0.2268873411         3.0869837859    0.0000        1
   34         0.2278948104         3.1006912115    0.0000        1
   35         0.2281268163         3.1038478377    0.0000        1
   36         0.2282175858         3.1050828288    0.0000        1
   37         0.2283441436         3.1068047494    0.0000        1
   38         0.2291390845         3.1176205565    0.0000        1
   39         0.2561071880         3.4845431784    0.0000        1
   40         0.3440728204         4.6813859794    0.0000        1
   41         0.3445201237         4.6874718989    0.0000        1
   42         0.3448503640         4.6919650828    0.0000        1
   43         0.3754843028         5.1087643269    0.0000        1
   44         0.3773434987         5.1340601744    0.0000        1
   45         0.3777333122         5.1393638992    0.0000        1
   46         0.4016368069         5.4645900666    0.0000        1
   47         0.4021595806         5.4717028217    0.0000        1
   48         0.4025653760         5.4772239934    0.0000        1
   49         0.4032194882         5.4861237120    0.0000        1
   50         0.4034243714         5.4889113118    0.0000        1
   51         0.4037200886         5.4929347819    0.0000        1
   52         0.4038457816         5.4946449357    0.0000        1
   53         0.4046945527         5.5061931450    0.0000        1
   54         0.4051455325         5.5123290864    0.0000        1
   55         0.4058504606         5.5219201964    0.0000        1
   56         0.4066369271         5.5326207025    0.0000        1
   57         0.4097407933         5.5748512855    0.0000        1
   58         0.4114243289         5.5977571344    0.0000        1
   59         0.4140296317         5.6332043623    0.0000        1
   60         0.4270089864         5.8097988670    0.0000        1
   61         0.5176841771         7.0435073763    0.0000        1
   62         0.5233066616         7.1200057763    0.0000        1
   63         0.5281334027         7.1856774501    0.0000        1
   64         0.5337176037         7.2616549722    0.0000        1
   65         0.5414621260         7.3670253933    0.0000        1

 Max and min values of charge density [e/bohr^3]:   5.3683E-01   1.2605E-14

 Hartree potential time [sec]:       0.66

   Eigenvalue Energy             =         -13.23644011 [Ry]
   Hartree Energy                =          35.40816862 [Ry]
   Integral_{Vxc*rho}            =          -9.33654334 [Ry]
   Exc = Integral{eps_xc*rho}    =          -7.20593108 [Ry]
   Electron-Ion energy           =         -94.35686798 [Ry]
   Ion-Ion Energy                =          22.86396517 [Ry]
   (E(new)-E(old))/atom  =            -0.00000003 [eV]

   Total Energy =           -23.65001539 [Ry]
   Energy/atom  =           -64.35547589 [eV]

  0- 21    SRE of pot. & charge weighted pot =   0.0010824720   0.0000095869

Self-consistency convergence achieved.

Time for self-consistent field [sec] :      47.15,    tdiag_sum =       21.30
Time spent on Hartree potential [sec] :       13.97

Atomic AE-minus-pseudo reference correction :         -35.47224000 [Ry]
Reference-corrected all-electron total      :         -59.12225539 [Ry]
Reference-corrected all-electron total      :        -804.40558245 [eV]

 Initial Hamiltonian component timings [sec]
 --------------------------------------------------
 Finite-difference (-nabla^2) :     0.132593
 V_ion diagonal/local         :     0.025620
 V_ion nonlocal projectors    :     0.004292
 Initial V_xc (PBE)             :     0.368159
 Component subtotal             :     0.530663
 --------------------------------------------------

 SCF timing analysis [sec]
 --------------------------------------------------
 Initial Hartree potential      :     0.569149
 Initial exchange-correlation   :     0.368159
 Hamiltonian binding subtotal  :     0.036137
 Diagonalization subtotal       :    21.295250
 Occupation/density subtotal   :     2.239199
 Hartree potential subtotal     :    13.971250
 Exchange-correlation subtotal  :     7.902622
 Mixing/energy subtotal         :     0.594180
 SCF wall time                   :    47.060103
 --------------------------------------------------

Forces, dipoles, and MPI statistics
are not calculated by this Python single-point implementation.

 =================================================================

 Accelerated Hamiltonian statistics:
 -----------------------------------
 Backend = cupy
 H applications =         1585
 Orbital vectors applied =        21899
 Total H application time [sec] =     0.000000
 Average H application [sec] =     0.000000
 Local-potential updates =           21
 Local update time [sec] =     0.033435
 Per-H device timing = disabled (would synchronize every recurrence)
 GPU initial-eigensolver calls =            1
 GPU initial-eigensolver synchronized time [sec] =     5.673787
 GPU SUBSPACE calls =           20
 GPU SUBSPACE synchronized time [sec] =    15.617147
 Requested-eigenpair download [sec] =     0.002691
 GPU density builds =           21
 GPU density build/download [sec] =     2.233514
 Final wavefunction download [sec] =     0.086891
 Accelerated Hartree solves =           22
 Accelerated Hartree total [sec] =    14.526739
 Hartree boundary/RHS [sec] =     0.503789
 Hartree linear solve [sec] =    14.022794
 Host-to-device time [sec] =     0.000000
 Device kernel time [sec] =    21.290933
 Device-to-host time [sec] =     0.002691
 Pre-SCF setup/reporting wall time [sec] :    3.555394
 Post-SCF finalization/reporting [sec] :    0.000236
 Total accelerated Python wall time [sec] :       50.71
Text log: C:\Users\zigze\Desktop\parsec_python\src\accelerated_architecture\benchmarks\0_CH4_CF4\python_pbe\CH4\FS_1s\parsec.out
