 C  pb nrl nc  
 converted from C.pbe-mt-cpi.UPF (UPF 2.0.1, semilocal norm-conserving)
 2s(  2.00) rc= 1.4982 2p(  2.00) rc= 1.4982
   2  0  921  1.041666666667E-03  1.219994341177E-02  4.000000000000E+00   nl nls nr a b zion
 Radial grid follows
  1.278611071230E-05  2.572916666667E-05  3.883109431356E-05  5.209384375000E-05
  6.551938900978E-05  7.910972835729E-05  9.286688458499E-05  1.067929053144E-04
  1.208898633009E-04  1.351598567423E-04  1.496050095911E-04  1.642274718705E-04
  1.790294199947E-04  1.940130570924E-04  2.091806133352E-04  2.245343462692E-04
  2.400765411513E-04  2.558095112888E-04  2.717355983844E-04  2.878571728843E-04
  3.041766343311E-04  3.206964117212E-04  3.374189638658E-04  3.543467797573E-04
  3.714823789399E-04  3.888283118840E-04  4.063871603664E-04  4.241615378542E-04
  4.421540898941E-04  4.603674945059E-04  4.788044625812E-04  4.974677382869E-04
  5.163600994736E-04  5.354843580892E-04  5.548433605973E-04  5.744399884007E-04
  5.942771582707E-04  6.143578227808E-04  6.346849707466E-04  6.552616276702E-04
  6.760908561907E-04  6.971757565403E-04  7.185194670053E-04  7.401251643935E-04
  7.619960645070E-04  7.841354226207E-04  8.065465339670E-04  8.292327342261E-04
  8.521974000227E-04  8.754439494282E-04  8.989758424699E-04  9.227965816457E-04
  9.469097124456E-04  9.713188238790E-04  9.960275490096E-04  1.021039565496E-03
  1.046358596137E-03  1.071988409430E-03  1.097932820128E-03  1.124195689810E-03
  1.150780927452E-03  1.177692490014E-03  1.204934383027E-03  1.232510661184E-03
  1.260425428954E-03  1.288682841182E-03  1.317287103716E-03  1.346242474026E-03
  1.375553261844E-03  1.405223829801E-03  1.435258594079E-03  1.465662025064E-03
  1.496438648019E-03  1.527593043750E-03  1.559129849292E-03  1.591053758597E-03
  1.623369523236E-03  1.656081953101E-03  1.689195917126E-03  1.722716344009E-03
  1.756648222946E-03  1.790996604373E-03  1.825766600720E-03  1.860963387168E-03
  1.896592202424E-03  1.932658349498E-03  1.969167196491E-03  2.006124177397E-03
  2.043534792911E-03  2.081404611245E-03  2.119739268962E-03  2.158544471810E-03
  2.197825995572E-03  2.237589686930E-03  2.277841464329E-03  2.318587318864E-03
  2.359833315165E-03  2.401585592306E-03  2.443850364716E-03  2.486633923103E-03
  2.529942635391E-03  2.573782947670E-03  2.618161385152E-03  2.663084553145E-03
  2.708559138032E-03  2.754591908274E-03  2.801189715408E-03  2.848359495075E-03
  2.896108268046E-03  2.944443141270E-03  2.993371308933E-03  3.042900053526E-03
  3.093036746930E-03  3.143788851515E-03  3.195163921246E-03  3.247169602814E-03
  3.299813636768E-03  3.353103858670E-03  3.407048200262E-03  3.461654690646E-03
  3.516931457476E-03  3.572886728171E-03  3.629528831142E-03  3.686866197024E-03
  3.744907359938E-03  3.803660958757E-03  3.863135738395E-03  3.923340551105E-03
  3.984284357800E-03  4.045976229384E-03  4.108425348104E-03  4.171641008916E-03
  4.235632620869E-03  4.300409708503E-03  4.365981913271E-03  4.432358994970E-03
  4.499550833196E-03  4.567567428812E-03  4.636418905442E-03  4.706115510971E-03
  4.776667619073E-03  4.848085730758E-03  4.920380475931E-03  4.993562614975E-03
  5.067643040353E-03  5.142632778231E-03  5.218542990117E-03  5.295384974520E-03
  5.373170168639E-03  5.451910150058E-03  5.531616638471E-03  5.612301497431E-03
  5.693976736108E-03  5.776654511084E-03  5.860347128157E-03  5.945067044174E-03
  6.030826868889E-03  6.117639366832E-03  6.205517459217E-03  6.294474225860E-03
  6.384522907126E-03  6.475676905905E-03  6.567949789599E-03  6.661355292148E-03
  6.755907316069E-03  6.851619934530E-03  6.948507393442E-03  7.046584113580E-03
  7.145864692727E-03  7.246363907852E-03  7.348096717304E-03  7.451078263043E-03
  7.555323872888E-03  7.660849062806E-03  7.767669539215E-03  7.875801201324E-03
  7.985260143501E-03  8.096062657664E-03  8.208225235712E-03  8.321764571975E-03
  8.436697565700E-03  8.553041323569E-03  8.670813162240E-03  8.790030610928E-03
  8.910711414014E-03  9.032873533685E-03  9.156535152607E-03  9.281714676633E-03
  9.408430737543E-03  9.536702195813E-03  9.666548143427E-03  9.797987906716E-03
  9.931041049236E-03  1.006572737468E-02  1.020206692982E-02  1.034008000750E-02
  1.047978714965E-02  1.062120915035E-02  1.076436705892E-02  1.090928218303E-02
  1.105597609194E-02  1.120447061962E-02  1.135478786807E-02  1.150695021059E-02
  1.166098029508E-02  1.181690104746E-02  1.197473567504E-02  1.213450767000E-02
  1.229624081288E-02  1.245995917611E-02  1.262568712762E-02  1.279344933443E-02
  1.296327076634E-02  1.313517669966E-02  1.330919272094E-02  1.348534473081E-02
  1.366365894781E-02  1.384416191232E-02  1.402688049049E-02  1.421184187822E-02
  1.439907360527E-02  1.458860353928E-02  1.478045988999E-02  1.497467121337E-02
  1.517126641594E-02  1.537027475901E-02  1.557172586308E-02  1.577564971222E-02
  1.598207665856E-02  1.619103742678E-02  1.640256311869E-02  1.661668521789E-02
  1.683343559439E-02  1.705284650944E-02  1.727495062024E-02  1.749978098489E-02
  1.772737106723E-02  1.795775474188E-02  1.819096629925E-02  1.842704045067E-02
  1.866601233351E-02  1.890791751647E-02  1.915279200482E-02  1.940067224579E-02
  1.965159513400E-02  1.990559801693E-02  2.016271870048E-02  2.042299545461E-02
  2.068646701905E-02  2.095317260901E-02  2.122315192109E-02  2.149644513912E-02
  2.177309294020E-02  2.205313650072E-02  2.233661750249E-02  2.262357813896E-02
  2.291406112147E-02  2.320810968566E-02  2.350576759784E-02  2.380707916156E-02
  2.411208922417E-02  2.442084318352E-02  2.473338699467E-02  2.504976717681E-02
  2.537003082011E-02  2.569422559275E-02  2.602239974803E-02  2.635460213156E-02
  2.669088218848E-02  2.703128997087E-02  2.737587614520E-02  2.772469199982E-02
  2.807778945265E-02  2.843522105888E-02  2.879704001880E-02  2.916330018570E-02
  2.953405607393E-02  2.990936286696E-02  3.028927642562E-02  3.067385329644E-02
  3.106315072000E-02  3.145722663953E-02  3.185613970945E-02  3.225994930419E-02
  3.266871552694E-02  3.308249921867E-02  3.350136196712E-02  3.392536611604E-02
  3.435457477438E-02  3.478905182577E-02  3.522886193797E-02  3.567407057253E-02
  3.612474399451E-02  3.658094928234E-02  3.704275433784E-02  3.751022789628E-02
  3.798343953665E-02  3.846245969199E-02  3.894735965987E-02  3.943821161304E-02
  3.993508861014E-02  4.043806460655E-02  4.094721446547E-02  4.146261396900E-02
  4.198433982944E-02  4.251246970070E-02  4.304708218989E-02  4.358825686898E-02
  4.413607428665E-02  4.469061598031E-02  4.525196448820E-02  4.582020336169E-02
  4.639541717772E-02  4.697769155139E-02  4.756711314868E-02  4.816376969937E-02
  4.876775001012E-02  4.937914397761E-02  4.999804260203E-02  5.062453800053E-02
  5.125872342097E-02  5.190069325581E-02  5.255054305613E-02  5.320836954589E-02
  5.387427063629E-02  5.454834544034E-02  5.523069428767E-02  5.592141873939E-02
  5.662062160324E-02  5.732840694892E-02  5.804488012351E-02  5.877014776722E-02
  5.950431782923E-02  6.024749958374E-02  6.099980364628E-02  6.176134199012E-02
  6.253222796300E-02  6.331257630395E-02  6.410250316036E-02  6.490212610532E-02
  6.571156415509E-02  6.653093778679E-02  6.736036895638E-02  6.819998111679E-02
  6.904989923627E-02  6.991024981704E-02  7.078116091407E-02  7.166276215419E-02
  7.255518475532E-02  7.345856154606E-02  7.437302698544E-02  7.529871718292E-02
  7.623576991865E-02  7.718432466400E-02  7.814452260231E-02  7.911650664987E-02
  8.010042147725E-02  8.109641353079E-02  8.210463105440E-02  8.312522411166E-02
  8.415834460811E-02  8.520414631389E-02  8.626278488660E-02  8.733441789451E-02
  8.841920483997E-02  8.951730718317E-02  9.062888836618E-02  9.175411383726E-02
  9.289315107549E-02  9.404616961571E-02  9.521334107372E-02  9.639483917188E-02
  9.759083976491E-02  9.880152086610E-02  1.000270626738E-01  1.012676475982E-01
  1.025234602885E-01  1.037946876605E-01  1.050815189243E-01  1.063841456124E-01
  1.077027616084E-01  1.090375631757E-01  1.103887489868E-01  1.117565201528E-01
  1.131410802534E-01  1.145426353672E-01  1.159613941023E-01  1.173975676275E-01
  1.188513697033E-01  1.203230167145E-01  1.218127277017E-01  1.233207243940E-01
  1.248472312426E-01  1.263924754532E-01  1.279566870209E-01  1.295400987636E-01
  1.311429463570E-01  1.327654683697E-01  1.344079062987E-01  1.360705046051E-01
  1.377535107509E-01  1.394571752355E-01  1.411817516331E-01  1.429274966305E-01
  1.446946700651E-01  1.464835349640E-01  1.482943575824E-01  1.501274074442E-01
  1.519829573814E-01  1.538612835748E-01  1.557626655954E-01  1.576873864457E-01
  1.596357326022E-01  1.616079940576E-01  1.636044643642E-01  1.656254406775E-01
  1.676712238006E-01  1.697421182289E-01  1.718384321952E-01  1.739604777158E-01
  1.761085706371E-01  1.782830306821E-01  1.804841814985E-01  1.827123507066E-01
  1.849678699481E-01  1.872510749357E-01  1.895623055025E-01  1.919019056533E-01
  1.942702236151E-01  1.966676118896E-01  1.990944273051E-01  2.015510310699E-01
  2.040377888262E-01  2.065550707040E-01  2.091032513769E-01  2.116827101171E-01
  2.142938308525E-01  2.169370022236E-01  2.196126176412E-01  2.223210753452E-01
  2.250627784637E-01  2.278381350729E-01  2.306475582584E-01  2.334914661759E-01
  2.363702821140E-01  2.392844345571E-01  2.422343572489E-01  2.452204892573E-01
  2.482432750396E-01  2.513031645086E-01  2.544006130998E-01  2.575360818387E-01
  2.607100374100E-01  2.639229522268E-01  2.671753045007E-01  2.704675783134E-01
  2.738002636885E-01  2.771738566644E-01  2.805888593683E-01  2.840457800907E-01
  2.875451333614E-01  2.910874400256E-01  2.946732273221E-01  2.983030289609E-01
  3.019773852036E-01  3.056968429429E-01  3.094619557848E-01  3.132732841303E-01
  3.171313952593E-01  3.210368634150E-01  3.249902698889E-01  3.289922031080E-01
  3.330432587218E-01  3.371440396914E-01  3.412951563789E-01  3.454972266385E-01
  3.497508759081E-01  3.540567373031E-01  3.584154517097E-01  3.628276678811E-01
  3.672940425336E-01  3.718152404445E-01  3.763919345509E-01  3.810248060501E-01
  3.857145445009E-01  3.904618479262E-01  3.952674229168E-01  4.001319847367E-01
  4.050562574295E-01  4.100409739263E-01  4.150868761547E-01  4.201947151490E-01
  4.253652511624E-01  4.305992537798E-01  4.358975020327E-01  4.412607845149E-01
  4.466898994996E-01  4.521856550590E-01  4.577488691839E-01  4.633803699057E-01
  4.690809954194E-01  4.748515942090E-01  4.806930251730E-01  4.866061577526E-01
  4.925918720614E-01  4.986510590158E-01  5.047846204680E-01  5.109934693401E-01
  5.172785297602E-01  5.236407371995E-01  5.300810386119E-01  5.366003925750E-01
  5.431997694323E-01  5.498801514383E-01  5.566425329040E-01  5.634879203455E-01
  5.704173326334E-01  5.774318011447E-01  5.845323699161E-01  5.917200957996E-01
  5.989960486197E-01  6.063613113325E-01  6.138169801872E-01  6.213641648891E-01
  6.290039887645E-01  6.367375889285E-01  6.445661164537E-01  6.524907365417E-01
  6.605126286968E-01  6.686329869010E-01  6.768530197922E-01  6.851739508441E-01
  6.935970185478E-01  7.021234765966E-01  7.107545940726E-01  7.194916556352E-01
  7.283359617128E-01  7.372888286961E-01  7.463515891338E-01  7.555255919315E-01
  7.648122025521E-01  7.742128032189E-01  7.837287931218E-01  7.933615886251E-01
  8.031126234786E-01  8.129833490308E-01  8.229752344451E-01  8.330897669185E-01
  8.433284519026E-01  8.536928133281E-01  8.641843938313E-01  8.748047549839E-01
  8.855554775256E-01  8.964381615987E-01  9.074544269871E-01  9.186059133569E-01
  9.298942805004E-01  9.413212085834E-01  9.528883983954E-01  9.645975716021E-01
  9.764504710024E-01  9.884488607874E-01  1.000594526803E+00  1.012889276815E+00
  1.025334940782E+00  1.037933371119E+00  1.050686442986E+00  1.063596054553E+00
  1.076664127294E+00  1.089892606267E+00  1.103283460405E+00  1.116838682808E+00
  1.130560291043E+00  1.144450327440E+00  1.158510859399E+00  1.172743979695E+00
  1.187151806793E+00  1.201736485160E+00  1.216500185587E+00  1.231445105510E+00
  1.246573469338E+00  1.261887528783E+00  1.277389563197E+00  1.293081879910E+00
  1.308966814575E+00  1.325046731511E+00  1.341324024061E+00  1.357801114946E+00
  1.374480456622E+00  1.391364531652E+00  1.408455853068E+00  1.425756964750E+00
  1.443270441805E+00  1.460998890946E+00  1.478944950884E+00  1.497111292719E+00
  1.515500620338E+00  1.534115670816E+00  1.552959214827E+00  1.572034057052E+00
  1.591343036600E+00  1.610889027428E+00  1.630674938770E+00  1.650703715572E+00
  1.670978338925E+00  1.691501826513E+00  1.712277233063E+00  1.733307650795E+00
  1.754596209886E+00  1.776146078936E+00  1.797960465437E+00  1.820042616252E+00
  1.842395818100E+00  1.865023398040E+00  1.887928723974E+00  1.911115205139E+00
  1.934586292622E+00  1.958345479872E+00  1.982396303217E+00  2.006742342392E+00
  2.031387221073E+00  2.056334607416E+00  2.081588214600E+00  2.107151801385E+00
  2.133029172667E+00  2.159224180046E+00  2.185740722399E+00  2.212582746460E+00
  2.239754247409E+00  2.267259269464E+00  2.295101906487E+00  2.323286302587E+00
  2.351816652744E+00  2.380697203427E+00  2.409932253233E+00  2.439526153519E+00
  2.469483309054E+00  2.499808178677E+00  2.530505275955E+00  2.561579169857E+00
  2.593034485438E+00  2.624875904519E+00  2.657108166395E+00  2.689736068528E+00
  2.722764467271E+00  2.756198278587E+00  2.790042478779E+00  2.824302105235E+00
  2.858982257172E+00  2.894088096401E+00  2.929624848091E+00  2.965597801549E+00
  3.002012311005E+00  3.038873796413E+00  3.076187744254E+00  3.113959708351E+00
  3.152195310703E+00  3.190900242314E+00  3.230080264044E+00  3.269741207466E+00
  3.309888975733E+00  3.350529544457E+00  3.391668962600E+00  3.433313353372E+00
  3.475468915143E+00  3.518141922367E+00  3.561338726514E+00  3.605065757016E+00
  3.649329522225E+00  3.694136610381E+00  3.739493690591E+00  3.785407513824E+00
  3.831884913915E+00  3.878932808582E+00  3.926558200456E+00  3.974768178121E+00
  4.023569917174E+00  4.072970681287E+00  4.122977823295E+00  4.173598786282E+00
  4.224841104697E+00  4.276712405470E+00  4.329220409149E+00  4.382372931051E+00
  4.436177882422E+00  4.490643271615E+00  4.545777205284E+00  4.601587889591E+00
  4.658083631422E+00  4.715272839630E+00  4.773164026284E+00  4.831765807936E+00
  4.891086906900E+00  4.951136152558E+00  5.011922482667E+00  5.073454944693E+00
  5.135742697156E+00  5.198795010994E+00  5.262621270942E+00  5.327230976932E+00
  5.392633745501E+00  5.458839311229E+00  5.525857528182E+00  5.593698371383E+00
  5.662371938295E+00  5.731888450323E+00  5.802258254337E+00  5.873491824212E+00
  5.945599762386E+00  6.018592801437E+00  6.092481805684E+00  6.167277772799E+00
  6.242991835451E+00  6.319635262954E+00  6.397219462953E+00  6.475755983116E+00
  6.555256512854E+00  6.635732885065E+00  6.717197077889E+00  6.799661216493E+00
  6.883137574879E+00  6.967638577707E+00  7.053176802145E+00  7.139764979743E+00
  7.227415998325E+00  7.316142903909E+00  7.405958902650E+00  7.496877362803E+00
  7.588911816712E+00  7.682075962831E+00  7.776383667752E+00  7.871848968279E+00
  7.968486073512E+00  8.066309366962E+00  8.165333408694E+00  8.265572937493E+00
  8.367042873056E+00  8.469758318216E+00  8.573734561187E+00  8.678987077842E+00
  8.785531534015E+00  8.893383787832E+00  9.002559892072E+00  9.113076096558E+00
  9.224948850573E+00  9.338194805309E+00  9.452830816348E+00  9.568873946167E+00
  9.686341466679E+00  9.805250861804E+00  9.925619830073E+00  1.004746628726E+01
  1.017080836904E+01  1.029566443372E+01  1.042205306492E+01  1.054999307440E+01
  1.067950350479E+01  1.081060363250E+01  1.094331297053E+01  1.107765127139E+01
  1.121363853007E+01  1.135129498696E+01  1.149064113093E+01  1.163169770231E+01
  1.177448569603E+01  1.191902636472E+01  1.206534122189E+01  1.221345204510E+01
  1.236338087923E+01  1.251515003978E+01  1.266878211612E+01  1.282429997493E+01
  1.298172676355E+01  1.314108591347E+01  1.330240114378E+01  1.346569646470E+01
  1.363099618120E+01  1.379832489655E+01  1.396770751604E+01  1.413916925066E+01
  1.431273562085E+01  1.448843246032E+01  1.466628591985E+01  1.484632247125E+01
  1.502856891124E+01  1.521305236546E+01  1.539980029251E+01  1.558884048805E+01
  1.578020108891E+01  1.597391057728E+01  1.616999778497E+01  1.636849189770E+01
  1.656942245942E+01  1.677281937674E+01  1.697871292334E+01  1.718713374451E+01
  1.739811286171E+01  1.761168167717E+01  1.782787197856E+01  1.804671594376E+01
  1.826824614560E+01  1.849249555674E+01  1.871949755456E+01  1.894928592616E+01
  1.918189487333E+01  1.941735901770E+01  1.965571340587E+01  1.989699351460E+01
  2.014123525616E+01  2.038847498358E+01  2.063874949615E+01  2.089209604484E+01
  2.114855233787E+01  2.140815654632E+01  2.167094730978E+01  2.193696374218E+01
  2.220624543750E+01  2.247883247578E+01  2.275476542898E+01  2.303408536709E+01
  2.331683386424E+01  2.360305300483E+01  2.389278538985E+01  2.418607414321E+01
  2.448296291815E+01  2.478349590372E+01  2.508771783139E+01  2.539567398171E+01
  2.570741019099E+01  2.602297285822E+01  2.634240895188E+01  2.666576601699E+01
  2.699309218216E+01  2.732443616677E+01  2.765984728822E+01  2.799937546926E+01
  2.834307124541E+01  2.869098577252E+01  2.904317083434E+01  2.939967885026E+01
  2.976056288311E+01  3.012587664703E+01  3.049567451549E+01  3.087001152938E+01
  3.124894340519E+01  3.163252654332E+01  3.202081803647E+01  3.241387567811E+01
  3.281175797113E+01  3.321452413652E+01  3.362223412219E+01  3.403494861186E+01
  3.445272903417E+01  3.487563757174E+01  3.530373717048E+01  3.573709154893E+01
  3.617576520776E+01  3.661982343936E+01  3.706933233756E+01  3.752435880748E+01
  3.798497057546E+01  3.845123619919E+01  3.892322507784E+01  3.940100746247E+01
  3.988465446643E+01  4.037423807596E+01  4.086983116092E+01  4.137150748561E+01
  4.187934171976E+01  4.239340944967E+01  4.291378718941E+01  4.344055239224E+01
  4.397378346215E+01  4.451355976550E+01  4.505996164283E+01  4.561307042087E+01
  4.617296842458E+01  4.673973898943E+01  4.731346647383E+01  4.789423627164E+01
  4.848213482490E+01  4.907724963671E+01  4.967966928424E+01  5.028948343191E+01
  5.090678284473E+01  5.153165940184E+01  5.216420611016E+01  5.280451711824E+01
  5.345268773025E+01  5.410881442022E+01  5.477299484635E+01  5.544532786557E+01
  5.612591354823E+01  5.681485319301E+01  5.751224934203E+01  5.821820579605E+01
  5.893282762995E+01  5.965622120838E+01  6.038849420157E+01  6.112975560139E+01
  6.188011573752E+01  6.263968629391E+01  6.340858032540E+01  6.418691227454E+01
  6.497479798861E+01  6.577235473689E+01  6.657970122809E+01  6.739695762805E+01
  6.822424557759E+01  6.906168821063E+01  6.990941017253E+01  7.076753763860E+01
  7.163619833295E+01  7.251552154744E+01  7.340563816095E+01  7.430668065883E+01
  7.521878315269E+01  7.614208140027E+01  7.707671282573E+01  7.802281654002E+01
  7.898053336169E+01
 Pseudopotential follows (l on next line)
 0
 -5.839134731338E-05 -1.174994352666E-04 -1.773330683161E-04 -2.379011593994E-04
 -2.992127312864E-04 -3.612769179475E-04 -4.241029659393E-04 -4.877002358083E-04
 -5.520782035128E-04 -6.172464618631E-04 -6.832147219808E-04 -7.499928147762E-04
 -8.175906924456E-04 -8.860184299879E-04 -9.552862267408E-04 -1.025404407938E-03
 -1.096383426284E-03 -1.168233863554E-03 -1.240966432210E-03 -1.314591977044E-03
 -1.389121476834E-03 -1.464566046032E-03 -1.540936936467E-03 -1.618245539072E-03
 -1.696503385638E-03 -1.775722150588E-03 -1.855913652769E-03 -1.937089857283E-03
 -2.019262877325E-03 -2.102444976059E-03 -2.186648568512E-03 -2.271886223495E-03
 -2.358170665552E-03 -2.445514776932E-03 -2.533931599594E-03 -2.623434337226E-03
 -2.714036357311E-03 -2.805751193201E-03 -2.898592546234E-03 -2.992574287874E-03
 -3.087710461882E-03 -3.184015286512E-03 -3.281503156749E-03 -3.380188646563E-03
 -3.480086511207E-03 -3.581211689540E-03 -3.683579306386E-03 -3.787204674922E-03
 -3.892103299105E-03 -3.998290876129E-03 -4.105783298920E-03 -4.214596658662E-03
 -4.324747247364E-03 -4.436251560460E-03 -4.549126299451E-03 -4.663388374578E-03
 -4.779055035877E-03 -4.896143502530E-03 -5.014671269272E-03 -5.134656103860E-03
 -5.256115995557E-03 -5.379069157830E-03 -5.503534096438E-03 -5.629529511851E-03
 -5.757074256209E-03 -5.886187473609E-03 -6.016888546729E-03 -6.149197099640E-03
 -6.283133000620E-03 -6.418716364976E-03 -6.555967557856E-03 -6.694907213829E-03
 -6.835556748096E-03 -6.977936846085E-03 -7.122068914274E-03 -7.267974624235E-03
 -7.415675915452E-03 -7.565194998087E-03 -7.716555400587E-03 -7.869779030746E-03
 -8.024888941468E-03 -8.181908476481E-03 -8.340861271159E-03 -8.501772858765E-03
 -8.664666098980E-03 -8.829565525890E-03 -8.996495972391E-03 -9.165483877818E-03
 -9.336554581728E-03 -9.509733012236E-03 -9.685045263625E-03 -9.862519354646E-03
 -1.004218213645E-02 -1.022405942057E-02 -1.040817862190E-02 -1.059457047388E-02
 -1.078326153877E-02 -1.097427938524E-02 -1.116765366234E-02 -1.136341702072E-02
 -1.156159533082E-02 -1.176221848087E-02 -1.196532142526E-02 -1.217093233490E-02
 -1.237908082831E-02 -1.258980178160E-02 -1.280312818730E-02 -1.301908854207E-02
 -1.323771797221E-02 -1.345905399569E-02 -1.368312410123E-02 -1.390996418877E-02
 -1.413961566377E-02 -1.437210527280E-02 -1.460747046571E-02 -1.484575544796E-02
 -1.508698669149E-02 -1.533120429592E-02 -1.557845359721E-02 -1.582876152318E-02
 -1.608217233360E-02 -1.633873008067E-02 -1.659846321718E-02 -1.686142218930E-02
 -1.712764640825E-02 -1.739716735183E-02 -1.767004432230E-02 -1.794630754919E-02
 -1.822599492540E-02 -1.850917403585E-02 -1.879586395386E-02 -1.908611886961E-02
 -1.937999358064E-02 -1.967751368408E-02 -1.997874931103E-02 -2.028373437203E-02
 -2.059250818906E-02 -2.090515212801E-02 -2.122167932666E-02 -2.154216005881E-02
 -2.186664641640E-02 -2.219516532388E-02 -2.252781592815E-02 -2.286460705418E-02
 -2.320560951424E-02 -2.355088998474E-02 -2.390046740261E-02 -2.425445416997E-02
 -2.461285691344E-02 -2.497575236218E-02 -2.534321377679E-02 -2.571525486099E-02
 -2.609201082990E-02 -2.647347149519E-02 -2.685973477896E-02 -2.725086608066E-02
 -2.764688669963E-02 -2.804794729046E-02 -2.845401933431E-02 -2.886523897834E-02
 -2.928164013835E-02 -2.970328074000E-02 -3.013028977230E-02 -3.056264319936E-02
 -3.100053281567E-02 -3.144392464819E-02 -3.189295112979E-02 -3.234768216102E-02
 -3.280814451751E-02 -3.327452505492E-02 -3.374676001262E-02 -3.422508165733E-02
 -3.470944485973E-02 -3.520000004698E-02 -3.569682695142E-02 -3.619994882943E-02
 -3.670958579125E-02 -3.722564034441E-02 -3.774842266483E-02 -3.827782084644E-02
 -3.881406151025E-02 -3.935717845047E-02 -3.990724982880E-02 -4.046447317118E-02
 -4.102875963755E-02 -4.160049005645E-02 -4.217945584521E-02 -4.276604020672E-02
 -4.336012907465E-02 -4.396196184031E-02 -4.457160880228E-02 -4.518912140594E-02
 -4.581477646679E-02 -4.644841474410E-02 -4.709054352388E-02 -4.774084256324E-02
 -4.839985268362E-02 -4.906733939683E-02 -4.974367919956E-02 -5.042886023294E-02
 -5.112303221056E-02 -5.182643216824E-02 -5.253895613594E-02 -5.326111832159E-02
 -5.399253212458E-02 -5.473401930966E-02 -5.548501529802E-02 -5.624627477632E-02
 -5.701745555174E-02 -5.779906497538E-02 -5.859104420223E-02 -5.939361240593E-02
 -6.020702604138E-02 -6.103118349880E-02 -6.186669067035E-02 -6.271309035241E-02
 -6.357137425655E-02 -6.444075768626E-02 -6.532246133511E-02 -6.621566072444E-02
 -6.712138665122E-02 -6.803914768497E-02 -6.896963703844E-02 -6.991273268207E-02
 -7.086875332752E-02 -7.183798478823E-02 -7.282033227881E-02 -7.381652996979E-02
 -7.482602853031E-02 -7.585005303271E-02 -7.688755655207E-02 -7.794029956851E-02
 -7.900684590971E-02 -8.008907788856E-02 -8.118569146122E-02 -8.229826093358E-02
 -8.342591323100E-02 -8.456978814311E-02 -8.572948493690E-02 -8.690566726809E-02
 -8.809844943507E-02 -8.930797610755E-02 -9.053492039871E-02 -9.177886414810E-02
 -9.304108388676E-02 -9.432055408308E-02 -9.561919977834E-02 -9.693534318553E-02
 -9.827160304560E-02 -9.962567596159E-02 -1.010007048360E-01 -1.023941803305E-01
 -1.038089933317E-01 -1.052431543452E-01 -1.066990343531E-01 -1.081752025601E-01
 -1.096734716682E-01 -1.111930073646E-01 -1.127350269707E-01 -1.142993287612E-01
 -1.158864994849E-01 -1.174970037465E-01 -1.191307651557E-01 -1.207889452552E-01
 -1.224707753784E-01 -1.241781406204E-01 -1.259095552237E-01 -1.276676495051E-01
 -1.294502011112E-01 -1.312606012597E-01 -1.330958778862E-01 -1.349601916582E-01
 -1.368498798379E-01 -1.387696789705E-01 -1.407157092290E-01 -1.426923793266E-01
 -1.446964333024E-01 -1.467316613330E-01 -1.487954428431E-01 -1.508909399059E-01
 -1.530161712699E-01 -1.551736692891E-01 -1.573620872219E-01 -1.595833352332E-01
 -1.618366862981E-01 -1.641234463190E-01 -1.664434819394E-01 -1.687975244166E-01
 -1.711859954508E-01 -1.736090942845E-01 -1.760677451733E-01 -1.785616723235E-01
 -1.810922348297E-01 -1.836587545153E-01 -1.862629410793E-01 -1.889038035890E-01
 -1.915833003383E-01 -1.943002354783E-01 -1.970566949340E-01 -1.998514051483E-01
 -2.026864386836E-01 -2.055605918898E-01 -2.084757620071E-01 -2.114309842011E-01
 -2.144277967025E-01 -2.174656712602E-01 -2.205455605346E-01 -2.236675699961E-01
 -2.268319418077E-01 -2.300394554901E-01 -2.332896841133E-01 -2.365839892508E-01
 -2.399213714648E-01 -2.433036659189E-01 -2.467294140464E-01 -2.502007994729E-01
 -2.537160348226E-01 -2.572775104282E-01 -2.608832572669E-01 -2.645357142959E-01
 -2.682328944788E-01 -2.719771115736E-01 -2.757665399656E-01 -2.796031795443E-01
 -2.834855603682E-01 -2.874151661625E-01 -2.913910904077E-01 -2.954140862988E-01
 -2.994840303216E-01 -3.036007206050E-01 -3.077650460467E-01 -3.119756172460E-01
 -3.162345723849E-01 -3.205390967198E-01 -3.248928193628E-01 -3.292912599616E-01
 -3.337397819648E-01 -3.382319998873E-01 -3.427752533792E-01 -3.473610164945E-01
 -3.519988418512E-01 -3.566778355870E-01 -3.614099911867E-01 -3.661818311350E-01
 -3.710080048913E-01 -3.758722512232E-01 -3.807920738652E-01 -3.857482474726E-01
 -3.907613075094E-01 -3.958089077526E-01 -4.009147680233E-01 -4.060532919254E-01
 -4.112515076007E-01 -4.164804702915E-01 -4.217706081545E-01 -4.270895643257E-01
 -4.324712231249E-01 -4.378797892218E-01 -4.433526208478E-01 -4.488504976862E-01
 -4.544142288939E-01 -4.600012243586E-01 -4.656549496553E-01 -4.713317301713E-01
 -4.770750066420E-01 -4.828420459109E-01 -4.886749530430E-01 -4.945325142046E-01
 -5.004553074673E-01 -5.064038291265E-01 -5.124169591915E-01 -5.184570726124E-01
 -5.245612025844E-01 -5.306937468796E-01 -5.368897671317E-01 -5.431158020782E-01
 -5.494048423144E-01 -5.557256584541E-01 -5.621090966556E-01 -5.685262223790E-01
 -5.750056903421E-01 -5.815208956989E-01 -5.880982809336E-01 -5.947135779781E-01
 -6.013910218061E-01 -6.081086613542E-01 -6.148885531303E-01 -6.217110178833E-01
 -6.285959853532E-01 -6.355259794330E-01 -6.425188753385E-01 -6.495593103698E-01
 -6.566631955159E-01 -6.638171734898E-01 -6.710352965922E-01 -6.783060898445E-01
 -6.856418645824E-01 -6.930328933194E-01 -7.004898731227E-01 -7.080046810255E-01
 -7.155865322249E-01 -7.232287607594E-01 -7.309392348252E-01 -7.387125969730E-01
 -7.465555026568E-01 -7.544637568714E-01 -7.624429331490E-01 -7.704898584196E-01
 -7.786091492111E-01 -7.867985221939E-01 -7.950617539071E-01 -8.033973291548E-01
 -8.118082921683E-01 -8.202937865565E-01 -8.288562218204E-01 -8.374953043365E-01
 -8.462128963319E-01 -8.550091844582E-01 -8.638855618203E-01 -8.728426258073E-01
 -8.818813709770E-01 -8.910027473705E-01 -9.002074167052E-01 -9.094966325580E-01
 -9.188707883936E-01 -9.283313976582E-01 -9.378786538770E-01 -9.475142875407E-01
 -9.572383702570E-01 -9.670528018369E-01 -9.769576268594E-01 -9.869548549238E-01
 -9.970446236856E-01 -1.007228973096E+00 -1.017508288756E+00 -1.027884532332E+00
 -1.038358537731E+00 -1.048932040010E+00 -1.059606579105E+00 -1.070383463814E+00
 -1.081265268118E+00 -1.092252610840E+00 -1.103349512217E+00 -1.114555559585E+00
 -1.125876730558E+00 -1.137311147066E+00 -1.148867369463E+00 -1.160541512682E+00
 -1.172345475149E+00 -1.184272699769E+00 -1.196339324181E+00 -1.208535314885E+00
 -1.220882111257E+00 -1.233365243891E+00 -1.246012692796E+00 -1.258804422787E+00
 -1.271776383695E+00 -1.284901660010E+00 -1.298225803279E+00 -1.311713505573E+00
 -1.325421765082E+00 -1.339305160911E+00 -1.353434203540E+00 -1.367751421687E+00
 -1.382343128869E+00 -1.397137643899E+00 -1.412239599427E+00 -1.427560721408E+00
 -1.443226698308E+00 -1.459130060297E+00 -1.475420497984E+00 -1.491968532113E+00
 -1.508950992948E+00 -1.526213383823E+00 -1.543962975652E+00 -1.562017077086E+00
 -1.580616825244E+00 -1.599548023126E+00 -1.619089171726E+00 -1.638991172113E+00
 -1.659573390461E+00 -1.680548407894E+00 -1.702279873824E+00 -1.724438690905E+00
 -1.747436019380E+00 -1.770897885370E+00 -1.795285868782E+00 -1.820178203444E+00
 -1.846089330981E+00 -1.872547201487E+00 -1.900120930376E+00 -1.928286275455E+00
 -1.957668038703E+00 -1.987688627329E+00 -2.019028582584E+00 -2.051056715979E+00
 -2.084508269439E+00 -2.118699266079E+00 -2.154417443784E+00 -2.190927986933E+00
 -2.229067770693E+00 -2.268054243598E+00 -2.308769034368E+00 -2.350386013396E+00
 -2.393826421372E+00 -2.438225531488E+00 -2.484538706363E+00 -2.531868053025E+00
 -2.581197744761E+00 -2.631602106421E+00 -2.684089573748E+00 -2.737711457531E+00
 -2.793497212263E+00 -2.850478737663E+00 -2.909704934551E+00 -2.970190324816E+00
 -3.033003401495E+00 -3.097141654797E+00 -3.163694631711E+00 -3.231641753138E+00
 -3.302095464218E+00 -3.374015510773E+00 -3.448537992702E+00 -3.524602155854E+00
 -3.603365499480E+00 -3.683748542687E+00 -3.766922699108E+00 -3.851796271440E+00
 -3.939539573493E+00 -4.029062197422E+00 -4.121508651593E+00 -4.215812478237E+00
 -4.313056147126E+00 -4.412230831222E+00 -4.514307822508E+00 -4.618382054891E+00
 -4.725250745640E+00 -4.834172083256E+00 -4.945692252589E+00 -5.059305922749E+00
 -5.175217475955E+00 -5.293244839322E+00 -5.413146824691E+00 -5.535164203013E+00
 -5.658494887162E+00 -5.783913534143E+00 -5.909932437273E+00 -6.037980577328E+00
 -6.165753585232E+00 -6.295461671686E+00 -6.423850628131E+00 -6.554041269702E+00
 -6.681699788700E+00 -6.810984137050E+00 -6.936361725713E+00 -7.063144472583E+00
 -7.184501379298E+00 -7.306996835966E+00 -7.422432286307E+00 -7.538694260885E+00
 -7.646190860064E+00 -7.754159153632E+00 -7.851646157382E+00 -7.949212405168E+00
 -8.034650217159E+00 -8.119745430494E+00 -8.191232978713E+00 -8.261938399429E+00
 -8.317843845237E+00 -8.372525470558E+00 -8.411638825947E+00 -8.449104005531E+00
 -8.470807414016E+00 -8.490478989881E+00 -8.494926301118E+00 -8.497025479896E+00
 -8.485316814027E+00 -8.471039809006E+00 -8.445368345883E+00 -8.417033059929E+00
 -8.380769229730E+00 -8.341895757983E+00 -8.299556708445E+00 -8.254827512912E+00
 -8.211854678557E+00 -8.166874324640E+00 -8.129105487530E+00 -8.089842072156E+00
 -8.062511634608E+00 -8.034247487017E+00 -8.020274053634E+00 -8.005816106767E+00
 -8.003034123791E+00 -7.999828695178E+00 -8.000202261874E+00 -7.999683326083E+00
 -8.000251576281E+00 -7.999767913115E+00 -8.000331346846E+00 -7.999836733596E+00
 -8.000394241876E+00 -7.999890451338E+00 -8.000443427407E+00 -7.999931941047E+00
 -8.000481552975E+00 -7.999963624965E+00 -8.000510840691E+00 -7.999987521010E+00
 -8.000533132418E+00 -8.000005291393E+00 -8.000549938194E+00 -8.000018290783E+00
 -8.000562483145E+00 -8.000027611887E+00 -8.000571751174E+00 -8.000034127202E+00
 -8.000578524521E+00 -8.000038526339E+00 -8.000583418805E+00 -8.000041348745E+00
 -8.000586913502E+00 -8.000043011916E+00 -8.000589378059E+00 -8.000043835380E+00
 -8.000591093955E+00 -8.000044060819E+00 -8.000592273109E+00 -8.000043868748E+00
 -8.000593073059E+00 -8.000043392171E+00 -8.000593609324E+00 -8.000042727649E+00
 -8.000593965370E+00 -8.000041944143E+00 -8.000594200535E+00 -8.000041090015E+00
 -8.000594356259E+00 -8.000040198485E+00 -8.000594460917E+00 -8.000039291830E+00
 -8.000594533518E+00 -8.000038384576E+00 -8.000594586481E+00 -8.000037485860E+00
 -8.000000000000E+00 -8.000000000000E+00 -8.000000000000E+00 -8.000000000000E+00
 -8.000000000000E+00 -8.000000000000E+00 -8.000000000000E+00 -8.000000000000E+00
 -8.000000000000E+00 -8.000000000000E+00 -8.000000000000E+00 -8.000000000000E+00
 -8.000000000000E+00 -8.000000000000E+00 -8.000000000000E+00 -8.000000000000E+00
 -8.000000000000E+00 -8.000000000000E+00 -8.000000000000E+00 -8.000000000000E+00
 -8.000000000000E+00 -8.000000000000E+00 -8.000000000000E+00 -8.000000000000E+00
 -8.000000000000E+00 -8.000000000000E+00 -8.000000000000E+00 -8.000000000000E+00
 -8.000000000000E+00 -8.000000000000E+00 -8.000000000000E+00 -8.000000000000E+00
 -8.000000000000E+00 -8.000000000000E+00 -8.000000000000E+00 -8.000000000000E+00
 -8.000000000000E+00 -8.000000000000E+00 -8.000000000000E+00 -8.000000000000E+00
 -8.000000000000E+00 -8.000000000000E+00 -8.000000000000E+00 -8.000000000000E+00
 -8.000000000000E+00 -8.000000000000E+00 -8.000000000000E+00 -8.000000000000E+00
 -8.000000000000E+00 -8.000000000000E+00 -8.000000000000E+00 -8.000000000000E+00
 -8.000000000000E+00 -8.000000000000E+00 -8.000000000000E+00 -8.000000000000E+00
 -8.000000000000E+00 -8.000000000000E+00 -8.000000000000E+00 -8.000000000000E+00
 -8.000000000000E+00 -8.000000000000E+00 -8.000000000000E+00 -8.000000000000E+00
 -8.000000000000E+00 -8.000000000000E+00 -8.000000000000E+00 -8.000000000000E+00
 -8.000000000000E+00 -8.000000000000E+00 -8.000000000000E+00 -8.000000000000E+00
 -8.000000000000E+00 -8.000000000000E+00 -8.000000000000E+00 -8.000000000000E+00
 -8.000000000000E+00 -8.000000000000E+00 -8.000000000000E+00 -8.000000000000E+00
 -8.000000000000E+00 -8.000000000000E+00 -8.000000000000E+00 -8.000000000000E+00
 -8.000000000000E+00 -8.000000000000E+00 -8.000000000000E+00 -8.000000000000E+00
 -8.000000000000E+00 -8.000000000000E+00 -8.000000000000E+00 -8.000000000000E+00
 -8.000000000000E+00 -8.000000000000E+00 -8.000000000000E+00 -8.000000000000E+00
 -8.000000000000E+00 -8.000000000000E+00 -8.000000000000E+00 -8.000000000000E+00
 -8.000000000000E+00 -8.000000000000E+00 -8.000000000000E+00 -8.000000000000E+00
 -8.000000000000E+00 -8.000000000000E+00 -8.000000000000E+00 -8.000000000000E+00
 -8.000000000000E+00 -8.000000000000E+00 -8.000000000000E+00 -8.000000000000E+00
 -8.000000000000E+00 -8.000000000000E+00 -8.000000000000E+00 -8.000000000000E+00
 -8.000000000000E+00 -8.000000000000E+00 -8.000000000000E+00 -8.000000000000E+00
 -8.000000000000E+00 -8.000000000000E+00 -8.000000000000E+00 -8.000000000000E+00
 -8.000000000000E+00 -8.000000000000E+00 -8.000000000000E+00 -8.000000000000E+00
 -8.000000000000E+00 -8.000000000000E+00 -8.000000000000E+00 -8.000000000000E+00
 -8.000000000000E+00 -8.000000000000E+00 -8.000000000000E+00 -8.000000000000E+00
 -8.000000000000E+00 -8.000000000000E+00 -8.000000000000E+00 -8.000000000000E+00
 -8.000000000000E+00 -8.000000000000E+00 -8.000000000000E+00 -8.000000000000E+00
 -8.000000000000E+00 -8.000000000000E+00 -8.000000000000E+00 -8.000000000000E+00
 -8.000000000000E+00 -8.000000000000E+00 -8.000000000000E+00 -8.000000000000E+00
 -8.000000000000E+00 -8.000000000000E+00 -8.000000000000E+00 -8.000000000000E+00
 -8.000000000000E+00 -8.000000000000E+00 -8.000000000000E+00 -8.000000000000E+00
 -8.000000000000E+00 -8.000000000000E+00 -8.000000000000E+00 -8.000000000000E+00
 -8.000000000000E+00 -8.000000000000E+00 -8.000000000000E+00 -8.000000000000E+00
 -8.000000000000E+00 -8.000000000000E+00 -8.000000000000E+00 -8.000000000000E+00
 -8.000000000000E+00 -8.000000000000E+00 -8.000000000000E+00 -8.000000000000E+00
 -8.000000000000E+00 -8.000000000000E+00 -8.000000000000E+00 -8.000000000000E+00
 -8.000000000000E+00 -8.000000000000E+00 -8.000000000000E+00 -8.000000000000E+00
 -8.000000000000E+00 -8.000000000000E+00 -8.000000000000E+00 -8.000000000000E+00
 -8.000000000000E+00 -8.000000000000E+00 -8.000000000000E+00 -8.000000000000E+00
 -8.000000000000E+00 -8.000000000000E+00 -8.000000000000E+00 -8.000000000000E+00
 -8.000000000000E+00 -8.000000000000E+00 -8.000000000000E+00 -8.000000000000E+00
 -8.000000000000E+00 -8.000000000000E+00 -8.000000000000E+00 -8.000000000000E+00
 -8.000000000000E+00 -8.000000000000E+00 -8.000000000000E+00 -8.000000000000E+00
 -8.000000000000E+00 -8.000000000000E+00 -8.000000000000E+00 -8.000000000000E+00
 -8.000000000000E+00 -8.000000000000E+00 -8.000000000000E+00 -8.000000000000E+00
 -8.000000000000E+00 -8.000000000000E+00 -8.000000000000E+00 -8.000000000000E+00
 -8.000000000000E+00 -8.000000000000E+00 -8.000000000000E+00 -8.000000000000E+00
 -8.000000000000E+00 -8.000000000000E+00 -8.000000000000E+00 -8.000000000000E+00
 -8.000000000000E+00 -8.000000000000E+00 -8.000000000000E+00 -8.000000000000E+00
 -8.000000000000E+00 -8.000000000000E+00 -8.000000000000E+00 -8.000000000000E+00
 -8.000000000000E+00 -8.000000000000E+00 -8.000000000000E+00 -8.000000000000E+00
 -8.000000000000E+00 -8.000000000000E+00 -8.000000000000E+00 -8.000000000000E+00
 -8.000000000000E+00 -8.000000000000E+00 -8.000000000000E+00 -8.000000000000E+00
 -8.000000000000E+00 -8.000000000000E+00 -8.000000000000E+00 -8.000000000000E+00
 -8.000000000000E+00 -8.000000000000E+00 -8.000000000000E+00 -8.000000000000E+00
 -8.000000000000E+00 -8.000000000000E+00 -8.000000000000E+00 -8.000000000000E+00
 -8.000000000000E+00 -8.000000000000E+00 -8.000000000000E+00 -8.000000000000E+00
 -8.000000000000E+00 -8.000000000000E+00 -8.000000000000E+00 -8.000000000000E+00
 -8.000000000000E+00 -8.000000000000E+00 -8.000000000000E+00 -8.000000000000E+00
 -8.000000000000E+00 -8.000000000000E+00 -8.000000000000E+00 -8.000000000000E+00
 -8.000000000000E+00
 Pseudopotential follows (l on next line)
 1
 -2.385464360659E-04 -4.800209563655E-04 -7.244595088596E-04 -9.718984831681E-04
 -1.222374716010E-03 -1.475925496712E-03 -1.732588572784E-03 -1.992402155567E-03
 -2.255404925946E-03 -2.521636040139E-03 -2.791135135556E-03 -3.063942336734E-03
 -3.340098261335E-03 -3.619644026236E-03 -3.902621253680E-03 -4.189072077511E-03
 -4.479039149486E-03 -4.772565645664E-03 -5.069695272874E-03 -5.370472275270E-03
 -5.674941440960E-03 -5.983148108722E-03 -6.295138174804E-03 -6.610958099807E-03
 -6.930654915660E-03 -7.254276232670E-03 -7.581870246679E-03 -7.913485746290E-03
 -8.249172120201E-03 -8.588979364620E-03 -8.932958090782E-03 -9.281159532549E-03
 -9.633635554117E-03 -9.990438657815E-03 -1.035162199200E-02 -1.071723935906E-02
 -1.108734522350E-02 -1.146199472017E-02 -1.184124366252E-02 -1.222514855105E-02
 -1.261376658183E-02 -1.300715565508E-02 -1.340537438395E-02 -1.380848210332E-02
 -1.421653887881E-02 -1.462960551577E-02 -1.504774356855E-02 -1.547101534975E-02
 -1.589948393964E-02 -1.633321319571E-02 -1.677226776236E-02 -1.721671308062E-02
 -1.766661539813E-02 -1.812204177913E-02 -1.858306011463E-02 -1.904973913273E-02
 -1.952214853737E-02 -2.000035864548E-02 -2.048444070133E-02 -2.097446688192E-02
 -2.147051025366E-02 -2.197264478318E-02 -2.248094541378E-02 -2.299548797622E-02
 -2.351634915416E-02 -2.404360663311E-02 -2.457733905572E-02 -2.511762603343E-02
 -2.566454815823E-02 -2.621818701447E-02 -2.677862519089E-02 -2.734594630940E-02
 -2.792023554570E-02 -2.850157812834E-02 -2.909006079919E-02 -2.968577136716E-02
 -3.028879872092E-02 -3.089923284155E-02 -3.151716586032E-02 -3.214268912991E-02
 -3.277589600051E-02 -3.341688097603E-02 -3.406573972548E-02 -3.472257069995E-02
 -3.538747057201E-02 -3.606053859462E-02 -3.674187523675E-02 -3.743158350218E-02
 -3.812976623472E-02 -3.883652681809E-02 -3.955197076519E-02 -4.027620648823E-02
 -4.100934221859E-02 -4.175148614699E-02 -4.250274907868E-02 -4.326324616101E-02
 -4.403308940635E-02 -4.481239288232E-02 -4.560127379868E-02 -4.639985344154E-02
 -4.720824740482E-02 -4.802657640153E-02 -4.885496732565E-02 -4.969354141627E-02
 -5.054242250245E-02 -5.140174082720E-02 -5.227162592060E-02 -5.315220400180E-02
 -5.404360911912E-02 -5.494597892675E-02 -5.585944227881E-02 -5.678413768484E-02
 -5.772021041938E-02 -5.866779237311E-02 -5.962702743051E-02 -6.059806753816E-02
 -6.158104823163E-02 -6.257612001287E-02 -6.358343997526E-02 -6.460314817594E-02
 -6.563540339255E-02 -6.668036560080E-02 -6.773818060002E-02 -6.880901762318E-02
 -6.989303632646E-02 -7.099038990861E-02 -7.210126088673E-02 -7.322580421786E-02
 -7.436418405333E-02 -7.551659578603E-02 -7.668318786644E-02 -7.786414544969E-02
 -7.905965590584E-02 -8.026987903202E-02 -8.149502080626E-02 -8.273525265381E-02
 -8.399075309926E-02 -8.526174441939E-02 -8.654838239316E-02 -8.785088168589E-02
 -8.916944055352E-02 -9.050423387898E-02 -9.185551058292E-02 -9.322343110357E-02
 -9.460821972670E-02 -9.601009848614E-02 -9.742924358379E-02 -9.886592661594E-02
 -1.003203153588E-01 -1.017926496683E-01 -1.032831679340E-01 -1.047920510167E-01
 -1.063196033383E-01 -1.078659859965E-01 -1.094314703003E-01 -1.110162971648E-01
 -1.126206655601E-01 -1.142449059902E-01 -1.158891719965E-01 -1.175537840181E-01
 -1.192389625268E-01 -1.209449542936E-01 -1.226720794697E-01 -1.244205075308E-01
 -1.261906261537E-01 -1.279825996572E-01 -1.297967611961E-01 -1.316333838581E-01
 -1.334927001012E-01 -1.353751049841E-01 -1.372807455112E-01 -1.392100672937E-01
 -1.411632411727E-01 -1.431406361917E-01 -1.451425533847E-01 -1.471692400277E-01
 -1.492211429946E-01 -1.512983943498E-01 -1.534015366309E-01 -1.555306931593E-01
 -1.576863286597E-01 -1.598687179592E-01 -1.620781832097E-01 -1.643151689173E-01
 -1.665798362652E-01 -1.688728191554E-01 -1.711941652089E-01 -1.735445169527E-01
 -1.759240228486E-01 -1.783331880237E-01 -1.807723517808E-01 -1.832418378736E-01
 -1.857421987563E-01 -1.882735542330E-01 -1.908366940249E-01 -1.934315838350E-01
 -1.960590538938E-01 -1.987191627176E-01 -2.014125833699E-01 -2.041396042206E-01
 -2.069006788889E-01 -2.096963520395E-01 -2.125268311312E-01 -2.153929455802E-01
 -2.182946279272E-01 -2.212330229083E-01 -2.242078929823E-01 -2.272203237890E-01
 -2.302703082349E-01 -2.333586928175E-01 -2.364857620456E-01 -2.396520826403E-01
 -2.428582628634E-01 -2.461045572665E-01 -2.493919322046E-01 -2.527202954685E-01
 -2.560910080956E-01 -2.595036594349E-01 -2.629598486011E-01 -2.664591344070E-01
 -2.700029354363E-01 -2.735911529813E-01 -2.772248776583E-01 -2.809043898159E-01
 -2.846304154326E-01 -2.884036525842E-01 -2.922244238694E-01 -2.960938858378E-01
 -3.000119169222E-01 -3.039801749267E-01 -3.079980513404E-01 -3.120677499680E-01
 -3.161882839533E-01 -3.203619898531E-01 -3.245880240232E-01 -3.288684262811E-01
 -3.332027952485E-01 -3.375927478041E-01 -3.420383664688E-01 -3.465408038694E-01
 -3.511006693803E-01 -3.557186088402E-01 -3.603958025274E-01 -3.651323459757E-01
 -3.699300352401E-01 -3.747883713479E-01 -3.797098114949E-01 -3.846932176713E-01
 -3.897417536750E-01 -3.948536694480E-01 -4.000326661989E-01 -4.052768017035E-01
 -4.105895389905E-01 -4.159694695374E-01 -4.214195507552E-01 -4.269389469816E-01
 -4.325300720282E-01 -4.381927011800E-01 -4.439286679587E-01 -4.497383950049E-01
 -4.556231007879E-01 -4.615838893473E-01 -4.676213319834E-01 -4.737372450400E-01
 -4.799315239835E-01 -4.862067243688E-01 -4.925620415110E-01 -4.990007921302E-01
 -5.055214524097E-01 -5.121281161890E-01 -5.188185279602E-01 -5.255975674931E-01
 -5.324623071508E-01 -5.394182195024E-01 -5.464621784741E-01 -5.535993469901E-01
 -5.608272411011E-01 -5.681504241788E-01 -5.755670662595E-01 -5.830811221766E-01
 -5.906914202197E-01 -5.984013056839E-01 -6.062102606125E-01 -6.141210289488E-01
 -6.221337319895E-01 -6.302505309540E-01 -6.384721606134E-01 -6.468002298317E-01
 -6.552360484813E-01 -6.637807165095E-01 -6.724360665898E-01 -6.812027476042E-01
 -6.900830474673E-01 -6.990772375957E-01 -7.081879770128E-01 -7.174152503248E-01
 -7.267619856948E-01 -7.362279898800E-01 -7.458163391840E-01 -7.555267909516E-01
 -7.653624285094E-01 -7.753231087538E-01 -7.854117598481E-01 -7.956285086350E-01
 -8.059759440793E-01 -8.164546618037E-01 -8.270666862530E-01 -8.378132775654E-01
 -8.486957751453E-01 -8.597161410401E-01 -8.708750730900E-01 -8.821751435302E-01
 -8.936165063001E-01 -9.052022355553E-01 -9.169320559041E-01 -9.288094183943E-01
 -9.408337499445E-01 -9.530087367230E-01 -9.653336565936E-01 -9.778122726080E-01
 -9.904438788555E-01 -1.003232141129E+00 -1.016176551027E+00 -1.029280487903E+00
 -1.042543837196E+00 -1.055969488783E+00 -1.069557932042E+00 -1.083311352001E+00
 -1.097231064217E+00 -1.111318323014E+00 -1.125575502544E+00 -1.140002692282E+00
 -1.154603565269E+00 -1.169376806206E+00 -1.184327632567E+00 -1.199453081407E+00
 -1.214760162472E+00 -1.230244022476E+00 -1.245913710361E+00 -1.261762243333E+00
 -1.277800952069E+00 -1.294020492211E+00 -1.310434710664E+00 -1.327031680281E+00
 -1.343827986845E+00 -1.360808913849E+00 -1.377993992874E+00 -1.395365529979E+00
 -1.412946189856E+00 -1.430715135337E+00 -1.448698328133E+00 -1.466871647975E+00
 -1.485264490461E+00 -1.503849341675E+00 -1.522659137563E+00 -1.541662892418E+00
 -1.560897155574E+00 -1.580327426437E+00 -1.599993904805E+00 -1.619858569261E+00
 -1.639965269184E+00 -1.660272495050E+00 -1.680826956645E+00 -1.701585975484E+00
 -1.722596393642E+00 -1.743816427383E+00 -1.765291717484E+00 -1.786981958210E+00
 -1.808931402086E+00 -1.831101408532E+00 -1.853534674824E+00 -1.876194390556E+00
 -1.899121552645E+00 -1.922281321770E+00 -1.945712872829E+00 -1.969383452821E+00
 -1.993330317517E+00 -2.017522888725E+00 -2.041996431143E+00 -2.066722602594E+00
 -2.091734630010E+00 -2.117006441147E+00 -2.142569203287E+00 -2.168399121341E+00
 -2.194525304862E+00 -2.220926217603E+00 -2.247628935562E+00 -2.274614139246E+00
 -2.301906915432E+00 -2.329490097823E+00 -2.357386845877E+00 -2.385582064296E+00
 -2.414097061642E+00 -2.442918716086E+00 -2.472066572768E+00 -2.501529374190E+00
 -2.531324996801E+00 -2.561443930742E+00 -2.591902481683E+00 -2.622692767498E+00
 -2.653829619902E+00 -2.685306665878E+00 -2.717137354572E+00 -2.749316709315E+00
 -2.781856878244E+00 -2.814754178726E+00 -2.848019525313E+00 -2.881650442023E+00
 -2.915656658958E+00 -2.950036838624E+00 -2.984799553587E+00 -3.019944559943E+00
 -3.055479273785E+00 -3.091404526872E+00 -3.127726550768E+00 -3.164447265245E+00
 -3.201571657325E+00 -3.239102780279E+00 -3.277044282215E+00 -3.315400430904E+00
 -3.354173404919E+00 -3.393368804905E+00 -3.432987171634E+00 -3.473035595692E+00
 -3.513512773268E+00 -3.554427481433E+00 -3.595776326143E+00 -3.637570007208E+00
 -3.679802755973E+00 -3.722487470682E+00 -3.765615685550E+00 -3.809202811619E+00
 -3.853237326330E+00 -3.897737505354E+00 -3.942688373915E+00 -3.988111460024E+00
 -4.033987907030E+00 -4.080342917010E+00 -4.127153289222E+00 -4.174448353535E+00
 -4.222200071958E+00 -4.270442385832E+00 -4.319141897164E+00 -4.368337670543E+00
 -4.417990396463E+00 -4.468144801185E+00 -4.518755083473E+00 -4.569872195551E+00
 -4.621443234464E+00 -4.673525968788E+00 -4.726059751504E+00 -4.779109785637E+00
 -4.832607000918E+00 -4.886624684008E+00 -4.941084618504E+00 -4.996068860586E+00
 -5.051489271453E+00 -5.107437407689E+00 -5.163814365414E+00 -5.220721989036E+00
 -5.278049683596E+00 -5.335910440511E+00 -5.394180943164E+00 -5.452986280406E+00
 -5.512189252588E+00 -5.571928111932E+00 -5.632050451843E+00 -5.692708898983E+00
 -5.753734315460E+00 -5.815295094139E+00 -5.877203596256E+00 -5.939645595535E+00
 -6.002412885017E+00 -6.065710506454E+00 -6.129307258379E+00 -6.193429668190E+00
 -6.257820683577E+00 -6.322730932944E+00 -6.387874144761E+00 -6.453528139330E+00
 -6.519373451463E+00 -6.585718749132E+00 -6.652206686268E+00 -6.719181100894E+00
 -6.786241246905E+00 -6.853771235489E+00 -6.921320439640E+00 -6.989319252787E+00
 -7.057259588506E+00 -7.125625170159E+00 -7.193841641803E+00 -7.262454276056E+00
 -7.330812287202E+00 -7.399532009530E+00 -7.467874633614E+00 -7.536538452855E+00
 -7.604683584762E+00 -7.673102601817E+00 -7.740840117187E+00 -7.808796676184E+00
 -7.875885781191E+00 -7.943130845861E+00 -8.009297858257E+00 -8.075548864102E+00
 -8.140485716664E+00 -8.205425197852E+00 -8.268788984731E+00 -8.332064299763E+00
 -8.393478179629E+00 -8.454702646686E+00 -8.513758360787E+00 -8.572514049716E+00
 -8.628776201886E+00 -8.684618510217E+00 -8.737630595486E+00 -8.790094568914E+00
 -8.839386549501E+00 -8.887994716928E+00 -8.933091765121E+00 -8.977363082642E+00
 -9.017794983151E+00 -9.057254364360E+00 -9.092565032897E+00 -9.126752921840E+00
 -9.156509572196E+00 -9.184991107071E+00 -9.208792777607E+00 -9.231166285440E+00
 -9.248651680247E+00 -9.264556494108E+00 -9.275411347029E+00 -9.284535188862E+00
 -9.288499560129E+00 -9.290585924751E+00 -9.287461944883E+00 -9.282318011411E+00
 -9.271978575731E+00 -9.259484146175E+00 -9.241882944080E+00 -9.222000776391E+00
 -9.197183840582E+00 -9.169971535606E+00 -9.138090254425E+00 -9.103713609748E+00
 -9.065038893703E+00 -9.023786384491E+00 -8.978723437847E+00 -8.931021245678E+00
 -8.880124173719E+00 -8.826550965409E+00 -8.770536243237E+00 -8.711836697029E+00
 -8.651594323857E+00 -8.588690196490E+00 -8.525291144047E+00 -8.459288452820E+00
 -8.393986773503E+00 -8.326177418385E+00 -8.260405100877E+00 -8.192260966787E+00
 -8.127613319420E+00 -8.060770584579E+00 -7.998979612232E+00 -7.935210669470E+00
 -7.878103632530E+00 -7.819273753107E+00 -7.768713926318E+00 -7.716719632438E+00
 -7.674526318350E+00 -7.631212485545E+00 -7.599057728205E+00 -7.566110864204E+00
 -7.545391276482E+00 -7.524207450352E+00 -7.515891464867E+00 -7.507419356046E+00
 -7.511873591746E+00 -7.516436672500E+00 -7.533240823947E+00 -7.550348660689E+00
 -7.578117575570E+00 -7.606285886267E+00 -7.642531907399E+00 -7.679146000335E+00
 -7.720236202191E+00 -7.761514786523E+00 -7.802808765017E+00 -7.843957249399E+00
 -7.880254328308E+00 -7.915941371086E+00 -7.942424825615E+00 -7.967776516993E+00
 -7.981721556414E+00 -7.994109245832E+00 -7.997635858978E+00 -7.999543294723E+00
 -8.000251576282E+00 -7.999767913115E+00 -8.000331346846E+00 -7.999836733596E+00
 -8.000394241876E+00 -7.999890451338E+00 -8.000443427407E+00 -7.999931941047E+00
 -8.000481552975E+00 -7.999963624965E+00 -8.000510840691E+00 -7.999987521010E+00
 -8.000533132418E+00 -8.000005291393E+00 -8.000549938194E+00 -8.000018290783E+00
 -8.000562483145E+00 -8.000027611887E+00 -8.000571751174E+00 -8.000034127202E+00
 -8.000578524521E+00 -8.000038526339E+00 -8.000583418805E+00 -8.000041348745E+00
 -8.000586913502E+00 -8.000043011916E+00 -8.000589378059E+00 -8.000043835380E+00
 -8.000591093955E+00 -8.000044060819E+00 -8.000592273109E+00 -8.000043868748E+00
 -8.000593073059E+00 -8.000043392171E+00 -8.000593609324E+00 -8.000042727649E+00
 -8.000593965370E+00 -8.000041944143E+00 -8.000594200535E+00 -8.000041090015E+00
 -8.000594356259E+00 -8.000040198485E+00 -8.000594460917E+00 -8.000039291830E+00
 -8.000594533518E+00 -8.000038384576E+00 -8.000594586481E+00 -8.000037485860E+00
 -8.000000000000E+00 -8.000000000000E+00 -8.000000000000E+00 -8.000000000000E+00
 -8.000000000000E+00 -8.000000000000E+00 -8.000000000000E+00 -8.000000000000E+00
 -8.000000000000E+00 -8.000000000000E+00 -8.000000000000E+00 -8.000000000000E+00
 -8.000000000000E+00 -8.000000000000E+00 -8.000000000000E+00 -8.000000000000E+00
 -8.000000000000E+00 -8.000000000000E+00 -8.000000000000E+00 -8.000000000000E+00
 -8.000000000000E+00 -8.000000000000E+00 -8.000000000000E+00 -8.000000000000E+00
 -8.000000000000E+00 -8.000000000000E+00 -8.000000000000E+00 -8.000000000000E+00
 -8.000000000000E+00 -8.000000000000E+00 -8.000000000000E+00 -8.000000000000E+00
 -8.000000000000E+00 -8.000000000000E+00 -8.000000000000E+00 -8.000000000000E+00
 -8.000000000000E+00 -8.000000000000E+00 -8.000000000000E+00 -8.000000000000E+00
 -8.000000000000E+00 -8.000000000000E+00 -8.000000000000E+00 -8.000000000000E+00
 -8.000000000000E+00 -8.000000000000E+00 -8.000000000000E+00 -8.000000000000E+00
 -8.000000000000E+00 -8.000000000000E+00 -8.000000000000E+00 -8.000000000000E+00
 -8.000000000000E+00 -8.000000000000E+00 -8.000000000000E+00 -8.000000000000E+00
 -8.000000000000E+00 -8.000000000000E+00 -8.000000000000E+00 -8.000000000000E+00
 -8.000000000000E+00 -8.000000000000E+00 -8.000000000000E+00 -8.000000000000E+00
 -8.000000000000E+00 -8.000000000000E+00 -8.000000000000E+00 -8.000000000000E+00
 -8.000000000000E+00 -8.000000000000E+00 -8.000000000000E+00 -8.000000000000E+00
 -8.000000000000E+00 -8.000000000000E+00 -8.000000000000E+00 -8.000000000000E+00
 -8.000000000000E+00 -8.000000000000E+00 -8.000000000000E+00 -8.000000000000E+00
 -8.000000000000E+00 -8.000000000000E+00 -8.000000000000E+00 -8.000000000000E+00
 -8.000000000000E+00 -8.000000000000E+00 -8.000000000000E+00 -8.000000000000E+00
 -8.000000000000E+00 -8.000000000000E+00 -8.000000000000E+00 -8.000000000000E+00
 -8.000000000000E+00 -8.000000000000E+00 -8.000000000000E+00 -8.000000000000E+00
 -8.000000000000E+00 -8.000000000000E+00 -8.000000000000E+00 -8.000000000000E+00
 -8.000000000000E+00 -8.000000000000E+00 -8.000000000000E+00 -8.000000000000E+00
 -8.000000000000E+00 -8.000000000000E+00 -8.000000000000E+00 -8.000000000000E+00
 -8.000000000000E+00 -8.000000000000E+00 -8.000000000000E+00 -8.000000000000E+00
 -8.000000000000E+00 -8.000000000000E+00 -8.000000000000E+00 -8.000000000000E+00
 -8.000000000000E+00 -8.000000000000E+00 -8.000000000000E+00 -8.000000000000E+00
 -8.000000000000E+00 -8.000000000000E+00 -8.000000000000E+00 -8.000000000000E+00
 -8.000000000000E+00 -8.000000000000E+00 -8.000000000000E+00 -8.000000000000E+00
 -8.000000000000E+00 -8.000000000000E+00 -8.000000000000E+00 -8.000000000000E+00
 -8.000000000000E+00 -8.000000000000E+00 -8.000000000000E+00 -8.000000000000E+00
 -8.000000000000E+00 -8.000000000000E+00 -8.000000000000E+00 -8.000000000000E+00
 -8.000000000000E+00 -8.000000000000E+00 -8.000000000000E+00 -8.000000000000E+00
 -8.000000000000E+00 -8.000000000000E+00 -8.000000000000E+00 -8.000000000000E+00
 -8.000000000000E+00 -8.000000000000E+00 -8.000000000000E+00 -8.000000000000E+00
 -8.000000000000E+00 -8.000000000000E+00 -8.000000000000E+00 -8.000000000000E+00
 -8.000000000000E+00 -8.000000000000E+00 -8.000000000000E+00 -8.000000000000E+00
 -8.000000000000E+00 -8.000000000000E+00 -8.000000000000E+00 -8.000000000000E+00
 -8.000000000000E+00 -8.000000000000E+00 -8.000000000000E+00 -8.000000000000E+00
 -8.000000000000E+00 -8.000000000000E+00 -8.000000000000E+00 -8.000000000000E+00
 -8.000000000000E+00 -8.000000000000E+00 -8.000000000000E+00 -8.000000000000E+00
 -8.000000000000E+00 -8.000000000000E+00 -8.000000000000E+00 -8.000000000000E+00
 -8.000000000000E+00 -8.000000000000E+00 -8.000000000000E+00 -8.000000000000E+00
 -8.000000000000E+00 -8.000000000000E+00 -8.000000000000E+00 -8.000000000000E+00
 -8.000000000000E+00 -8.000000000000E+00 -8.000000000000E+00 -8.000000000000E+00
 -8.000000000000E+00 -8.000000000000E+00 -8.000000000000E+00 -8.000000000000E+00
 -8.000000000000E+00 -8.000000000000E+00 -8.000000000000E+00 -8.000000000000E+00
 -8.000000000000E+00 -8.000000000000E+00 -8.000000000000E+00 -8.000000000000E+00
 -8.000000000000E+00 -8.000000000000E+00 -8.000000000000E+00 -8.000000000000E+00
 -8.000000000000E+00 -8.000000000000E+00 -8.000000000000E+00 -8.000000000000E+00
 -8.000000000000E+00 -8.000000000000E+00 -8.000000000000E+00 -8.000000000000E+00
 -8.000000000000E+00 -8.000000000000E+00 -8.000000000000E+00 -8.000000000000E+00
 -8.000000000000E+00 -8.000000000000E+00 -8.000000000000E+00 -8.000000000000E+00
 -8.000000000000E+00 -8.000000000000E+00 -8.000000000000E+00 -8.000000000000E+00
 -8.000000000000E+00 -8.000000000000E+00 -8.000000000000E+00 -8.000000000000E+00
 -8.000000000000E+00 -8.000000000000E+00 -8.000000000000E+00 -8.000000000000E+00
 -8.000000000000E+00 -8.000000000000E+00 -8.000000000000E+00 -8.000000000000E+00
 -8.000000000000E+00 -8.000000000000E+00 -8.000000000000E+00 -8.000000000000E+00
 -8.000000000000E+00 -8.000000000000E+00 -8.000000000000E+00 -8.000000000000E+00
 -8.000000000000E+00 -8.000000000000E+00 -8.000000000000E+00 -8.000000000000E+00
 -8.000000000000E+00 -8.000000000000E+00 -8.000000000000E+00 -8.000000000000E+00
 -8.000000000000E+00 -8.000000000000E+00 -8.000000000000E+00 -8.000000000000E+00
 -8.000000000000E+00 -8.000000000000E+00 -8.000000000000E+00 -8.000000000000E+00
 -8.000000000000E+00 -8.000000000000E+00 -8.000000000000E+00 -8.000000000000E+00
 -8.000000000000E+00 -8.000000000000E+00 -8.000000000000E+00 -8.000000000000E+00
 -8.000000000000E+00 -8.000000000000E+00 -8.000000000000E+00 -8.000000000000E+00
 -8.000000000000E+00
 Core charge follows
  0.000000000000E+00  0.000000000000E+00  0.000000000000E+00  0.000000000000E+00
  0.000000000000E+00  0.000000000000E+00  0.000000000000E+00  0.000000000000E+00
  0.000000000000E+00  0.000000000000E+00  0.000000000000E+00  0.000000000000E+00
  0.000000000000E+00  0.000000000000E+00  0.000000000000E+00  0.000000000000E+00
  0.000000000000E+00  0.000000000000E+00  0.000000000000E+00  0.000000000000E+00
  0.000000000000E+00  0.000000000000E+00  0.000000000000E+00  0.000000000000E+00
  0.000000000000E+00  0.000000000000E+00  0.000000000000E+00  0.000000000000E+00
  0.000000000000E+00  0.000000000000E+00  0.000000000000E+00  0.000000000000E+00
  0.000000000000E+00  0.000000000000E+00  0.000000000000E+00  0.000000000000E+00
  0.000000000000E+00  0.000000000000E+00  0.000000000000E+00  0.000000000000E+00
  0.000000000000E+00  0.000000000000E+00  0.000000000000E+00  0.000000000000E+00
  0.000000000000E+00  0.000000000000E+00  0.000000000000E+00  0.000000000000E+00
  0.000000000000E+00  0.000000000000E+00  0.000000000000E+00  0.000000000000E+00
  0.000000000000E+00  0.000000000000E+00  0.000000000000E+00  0.000000000000E+00
  0.000000000000E+00  0.000000000000E+00  0.000000000000E+00  0.000000000000E+00
  0.000000000000E+00  0.000000000000E+00  0.000000000000E+00  0.000000000000E+00
  0.000000000000E+00  0.000000000000E+00  0.000000000000E+00  0.000000000000E+00
  0.000000000000E+00  0.000000000000E+00  0.000000000000E+00  0.000000000000E+00
  0.000000000000E+00  0.000000000000E+00  0.000000000000E+00  0.000000000000E+00
  0.000000000000E+00  0.000000000000E+00  0.000000000000E+00  0.000000000000E+00
  0.000000000000E+00  0.000000000000E+00  0.000000000000E+00  0.000000000000E+00
  0.000000000000E+00  0.000000000000E+00  0.000000000000E+00  0.000000000000E+00
  0.000000000000E+00  0.000000000000E+00  0.000000000000E+00  0.000000000000E+00
  0.000000000000E+00  0.000000000000E+00  0.000000000000E+00  0.000000000000E+00
  0.000000000000E+00  0.000000000000E+00  0.000000000000E+00  0.000000000000E+00
  0.000000000000E+00  0.000000000000E+00  0.000000000000E+00  0.000000000000E+00
  0.000000000000E+00  0.000000000000E+00  0.000000000000E+00  0.000000000000E+00
  0.000000000000E+00  0.000000000000E+00  0.000000000000E+00  0.000000000000E+00
  0.000000000000E+00  0.000000000000E+00  0.000000000000E+00  0.000000000000E+00
  0.000000000000E+00  0.000000000000E+00  0.000000000000E+00  0.000000000000E+00
  0.000000000000E+00  0.000000000000E+00  0.000000000000E+00  0.000000000000E+00
  0.000000000000E+00  0.000000000000E+00  0.000000000000E+00  0.000000000000E+00
  0.000000000000E+00  0.000000000000E+00  0.000000000000E+00  0.000000000000E+00
  0.000000000000E+00  0.000000000000E+00  0.000000000000E+00  0.000000000000E+00
  0.000000000000E+00  0.000000000000E+00  0.000000000000E+00  0.000000000000E+00
  0.000000000000E+00  0.000000000000E+00  0.000000000000E+00  0.000000000000E+00
  0.000000000000E+00  0.000000000000E+00  0.000000000000E+00  0.000000000000E+00
  0.000000000000E+00  0.000000000000E+00  0.000000000000E+00  0.000000000000E+00
  0.000000000000E+00  0.000000000000E+00  0.000000000000E+00  0.000000000000E+00
  0.000000000000E+00  0.000000000000E+00  0.000000000000E+00  0.000000000000E+00
  0.000000000000E+00  0.000000000000E+00  0.000000000000E+00  0.000000000000E+00
  0.000000000000E+00  0.000000000000E+00  0.000000000000E+00  0.000000000000E+00
  0.000000000000E+00  0.000000000000E+00  0.000000000000E+00  0.000000000000E+00
  0.000000000000E+00  0.000000000000E+00  0.000000000000E+00  0.000000000000E+00
  0.000000000000E+00  0.000000000000E+00  0.000000000000E+00  0.000000000000E+00
  0.000000000000E+00  0.000000000000E+00  0.000000000000E+00  0.000000000000E+00
  0.000000000000E+00  0.000000000000E+00  0.000000000000E+00  0.000000000000E+00
  0.000000000000E+00  0.000000000000E+00  0.000000000000E+00  0.000000000000E+00
  0.000000000000E+00  0.000000000000E+00  0.000000000000E+00  0.000000000000E+00
  0.000000000000E+00  0.000000000000E+00  0.000000000000E+00  0.000000000000E+00
  0.000000000000E+00  0.000000000000E+00  0.000000000000E+00  0.000000000000E+00
  0.000000000000E+00  0.000000000000E+00  0.000000000000E+00  0.000000000000E+00
  0.000000000000E+00  0.000000000000E+00  0.000000000000E+00  0.000000000000E+00
  0.000000000000E+00  0.000000000000E+00  0.000000000000E+00  0.000000000000E+00
  0.000000000000E+00  0.000000000000E+00  0.000000000000E+00  0.000000000000E+00
  0.000000000000E+00  0.000000000000E+00  0.000000000000E+00  0.000000000000E+00
  0.000000000000E+00  0.000000000000E+00  0.000000000000E+00  0.000000000000E+00
  0.000000000000E+00  0.000000000000E+00  0.000000000000E+00  0.000000000000E+00
  0.000000000000E+00  0.000000000000E+00  0.000000000000E+00  0.000000000000E+00
  0.000000000000E+00  0.000000000000E+00  0.000000000000E+00  0.000000000000E+00
  0.000000000000E+00  0.000000000000E+00  0.000000000000E+00  0.000000000000E+00
  0.000000000000E+00  0.000000000000E+00  0.000000000000E+00  0.000000000000E+00
  0.000000000000E+00  0.000000000000E+00  0.000000000000E+00  0.000000000000E+00
  0.000000000000E+00  0.000000000000E+00  0.000000000000E+00  0.000000000000E+00
  0.000000000000E+00  0.000000000000E+00  0.000000000000E+00  0.000000000000E+00
  0.000000000000E+00  0.000000000000E+00  0.000000000000E+00  0.000000000000E+00
  0.000000000000E+00  0.000000000000E+00  0.000000000000E+00  0.000000000000E+00
  0.000000000000E+00  0.000000000000E+00  0.000000000000E+00  0.000000000000E+00
  0.000000000000E+00  0.000000000000E+00  0.000000000000E+00  0.000000000000E+00
  0.000000000000E+00  0.000000000000E+00  0.000000000000E+00  0.000000000000E+00
  0.000000000000E+00  0.000000000000E+00  0.000000000000E+00  0.000000000000E+00
  0.000000000000E+00  0.000000000000E+00  0.000000000000E+00  0.000000000000E+00
  0.000000000000E+00  0.000000000000E+00  0.000000000000E+00  0.000000000000E+00
  0.000000000000E+00  0.000000000000E+00  0.000000000000E+00  0.000000000000E+00
  0.000000000000E+00  0.000000000000E+00  0.000000000000E+00  0.000000000000E+00
  0.000000000000E+00  0.000000000000E+00  0.000000000000E+00  0.000000000000E+00
  0.000000000000E+00  0.000000000000E+00  0.000000000000E+00  0.000000000000E+00
  0.000000000000E+00  0.000000000000E+00  0.000000000000E+00  0.000000000000E+00
  0.000000000000E+00  0.000000000000E+00  0.000000000000E+00  0.000000000000E+00
  0.000000000000E+00  0.000000000000E+00  0.000000000000E+00  0.000000000000E+00
  0.000000000000E+00  0.000000000000E+00  0.000000000000E+00  0.000000000000E+00
  0.000000000000E+00  0.000000000000E+00  0.000000000000E+00  0.000000000000E+00
  0.000000000000E+00  0.000000000000E+00  0.000000000000E+00  0.000000000000E+00
  0.000000000000E+00  0.000000000000E+00  0.000000000000E+00  0.000000000000E+00
  0.000000000000E+00  0.000000000000E+00  0.000000000000E+00  0.000000000000E+00
  0.000000000000E+00  0.000000000000E+00  0.000000000000E+00  0.000000000000E+00
  0.000000000000E+00  0.000000000000E+00  0.000000000000E+00  0.000000000000E+00
  0.000000000000E+00  0.000000000000E+00  0.000000000000E+00  0.000000000000E+00
  0.000000000000E+00  0.000000000000E+00  0.000000000000E+00  0.000000000000E+00
  0.000000000000E+00  0.000000000000E+00  0.000000000000E+00  0.000000000000E+00
  0.000000000000E+00  0.000000000000E+00  0.000000000000E+00  0.000000000000E+00
  0.000000000000E+00  0.000000000000E+00  0.000000000000E+00  0.000000000000E+00
  0.000000000000E+00  0.000000000000E+00  0.000000000000E+00  0.000000000000E+00
  0.000000000000E+00  0.000000000000E+00  0.000000000000E+00  0.000000000000E+00
  0.000000000000E+00  0.000000000000E+00  0.000000000000E+00  0.000000000000E+00
  0.000000000000E+00  0.000000000000E+00  0.000000000000E+00  0.000000000000E+00
  0.000000000000E+00  0.000000000000E+00  0.000000000000E+00  0.000000000000E+00
  0.000000000000E+00  0.000000000000E+00  0.000000000000E+00  0.000000000000E+00
  0.000000000000E+00  0.000000000000E+00  0.000000000000E+00  0.000000000000E+00
  0.000000000000E+00  0.000000000000E+00  0.000000000000E+00  0.000000000000E+00
  0.000000000000E+00  0.000000000000E+00  0.000000000000E+00  0.000000000000E+00
  0.000000000000E+00  0.000000000000E+00  0.000000000000E+00  0.000000000000E+00
  0.000000000000E+00  0.000000000000E+00  0.000000000000E+00  0.000000000000E+00
  0.000000000000E+00  0.000000000000E+00  0.000000000000E+00  0.000000000000E+00
  0.000000000000E+00  0.000000000000E+00  0.000000000000E+00  0.000000000000E+00
  0.000000000000E+00  0.000000000000E+00  0.000000000000E+00  0.000000000000E+00
  0.000000000000E+00  0.000000000000E+00  0.000000000000E+00  0.000000000000E+00
  0.000000000000E+00  0.000000000000E+00  0.000000000000E+00  0.000000000000E+00
  0.000000000000E+00  0.000000000000E+00  0.000000000000E+00  0.000000000000E+00
  0.000000000000E+00  0.000000000000E+00  0.000000000000E+00  0.000000000000E+00
  0.000000000000E+00  0.000000000000E+00  0.000000000000E+00  0.000000000000E+00
  0.000000000000E+00  0.000000000000E+00  0.000000000000E+00  0.000000000000E+00
  0.000000000000E+00  0.000000000000E+00  0.000000000000E+00  0.000000000000E+00
  0.000000000000E+00  0.000000000000E+00  0.000000000000E+00  0.000000000000E+00
  0.000000000000E+00  0.000000000000E+00  0.000000000000E+00  0.000000000000E+00
  0.000000000000E+00  0.000000000000E+00  0.000000000000E+00  0.000000000000E+00
  0.000000000000E+00  0.000000000000E+00  0.000000000000E+00  0.000000000000E+00
  0.000000000000E+00  0.000000000000E+00  0.000000000000E+00  0.000000000000E+00
  0.000000000000E+00  0.000000000000E+00  0.000000000000E+00  0.000000000000E+00
  0.000000000000E+00  0.000000000000E+00  0.000000000000E+00  0.000000000000E+00
  0.000000000000E+00  0.000000000000E+00  0.000000000000E+00  0.000000000000E+00
  0.000000000000E+00  0.000000000000E+00  0.000000000000E+00  0.000000000000E+00
  0.000000000000E+00  0.000000000000E+00  0.000000000000E+00  0.000000000000E+00
  0.000000000000E+00  0.000000000000E+00  0.000000000000E+00  0.000000000000E+00
  0.000000000000E+00  0.000000000000E+00  0.000000000000E+00  0.000000000000E+00
  0.000000000000E+00  0.000000000000E+00  0.000000000000E+00  0.000000000000E+00
  0.000000000000E+00  0.000000000000E+00  0.000000000000E+00  0.000000000000E+00
  0.000000000000E+00  0.000000000000E+00  0.000000000000E+00  0.000000000000E+00
  0.000000000000E+00  0.000000000000E+00  0.000000000000E+00  0.000000000000E+00
  0.000000000000E+00  0.000000000000E+00  0.000000000000E+00  0.000000000000E+00
  0.000000000000E+00  0.000000000000E+00  0.000000000000E+00  0.000000000000E+00
  0.000000000000E+00  0.000000000000E+00  0.000000000000E+00  0.000000000000E+00
  0.000000000000E+00  0.000000000000E+00  0.000000000000E+00  0.000000000000E+00
  0.000000000000E+00  0.000000000000E+00  0.000000000000E+00  0.000000000000E+00
  0.000000000000E+00  0.000000000000E+00  0.000000000000E+00  0.000000000000E+00
  0.000000000000E+00  0.000000000000E+00  0.000000000000E+00  0.000000000000E+00
  0.000000000000E+00  0.000000000000E+00  0.000000000000E+00  0.000000000000E+00
  0.000000000000E+00  0.000000000000E+00  0.000000000000E+00  0.000000000000E+00
  0.000000000000E+00  0.000000000000E+00  0.000000000000E+00  0.000000000000E+00
  0.000000000000E+00  0.000000000000E+00  0.000000000000E+00  0.000000000000E+00
  0.000000000000E+00  0.000000000000E+00  0.000000000000E+00  0.000000000000E+00
  0.000000000000E+00  0.000000000000E+00  0.000000000000E+00  0.000000000000E+00
  0.000000000000E+00  0.000000000000E+00  0.000000000000E+00  0.000000000000E+00
  0.000000000000E+00  0.000000000000E+00  0.000000000000E+00  0.000000000000E+00
  0.000000000000E+00  0.000000000000E+00  0.000000000000E+00  0.000000000000E+00
  0.000000000000E+00  0.000000000000E+00  0.000000000000E+00  0.000000000000E+00
  0.000000000000E+00  0.000000000000E+00  0.000000000000E+00  0.000000000000E+00
  0.000000000000E+00  0.000000000000E+00  0.000000000000E+00  0.000000000000E+00
  0.000000000000E+00  0.000000000000E+00  0.000000000000E+00  0.000000000000E+00
  0.000000000000E+00  0.000000000000E+00  0.000000000000E+00  0.000000000000E+00
  0.000000000000E+00  0.000000000000E+00  0.000000000000E+00  0.000000000000E+00
  0.000000000000E+00  0.000000000000E+00  0.000000000000E+00  0.000000000000E+00
  0.000000000000E+00  0.000000000000E+00  0.000000000000E+00  0.000000000000E+00
  0.000000000000E+00  0.000000000000E+00  0.000000000000E+00  0.000000000000E+00
  0.000000000000E+00  0.000000000000E+00  0.000000000000E+00  0.000000000000E+00
  0.000000000000E+00  0.000000000000E+00  0.000000000000E+00  0.000000000000E+00
  0.000000000000E+00  0.000000000000E+00  0.000000000000E+00  0.000000000000E+00
  0.000000000000E+00  0.000000000000E+00  0.000000000000E+00  0.000000000000E+00
  0.000000000000E+00  0.000000000000E+00  0.000000000000E+00  0.000000000000E+00
  0.000000000000E+00  0.000000000000E+00  0.000000000000E+00  0.000000000000E+00
  0.000000000000E+00  0.000000000000E+00  0.000000000000E+00  0.000000000000E+00
  0.000000000000E+00  0.000000000000E+00  0.000000000000E+00  0.000000000000E+00
  0.000000000000E+00  0.000000000000E+00  0.000000000000E+00  0.000000000000E+00
  0.000000000000E+00  0.000000000000E+00  0.000000000000E+00  0.000000000000E+00
  0.000000000000E+00  0.000000000000E+00  0.000000000000E+00  0.000000000000E+00
  0.000000000000E+00  0.000000000000E+00  0.000000000000E+00  0.000000000000E+00
  0.000000000000E+00  0.000000000000E+00  0.000000000000E+00  0.000000000000E+00
  0.000000000000E+00  0.000000000000E+00  0.000000000000E+00  0.000000000000E+00
  0.000000000000E+00  0.000000000000E+00  0.000000000000E+00  0.000000000000E+00
  0.000000000000E+00  0.000000000000E+00  0.000000000000E+00  0.000000000000E+00
  0.000000000000E+00  0.000000000000E+00  0.000000000000E+00  0.000000000000E+00
  0.000000000000E+00  0.000000000000E+00  0.000000000000E+00  0.000000000000E+00
  0.000000000000E+00  0.000000000000E+00  0.000000000000E+00  0.000000000000E+00
  0.000000000000E+00  0.000000000000E+00  0.000000000000E+00  0.000000000000E+00
  0.000000000000E+00  0.000000000000E+00  0.000000000000E+00  0.000000000000E+00
  0.000000000000E+00  0.000000000000E+00  0.000000000000E+00  0.000000000000E+00
  0.000000000000E+00  0.000000000000E+00  0.000000000000E+00  0.000000000000E+00
  0.000000000000E+00  0.000000000000E+00  0.000000000000E+00  0.000000000000E+00
  0.000000000000E+00  0.000000000000E+00  0.000000000000E+00  0.000000000000E+00
  0.000000000000E+00  0.000000000000E+00  0.000000000000E+00  0.000000000000E+00
  0.000000000000E+00  0.000000000000E+00  0.000000000000E+00  0.000000000000E+00
  0.000000000000E+00  0.000000000000E+00  0.000000000000E+00  0.000000000000E+00
  0.000000000000E+00  0.000000000000E+00  0.000000000000E+00  0.000000000000E+00
  0.000000000000E+00  0.000000000000E+00  0.000000000000E+00  0.000000000000E+00
  0.000000000000E+00  0.000000000000E+00  0.000000000000E+00  0.000000000000E+00
  0.000000000000E+00  0.000000000000E+00  0.000000000000E+00  0.000000000000E+00
  0.000000000000E+00  0.000000000000E+00  0.000000000000E+00  0.000000000000E+00
  0.000000000000E+00  0.000000000000E+00  0.000000000000E+00  0.000000000000E+00
  0.000000000000E+00  0.000000000000E+00  0.000000000000E+00  0.000000000000E+00
  0.000000000000E+00  0.000000000000E+00  0.000000000000E+00  0.000000000000E+00
  0.000000000000E+00  0.000000000000E+00  0.000000000000E+00  0.000000000000E+00
  0.000000000000E+00  0.000000000000E+00  0.000000000000E+00  0.000000000000E+00
  0.000000000000E+00  0.000000000000E+00  0.000000000000E+00  0.000000000000E+00
  0.000000000000E+00  0.000000000000E+00  0.000000000000E+00  0.000000000000E+00
  0.000000000000E+00  0.000000000000E+00  0.000000000000E+00  0.000000000000E+00
  0.000000000000E+00  0.000000000000E+00  0.000000000000E+00  0.000000000000E+00
  0.000000000000E+00  0.000000000000E+00  0.000000000000E+00  0.000000000000E+00
  0.000000000000E+00  0.000000000000E+00  0.000000000000E+00  0.000000000000E+00
  0.000000000000E+00  0.000000000000E+00  0.000000000000E+00  0.000000000000E+00
  0.000000000000E+00  0.000000000000E+00  0.000000000000E+00  0.000000000000E+00
  0.000000000000E+00  0.000000000000E+00  0.000000000000E+00  0.000000000000E+00
  0.000000000000E+00  0.000000000000E+00  0.000000000000E+00  0.000000000000E+00
  0.000000000000E+00  0.000000000000E+00  0.000000000000E+00  0.000000000000E+00
  0.000000000000E+00  0.000000000000E+00  0.000000000000E+00  0.000000000000E+00
  0.000000000000E+00  0.000000000000E+00  0.000000000000E+00  0.000000000000E+00
  0.000000000000E+00  0.000000000000E+00  0.000000000000E+00  0.000000000000E+00
  0.000000000000E+00  0.000000000000E+00  0.000000000000E+00  0.000000000000E+00
  0.000000000000E+00  0.000000000000E+00  0.000000000000E+00  0.000000000000E+00
  0.000000000000E+00  0.000000000000E+00  0.000000000000E+00  0.000000000000E+00
  0.000000000000E+00  0.000000000000E+00  0.000000000000E+00  0.000000000000E+00
  0.000000000000E+00  0.000000000000E+00  0.000000000000E+00  0.000000000000E+00
  0.000000000000E+00  0.000000000000E+00  0.000000000000E+00  0.000000000000E+00
  0.000000000000E+00  0.000000000000E+00  0.000000000000E+00  0.000000000000E+00
  0.000000000000E+00  0.000000000000E+00  0.000000000000E+00  0.000000000000E+00
  0.000000000000E+00  0.000000000000E+00  0.000000000000E+00  0.000000000000E+00
  0.000000000000E+00  0.000000000000E+00  0.000000000000E+00  0.000000000000E+00
  0.000000000000E+00  0.000000000000E+00  0.000000000000E+00  0.000000000000E+00
  0.000000000000E+00  0.000000000000E+00  0.000000000000E+00  0.000000000000E+00
  0.000000000000E+00  0.000000000000E+00  0.000000000000E+00  0.000000000000E+00
  0.000000000000E+00  0.000000000000E+00  0.000000000000E+00  0.000000000000E+00
  0.000000000000E+00  0.000000000000E+00  0.000000000000E+00  0.000000000000E+00
  0.000000000000E+00  0.000000000000E+00  0.000000000000E+00  0.000000000000E+00
  0.000000000000E+00  0.000000000000E+00  0.000000000000E+00  0.000000000000E+00
  0.000000000000E+00  0.000000000000E+00  0.000000000000E+00  0.000000000000E+00
  0.000000000000E+00  0.000000000000E+00  0.000000000000E+00  0.000000000000E+00
  0.000000000000E+00  0.000000000000E+00  0.000000000000E+00  0.000000000000E+00
  0.000000000000E+00  0.000000000000E+00  0.000000000000E+00  0.000000000000E+00
  0.000000000000E+00  0.000000000000E+00  0.000000000000E+00  0.000000000000E+00
  0.000000000000E+00  0.000000000000E+00  0.000000000000E+00  0.000000000000E+00
  0.000000000000E+00  0.000000000000E+00  0.000000000000E+00  0.000000000000E+00
  0.000000000000E+00
 Valence charge follows
  1.717791651428E-10  6.955879737387E-10  1.584397097078E-09  2.851547106192E-09
  4.510760161576E-09  6.576150555328E-09  9.062235252054E-09  1.198394460399E-08
  1.535663329696E-08  1.919609155333E-08  2.351855660774E-08  2.834072446727E-08
  3.367976196585E-08  3.955331912183E-08  4.597954180727E-08  5.297708473756E-08
  6.056512478954E-08  6.876337465696E-08  7.759209685169E-08  8.707211805962E-08
  9.722484386022E-08  1.080722738189E-07  1.196370169615E-07  1.319423076409E-07
  1.450120218050E-07  1.588706936765E-07  1.735435328550E-07  1.890564418514E-07
  2.054360340657E-07  2.227096522201E-07  2.409053872570E-07  2.600520977155E-07
  2.801794295966E-07  3.013178367309E-07  3.234986016599E-07  3.467538570452E-07
  3.711166076172E-07  3.966207526782E-07  4.233011091727E-07  4.511934353397E-07
  4.803344549615E-07  5.107618822230E-07  5.425144471983E-07  5.756319219786E-07
  6.101551474587E-07  6.461260607975E-07  6.835877235704E-07  7.225843506297E-07
  7.631613396915E-07  8.053653016667E-07  8.492440917552E-07  8.948468413213E-07
  9.422239905712E-07  9.914273220516E-07  1.042509994989E-06  1.095526580496E-06
  1.150741091644E-06  1.207797772363E-06  1.266948400621E-06  1.328249974766E-06
  1.391759413806E-06  1.457533401111E-06  1.525746988815E-06  1.596501764744E-06
  1.669754153280E-06  1.745564536721E-06  1.823992531687E-06  1.905096751697E-06
  1.988934547035E-06  2.075561720249E-06  2.165032215505E-06  2.257422771387E-06
  2.353571446562E-06  2.452837147046E-06  2.555274100639E-06  2.660933517836E-06
  2.769863137682E-06  2.882106734893E-06  2.999052825434E-06  3.119578133554E-06
  3.243717209447E-06  3.371509148507E-06  3.502993822667E-06  3.640090214950E-06
  3.781158263475E-06  3.926229454582E-06  4.075327694009E-06  4.229887936800E-06
  4.389734096485E-06  4.553939318276E-06  4.722513997508E-06  4.897086729145E-06
  5.077685766307E-06  5.262997438699E-06  5.453013301084E-06  5.650530854942E-06
  5.853974263839E-06  6.062470751154E-06  6.276750065965E-06  6.499816175239E-06
  6.728296929705E-06  6.962143805230E-06  7.205232815142E-06  7.455300609547E-06
  7.711089777060E-06  7.975294462507E-06  8.248654997241E-06  8.528097867122E-06
  8.815455673659E-06  9.113921044383E-06  9.418832302510E-06  9.731579829132E-06
  1.005707155675E-05  1.038937145679E-05  1.072996452877E-05  1.108451602394E-05
  1.144623199362E-05  1.181736775363E-05  1.220312606558E-05  1.259639345954E-05
  1.300103468564E-05  1.342026135979E-05  1.384732316370E-05  1.428872504380E-05
  1.474379588317E-05  1.520700114219E-05  1.568874075844E-05  1.618214425067E-05
  1.668469207558E-05  1.720995376088E-05  1.774428789455E-05  1.829317965593E-05
  1.886183361592E-05  1.943980076616E-05  2.003956540467E-05  2.065447466471E-05
  2.128061827422E-05  2.193449124305E-05  2.259862227822E-05  2.328325060871E-05
  2.398928555229E-05  2.470569774178E-05  2.545455057784E-05  2.621598949099E-05
  2.699829150359E-05  2.780721158585E-05  2.862738129011E-05  2.948356338068E-05
  3.035470433155E-05  3.124945790813E-05  3.217434078288E-05  3.311129967494E-05
  3.409107268273E-05  3.508566690537E-05  3.610992541246E-05  3.716527975025E-05
  3.823618005563E-05  3.935558210189E-05  4.048884647635E-05  4.166229489649E-05
  4.286417501860E-05  4.409143019020E-05  4.536563016175E-05  4.665435520480E-05
  4.799972260394E-05  4.936584258210E-05  5.077329439784E-05  5.222097855840E-05
  5.369353579904E-05  5.522717021863E-05  5.677701427160E-05  5.839220170098E-05
  6.003392349466E-05  6.172425338577E-05  6.346278458505E-05  6.523192206731E-05
  6.707245059995E-05  6.893073919483E-05  7.087222540040E-05  7.283941672108E-05
  7.487188662822E-05  7.695380759302E-05  7.908170986479E-05  8.128449001863E-05
  8.351249403411E-05  8.584258114369E-05  8.819326245929E-05  9.063976457542E-05
  9.312620446646E-05  9.568831932864E-05  9.831775164156E-05  1.010011502703E-04
  1.037811843869E-04  1.065918201423E-04  1.095304603862E-04  1.124923353835E-04
  1.155802493058E-04  1.187110430454E-04  1.219459693035E-04  1.252546517783E-04
  1.286438254403E-04  1.321398324222E-04  1.356908501014E-04  1.393841073019E-04
  1.431049455324E-04  1.470058940395E-04  1.509342438440E-04  1.550245516690E-04
  1.591738049186E-04  1.634604291788E-04  1.678422737005E-04  1.723349166164E-04
  1.769616478310E-04  1.816704988963E-04  1.865550515290E-04  1.914908124611E-04
  1.966467939493E-04  2.018336469160E-04  2.072624306496E-04  2.127375820409E-04
  2.184288283396E-04  2.242074939358E-04  2.301742330988E-04  2.362724216280E-04
  2.425283422584E-04  2.489628971210E-04  2.555223801566E-04  2.623110234213E-04
  2.691891779895E-04  2.763505567909E-04  2.835632579928E-04  2.911169934719E-04
  2.987090622423E-04  3.066476611418E-04  3.146559093839E-04  3.229818153772E-04
  3.314281654816E-04  3.401607414181E-04  3.490682647834E-04  3.582278615492E-04
  3.676208399709E-04  3.772288484302E-04  3.871328389289E-04  3.972117447322E-04
  4.076536480293E-04  4.182270894608E-04  4.292352223254E-04  4.403280513709E-04
  4.519322230758E-04  4.635835076061E-04  4.758021630490E-04  4.880848490772E-04
  5.009055600889E-04  5.138529394489E-04  5.273060994546E-04  5.409532282807E-04
  5.550708054856E-04  5.694546008061E-04  5.842702231796E-04  5.994295651560E-04
  6.149786103154E-04  6.309544504909E-04  6.472741407936E-04  6.641096167432E-04
  6.812391199223E-04  6.989796767239E-04  7.169602124239E-04  7.356537314001E-04
  7.545286839957E-04  7.742256192134E-04  7.940406573230E-04  8.147941803687E-04
  8.356117803252E-04  8.574635370979E-04  8.793993001240E-04  9.023433909738E-04
  9.254567563253E-04  9.495493384346E-04  9.739029761250E-04  9.992032057673E-04
  1.024863202145E-03  1.051433404893E-03  1.078469459894E-03  1.106375311405E-03
  1.134860948299E-03  1.164171666414E-03  1.194184454945E-03  1.224973003903E-03
  1.256594797773E-03  1.288938105381E-03  1.322255295124E-03  1.356234483826E-03
  1.391338266192E-03  1.427038899024E-03  1.464025564082E-03  1.501537906595E-03
  1.540509143864E-03  1.579928443180E-03  1.620991668226E-03  1.662418450481E-03
  1.705687153486E-03  1.749227541036E-03  1.794821659027E-03  1.840587708871E-03
  1.888634023404E-03  1.936782601600E-03  1.987376650671E-03  2.038120742922E-03
  2.091316350792E-03  2.144798396984E-03  2.200735238262E-03  2.257105937910E-03
  2.315931693494E-03  2.375350530428E-03  2.437221391822E-03  2.499857196227E-03
  2.564938405455E-03  2.630969956222E-03  2.699436384134E-03  2.769053054722E-03
  2.841089820714E-03  2.914492272037E-03  2.990295408480E-03  3.067696332569E-03
  3.147473497521E-03  3.229098416101E-03  3.313069658160E-03  3.399157780588E-03
  3.487556360101E-03  3.578361505508E-03  3.671434776692E-03  3.767226365601E-03
  3.865236724522E-03  3.966300845644E-03  4.069526749430E-03  4.176167307845E-03
  4.284904370964E-03  4.397444324423E-03  4.512006498343E-03  4.630789189000E-03
  4.751510032113E-03  4.876900621625E-03  5.004134666862E-03  5.136521683466E-03
  5.270645911713E-03  5.410442918628E-03  5.551858346677E-03  5.699505741968E-03
  5.848639134533E-03  6.004606093426E-03  6.161911809510E-03  6.326698381075E-03
  6.492660365862E-03  6.666799736975E-03  6.841933671346E-03  7.025994611908E-03
  7.210850232667E-03  7.405439737221E-03  7.600603342218E-03  7.806369484337E-03
  8.012466637811E-03  8.230101654958E-03  8.447997410829E-03  8.678043737672E-03
  8.908576048541E-03  9.151699669518E-03  9.395661890020E-03  9.652677144098E-03
  9.910917857481E-03  1.018269551111E-02  1.045612276360E-02  1.074359431555E-02
  1.103318019483E-02  1.133734252867E-02  1.164412811425E-02  1.196604852629E-02
  1.229114924190E-02  1.263197087473E-02  1.297658227463E-02  1.333752998823E-02
  1.370293401192E-02  1.408532072677E-02  1.447289245880E-02  1.487812600764E-02
  1.528934098165E-02  1.571893150892E-02  1.615537359750E-02  1.661094154805E-02
  1.707431148290E-02  1.755759622396E-02  1.804972079286E-02  1.856258991596E-02
  1.908543188635E-02  1.962989123824E-02  2.018556005923E-02  2.076376455353E-02
  2.135452789114E-02  2.196879315474E-02  2.259708931725E-02  2.324990422803E-02
  2.391835554075E-02  2.461239571502E-02  2.532382290577E-02  2.606196519579E-02
  2.681940285408E-02  2.760474091774E-02  2.841145409164E-02  2.924731509707E-02
  3.010681709282E-02  3.099677962152E-02  3.191285107060E-02  3.286076428220E-02
  3.383747353989E-02  3.484747766070E-02  3.588920259817E-02  3.696575079346E-02
  3.807720204233E-02  3.922508372887E-02  4.041132943257E-02  4.163569508279E-02
  4.290218720253E-02  4.420857468529E-02  4.556117690001E-02  4.695553939362E-02
  4.840055662235E-02  4.988929212454E-02  5.143350168581E-02  5.302348413074E-02
  5.467416853674E-02  5.637278051204E-02  5.813776187422E-02  5.995292890937E-02
  6.184060490735E-02  6.378083127950E-02  6.580021261524E-02  6.787461858785E-02
  7.003536781148E-02  7.225372818540E-02  7.456619973804E-02  7.693898355274E-02
  7.941426482299E-02  8.195267599671E-02  8.460262913233E-02  8.731864777399E-02
  9.015595192609E-02  9.306237598718E-02  9.610056959180E-02  9.921105645400E-02
  1.024645790739E-01  1.057936865851E-01  1.092779197425E-01  1.128411461220E-01
  1.165724524503E-01  1.203862743819E-01  1.243820343118E-01  1.284639424292E-01
  1.327425874997E-01  1.371111183466E-01  1.416921600987E-01  1.463669235112E-01
  1.512709767763E-01  1.562726774938E-01  1.615214767372E-01  1.668719288947E-01
  1.724883361159E-01  1.782104691158E-01  1.842184716414E-01  1.903363257399E-01
  1.967610220827E-01  2.032997318659E-01  2.101673036626E-01  2.171530674294E-01
  2.244907353136E-01  2.319507682365E-01  2.397867293731E-01  2.477491981749E-01
  2.561125430634E-01  2.646064798449E-01  2.735270859233E-01  2.825822787012E-01
  2.920906782450E-01  3.017375357367E-01  3.118647555694E-01  3.221341437868E-01
  3.329115144085E-01  3.438345627288E-01  3.552934946459E-01  3.669013692096E-01
  3.790730945212E-01  3.913967370928E-01  4.043120147781E-01  4.173818456052E-01
  4.310706294684E-01  4.449162131941E-01  4.594072820733E-01  4.740569564172E-01
  4.893775070576E-01  5.048579747777E-01  5.210331787001E-01  5.373690642850E-01
  5.544215910546E-01  5.716349646630E-01  5.895844751436E-01  6.076943474840E-01
  6.265569619332E-01  6.455787550327E-01  6.653665021982E-01  6.853115022901E-01
  7.060317569455E-01  7.269065569544E-01  7.485614744806E-01  7.703674147120E-01
  7.929533722939E-01  8.156859888451E-01  8.391930434891E-01  8.628415344817E-01
  8.872529082535E-01  9.117996281093E-01  9.370912306129E-01  9.625112221489E-01
  9.886512192019E-01  1.014911792184E+00  1.041860227812E+00  1.068920590710E+00
  1.096629066944E+00  1.124440015935E+00  1.152851431497E+00  1.181355097339E+00
  1.210403442282E+00  1.239533091677E+00  1.269143290700E+00  1.298823174439E+00
  1.328910967339E+00  1.359056203404E+00  1.389528047616E+00  1.420044524026E+00
  1.450797502139E+00  1.481581782532E+00  1.512503498051E+00  1.543442713667E+00
  1.574411162097E+00  1.605382877958E+00  1.636266288408E+00  1.667138340038E+00
  1.697794995851E+00  1.728425306526E+00  1.758703372173E+00  1.788939779751E+00
  1.818677185091E+00  1.848357331540E+00  1.877381792212E+00  1.906333156573E+00
  1.934462438247E+00  1.962502622442E+00  1.989545182882E+00  2.016482585336E+00
  2.042238746444E+00  2.067873775631E+00  2.092137581270E+00  2.116264563444E+00
  2.138826460894E+00  2.161236376508E+00  2.181886813501E+00  2.202370948920E+00
  2.220904900079E+00  2.239259421184E+00  2.255481747215E+00  2.271513089607E+00
  2.285244495679E+00  2.298775328724E+00  2.309858538578E+00  2.320733911477E+00
  2.329039532672E+00  2.337132672097E+00  2.342564124134E+00  2.347781253615E+00
  2.350278097111E+00  2.352561620775E+00  2.352100693464E+00  2.351430161361E+00
  2.348024118344E+00  2.344414589416E+00  2.338107769191E+00  2.331605518130E+00
  2.322467502976E+00  2.313143468243E+00  2.301261252908E+00  2.289203169735E+00
  2.274673466309E+00  2.259978241020E+00  2.242902110789E+00  2.225670652958E+00
  2.206153370374E+00  2.186490811160E+00  2.164649529727E+00  2.142673348573E+00
  2.118647795507E+00  2.094498621881E+00  2.068449652590E+00  2.042289038890E+00
  2.014387996722E+00  1.986387312460E+00  1.956815342117E+00  1.927155734985E+00
  1.896102051121E+00  1.864972624972E+00  1.832632260311E+00  1.800227811338E+00
  1.766799630601E+00  1.733318688134E+00  1.699003369995E+00  1.664646185706E+00
  1.629644240931E+00  1.594610818251E+00  1.559120667649E+00  1.523608851079E+00
  1.487824986383E+00  1.452028633931E+00  1.416139883154E+00  1.380247143219E+00
  1.344435061030E+00  1.308626774199E+00  1.273064171945E+00  1.237512411979E+00
  1.202362044678E+00  1.167228816139E+00  1.132642236832E+00  1.098078339408E+00
  1.064194932891E+00  1.030339004521E+00  9.972852038239E-01  9.642629456764E-01
  9.321516399935E-01  9.000752322435E-01  8.690053668553E-01  8.379730755318E-01
  8.080294437961E-01  7.781254188269E-01  7.493786432831E-01  7.206729047396E-01
  6.931796014722E-01  6.657282081385E-01  6.395313255158E-01  6.133767168828E-01
  5.885060366829E-01  5.636775363762E-01  5.401503222463E-01  5.166647878359E-01
  4.944865631510E-01  4.723491644305E-01  4.515145991066E-01  4.307197044360E-01
  4.112135882896E-01  3.917457366481E-01  3.735440156286E-01  3.553789507830E-01
  3.384498019458E-01  3.215555446984E-01  3.058604661802E-01  2.901984010684E-01
  2.756932945418E-01  2.612192485922E-01  2.478554736370E-01  2.345207667368E-01
  2.222461491251E-01  2.099985981377E-01  1.987583770191E-01  1.875432387520E-01
  1.772809409674E-01  1.670417823309E-01  1.577000153910E-01  1.483795023779E-01
  1.399006608560E-01  1.314412611730E-01  1.237681442523E-01  1.161127414012E-01
  1.091890819798E-01  1.022815012334E-01  9.605240925916E-02  8.983785822858E-02
  8.425018277357E-02  7.867561108626E-02  7.367822707393E-02  6.869261106951E-02
  6.423663753641E-02  5.979119684853E-02  5.583015419922E-02  5.187850765767E-02
  4.836842158720E-02  4.486669008548E-02  4.176614975450E-02  3.867301363467E-02
  3.594319134099E-02  3.321990950449E-02  3.082454856098E-02  2.843494598048E-02
  2.634032284273E-02  2.425075248451E-02  2.242561842784E-02  2.060490285285E-02
  1.902040973101E-02  1.743976687894E-02  1.606938074965E-02  1.470233766650E-02
  1.352174337864E-02  1.234404096195E-02  1.133104018982E-02  1.032053142007E-02
  9.454936116869E-03  8.591479733929E-03  7.855002563466E-03  7.120353736911E-03
  6.496496725786E-03  5.874195953796E-03  5.348138374777E-03  4.823399617084E-03
  4.381885954494E-03  3.941484846483E-03  3.572713588960E-03  3.204876479827E-03
  2.898390418919E-03  2.592684910731E-03  2.339263580466E-03  2.086491202105E-03
  1.878046062441E-03  1.670137680546E-03  1.499610616902E-03  1.329525155316E-03
  1.190790830445E-03  1.052417833794E-03  9.401903830434E-04  8.282569149028E-04
  7.380014198004E-04  6.479837297522E-04  5.758328378996E-04  5.038731648927E-04
  4.465491480374E-04  3.893779513611E-04  3.441204106448E-04  2.989842370440E-04
  2.634835778983E-04  2.280786869258E-04  2.004153991006E-04  1.728271819471E-04
  1.514168759005E-04  1.300650188244E-04  1.136090910140E-04  9.719835595748E-05
  8.464008488869E-05  7.211650933197E-05  6.260232339813E-05  5.311458082751E-05
  4.596018930051E-05  3.882580211982E-05  3.348684278641E-05  2.816290174845E-05
  2.420973273071E-05  2.026775109979E-05  1.736399993271E-05  1.446851618947E-05
  1.235299540148E-05  1.024353451602E-05  8.715138578576E-06  7.191147517579E-06
  6.096359678937E-06  5.004746458674E-06  4.227404094624E-06  3.452329788875E-06
  2.905321899521E-06  2.359919971190E-06  1.978518779656E-06  1.598244383278E-06
  1.334803215394E-06  1.072145284094E-06  8.919257592704E-07  7.122454786011E-07
  5.901674482363E-07  4.684570609455E-07  3.865938335027E-07  3.049787577042E-07
  2.506473050406E-07  1.964816416375E-07  1.608022494664E-07  1.252324647061E-07
  1.020544156219E-07  7.894805687459E-08  6.405731944296E-08  4.921295962207E-08
  3.975453263813E-08  3.032577240105E-08  2.438742904379E-08  1.846784551419E-08
  1.478373705609E-08  1.111135231719E-08  8.853508404310E-09  6.602903124109E-09
  5.236370164277E-09  3.874251645578E-09  3.057711033736E-09  2.243828654428E-09
  1.762291069773E-09  1.282333549095E-09  1.002153685628E-09  7.229006170087E-10
  5.621125252132E-10  4.018606976697E-10  3.108833643607E-10  2.202120269886E-10
  1.694752192853E-10  1.189105371972E-10  9.103211798951E-11  6.324911357448E-11
  4.816194587455E-11  3.312688217311E-11  2.508826535087E-11  1.707766705998E-11
  1.286251645524E-11  8.662197519776E-12  6.487854513777E-12  4.321236918430E-12
  3.218283685146E-12  2.119288246166E-12  1.569339508348E-12  1.021384288878E-12
  7.519596601832E-13  4.835218724926E-13  3.538900525411E-13  2.247381281499E-13
  1.635101772098E-13  1.025113800007E-13  7.413537202365E-14  4.586676079194E-14
  3.296909771793E-14  2.012081313011E-14  1.437411362837E-14  8.649675931566E-15
  6.140922563160E-15  3.642005846843E-15  2.569478330379E-15  1.501208578122E-15
  1.052418866562E-15  6.054335905105E-16  4.217247071771E-16  2.387641608899E-16
  1.652408849543E-16  9.202115370652E-17  4.603418481350E-17  1.209363866802E-19
  0.000000000000E+00  0.000000000000E+00  0.000000000000E+00  0.000000000000E+00
  0.000000000000E+00  0.000000000000E+00  0.000000000000E+00  0.000000000000E+00
  0.000000000000E+00  0.000000000000E+00  0.000000000000E+00  0.000000000000E+00
  0.000000000000E+00  0.000000000000E+00  0.000000000000E+00  0.000000000000E+00
  0.000000000000E+00  0.000000000000E+00  0.000000000000E+00  0.000000000000E+00
  0.000000000000E+00  0.000000000000E+00  0.000000000000E+00  0.000000000000E+00
  0.000000000000E+00  0.000000000000E+00  0.000000000000E+00  0.000000000000E+00
  0.000000000000E+00  0.000000000000E+00  0.000000000000E+00  0.000000000000E+00
  0.000000000000E+00  0.000000000000E+00  0.000000000000E+00  0.000000000000E+00
  0.000000000000E+00  0.000000000000E+00  0.000000000000E+00  0.000000000000E+00
  0.000000000000E+00  0.000000000000E+00  0.000000000000E+00  0.000000000000E+00
  0.000000000000E+00  0.000000000000E+00  0.000000000000E+00  0.000000000000E+00
  0.000000000000E+00  0.000000000000E+00  0.000000000000E+00  0.000000000000E+00
  0.000000000000E+00  0.000000000000E+00  0.000000000000E+00  0.000000000000E+00
  0.000000000000E+00  0.000000000000E+00  0.000000000000E+00  0.000000000000E+00
  0.000000000000E+00  0.000000000000E+00  0.000000000000E+00  0.000000000000E+00
  0.000000000000E+00  0.000000000000E+00  0.000000000000E+00  0.000000000000E+00
  0.000000000000E+00  0.000000000000E+00  0.000000000000E+00  0.000000000000E+00
  0.000000000000E+00
 Pseudo-wave-function follows (l, zelect, rc)
 0  2.000000000000E+00  1.498152959386E+00
  9.268084604979E-06  1.864993185561E-05  2.814693815037E-05  3.776051702811E-05
  4.749209937837E-05  5.734313365440E-05  6.731508608872E-05  7.740944091138E-05
  8.762770057084E-05  9.797138595762E-05  1.084420366307E-04  1.190412110465E-04
  1.297704867912E-04  1.406314608151E-04  1.516257496707E-04  1.627549897530E-04
  1.740208375433E-04  1.854249698557E-04  1.969690840864E-04  2.086548984669E-04
  2.204841523191E-04  2.324586063148E-04  2.445800427372E-04  2.568502657465E-04
  2.692711016486E-04  2.818443991662E-04  2.945720297151E-04  3.074558876814E-04
  3.204978907048E-04  3.336999799630E-04  3.470641204610E-04  3.605923013239E-04
  3.742865360922E-04  3.881488630224E-04  4.021813453895E-04  4.163860717948E-04
  4.307651564765E-04  4.453207396240E-04  4.600549876972E-04  4.749700937485E-04
  4.900682777492E-04  5.053517869199E-04  5.208228960654E-04  5.364839079127E-04
  5.523371534541E-04  5.683849922940E-04  5.846298130002E-04  6.010740334595E-04
  6.177201012372E-04  6.345704939418E-04  6.516277195936E-04  6.688943169980E-04
  6.863728561234E-04  7.040659384837E-04  7.219761975255E-04  7.401062990201E-04
  7.584930422321E-04  7.770705729278E-04  7.958741831586E-04  8.149062642174E-04
  8.341690361877E-04  8.536645460491E-04  8.734116471472E-04  8.934172103057E-04
  9.136677101076E-04  9.341647592664E-04  9.549097936023E-04  9.759040675142E-04
  9.971486489693E-04  1.018644414018E-03  1.040392040843E-03  1.062394942785E-03
  1.084743718897E-03  1.107354673296E-03  1.130228014328E-03  1.153363731010E-03
  1.176761584777E-03  1.200421100773E-03  1.224478636750E-03  1.248808542241E-03
  1.273409026326E-03  1.298279056180E-03  1.323417957913E-03  1.348998477736E-03
  1.374856868075E-03  1.400991486496E-03  1.427400394488E-03  1.454202911435E-03
  1.481372449557E-03  1.508823591983E-03  1.536553695751E-03  1.564689430710E-03
  1.593221222288E-03  1.622038547285E-03  1.651137979037E-03  1.680724283283E-03
  1.710667083758E-03  1.740897724167E-03  1.771465708816E-03  1.802572457721E-03
  1.833972354059E-03  1.865660564619E-03  1.897890038112E-03  1.930497440148E-03
  1.963397433024E-03  1.996757626211E-03  2.030610987409E-03  2.064760672392E-03
  2.099315644232E-03  2.134453611876E-03  2.169891042227E-03  2.205707300071E-03
  2.242168694910E-03  2.278932041095E-03  2.316078730948E-03  2.353902516730E-03
  2.392030029920E-03  2.430579128019E-03  2.469804371095E-03  2.509334336572E-03
  2.549360843514E-03  2.590026662555E-03  2.630997342987E-03  2.672579481535E-03
  2.714724987247E-03  2.757174555702E-03  2.800393973257E-03  2.844058197898E-03
  2.888056956200E-03  2.932966637017E-03  2.978188453388E-03  3.023954315729E-03
  3.070463223460E-03  3.117281252960E-03  3.164905290453E-03  3.213052945731E-03
  3.261572176495E-03  3.311082926034E-03  3.360908494453E-03  3.411430746241E-03
  3.462663864115E-03  3.514206037081E-03  3.566833238742E-03  3.619828338311E-03
  3.673479663426E-03  3.727964074268E-03  3.782760153986E-03  3.838678571390E-03
  3.895011357454E-03  3.952038635080E-03  4.009946515624E-03  4.068166836771E-03
  4.127634879509E-03  4.187479777374E-03  4.248147291760E-03  4.309657269354E-03
  4.371556232188E-03  4.434772771588E-03  4.498310545615E-03  4.562901452052E-03
  4.628198671280E-03  4.694120235405E-03  4.761220669253E-03  4.828638451294E-03
  4.897456333673E-03  4.966732482140E-03  5.036987340636E-03  5.108168031712E-03
  5.179897299104E-03  5.253029835439E-03  5.326483124579E-03  5.401404642390E-03
  5.476868653011E-03  5.553381268901E-03  5.630905897910E-03  5.709050653328E-03
  5.788687019220E-03  5.868644038324E-03  5.950306385859E-03  6.032437948289E-03
  6.115860633561E-03  6.200220650181E-03  6.285448724001E-03  6.372092429114E-03
  6.459172005240E-03  6.548155990015E-03  6.637466623905E-03  6.728516520214E-03
  6.820236020051E-03  6.913281753481E-03  7.007469788103E-03  7.102562035520E-03
  7.199279742433E-03  7.296470390996E-03  7.395780413291E-03  7.495417784925E-03
  7.597089116291E-03  7.699393635324E-03  7.803326023534E-03  7.908363720830E-03
  8.014614236424E-03  8.122452771349E-03  8.231079860217E-03  8.341788561469E-03
  8.452852080357E-03  8.566501987804E-03  8.680483694832E-03  8.796727148215E-03
  8.913733637745E-03  9.032601422936E-03  9.152707553322E-03  9.274265557690E-03
  9.397548037075E-03  9.521863748827E-03  9.648401181474E-03  9.775543730555E-03
  9.905416664338E-03  1.003561688520E-02  1.016874783941E-02  1.030237680288E-02
  1.043855182914E-02  1.057569438285E-02  1.071498961986E-02  1.085573271152E-02
  1.099822615921E-02  1.114265888930E-02  1.128843045605E-02  1.143664413180E-02
  1.158577568295E-02  1.173786387366E-02  1.189043928112E-02  1.204649787490E-02
  1.220288823578E-02  1.236273033007E-02  1.252320020746E-02  1.268674998005E-02
  1.285140034594E-02  1.301875022679E-02  1.318768455801E-02  1.335892925084E-02
  1.353225359214E-02  1.370749013204E-02  1.388531316063E-02  1.406464097316E-02
  1.424707406505E-02  1.443059502679E-02  1.461775232477E-02  1.480557082548E-02
  1.499756930891E-02  1.518989690901E-02  1.538675187165E-02  1.558405137197E-02
  1.578553249105E-02  1.598792703205E-02  1.619414941152E-02  1.640176519777E-02
  1.661284678997E-02  1.682581316778E-02  1.704187484579E-02  1.726032438288E-02
  1.748149001484E-02  1.770555858206E-02  1.793195510744E-02  1.816178196274E-02
  1.839353947054E-02  1.862926734516E-02  1.886651915423E-02  1.910829434124E-02
  1.935117708273E-02  1.959914952788E-02  1.984780322987E-02  2.010212662498E-02
  2.035678043810E-02  2.061752667826E-02  2.087869990137E-02  2.114565824693E-02
  2.141351263157E-02  2.168683759666E-02  2.196153894355E-02  2.224138889763E-02
  2.252310716097E-02  2.280964442818E-02  2.309855382276E-02  2.339194478396E-02
  2.368822389535E-02  2.398863909300E-02  2.429247099074E-02  2.460008523673E-02
  2.491165759078E-02  2.522665007718E-02  2.554615527765E-02  2.586870969065E-02
  2.619634497097E-02  2.652664960801E-02  2.686261717162E-02  2.720086506185E-02
  2.754537221255E-02  2.789176124075E-02  2.824502051688E-02  2.859975355094E-02
  2.896198286347E-02  2.932526788555E-02  2.969669066026E-02  3.006874090179E-02
  3.044958622572E-02  3.083076578269E-02  3.122112307859E-02  3.161197124609E-02
  3.201176623636E-02  3.241252417400E-02  3.282199252275E-02  3.323290752636E-02
  3.365229088452E-02  3.407361655153E-02  3.450316271803E-02  3.493515911794E-02
  3.537512220587E-02  3.581805605614E-02  3.626869666409E-02  3.672284151150E-02
  3.718442690023E-02  3.765006330813E-02  3.812286758294E-02  3.860028332446E-02
  3.908458762324E-02  3.957407788083E-02  4.007017056838E-02  4.057203813991E-02
  4.108021500842E-02  4.159477052013E-02  4.211533499639E-02  4.264289712300E-02
  4.317616048244E-02  4.371705617473E-02  4.426333776273E-02  4.481790248296E-02
  4.537752994365E-02  4.594610790909E-02  4.651941742205E-02  4.710236185716E-02
  4.768969838234E-02  4.828737177987E-02  4.888908931114E-02  4.950186370260E-02
  5.011832553034E-02  5.074658276639E-02  5.137816174956E-02  5.202229379065E-02
  5.266937263876E-02  5.332978185667E-02  5.399275342220E-02  5.466985291297E-02
  5.534912049470E-02  5.604333440352E-02  5.673931206132E-02  5.745107592004E-02
  5.816418880181E-02  5.889394987964E-02  5.962463456088E-02  6.037285222911E-02
  6.112155706587E-02  6.188870317724E-02  6.265619436559E-02  6.344244795667E-02
  6.422936440393E-02  6.503505761691E-02  6.584189771143E-02  6.666752985017E-02
  6.749480571148E-02  6.834088985179E-02  6.918912777809E-02  7.005619121735E-02
  7.092593215213E-02  7.181451687819E-02  7.270631689734E-02  7.361698007789E-02
  7.453141089818E-02  7.546472539173E-02  7.640237490211E-02  7.735892979176E-02
  7.832040260868E-02  7.930080376010E-02  8.028672180825E-02  8.129159245319E-02
  8.230259557315E-02  8.333257692003E-02  8.436932350452E-02  8.542507537758E-02
  8.648824303784E-02  8.757044454668E-02  8.866073081082E-02  8.977008105204E-02
  9.088820409738E-02  9.202542289019E-02  9.317212231136E-02  9.433795096932E-02
  9.551398858456E-02  9.670919072538E-02  9.791535142307E-02  9.914071381893E-02
  1.003778064469E-01  1.016341399176E-01  1.029029982177E-01  1.041911385693E-01
  1.054926221597E-01  1.068134311711E-01  1.081484265799E-01  1.095027930400E-01
  1.108722147923E-01  1.122610555919E-01  1.136658473531E-01  1.150901086328E-01
  1.165312444136E-01  1.179919027723E-01  1.194703881955E-01  1.209684519628E-01
  1.224853255984E-01  1.240218361734E-01  1.255781709438E-01  1.271542042053E-01
  1.287511088656E-01  1.303677766560E-01  1.320063973521E-01  1.336648490405E-01
  1.353463709495E-01  1.370477950761E-01  1.387734441336E-01  1.405190701404E-01
  1.422901148567E-01  1.440812149082E-01  1.458989682796E-01  1.477368591764E-01
  1.496026806933E-01  1.514887258829E-01  1.534040236392E-01  1.553396353279E-01
  1.573058682339E-01  1.592925096005E-01  1.613111897032E-01  1.633503772192E-01
  1.654230721296E-01  1.675163779863E-01  1.696447134172E-01  1.717937680604E-01
  1.739794304727E-01  1.761859252450E-01  1.784306646018E-01  1.806963544904E-01
  1.830019871151E-01  1.853286936016E-01  1.876971051349E-01  1.900867191408E-01
  1.925198675883E-01  1.949743525073E-01  1.974742713658E-01  1.999956661722E-01
  2.025644676197E-01  2.051548900347E-01  2.077947681640E-01  2.104564178607E-01
  2.131696519296E-01  2.159048137489E-01  2.186937714152E-01  2.215048185586E-01
  2.243719590582E-01  2.272613562159E-01  2.302092334325E-01  2.331795397938E-01
  2.362108051583E-01  2.392646772402E-01  2.423820823831E-01  2.455222766000E-01
  2.487286756638E-01  2.519580505425E-01  2.552564020432E-01  2.585779199708E-01
  2.619712880742E-01  2.653880164420E-01  2.688795714949E-01  2.723946830760E-01
  2.759877012030E-01  2.796044735721E-01  2.833023351122E-01  2.870241488777E-01
  2.908303353969E-01  2.946606709781E-01  2.985787605458E-01  3.025211931806E-01
  3.065548535455E-01  3.106130461591E-01  3.147660254017E-01  3.189437189093E-01
  3.232198330776E-01  3.275208336236E-01  3.319239507845E-01  3.363521133456E-01
  3.408861333990E-01  3.454453410938E-01  3.501141706021E-01  3.548083089550E-01
  3.596158301409E-01  3.644487554479E-01  3.693987883997E-01  3.743742892330E-01
  3.794705462445E-01  3.845922970181E-01  3.898383278681E-01  3.951098332675E-01
  4.005089601224E-01  4.059334890822E-01  4.114887295916E-01  4.170692373917E-01
  4.227832144410E-01  4.285222513913E-01  4.343970878930E-01  4.402966929970E-01
  4.463338900544E-01  4.523954679987E-01  4.585957647758E-01  4.648199446016E-01
  4.711831583057E-01  4.775696321970E-01  4.840944767495E-01  4.906418175519E-01
  4.973256998161E-01  5.040311562068E-01  5.108699491020E-01  5.177292178032E-01
  5.247170102961E-01  5.317239854052E-01  5.388528102862E-01  5.459993107252E-01
  5.532588522933E-01  5.605343296206E-01  5.679116149677E-01  5.753028453777E-01
  5.827819249265E-01  5.902726912464E-01  5.978343165872E-01  6.054050884864E-01
  6.130263983881E-01  6.206540218582E-01  6.283082505731E-01  6.359656609822E-01
  6.436218865526E-01  6.512778631553E-01  6.589008172095E-01  6.665198007465E-01
  6.740697650146E-01  6.816117637288E-01  6.890445818649E-01  6.964651945334E-01
  7.037324303201E-01  7.109830172811E-01  7.180322913077E-01  7.250603253199E-01
  7.318358610201E-01  7.385854883951E-01  7.450288940563E-01  7.514417320041E-01
  7.574930371437E-01  7.635092247963E-01  7.691081763250E-01  7.746676836617E-01
  7.797552889044E-01  7.847994692079E-01  7.893197489405E-01  7.937930963029E-01
  7.976949818858E-01  8.015470261106E-01  8.047863018240E-01  8.079735401510E-01
  8.105146972931E-01  8.130024280820E-01  8.148202648382E-01  8.165841563069E-01
  8.176649317943E-01  8.186921341086E-01  8.190340728130E-01  8.193236707659E-01
  8.189366230536E-01  8.184992375401E-01  8.174033436523E-01  8.162597337914E-01
  8.144830269318E-01  8.126616353548E-01  8.102366742319E-01  8.077702160366E-01
  8.047300879979E-01  8.016515390168E-01  7.980259651689E-01  7.943647015159E-01
  7.901775672496E-01  7.859570085419E-01  7.812271617019E-01  7.764657782951E-01
  7.712112262296E-01  7.659269214925E-01  7.601679191162E-01  7.543810146347E-01
  7.481394895589E-01  7.418719289122E-01  7.351714016089E-01  7.284467154104E-01
  7.213122721470E-01  7.141555518441E-01  7.066137045412E-01  6.990514565889E-01
  6.911300105266E-01  6.831900257538E-01  6.749179392680E-01  6.666291529148E-01
  6.580363909422E-01  6.494287367116E-01  6.405461191201E-01  6.316503780386E-01
  6.225094233855E-01  6.133570681049E-01  6.039898333717E-01  5.946128684504E-01
  5.850517858349E-01  5.754825851008E-01  5.657602954572E-01  5.560314359718E-01
  5.461806206344E-01  5.363247150904E-01  5.263779262257E-01  5.164274538433E-01
  5.064169442512E-01  4.964040811300E-01  4.863616344703E-01  4.763180843679E-01
  4.662748469673E-01  4.562316736646E-01  4.462179892802E-01  4.362054519115E-01
  4.262507010496E-01  4.162980940014E-01  4.064305396047E-01  3.965660387958E-01
  3.868126802803E-01  3.770631978040E-01  3.674496355220E-01  3.578406847257E-01
  3.483909969355E-01  3.389465700094E-01  3.296832043182E-01  3.204256643526E-01
  3.113693453707E-01  3.023193346081E-01  2.934889892126E-01  2.846653548797E-01
  2.760780560541E-01  2.674977947266E-01  2.591687244539E-01  2.508469454189E-01
  2.427893765860E-01  2.347392841504E-01  2.269645809215E-01  2.191974751126E-01
  2.117151107674E-01  2.042404054195E-01  1.970579962692E-01  1.898832531051E-01
  1.830066068060E-01  1.761375838362E-01  1.695707602285E-01  1.630114725995E-01
  1.567568551098E-01  1.505096464479E-01  1.445680220993E-01  1.386336444012E-01
  1.330042905608E-01  1.273819907724E-01  1.220627669189E-01  1.167503784958E-01
  1.117378214927E-01  1.067318594357E-01  1.020212810233E-01  9.731703911428E-02
  9.290262457856E-02  8.849427378250E-02  8.436918099558E-02  8.024986823162E-02
  7.640632648169E-02  7.256827318588E-02  6.899768140223E-02  6.543228149341E-02
  6.212530562374E-02  5.882322263235E-02  5.576989203256E-02  5.272115525436E-02
  4.991095800421E-02  4.710505759289E-02  4.452703465408E-02  4.195301556886E-02
  3.959585365975E-02  3.724240834090E-02  3.509453132235E-02  3.295009088739E-02
  3.099974934803E-02  2.905257299516E-02  2.728793160660E-02  2.552619379392E-02
  2.393541589032E-02  2.234729074390E-02  2.091861948044E-02  1.949236178470E-02
  1.821419715766E-02  1.693821921044E-02  1.579919018602E-02  1.466213376563E-02
  1.365116477031E-02  1.264196746816E-02  1.174833854113E-02  1.085629376172E-02
  1.006969375638E-02  9.284503773219E-03  8.595076114850E-03  7.906897691091E-03
  7.305278342809E-03  6.704760570512E-03  6.182108021120E-03  5.660422194305E-03
  5.208439450050E-03  4.757300954950E-03  4.368249683860E-03  3.979932056040E-03
  3.646639190587E-03  3.313980645324E-03  3.029837890413E-03  2.746240773545E-03
  2.505197587344E-03  2.264621313962E-03  2.061172025827E-03  1.858120170480E-03
  1.687285971307E-03  1.516788244233E-03  1.374094829879E-03  1.231684718746E-03
  1.113136387337E-03  9.948252639910E-04  8.968762648490E-04  7.991247533437E-04
  7.186486613355E-04  6.383360394977E-04  5.725938868448E-04  5.069862518566E-04
  4.535940930582E-04  4.003119651846E-04  3.572084831530E-04  3.141944542595E-04
  2.796091403919E-04  2.450960986329E-04  2.175184595863E-04  1.899988418204E-04
  1.681490042016E-04  1.463454462837E-04  1.291464499704E-04  1.119841247348E-04
  9.853611839555E-05  8.511697415658E-05  7.467345458969E-05  6.425249519916E-05
  5.619866683386E-05  4.816234920502E-05  4.199562250052E-05  3.584239004135E-05
  3.115498821953E-05  2.647790944144E-05  2.294151224415E-05  1.941295317528E-05
  1.676527406795E-05  1.412350092210E-05  1.215667002304E-05  1.019425450652E-05
  8.744862920199E-06  7.298746015259E-06  6.239397440250E-06  5.182457737935E-06
  4.414669339798E-06  3.648638142418E-06  3.096933796943E-06  2.546500341038E-06
  2.153544517268E-06  1.761499837014E-06  1.484128675803E-06  1.207404909635E-06
  1.013421592574E-06  8.198940646978E-07  6.855075709261E-07  5.514389669010E-07
  4.592380905434E-07  3.672568028804E-07  3.046242698832E-07  2.421419350839E-07
  2.000261444783E-07  1.580120579315E-07  1.299860188446E-07  1.020281390920E-07
  8.357632326756E-08  6.516970527937E-08  5.315362000864E-08  4.116718332368E-08
  3.342940565459E-08  2.571086200737E-08  2.078504126572E-08  1.587155721412E-08
  1.277252108319E-08  9.681306075519E-09  7.754962433467E-09  5.833518357464E-09
  4.650831703584E-09  3.471177109111E-09  2.754204217270E-09  2.039084325887E-09
  1.610048959849E-09  1.182131604717E-09  9.287953578832E-10  6.761248569213E-10
  5.285630282888E-10  3.813923200098E-10  2.966350459851E-10  2.121043989440E-10
  1.641140494247E-10  1.162531696537E-10  8.947698587324E-11  6.277370204504E-11
  4.805733412527E-11  3.338140814735E-11  2.541711139533E-11  1.747491086825E-11
  1.323246868132E-11  9.001912337258E-12  6.778252341067E-12  4.560883769229E-12
  3.414653874854E-12  2.271700690453E-12  1.137483936829E-12  3.293753339236E-15
  0.000000000000E+00  0.000000000000E+00  0.000000000000E+00  0.000000000000E+00
  0.000000000000E+00  0.000000000000E+00  0.000000000000E+00  0.000000000000E+00
  0.000000000000E+00  0.000000000000E+00  0.000000000000E+00  0.000000000000E+00
  0.000000000000E+00  0.000000000000E+00  0.000000000000E+00  0.000000000000E+00
  0.000000000000E+00  0.000000000000E+00  0.000000000000E+00  0.000000000000E+00
  0.000000000000E+00  0.000000000000E+00  0.000000000000E+00  0.000000000000E+00
  0.000000000000E+00  0.000000000000E+00  0.000000000000E+00  0.000000000000E+00
  0.000000000000E+00  0.000000000000E+00  0.000000000000E+00  0.000000000000E+00
  0.000000000000E+00  0.000000000000E+00  0.000000000000E+00  0.000000000000E+00
  0.000000000000E+00  0.000000000000E+00  0.000000000000E+00  0.000000000000E+00
  0.000000000000E+00  0.000000000000E+00  0.000000000000E+00  0.000000000000E+00
  0.000000000000E+00  0.000000000000E+00  0.000000000000E+00  0.000000000000E+00
  0.000000000000E+00  0.000000000000E+00  0.000000000000E+00  0.000000000000E+00
  0.000000000000E+00  0.000000000000E+00  0.000000000000E+00  0.000000000000E+00
  0.000000000000E+00  0.000000000000E+00  0.000000000000E+00  0.000000000000E+00
  0.000000000000E+00  0.000000000000E+00  0.000000000000E+00  0.000000000000E+00
  0.000000000000E+00  0.000000000000E+00  0.000000000000E+00  0.000000000000E+00
  0.000000000000E+00  0.000000000000E+00  0.000000000000E+00  0.000000000000E+00
  0.000000000000E+00  0.000000000000E+00  0.000000000000E+00  0.000000000000E+00
  0.000000000000E+00  0.000000000000E+00  0.000000000000E+00  0.000000000000E+00
  0.000000000000E+00
 Pseudo-wave-function follows (l, zelect, rc)
 1  2.000000000000E+00  1.498152959386E+00
  3.830775299952E-10  1.551176432660E-09  3.533206468202E-09  6.358908319440E-09
  1.005887554991E-08  1.466457712194E-08  2.020838048873E-08  2.672357527487E-08
  3.424439756002E-08  4.280605478088E-08  5.244475126692E-08  6.319771442587E-08
  7.510322159508E-08  8.820062757555E-08  1.025303928657E-07  1.181341126125E-07
  1.350545462976E-07  1.533356481772E-07  1.730225984947E-07  1.941618354846E-07
  2.168010881885E-07  2.409894101030E-07  2.667772136802E-07  2.942163057025E-07
  3.233599235529E-07  3.542627724044E-07  3.869810633500E-07  4.215725524980E-07
  4.580965810562E-07  4.966141164293E-07  5.371877943561E-07  5.798819621110E-07
  6.247627227973E-07  6.718979807595E-07  7.213574881418E-07  7.732128926228E-07
  8.275377863542E-07  8.844077561345E-07  9.439004348488E-07  1.006095554205E-06
  1.071074998801E-06  1.138922861551E-06  1.209725500516E-06  1.283571597155E-06
  1.360552216056E-06  1.440760866158E-06  1.524293563527E-06  1.611248895701E-06
  1.701728087660E-06  1.795835069457E-06  1.893676545544E-06  1.995362065844E-06
  2.101004098616E-06  2.210718105138E-06  2.324622616280E-06  2.442839310992E-06
  2.565956877156E-06  2.693182040801E-06  2.825076143455E-06  2.961766264410E-06
  3.103379304707E-06  3.250041597274E-06  3.402143445473E-06  3.559911337106E-06
  3.723248088669E-06  3.892288311425E-06  4.067164907822E-06  4.248008542135E-06
  4.434947060515E-06  4.628104856748E-06  4.827602179739E-06  5.033610100311E-06
  5.247997140314E-06  5.469333854219E-06  5.697741113260E-06  5.933333060085E-06
  6.176216096563E-06  6.426487785329E-06  6.687243856964E-06  6.955979831706E-06
  7.232772694891E-06  7.517709565978E-06  7.810879296548E-06  8.116560183926E-06
  8.431095624485E-06  8.754555762560E-06  9.086993844302E-06  9.431608943353E-06
  9.788008357635E-06  1.015412565498E-05  1.052998395427E-05  1.091921391716E-05
  1.132187836373E-05  1.173504856109E-05  1.215870562386E-05  1.259908589294E-05
  1.305267616635E-05  1.351753069695E-05  1.399527619511E-05  1.449260892437E-05
  1.500201147603E-05  1.552337562395E-05  1.606534137768E-05  1.662286312267E-05
  1.719313785220E-05  1.778217085849E-05  1.839161198661E-05  1.901461010801E-05
  1.965524996100E-05  2.032064733492E-05  2.100041136711E-05  2.169764099547E-05
  2.242327482124E-05  2.316408201999E-05  2.392337228997E-05  2.471377151757E-05
  2.552013736660E-05  2.634749615272E-05  2.720744227214E-05  2.808412206475E-05
  2.898614824608E-05  2.992067708825E-05  3.087266516573E-05  3.185660805166E-05
  3.287100913917E-05  3.390353528256E-05  3.497736002257E-05  3.607717294191E-05
  3.719736000284E-05  3.836815492188E-05  3.955916210550E-05  4.078260269605E-05
  4.205007073424E-05  4.333828594591E-05  4.467506092158E-05  4.604557240803E-05
  4.744110933788E-05  4.889841534802E-05  5.037856953553E-05  5.190437994543E-05
  5.347786943532E-05  5.507447090650E-05  5.674332469840E-05  5.844020706525E-05
  6.018355233283E-05  6.198617394482E-05  6.381384558640E-05  6.572170968838E-05
  6.766287995905E-05  6.965662611806E-05  7.171745410450E-05  7.380516659013E-05
  7.598819742427E-05  7.820421986385E-05  8.048627828413E-05  8.283755369848E-05
  8.522343118573E-05  8.771726284233E-05  9.024194308411E-05  9.285605503415E-05
  9.553343543056E-05  9.826728188394E-05  1.011055863766E-04  1.039762059639E-04
  1.069728495920E-04  1.100156564147E-04  1.131504107211E-04  1.163746556129E-04
  1.196542242219E-04  1.230696363753E-04  1.265210929221E-04  1.301178632992E-04
  1.337736288530E-04  1.375374745997E-04  1.414084803626E-04  1.453475260393E-04
  1.494452673337E-04  1.535824780498E-04  1.579046019285E-04  1.622838399883E-04
  1.668081384570E-04  1.714423035434E-04  1.761786257378E-04  1.810812819876E-04
  1.860399620762E-04  1.912253717355E-04  1.964565030147E-04  2.019004117565E-04
  2.074329771300E-04  2.131335459546E-04  2.189835286740E-04  2.249532886641E-04
  2.311374931597E-04  2.373895934136E-04  2.439256868225E-04  2.505133033370E-04
  2.573804808977E-04  2.643427272950E-04  2.715358796026E-04  2.788925271602E-04
  2.864276020078E-04  2.941994353639E-04  3.020931679915E-04  3.103020363100E-04
  3.185719884769E-04  3.272408591712E-04  3.359703726205E-04  3.450584753086E-04
  3.542770189831E-04  3.637996005422E-04  3.735328382633E-04  3.835112025131E-04
  3.937861095780E-04  4.042426133876E-04  4.150875426454E-04  4.260456481684E-04
  4.374903993916E-04  4.490033182083E-04  4.610506216015E-04  4.732002504460E-04
  4.858269649127E-04  4.986465487472E-04  5.118811394636E-04  5.254056173428E-04
  5.392779575231E-04  5.535440477514E-04  5.680854884444E-04  5.831317779671E-04
  5.983752213022E-04  6.142422595377E-04  6.302222355891E-04  6.469526329210E-04
  6.637672668102E-04  6.813439115216E-04  6.990735293375E-04  7.175011748343E-04
  7.361932284830E-04  7.555137711367E-04  7.752181208094E-04  7.954755301966E-04
  8.162445649745E-04  8.374849864810E-04  8.593737509042E-04  8.816456133771E-04
  9.047119402644E-04  9.280660689581E-04  9.523707187819E-04  9.768604538541E-04
  1.002467260985E-03  1.028176820827E-03  1.055124607964E-03  1.082211823015E-03
  1.110471958780E-03  1.139007777484E-03  1.168644976172E-03  1.198703930676E-03
  1.229786107260E-03  1.261446491931E-03  1.294044919944E-03  1.327388978631E-03
  1.361578455765E-03  1.396692578226E-03  1.432551600005E-03  1.469526527924E-03
  1.507137469834E-03  1.546068512900E-03  1.585517821382E-03  1.626505083882E-03
  1.667883476605E-03  1.711032095042E-03  1.754434770888E-03  1.799855163130E-03
  1.845412925663E-03  1.893190148866E-03  1.941146929562E-03  1.991263661602E-03
  2.041741901167E-03  2.094313588355E-03  2.147441865808E-03  2.202589648326E-03
  2.258502983583E-03  2.316353974086E-03  2.375194145078E-03  2.435881720643E-03
  2.497797595627E-03  2.561461703667E-03  2.626609589418E-03  2.693397068193E-03
  2.761941074794E-03  2.832005989178E-03  2.904118412141E-03  2.977622405329E-03
  3.053484125835E-03  3.130596787710E-03  3.210397691743E-03  3.291296944628E-03
  3.375236361852E-03  3.460108864429E-03  3.548396027653E-03  3.637437597826E-03
  3.730292123941E-03  3.823708181489E-03  3.921360574801E-03  4.019366604643E-03
  4.122058783548E-03  4.224959680604E-03  4.332866668478E-03  4.441078239015E-03
  4.554287746362E-03  4.668077398917E-03  4.786850265630E-03  4.906498602234E-03
  5.031108391271E-03  5.156909839660E-03  5.287643443538E-03  5.419906917917E-03
  5.557065192581E-03  5.696114784061E-03  5.840013211191E-03  5.986188909019E-03
  6.137158287872E-03  6.290816732625E-03  6.449203902527E-03  6.610719172429E-03
  6.776887767049E-03  6.946652198602E-03  7.120983433161E-03  7.299408477295E-03
  7.482301969873E-03  7.669819084814E-03  7.861693712929E-03  8.058755294996E-03
  8.260050088631E-03  8.467130442180E-03  8.678305514442E-03  8.895901862133E-03
  9.117439378714E-03  9.346072913307E-03  9.578478101904E-03  9.818695080717E-03
  1.006249728156E-02  1.031487016473E-02  1.057062392334E-02  1.083575255691E-02
  1.110403876012E-02  1.138255160510E-02  1.166397866139E-02  1.195653406954E-02
  1.225173913469E-02  1.255902667205E-02  1.286867692091E-02  1.319141873977E-02
  1.351621268498E-02  1.385516494485E-02  1.419583380323E-02  1.455178814144E-02
  1.490909724853E-02  1.528288230060E-02  1.565763257375E-02  1.605011554380E-02
  1.644314499414E-02  1.685523327503E-02  1.726774044140E-02  1.770006141117E-02
  1.813315566528E-02  1.858650970975E-02  1.904118556574E-02  1.951657519239E-02
  1.999387256870E-02  2.049234566200E-02  2.099335169367E-02  2.151600331038E-02
  2.204185420559E-02  2.258982841256E-02  2.314171135075E-02  2.371620310273E-02
  2.429535817154E-02  2.489761522587E-02  2.550533739315E-02  2.613666225761E-02
  2.677430337418E-02  2.743605528356E-02  2.810502611166E-02  2.879862302769E-02
  2.950039528912E-02  3.022731591776E-02  3.096342435463E-02  3.172521017337E-02
  3.249725461347E-02  3.329551190056E-02  3.410515931797E-02  3.494156117397E-02
  3.579054773435E-02  3.666683608523E-02  3.755696916348E-02  3.847495673288E-02
  3.940811688965E-02  4.036968912637E-02  4.134783202754E-02  4.235494897239E-02
  4.338010723415E-02  4.443480530845E-02  4.550909024814E-02  4.661348394370E-02
  4.773908721428E-02  4.889537066277E-02  5.007456574611E-02  5.128501414247E-02
  5.252015767390E-02  5.378712852623E-02  5.508066141962E-02  5.640659559434E-02
  5.776104393360E-02  5.914846646174E-02  6.056644212095E-02  6.201796272738E-02
  6.350216367795E-02  6.502047699180E-02  6.657368725057E-02  6.816157265040E-02
  6.978666181821E-02  7.144698286138E-02  7.314690519654E-02  7.488260857698E-02
  7.666040154303E-02  7.847451551643E-02  8.033329773779E-02  8.222892994794E-02
  8.417189850123E-02  8.615223313499E-02  8.818266009762E-02  9.025095429009E-02
  9.237218246096E-02  9.453176186577E-02  9.674719956649E-02  9.900145299946E-02
  1.013145678569E-01  1.036669409144E-01  1.060812525190E-01  1.085352400651E-01
  1.110543113907E-01  1.136134488000E-01  1.162408762657E-01  1.189087293021E-01
  1.216481313466E-01  1.244282845499E-01  1.272832885857E-01  1.301793320326E-01
  1.331535596358E-01  1.361690739352E-01  1.392661241267E-01  1.424046635025E-01
  1.456280939662E-01  1.488931672781E-01  1.522464733612E-01  1.556415229089E-01
  1.591281142470E-01  1.626564922019E-01  1.662796668099E-01  1.699446091202E-01
  1.737075247943E-01  1.775121224102E-01  1.814177652907E-01  1.853649325631E-01
  1.894160827185E-01  1.935085228363E-01  1.977077167409E-01  2.019478840831E-01
  2.062973738815E-01  2.106874331835E-01  2.151891426598E-01  2.197309249167E-01
  2.243864021189E-01  2.290813571836E-01  2.338917236946E-01  2.387408695694E-01
  2.437067664671E-01  2.487106353383E-01  2.538321659470E-01  2.589907470748E-01
  2.642674166842E-01  2.695800963329E-01  2.750107491456E-01  2.804762478254E-01
  2.860590014956E-01  2.916753088887E-01  2.974074871274E-01  3.031717951856E-01
  3.090498590409E-01  3.149584938742E-01  3.209779724409E-01  3.270263257624E-01
  3.331817472386E-01  3.393642082952E-01  3.456490324834E-01  3.519589215796E-01
  3.583654751212E-01  3.647949800340E-01  3.713143958727E-01  3.778545126615E-01
  3.844766754415E-01  3.911171553635E-01  3.978306546862E-01  4.045599591443E-01
  4.113520528200E-01  4.181573184762E-01  4.250139081053E-01  4.318809244901E-01
  4.387865458906E-01  4.456997480117E-01  4.526375791503E-01  4.595800577395E-01
  4.665319469208E-01  4.734854790468E-01  4.804319961410E-01  4.873770989339E-01
  4.942976123693E-01  5.012136225378E-01  5.080864046222E-01  5.149515862725E-01
  5.217539491222E-01  5.285456320918E-01  5.352540960140E-01  5.419488464914E-01
  5.485393420704E-01  5.551131666628E-01  5.615612710216E-01  5.679898546490E-01
  5.742710613875E-01  5.805300384021E-01  5.866200595483E-01  5.926853163074E-01
  5.985604132543E-01  6.044084190132E-01  6.100457578801E-01  6.156539193383E-01
  6.210319445058E-01  6.263789776587E-01  6.314777954328E-01  6.365441066009E-01
  6.413458691178E-01  6.461139352014E-01  6.506032128617E-01  6.550579490730E-01
  6.592220780835E-01  6.633511797282E-01  6.671805698282E-01  6.709748132455E-01
  6.744631995075E-01  6.779166861338E-01  6.810613079820E-01  6.841716348007E-01
  6.869733251876E-01  6.897416646780E-01  6.922048328396E-01  6.946359060602E-01
  6.967683985432E-01  6.988703263131E-01  7.006831531766E-01  7.024671725742E-01
  7.039740889666E-01  7.054541257136E-01  7.066710636017E-01  7.078631555277E-01
  7.088075064548E-01  7.097290793969E-01  7.104188370944E-01  7.110878425954E-01
  7.115406244601E-01  7.119745588972E-01  7.122065382406E-01  7.124213759985E-01
  7.124461730142E-01  7.124552624457E-01  7.122828612638E-01  7.120958516886E-01
  7.117316334311E-01  7.113535239864E-01  7.107975300472E-01  7.102279554227E-01
  7.094745180577E-01  7.087074086757E-01  7.077453011130E-01  7.067690697249E-01
  7.055823245776E-01  7.043807264986E-01  7.029502321279E-01  7.015040050084E-01
  6.998098892131E-01  6.980991746099E-01  6.961237878594E-01  6.941311348412E-01
  6.918621027676E-01  6.895755045496E-01  6.870077667767E-01  6.844226196962E-01
  6.815578322210E-01  6.786761732476E-01  6.755192027573E-01  6.723460484078E-01
  6.689022855239E-01  6.654430231751E-01  6.617187593649E-01  6.579797060967E-01
  6.539820931791E-01  6.499704196662E-01  6.457073689262E-01  6.414309977940E-01
  6.369111664584E-01  6.323787639768E-01  6.276115266217E-01  6.228324732433E-01
  6.178278923499E-01  6.128122535147E-01  6.075810481264E-01  6.023395430503E-01
  5.968930551758E-01  5.914370233734E-01  5.857871819153E-01  5.801285472381E-01
  5.742878291372E-01  5.684390610156E-01  5.624204492442E-01  5.563945207656E-01
  5.502114587693E-01  5.440218011925E-01  5.376881432000E-01  5.313485963185E-01
  5.248785540993E-01  5.184033130846E-01  5.118113971003E-01  5.052149536601E-01
  4.985159102819E-01  4.918129899651E-01  4.850217340922E-01  4.782272289701E-01
  4.713587726086E-01  4.644876699435E-01  4.575570474803E-01  4.506243551174E-01
  4.436465463283E-01  4.366672158558E-01  4.296570679768E-01  4.226459169863E-01
  4.156180674122E-01  4.085897024265E-01  4.015585037550E-01  3.945272455380E-01
  3.875066947279E-01  3.804865077400E-01  3.734901810856E-01  3.664946087785E-01
  3.595356042213E-01  3.525777116828E-01  3.456685996982E-01  3.387609248717E-01
  3.319137088023E-01  3.250682231403E-01  3.182943094296E-01  3.115223884225E-01
  3.048325667623E-01  2.981449703467E-01  2.915494033245E-01  2.849562657467E-01
  2.784644871857E-01  2.719753155083E-01  2.655962363580E-01  2.592199164656E-01
  2.529618368440E-01  2.467066455473E-01  2.405772713571E-01  2.344508930206E-01
  2.284573554729E-01  2.224669015042E-01  2.166157778762E-01  2.107678074102E-01
  2.050651414431E-01  1.993656816326E-01  1.938170021219E-01  1.882715665974E-01
  1.828819029491E-01  1.774955072282E-01  1.722694010226E-01  1.670465739195E-01
  1.619880858442E-01  1.569328762497E-01  1.520455881065E-01  1.471615668502E-01
  1.424485787010E-01  1.377388355669E-01  1.332027584363E-01  1.286698947557E-01
  1.243128396339E-01  1.199589572024E-01  1.157825213745E-01  1.116092087215E-01
  1.076144606656E-01  1.036227779196E-01  9.981024215437E-02  9.600070588226E-02
  9.237034919810E-02  8.874291865142E-02  8.529413912128E-02  8.184820528110E-02
  7.857982533031E-02  7.531420402497E-02  7.222446864835E-02  6.913739882746E-02
  6.622397979858E-02  6.331312780275E-02  6.057313444212E-02  5.783560483009E-02
  5.526560160622E-02  5.269795480891E-02  5.029398575881E-02  4.789226254311E-02
  4.564988223166E-02  4.340963469083E-02  4.132394519544E-02  3.924027375060E-02
  3.730596696542E-02  3.537356267167E-02  3.358496707986E-02  3.179815838562E-02
  3.014928934884E-02  2.850209235820E-02  2.698670491753E-02  2.547287615123E-02
  2.408451931971E-02  2.269760995661E-02  2.142968150412E-02  2.016309210590E-02
  1.900889288732E-02  1.785592765936E-02  1.680871460963E-02  1.576263432402E-02
  1.481567133413E-02  1.386974413056E-02  1.301635011991E-02  1.216389950213E-02
  1.139749311180E-02  1.063194256566E-02  9.946083008461E-03  9.260996778998E-03
  8.649420493460E-03  8.038540169424E-03  7.495193032346E-03  6.952469693815E-03
  6.471534648379E-03  5.991156435245E-03  5.567076486504E-03  5.143491540217E-03
  4.770988156252E-03  4.398922973478E-03  4.073010007634E-03  3.747483321415E-03
  3.463476638170E-03  3.179809009170E-03  2.933332053224E-03  2.687151410522E-03
  2.474137005501E-03  2.261380423091E-03  2.078069122951E-03  1.894981154711E-03
  1.737916497980E-03  1.581044420834E-03  1.447065455588E-03  1.313251788301E-03
  1.199483244862E-03  1.085855918961E-03  9.896964085064E-04  8.936569689933E-04
  8.127655802360E-04  7.319757877166E-04  6.642574414571E-04  5.966246349802E-04
  5.402145385565E-04  4.838761006600E-04  4.371236219153E-04  3.904308650269E-04
  3.518831194200E-04  3.133848867746E-04  2.817703024631E-04  2.501965479490E-04
  2.244086430089E-04  1.986542237257E-04  1.777357979371E-04  1.568446815558E-04
  1.399725931517E-04  1.231226501810E-04  1.095933163531E-04  9.608183585230E-05
  8.529756523086E-05  7.452760197980E-05  6.598383833267E-05  5.745147053726E-05
  5.072500000101E-05  4.400754971712E-05  3.874569935104E-05  3.349094332699E-05
  2.940177693877E-05  2.531815376504E-05  2.216165196529E-05  1.900945245791E-05
  1.658964785370E-05  1.417315957642E-05  1.233118487487E-05  1.049174858679E-05
  9.099745259611E-06  7.709670973162E-06  6.665497899629E-06  5.622780010862E-06
  4.845460279096E-06  4.069230023744E-06  3.495055592705E-06  2.921690530355E-06
  2.500950640623E-06  2.080807315466E-06  1.775020272304E-06  1.469669392056E-06
  1.249286692721E-06  1.029220223760E-06  8.717491085142E-07  7.145053192155E-07
  6.029742337523E-07  4.916051443825E-07  4.133222482450E-07  3.351537653243E-07
  2.807140670631E-07  2.263544384037E-07  1.888535190201E-07  1.514081107919E-07
  1.258256376460E-07  1.002812809844E-07  8.300254191812E-08  6.574971847607E-08
  5.419811109177E-08  4.266394667881E-08  3.502166115161E-08  2.739099491959E-08
  2.238901879816E-08  1.739470090373E-08  1.415663816415E-08  1.092356824202E-08
  8.850878431922E-09  6.781407676981E-09  3.396944660492E-09  8.924111823787E-12
  0.000000000000E+00  0.000000000000E+00  0.000000000000E+00  0.000000000000E+00
  0.000000000000E+00  0.000000000000E+00  0.000000000000E+00  0.000000000000E+00
  0.000000000000E+00  0.000000000000E+00  0.000000000000E+00  0.000000000000E+00
  0.000000000000E+00  0.000000000000E+00  0.000000000000E+00  0.000000000000E+00
  0.000000000000E+00  0.000000000000E+00  0.000000000000E+00  0.000000000000E+00
  0.000000000000E+00  0.000000000000E+00  0.000000000000E+00  0.000000000000E+00
  0.000000000000E+00  0.000000000000E+00  0.000000000000E+00  0.000000000000E+00
  0.000000000000E+00  0.000000000000E+00  0.000000000000E+00  0.000000000000E+00
  0.000000000000E+00  0.000000000000E+00  0.000000000000E+00  0.000000000000E+00
  0.000000000000E+00  0.000000000000E+00  0.000000000000E+00  0.000000000000E+00
  0.000000000000E+00  0.000000000000E+00  0.000000000000E+00  0.000000000000E+00
  0.000000000000E+00  0.000000000000E+00  0.000000000000E+00  0.000000000000E+00
  0.000000000000E+00  0.000000000000E+00  0.000000000000E+00  0.000000000000E+00
  0.000000000000E+00  0.000000000000E+00  0.000000000000E+00  0.000000000000E+00
  0.000000000000E+00  0.000000000000E+00  0.000000000000E+00  0.000000000000E+00
  0.000000000000E+00  0.000000000000E+00  0.000000000000E+00  0.000000000000E+00
  0.000000000000E+00  0.000000000000E+00  0.000000000000E+00  0.000000000000E+00
  0.000000000000E+00  0.000000000000E+00  0.000000000000E+00  0.000000000000E+00
  0.000000000000E+00
