
 =================================================================

  PARSEC-PYTHON - Modular real-space DFT program
  PARSEC-like report; Python real-space implementation

 starting run on 31-Aug-2026 23:57:47 -0700
 input file: C:\Users\zigze\Desktop\parsec_python\src\accelerated_architecture\benchmarks\0_CH4_CF4\python_pbe\CH4\IS\parsec.in

 =================================================================

 Initial Run - starting from atomic potentials
 ignoresym= F

 Grid data:
 ~~------~~

 Confined system (cluster) with zero boundary condition!
  Spherical domain shape:
 --- Radius is  11.448589 bohrs
 Grid spacing is  0.226767 bohrs
 Order of double grid is    1
 Grid points are shifted from origin!
 shift vector =   0.5000   0.5000   0.5000   [units of grid spacing]
 WAVEFUNCTIONS ARE REAL!
 The Finite-difference expansion is of order  8
 Python constructs the full active grid; the selected execution backend reports any exact symmetry reduction.

 Eigenvalue data:
 ----------------
 Number of states:           65
 Net cluster charge =    0.000      [e]
 Fermi temperature =   1160.45 [K]

 Self-consistency data:
 ----------------------
 Maximum number of iterations is          100
 Performing Chebyshev subspace filtering
 Polynomial degree for First-filter is     24
 The matvec operations use block size     16
 Polynomial degree for Chebyshev filtering is     12
 Change in polynomial degree (dpm) for Chebyshev filtering is      3
 Self-consistency convergence criterion is    1.0000000000000001E-05  Ry
 Diagonalization tolerance is    1.0000000000000001E-05
 Buffer size in subspace is      6

 Mixer data:
 -----------
 solver lpole is :            9
 Anderson mixer
 Initial Jacobian:  0.300  Mixing memory is  4
 Mixing restarted after           20 iterations

 Correlation data:
 -----------------
 Exchange-Correlation functional is pbe
 GGA, Perdew-Burke-Ernzerhof parametrization

 Other input data:
 -----------------
 output level [1 - 6] =  1
 No spin effects!
 No minimization!


 Atom data:
 --~--~---

 Tot. # of atom types is     2

 Chemical element : C
 Physical element : C
 martins_new
  pseudopotential format : new Martins
  pseudopotential file   : C:\Users\zigze\Desktop\parsec_python\src\accelerated_architecture\benchmarks\0_CH4_CF4\python_pbe\CH4\IS\C_POTRE.DAT
  radial points/channels : 921 / 2
  selected local channel : l=1
 There are      1 C  atoms
 and their initial coordinates are:

    x [bohr]          y [bohr]          z [bohr]
     -0.000045117     -0.000021369     -0.000024143

 Chemical element : H
 Physical element : H
 martins_new
  pseudopotential format : new Martins
  pseudopotential file   : C:\Users\zigze\Desktop\parsec_python\src\accelerated_architecture\benchmarks\0_CH4_CF4\python_pbe\CH4\IS\H_POTRE.DAT
  radial points/channels : 773 / 1
  selected local channel : l=0
 There are      4 H  atoms
 and their initial coordinates are:

    x [bohr]          y [bohr]          z [bohr]
      1.727954967     -1.127608747      0.176302644
     -1.642194097     -1.259755193     -0.070031554
     -0.168771272      1.264170764      1.631493405
      0.083093085      1.123132447     -1.737906362

 Tot. number of atoms =       5

 Real-space setup:
 -----------------
 Full active grid points =       539152
 Hamiltonian dimension   =       539152
 Sparse Laplacian nonzeros =    12998800
 Nonlocal projector columns =        1
 Number of electrons =     8.00000000
 Initial density integral =     8.00000000

 Setup timings [sec]
 --------------------------------------------------
 Pseudopotential loading       :     0.016498
 Grid-domain construction      :     0.064459
 Finite-difference construction:     0.157781
 Local ionic potential setup   :     0.092391
 Nonlocal ionic projector setup:     0.005836
 Initial valence-density setup :     2.526758
 Core-density setup            :     0.000024
 Ion-ion energy setup           :     0.000069
 Preparation wall time          :     2.863879
 --------------------------------------------------

 Acceleration backend:
 ---------------------
 Requested backend = auto
 Selected backend  = cupy
 Numeric dtype     = float64
 Device            = CUDA:0 (NVIDIA GeForce RTX 5070 Laptop GPU)
 Implementation    = CuPy float64 device-resident stencil-major/compact-CSR Hamiltonian with fused Chebyshev recurrence, CHEBFF/CHEBDAV/SUBSPACE eigensolver, and fused orbital-density construction
 laplacian_nnz = 12998800
 projector_columns = 1
 cupy_version = 14.0.1
 gpu_finite_difference_storage = stencil_major_int32_neighbors_uint8_coefficient_palette
 gpu_finite_difference_palette_size = 5
 gpu_finite_difference_fallback = none
 gpu_chebyshev_recurrence = fused_hamiltonian_recurrence
 gpu_later_subspace_filter_precision = float32 stencil/projectors/recurrence; float64 Ritz and SCF
 gpu_nonlocal_application = B.T projection plus KB scatter fused into CUDA stencil
 gpu_projector_reduction = parallel
 gpu_subspace_residuals = disabled_diagnostics_only
 cuda_initialization_overlap = cuda_probe_with_cpu_reference_setup
 backend_resolution_seconds = 2.860442
 reference_preparation_seconds = 2.868575
 backend_reference_overlapped_seconds = 2.859796
 symmetry_mode = auto
 symmetry_detection = identity only; no nontrivial supported symmetry detected
 detected_symmetry_group_order = 1
 orbital_symmetry = full grid (no nontrivial supported symmetry)
 finite_difference_builder = C++17 compressed-grid CSR builder (exact stencil parity)
 ionic_setup_implementation = cached-grid C++/OpenMP radial interpolation and KB sampling
 hartree_backend = native
 hartree_implementation = cached C++/OpenMP multipole boundary/RHS plus cached C++/OpenMP CG
 xc_implementation = vectorized NumPy discrete-variational PBE
 finite_difference_full_grid_materialization = performed
 finite_difference_provenance_key = dbbe2cabb2258d05cbc2d5b34a442e7284ce801010eace1d176fce5f22e64005
 finite_difference_provenance_hash_seconds = 0.008770
 finite_difference_nnz_count_seconds = 0.148999
 finite_difference_nnz_cache = miss-written
 finite_difference_nnz_cache_path = C:\Users\zigze\Desktop\parsec_python\src\accelerated_architecture\benchmarks\0_CH4_CF4\python_pbe\CH4\IS\.parsec_cache\symmetry\negative-laplacian-nnz-v1-dbbe2cabb2258d05cbc2d5b34a442e7284ce801010eace1d176fce5f22e64005.json
 finite_difference_materialization_seconds = 0.329585
 reference_static_cache = disabled
 reference_static_cache_lookup_seconds = 0.000000
 symmetry_geometry_cache = miss-written
 symmetry_geometry_cache_key = 910d9ee00fc541e28a579c51e6f7e1eb70bf2362a40013f4419e574f79f86759
 symmetry_geometry_cache_path = C:\Users\zigze\Desktop\parsec_python\src\accelerated_architecture\benchmarks\0_CH4_CF4\python_pbe\CH4\IS\.parsec_cache\symmetry\reflection-reduction-v2-910d9ee00fc541e28a579c51e6f7e1eb70bf2362a40013f4419e574f79f86759.npz
 symmetry_geometry_hash_seconds = 0.025865
 symmetry_geometry_cache_load_seconds = 0.000000
 symmetry_geometry_build_seconds = 0.294418
 symmetry_geometry_cache_write_seconds = 0.014741
 gpu_initial_random_basis = bit-exact 2048-lane skip-ahead DLARNV generator
 gpu_chebdav_ritz_scalar_source = reuse values already returned by host LAPACK
 gpu_chebdav_appended_orthogonalization = not used by the selected first eigensolver
 gpu_chebdav_prefix_projection = full C-order coefficient GEMM plus fused active-prefix CUDA update for blocks up to six
 gpu_chebdav_ritz_projection = full contiguous C-order Davidson workspace GEMM; use only the active row interval
 gpu_subspace_orthogonalization = audited generalized Cholesky-whitened Rayleigh--Ritz selected for 539152x71 filtered basis; Householder QR stability fallback
 hartree_boundary_setup = overlapped with GPU orbital setup
 hartree_boundary_setup_seconds = 0.206726
 hartree_boundary_setup_wait_seconds = 0.000021
 hartree_boundary_setup_overlapped_seconds = 0.206704
 hartree_cg_storage = int32_columns_uint8_coefficient_palette
 hartree_cg_openmp_workers = 28
 hartree_initial_guess = two-step chronological RHS predictor with previous-potential fallback
 hartree_cg_coefficient_palette_size = 5
 hartree_symmetry = full grid
 native_openmp_detected_processors = 32
 native_openmp_reserved_threads = 4
 native_openmp_max_threads = 28
 native_openmp_thread_source = detected_processors_minus_4
 Backend initialization [sec] =     1.474872

 SCF iter #   1

 Diagonalization time [sec] :      18.69,      tdiag_sum =       18.69

 Fermi level at     0.5860 [Ry]

   State   Eigenvalue [Ry]      Eigenvalue [eV]    Occup.     Repr.

    1        -0.7852790701       -10.6843499717    1.0000        1
    2        -0.0925059728        -1.2586177644    1.0000        1
    3         0.0140581060         0.1912717791    1.0000        1
    4         0.3979090502         5.4138709554    1.0000        1
    5         0.7745288793        10.5380850265    0.0000        1
    6         0.7895594229        10.7425875963    0.0000        1
    7         0.9137926861        12.4328805282    0.0000        1
    8         0.9682552991        13.1738879490    0.0000        1
    9         0.9919591277        13.4963975002    0.0000        1
   10         1.0105999358        13.7500206066    0.0000        1
   11         1.0472793999        14.2490740590    0.0000        1
   12         1.0857127175        14.7719900912    0.0000        1
   13         1.1127894637        15.1403908853    0.0000        1
   14         1.1465915597        15.6002954433    0.0000        1
   15         1.1923688761        16.2231324542    0.0000        1
   16         1.2069737310        16.4218431897    0.0000        1
   17         1.2126975988        16.4997209896    0.0000        1
   18         1.2424042724        16.9039040500    0.0000        1
   19         1.2541101985        17.0631725389    0.0000        1
   20         1.2772521018        17.3780366472    0.0000        1
   21         1.3123313766        17.8553182436    0.0000        1
   22         1.3552757013        18.4396101369    0.0000        1
   23         1.3773081771        18.7393795956    0.0000        1
   24         1.4002015561        19.0508623320    0.0000        1
   25         1.4047347313        19.1125398066    0.0000        1
   26         1.4307593285        19.4666252711    0.0000        1
   27         1.4510396496        19.7425552647    0.0000        1
   28         1.4899957314        20.2725839221    0.0000        1
   29         1.5084535382        20.5237171506    0.0000        1
   30         1.5236712014        20.7307656319    0.0000        1
   31         1.5445421785        21.0147319729    0.0000        1
   32         1.5581443775        21.1998007716    0.0000        1
   33         1.5673925752        21.3256299000    0.0000        1
   34         1.5971924784        21.7310814220    0.0000        1
   35         1.6107900663        21.9160874842    0.0000        1
   36         1.6335176302        22.2253141731    0.0000        1
   37         1.6738885672        22.7745930678    0.0000        1
   38         1.6962633290        23.0790196011    0.0000        1
   39         1.7180842880        23.3759112054    0.0000        1
   40         1.7392882672        23.6644083060    0.0000        1
   41         1.7479452563        23.7821935685    0.0000        1
   42         1.7570801020        23.9064804514    0.0000        1
   43         1.7785275838        24.1982905992    0.0000        1
   44         1.7976271436        24.4581553902    0.0000        1
   45         1.8192508828        24.7523636616    0.0000        1
   46         1.8395402117        25.0284162121    0.0000        1
   47         1.8724226358        25.4758078980    0.0000        1
   48         1.9003414159        25.8556652367    0.0000        1
   49         1.9170897951        26.0835403344    0.0000        1
   50         1.9334185720        26.3057064073    0.0000        1
   51         1.9550458953        26.5999634426    0.0000        1
   52         1.9932910954        27.1203199856    0.0000        1
   53         1.9986552902        27.1933041469    0.0000        1
   54         2.0174288285        27.4487331553    0.0000        1
   55         2.0435747637        27.8044695197    0.0000        1
   56         2.0693159864        28.1546994482    0.0000        1
   57         2.0950603179        28.5049716734    0.0000        1
   58         2.1110223739        28.7221482153    0.0000        1
   59         2.1442701650        29.1745110108    0.0000        1
   60         2.1494194797        29.2445715570    0.0000        1
   61         2.1680204000        29.4976519579    0.0000        1
   62         2.1740203952        29.5792866936    0.0000        1
   63         2.2011214125        29.9480177137    0.0000        1
   64         2.2192491100        30.1946595408    0.0000        1
   65         2.2288215177        30.3248998054    0.0000        1

 Max and min values of charge density [e/bohr^3]:   3.2484E-01   2.9941E-08

 Hartree potential time [sec]:       1.65

   Eigenvalue Energy             =          -0.93163577 [Ry]
   Hartree Energy                =          17.73265719 [Ry]
   Integral_{Vxc*rho}            =          -5.51471422 [Ry]
   Exc = Integral{eps_xc*rho}    =          -4.27613211 [Ry]
   Electron-Ion energy           =         -54.29866342 [Ry]
   Ion-Ion Energy                =          19.00086834 [Ry]

   Total Energy =            -6.43704469 [Ry]
   Energy/atom  =           -17.51622854 [eV]

  0-  1    SRE of pot. & charge weighted pot =  24.9440722411   1.1777750158

 SCF iter #   2

 Diagonalization time [sec] :       3.88,      tdiag_sum =       22.57

 Fermi level at    -0.3230 [Ry]

   State   Eigenvalue [Ry]      Eigenvalue [eV]    Occup.     Repr.

    1        -1.9429539236       -26.4354424935    1.0000        1
    2        -1.2167350290       -16.5546534578    1.0000        1
    3        -1.1930862194       -16.2328924839    1.0000        1
    4        -0.9853964060       -13.4071064212    1.0000        1
    5         0.0304253457         0.4139611680    0.0000        1
    6         0.0966462369         1.3149493706    0.0000        1
    7         0.1907430481         2.5952117638    0.0000        1
    8         0.2592145910         3.5268218826    0.0000        1
    9         0.3269691776         4.4486772367    0.0000        1
   10         0.3460727941         4.7085972220    0.0000        1
   11         0.3635831081         4.9468390524    0.0000        1
   12         0.3791407100         5.1585126727    0.0000        1
   13         0.4471539996         6.0838878879    0.0000        1
   14         0.4689915982         6.3810058874    0.0000        1
   15         0.4901301023         6.6686121463    0.0000        1
   16         0.5256704025         7.1521663625    0.0000        1
   17         0.5404055320         7.3526495868    0.0000        1
   18         0.5779093889         7.8629195630    0.0000        1
   19         0.5895766217         8.0216615990    0.0000        1
   20         0.5979132040         8.1350874712    0.0000        1
   21         0.6230314320         8.4768410578    0.0000        1
   22         0.6335683953         8.6202048734    0.0000        1
   23         0.6450053569         8.7758138855    0.0000        1
   24         0.6583039589         8.9567520037    0.0000        1
   25         0.6682076199         9.0914992354    0.0000        1
   26         0.7171239288         9.7570447507    0.0000        1
   27         0.7289020744         9.9172958436    0.0000        1
   28         0.7388880710        10.0531633166    0.0000        1
   29         0.7546072768        10.2670356867    0.0000        1
   30         0.7634579248        10.3874558337    0.0000        1
   31         0.7712483025        10.4934501536    0.0000        1
   32         0.7861849531        10.6966752349    0.0000        1
   33         0.8007221007        10.8944647573    0.0000        1
   34         0.8137963286        11.0723500877    0.0000        1
   35         0.8319224470        11.3189704297    0.0000        1
   36         0.8412272413        11.4455696000    0.0000        1
   37         0.8563603164        11.6514671929    0.0000        1
   38         0.8712248531        11.8537111061    0.0000        1
   39         0.8775877622        11.9402835746    0.0000        1
   40         0.8835522597        12.0214353347    0.0000        1
   41         0.8915612950        12.1304046669    0.0000        1
   42         0.9138911706        12.4342204892    0.0000        1
   43         0.9233735660        12.5632360640    0.0000        1
   44         0.9385882854        12.7702444930    0.0000        1
   45         0.9478053391        12.8956498821    0.0000        1
   46         0.9657278130        13.1394994776    0.0000        1
   47         0.9822639896        13.3644873897    0.0000        1
   48         0.9963677261        13.5563800073    0.0000        1
   49         1.0034530868        13.6527820085    0.0000        1
   50         1.0240874228        13.9335286574    0.0000        1
   51         1.0404569183        14.1562487388    0.0000        1
   52         1.0541528840        14.3425933091    0.0000        1
   53         1.0680226852        14.5313030504    0.0000        1
   54         1.0983719896        14.9442296164    0.0000        1
   55         1.1151718983        15.1728058138    0.0000        1
   56         1.1222870584        15.2696132588    0.0000        1
   57         1.1287623063        15.3577141866    0.0000        1
   58         1.1695871200        15.9131684367    0.0000        1
   59         1.1836260922        16.1041798846    0.0000        1
   60         1.1878957984        16.1622726544    0.0000        1
   61         1.2057084909        16.4046285849    0.0000        1
   62         1.2535480373        17.0555238854    0.0000        1
   63         1.2646697572        17.2068437824    0.0000        1
   64         1.2905900815        17.5595105314    0.0000        1
   65         1.2969696030        17.6463090241    0.0000        1

 Max and min values of charge density [e/bohr^3]:   4.2516E-01   8.7367E-09

 Hartree potential time [sec]:       1.59

   Eigenvalue Energy             =         -10.67634316 [Ry]
   Hartree Energy                =          29.17050861 [Ry]
   Integral_{Vxc*rho}            =          -8.06279690 [Ry]
   Exc = Integral{eps_xc*rho}    =          -6.22919166 [Ry]
   Electron-Ion energy           =         -73.01683121 [Ry]
   Ion-Ion Energy                =          19.00086834 [Ry]
   (E(new)-E(old))/atom  =           -20.13001913 [eV]

   Total Energy =           -13.83463217 [Ry]
   Energy/atom  =           -37.64624767 [eV]

  0-  2    SRE of pot. & charge weighted pot =   7.9186529622   0.7733766642

 SCF iter #   3

 Diagonalization time [sec] :       3.77,      tdiag_sum =       26.34

 Fermi level at    -0.4193 [Ry]

   State   Eigenvalue [Ry]      Eigenvalue [eV]    Occup.     Repr.

    1        -1.8912785357       -25.7323575007    1.0000        1
    2        -1.2405436720       -16.8785890924    1.0000        1
    3        -1.2336077361       -16.7842201353    1.0000        1
    4        -1.1762883548       -16.0043440979    1.0000        1
    5        -0.1034329302        -1.4072877623    0.0000        1
    6         0.0061880093         0.0841928173    0.0000        1
    7         0.0412828988         0.5616868641    0.0000        1
    8         0.0776543896         1.0565500945    0.0000        1
    9         0.1380322369         1.8780390087    0.0000        1
   10         0.1601740562         2.1792961745    0.0000        1
   11         0.1779871249         2.4216572234    0.0000        1
   12         0.1960318248         2.6671698022    0.0000        1
   13         0.2677396524         3.6428121622    0.0000        1
   14         0.2860207320         3.8915408756    0.0000        1
   15         0.3146013237         4.2804026899    0.0000        1
   16         0.3596700383         4.8935986064    0.0000        1
   17         0.3764879734         5.1224200691    0.0000        1
   18         0.3890312290         5.2930810960    0.0000        1
   19         0.4111953812         5.5946421170    0.0000        1
   20         0.4217919416         5.7388167991    0.0000        1
   21         0.4404818009         5.9931072866    0.0000        1
   22         0.4606698478         6.2677818157    0.0000        1
   23         0.4682683231         6.3711651504    0.0000        1
   24         0.4793887530         6.5224674960    0.0000        1
   25         0.4994634790         6.7956002023    0.0000        1
   26         0.5164964879         7.0273479155    0.0000        1
   27         0.5268970746         7.1688562171    0.0000        1
   28         0.5472915594         7.4463394985    0.0000        1
   29         0.5517220912         7.5066204278    0.0000        1
   30         0.5671482845         7.7165061298    0.0000        1
   31         0.5756659399         7.8323956445    0.0000        1
   32         0.5848100113         7.9568080516    0.0000        1
   33         0.5929751420         8.0679011876    0.0000        1
   34         0.5996711996         8.1590064070    0.0000        1
   35         0.6070279813         8.2591013079    0.0000        1
   36         0.6179704010         8.4079816816    0.0000        1
   37         0.6336369948         8.6211382237    0.0000        1
   38         0.6528196436         8.8821335074    0.0000        1
   39         0.6662908356         9.0654198508    0.0000        1
   40         0.6739045306         9.1690102628    0.0000        1
   41         0.6865154144         9.3405914247    0.0000        1
   42         0.6944822258         9.4489862679    0.0000        1
   43         0.7081436794         9.6348612729    0.0000        1
   44         0.7183901984         9.7742733615    0.0000        1
   45         0.7288376539         9.9164193512    0.0000        1
   46         0.7386878764        10.0504395087    0.0000        1
   47         0.7536809136        10.2544317744    0.0000        1
   48         0.7673060549        10.4398127221    0.0000        1
   49         0.7790977402        10.6002480330    0.0000        1
   50         0.7910730957        10.7631823255    0.0000        1
   51         0.8139093777        11.0738882115    0.0000        1
   52         0.8249943374        11.2247079560    0.0000        1
   53         0.8452390474        11.5001534310    0.0000        1
   54         0.8596534185        11.6962724817    0.0000        1
   55         0.8733369558        11.8824479529    0.0000        1
   56         0.8881468650        12.0839486153    0.0000        1
   57         0.9005113308        12.2521770641    0.0000        1
   58         0.9237287860        12.5680691171    0.0000        1
   59         0.9374884946        12.7552809603    0.0000        1
   60         0.9603687504        13.0665851442    0.0000        1
   61         0.9746234179        13.2605312997    0.0000        1
   62         1.0013124707        13.6236572140    0.0000        1
   63         1.0085538610        13.7221821220    0.0000        1
   64         1.0296456008        14.0091521148    0.0000        1
   65         1.0527780973        14.3238882365    0.0000        1

 Max and min values of charge density [e/bohr^3]:   4.0486E-01   6.9789E-10

 Hartree potential time [sec]:       1.66

   Eigenvalue Energy             =         -11.08343660 [Ry]
   Hartree Energy                =          31.84047009 [Ry]
   Integral_{Vxc*rho}            =          -8.60705709 [Ry]
   Exc = Integral{eps_xc*rho}    =          -6.64747516 [Ry]
   Electron-Ion energy           =         -76.24936417 [Ry]
   Ion-Ion Energy                =          19.00086834 [Ry]
   (E(new)-E(old))/atom  =            -3.96771364 [eV]

   Total Energy =           -15.29272858 [Ry]
   Energy/atom  =           -41.61396131 [eV]

  0-  3    SRE of pot. & charge weighted pot =   9.1835651694   0.9059073375

 SCF iter #   4

 Diagonalization time [sec] :       3.77,      tdiag_sum =       30.11

 Fermi level at    -0.3601 [Ry]

   State   Eigenvalue [Ry]      Eigenvalue [eV]    Occup.     Repr.

    1        -1.6803344021       -22.8622938076    1.0000        1
    2        -1.0807715180       -14.7047611196    1.0000        1
    3        -1.0699326242       -14.5572892989    1.0000        1
    4        -1.0653041205       -14.4943148034    1.0000        1
    5        -0.0965265513        -1.3133209518    0.0000        1
    6         0.0363815629         0.4950002691    0.0000        1
    7         0.0434146553         0.5906911167    0.0000        1
    8         0.0545971595         0.7428380322    0.0000        1
    9         0.0991605325         1.3491583731    0.0000        1
   10         0.1024723711         1.3942185864    0.0000        1
   11         0.1404957909         1.9115576324    0.0000        1
   12         0.1475574128         2.0076366475    0.0000        1
   13         0.2018627640         2.7465043945    0.0000        1
   14         0.2566516765         3.4919513799    0.0000        1
   15         0.2770034099         3.7688529949    0.0000        1
   16         0.3127995863         4.2558886113    0.0000        1
   17         0.3256270434         4.4304164265    0.0000        1
   18         0.3349044465         4.5566429184    0.0000        1
   19         0.3561215082         4.8453180165    0.0000        1
   20         0.3594072810         4.8900235839    0.0000        1
   21         0.3794887950         5.1632486469    0.0000        1
   22         0.3980333909         5.4155627095    0.0000        1
   23         0.4006294310         5.4508839124    0.0000        1
   24         0.4187129150         5.6969241792    0.0000        1
   25         0.4361792567         5.9345677306    0.0000        1
   26         0.4452885413         6.0585068352    0.0000        1
   27         0.4513992110         6.1416473846    0.0000        1
   28         0.4781884265         6.5061360933    0.0000        1
   29         0.4922183390         6.6970242761    0.0000        1
   30         0.4984222986         6.7814341096    0.0000        1
   31         0.5055232909         6.8780487908    0.0000        1
   32         0.5109602715         6.9520232617    0.0000        1
   33         0.5182427400         7.0511070724    0.0000        1
   34         0.5250946329         7.1443325557    0.0000        1
   35         0.5281083323         7.1853363480    0.0000        1
   36         0.5339838161         7.2652770045    0.0000        1
   37         0.5673012661         7.7185875670    0.0000        1
   38         0.5826629773         7.9275959364    0.0000        1
   39         0.6077451060         8.2688583631    0.0000        1
   40         0.6169719488         8.3943969408    0.0000        1
   41         0.6301576911         8.5737995132    0.0000        1
   42         0.6449360089         8.7748703500    0.0000        1
   43         0.6500050467         8.8438386642    0.0000        1
   44         0.6655403487         9.0552088764    0.0000        1
   45         0.6733655841         9.1616774642    0.0000        1
   46         0.6788572959         9.2363965966    0.0000        1
   47         0.6874663898         9.3535302062    0.0000        1
   48         0.7046023155         9.5866781837    0.0000        1
   49         0.7102485638         9.6634999093    0.0000        1
   50         0.7319818122         9.9591981400    0.0000        1
   51         0.7441930015        10.1253411399    0.0000        1
   52         0.7554150866        10.2780265848    0.0000        1
   53         0.7666075879        10.4303095190    0.0000        1
   54         0.7701956592        10.4791280999    0.0000        1
   55         0.8041052763        10.9404955677    0.0000        1
   56         0.8155552811        11.0962820435    0.0000        1
   57         0.8212586957        11.1738815620    0.0000        1
   58         0.8420914550        11.4573279188    0.0000        1
   59         0.8488126148        11.5487746743    0.0000        1
   60         0.8627526632        11.7384401856    0.0000        1
   61         0.8767124506        11.9283742603    0.0000        1
   62         0.8994555525        12.2378123566    0.0000        1
   63         0.9132816136        12.4259269783    0.0000        1
   64         0.9321932018        12.6832342646    0.0000        1
   65         0.9602240999        13.0646170587    0.0000        1

 Max and min values of charge density [e/bohr^3]:   3.6663E-01   3.6939E-10

 Hartree potential time [sec]:       1.56

   Eigenvalue Energy             =          -9.79268533 [Ry]
   Hartree Energy                =          31.76019380 [Ry]
   Integral_{Vxc*rho}            =          -8.57635217 [Ry]
   Exc = Integral{eps_xc*rho}    =          -6.62494871 [Ry]
   Electron-Ion energy           =         -75.76868701 [Ry]
   Ion-Ion Energy                =          19.00086834 [Ry]
   (E(new)-E(old))/atom  =            -1.44541806 [eV]

   Total Energy =           -15.82390575 [Ry]
   Energy/atom  =           -43.05937938 [eV]

  0-  4    SRE of pot. & charge weighted pot =   7.4068850064   0.6314056128

 SCF iter #   5

 Diagonalization time [sec] :       3.87,      tdiag_sum =       33.98

 Fermi level at    -0.3267 [Ry]

   State   Eigenvalue [Ry]      Eigenvalue [eV]    Occup.     Repr.

    1        -1.5573204312       -21.1885903229    1.0000        1
    2        -0.9794653988       -13.3264103231    1.0000        1
    3        -0.9770960785       -13.2941738254    1.0000        1
    4        -0.9697901534       -13.1947708686    1.0000        1
    5        -0.0877008804        -1.1932406382    0.0000        1
    6         0.0441734861         0.6010156172    0.0000        1
    7         0.0445224466         0.6057635036    0.0000        1
    8         0.0536561922         0.7300354205    0.0000        1
    9         0.0844250630         1.1486705217    0.0000        1
   10         0.0977843822         1.3304347471    0.0000        1
   11         0.1270534212         1.7286634382    0.0000        1
   12         0.1347594810         1.8335105468    0.0000        1
   13         0.1708201071         2.3241442134    0.0000        1
   14         0.2477065034         3.3702451444    0.0000        1
   15         0.2755467810         3.7490343931    0.0000        1
   16         0.2902305288         3.9488185285    0.0000        1
   17         0.3081887733         4.1931548115    0.0000        1
   18         0.3174863970         4.3196564200    0.0000        1
   19         0.3280279649         4.4630828846    0.0000        1
   20         0.3290536465         4.4770381039    0.0000        1
   21         0.3513317633         4.7801497054    0.0000        1
   22         0.3660642624         4.9805971407    0.0000        1
   23         0.3754510955         5.1083125147    0.0000        1
   24         0.3864320568         5.2577172779    0.0000        1
   25         0.3986016272         5.4232940189    0.0000        1
   26         0.4045809544         5.5046475491    0.0000        1
   27         0.4264306316         5.8019298878    0.0000        1
   28         0.4370649520         5.9466183237    0.0000        1
   29         0.4541284189         6.1787804419    0.0000        1
   30         0.4639515903         6.3124325470    0.0000        1
   31         0.4701900813         6.3973122076    0.0000        1
   32         0.4767062176         6.4859694557    0.0000        1
   33         0.4827508504         6.5682115209    0.0000        1
   34         0.4858021193         6.6097264743    0.0000        1
   35         0.4920989960         6.6954005202    0.0000        1
   36         0.4958329937         6.7462045460    0.0000        1
   37         0.5309473184         7.2239630249    0.0000        1
   38         0.5476275330         7.4509106880    0.0000        1
   39         0.5975414178         8.1300290218    0.0000        1
   40         0.6002138203         8.1663891961    0.0000        1
   41         0.6098800812         8.2979064084    0.0000        1
   42         0.6266039006         8.5254473513    0.0000        1
   43         0.6276524674         8.5397139413    0.0000        1
   44         0.6351292343         8.6414413358    0.0000        1
   45         0.6500713201         8.8447403665    0.0000        1
   46         0.6539220297         8.8971323515    0.0000        1
   47         0.6690932453         9.1035488769    0.0000        1
   48         0.6744144537         9.1759481748    0.0000        1
   49         0.6889753596         9.3740609482    0.0000        1
   50         0.7054687253         9.5984663821    0.0000        1
   51         0.7131055933         9.7023720815    0.0000        1
   52         0.7241811136         9.8530633949    0.0000        1
   53         0.7284033469         9.9105102576    0.0000        1
   54         0.7354737630        10.0067089240    0.0000        1
   55         0.7636802906        10.3904812978    0.0000        1
   56         0.7780136249        10.5854977774    0.0000        1
   57         0.7945940552        10.8110877964    0.0000        1
   58         0.8016494666        10.9070823130    0.0000        1
   59         0.8136683304        11.0706085694    0.0000        1
   60         0.8226706907        11.1930928829    0.0000        1
   61         0.8262651840        11.2419988399    0.0000        1
   62         0.8527429019        11.6022493743    0.0000        1
   63         0.8686219787        11.8182969177    0.0000        1
   64         0.8918722397        12.1346353195    0.0000        1
   65         0.9038441918        12.2975233042    0.0000        1

 Max and min values of charge density [e/bohr^3]:   3.4637E-01   7.5485E-11

 Hartree potential time [sec]:       1.63

   Eigenvalue Energy             =          -8.96734412 [Ry]
   Hartree Energy                =          31.50581023 [Ry]
   Integral_{Vxc*rho}            =          -8.51029121 [Ry]
   Exc = Integral{eps_xc*rho}    =          -6.57449486 [Ry]
   Electron-Ion energy           =         -75.21979528 [Ry]
   Ion-Ion Energy                =          19.00086834 [Ry]
   (E(new)-E(old))/atom  =            -0.51416855 [eV]

   Total Energy =           -16.01285772 [Ry]
   Energy/atom  =           -43.57354792 [eV]

  0-  5    SRE of pot. & charge weighted pot =   5.9820731349   0.4611698893

 SCF iter #   6

 Diagonalization time [sec] :       3.94,      tdiag_sum =       37.92

 Fermi level at    -0.3206 [Ry]

   State   Eigenvalue [Ry]      Eigenvalue [eV]    Occup.     Repr.

    1        -1.5107089776       -20.5544042072    1.0000        1
    2        -0.9425474425       -12.8241119932    1.0000        1
    3        -0.9395773975       -12.7837021546    1.0000        1
    4        -0.9319008434       -12.6792564953    1.0000        1
    5        -0.0880753243        -1.1983352470    0.0000        1
    6         0.0359917186         0.4896961253    0.0000        1
    7         0.0390993411         0.5319778157    0.0000        1
    8         0.0453767698         0.6173872546    0.0000        1
    9         0.0765899879         1.0420680574    0.0000        1
   10         0.0910831457         1.2392590643    0.0000        1
   11         0.1116788675         1.5194803360    0.0000        1
   12         0.1266848315         1.7236484807    0.0000        1
   13         0.1502179455         2.0438353235    0.0000        1
   14         0.2387253366         3.2480491852    0.0000        1
   15         0.2715318616         3.6944082032    0.0000        1
   16         0.2765154329         3.7622136772    0.0000        1
   17         0.2977560084         4.0512086985    0.0000        1
   18         0.3020351345         4.1094296332    0.0000        1
   19         0.3088210476         4.2017574088    0.0000        1
   20         0.3115028219         4.2382450947    0.0000        1
   21         0.3281319311         4.4644974276    0.0000        1
   22         0.3418568236         4.6512355712    0.0000        1
   23         0.3569352328         4.8563893910    0.0000        1
   24         0.3656897913         4.9755021627    0.0000        1
   25         0.3700557855         5.0349050066    0.0000        1
   26         0.3810561275         5.1845734590    0.0000        1
   27         0.4035125938         5.4901116488    0.0000        1
   28         0.4102955855         5.5823996775    0.0000        1
   29         0.4277898995         5.8204238147    0.0000        1
   30         0.4512321230         6.1393740187    0.0000        1
   31         0.4518909629         6.1483380625    0.0000        1
   32         0.4578409288         6.2292921091    0.0000        1
   33         0.4608599746         6.2703686424    0.0000        1
   34         0.4626957536         6.2953458845    0.0000        1
   35         0.4644929921         6.3197987524    0.0000        1
   36         0.4695724225         6.3889084658    0.0000        1
   37         0.4964663393         6.7548217198    0.0000        1
   38         0.5250389932         7.1435755337    0.0000        1
   39         0.5919792077         8.0543507035    0.0000        1
   40         0.5944170797         8.0875199034    0.0000        1
   41         0.6008507736         8.1750554550    0.0000        1
   42         0.6088700646         8.2841643248    0.0000        1
   43         0.6151134288         8.3691102894    0.0000        1
   44         0.6220561201         8.4635711593    0.0000        1
   45         0.6300104559         8.5717962609    0.0000        1
   46         0.6381471025         8.6825018470    0.0000        1
   47         0.6521078237         8.8724486271    0.0000        1
   48         0.6590111180         8.9663734693    0.0000        1
   49         0.6761293662         9.1992809300    0.0000        1
   50         0.6864815793         9.3401310720    0.0000        1
   51         0.6920829151         9.4163417267    0.0000        1
   52         0.6957355280         9.4660384470    0.0000        1
   53         0.7000636823         9.5249264492    0.0000        1
   54         0.7191920829         9.7851836409    0.0000        1
   55         0.7432497062        10.1125068526    0.0000        1
   56         0.7502443309        10.2076743180    0.0000        1
   57         0.7660775626        10.4230981007    0.0000        1
   58         0.7757927148        10.5552805191    0.0000        1
   59         0.7879841380        10.7211545851    0.0000        1
   60         0.7981774941        10.8598433490    0.0000        1
   61         0.8120612939        11.0487435531    0.0000        1
   62         0.8284683236        11.2719743169    0.0000        1
   63         0.8375932249        11.3961258991    0.0000        1
   64         0.8566883465        11.6559303052    0.0000        1
   65         0.8695217192        11.8305386074    0.0000        1

 Max and min values of charge density [e/bohr^3]:   3.3993E-01   4.2429E-12

 Hartree potential time [sec]:       1.74

   Eigenvalue Energy             =          -8.64946932 [Ry]
   Hartree Energy                =          31.42102800 [Ry]
   Integral_{Vxc*rho}            =          -8.48383063 [Ry]
   Exc = Integral{eps_xc*rho}    =          -6.55407449 [Ry]
   Electron-Ion energy           =         -75.02029910 [Ry]
   Ion-Ion Energy                =          19.00086834 [Ry]
   (E(new)-E(old))/atom  =            -0.18255651 [eV]

   Total Energy =           -16.07994548 [Ry]
   Energy/atom  =           -43.75610444 [eV]

  0-  6    SRE of pot. & charge weighted pot =   5.4404445355   0.4000940070

 SCF iter #   7

 Diagonalization time [sec] :       3.91,      tdiag_sum =       41.84

 Fermi level at    -0.2967 [Ry]

   State   Eigenvalue [Ry]      Eigenvalue [eV]    Occup.     Repr.

    1        -1.4458407031       -19.6718194387    1.0000        1
    2        -0.8788558001       -11.9575362448    1.0000        1
    3        -0.8771801893       -11.9347382191    1.0000        1
    4        -0.8739798541       -11.8911950995    1.0000        1
    5        -0.0673209476        -0.9159553485    0.0000        1
    6         0.0493711145         0.6717335102    0.0000        1
    7         0.0529635839         0.7206119298    0.0000        1
    8         0.0579994951         0.7891295310    0.0000        1
    9         0.0953641537         1.2975056022    0.0000        1
   10         0.1070605352         1.4566442302    0.0000        1
   11         0.1239292081         1.6861560199    0.0000        1
   12         0.1410630677         1.9192758862    0.0000        1
   13         0.1564172247         2.1281814753    0.0000        1
   14         0.2526857951         3.4379923910    0.0000        1
   15         0.2872796028         3.9086688204    0.0000        1
   16         0.2907975101         3.9565327624    0.0000        1
   17         0.3081511162         4.1926424574    0.0000        1
   18         0.3105540067         4.2253357037    0.0000        1
   19         0.3138273820         4.2698725944    0.0000        1
   20         0.3209197960         4.3663705598    0.0000        1
   21         0.3280955435         4.4640023462    0.0000        1
   22         0.3390507382         4.6130565342    0.0000        1
   23         0.3623123942         4.9295499724    0.0000        1
   24         0.3640646343         4.9533906014    0.0000        1
   25         0.3735669396         5.0826770670    0.0000        1
   26         0.3823000987         5.2014986828    0.0000        1
   27         0.3977553673         5.4117799770    0.0000        1
   28         0.4192992032         5.7049010986    0.0000        1
   29         0.4312305431         5.8672365234    0.0000        1
   30         0.4563554937         6.2090815763    0.0000        1
   31         0.4589260241         6.2440556985    0.0000        1
   32         0.4614433086         6.2783053682    0.0000        1
   33         0.4624218270         6.2916188943    0.0000        1
   34         0.4644438174         6.3191296907    0.0000        1
   35         0.4674839201         6.3604927199    0.0000        1
   36         0.4682898401         6.3714579062    0.0000        1
   37         0.4882654881         6.6432425775    0.0000        1
   38         0.5183336781         7.0523443577    0.0000        1
   39         0.6051305570         8.2332853329    0.0000        1
   40         0.6076002127         8.2668869736    0.0000        1
   41         0.6120210955         8.3270366209    0.0000        1
   42         0.6175994349         8.4029343910    0.0000        1
   43         0.6241541141         8.4921160456    0.0000        1
   44         0.6274763136         8.5373172270    0.0000        1
   45         0.6352839071         8.6435457826    0.0000        1
   46         0.6448815798         8.7741297987    0.0000        1
   47         0.6533874785         8.8898593547    0.0000        1
   48         0.6670544621         9.0758096006    0.0000        1
   49         0.6823601459         9.2840556729    0.0000        1
   50         0.6855384287         9.3272987527    0.0000        1
   51         0.6906651116         9.3970513756    0.0000        1
   52         0.7004555771         9.5302584907    0.0000        1
   53         0.7033221435         9.5692604197    0.0000        1
   54         0.7227016902         9.8329346570    0.0000        1
   55         0.7432700695        10.1127839114    0.0000        1
   56         0.7493598359        10.1956400551    0.0000        1
   57         0.7592093521        10.3296506033    0.0000        1
   58         0.7739399084        10.5300716060    0.0000        1
   59         0.7891895059        10.7375545790    0.0000        1
   60         0.7957859261        10.8273041540    0.0000        1
   61         0.8191286380        11.1449004236    0.0000        1
   62         0.8258982641        11.2370066019    0.0000        1
   63         0.8350852592        11.3620030198    0.0000        1
   64         0.8477983817        11.5349752217    0.0000        1
   65         0.8524558163        11.5983433460    0.0000        1

 Max and min values of charge density [e/bohr^3]:   3.3931E-01   3.6344E-11

 Hartree potential time [sec]:       1.61

   Eigenvalue Energy             =          -8.15171309 [Ry]
   Hartree Energy                =          31.35768082 [Ry]
   Integral_{Vxc*rho}            =          -8.45631810 [Ry]
   Exc = Integral{eps_xc*rho}    =          -6.53257611 [Ry]
   Electron-Ion energy           =         -74.90454910 [Ry]
   Ion-Ion Energy                =          19.00086834 [Ry]
   (E(new)-E(old))/atom  =            -0.07667591 [eV]

   Total Energy =           -16.10812313 [Ry]
   Energy/atom  =           -43.83278034 [eV]

  0-  7    SRE of pot. & charge weighted pot =   4.0472898149   0.3288990245

 SCF iter #   8

 Diagonalization time [sec] :       4.03,      tdiag_sum =       45.86

 Fermi level at    -0.3147 [Ry]

   State   Eigenvalue [Ry]      Eigenvalue [eV]    Occup.     Repr.

    1        -1.2030916107       -16.3690238368    1.0000        1
    2        -0.6547691992        -8.9086587705    1.0000        1
    3        -0.6504928890        -8.8504761497    1.0000        1
    4        -0.6396584067        -8.7030643501    1.0000        1
    5         0.0105442615         0.1434631138    0.0000        1
    6         0.1091249941         1.4847328450    0.0000        1
    7         0.1151714968         1.5670003518    0.0000        1
    8         0.1193226394         1.6234799666    0.0000        1
    9         0.1727265621         2.3500830581    0.0000        1
   10         0.1784310758         2.4276975305    0.0000        1
   11         0.1926288842         2.6208700728    0.0000        1
   12         0.2018832029         2.7467824822    0.0000        1
   13         0.2095480128         2.8510683521    0.0000        1
   14         0.3228742658         4.3929626852    0.0000        1
   15         0.3402574946         4.6294754207    0.0000        1
   16         0.3453600004         4.6988990928    0.0000        1
   17         0.3549386519         4.8292243097    0.0000        1
   18         0.3568279745         4.8549300560    0.0000        1
   19         0.3692378746         5.0237766740    0.0000        1
   20         0.3741788960         5.0910032230    0.0000        1
   21         0.3922901396         5.3374211816    0.0000        1
   22         0.4013869154         5.4611900935    0.0000        1
   23         0.4033193109         5.4874818801    0.0000        1
   24         0.4178830473         5.6856331654    0.0000        1
   25         0.4313997542         5.8695387762    0.0000        1
   26         0.4380484970         5.9600002401    0.0000        1
   27         0.4514706383         6.1426192100    0.0000        1
   28         0.4825639762         6.5656689474    0.0000        1
   29         0.4888105013         6.6506579181    0.0000        1
   30         0.4946291434         6.7298251991    0.0000        1
   31         0.4955870932         6.7428588720    0.0000        1
   32         0.4962576144         6.7519818502    0.0000        1
   33         0.4986244335         6.7841843174    0.0000        1
   34         0.5015321181         6.8237456923    0.0000        1
   35         0.5019340313         6.8292140436    0.0000        1
   36         0.5066922743         6.8939537456    0.0000        1
   37         0.5156100843         7.0152876849    0.0000        1
   38         0.5441249461         7.4032551919    0.0000        1
   39         0.6445282635         8.7693226474    0.0000        1
   40         0.6478743059         8.8148482307    0.0000        1
   41         0.6536425683         8.8933300564    0.0000        1
   42         0.6590027794         8.9662600160    0.0000        1
   43         0.6636788270         9.0298813840    0.0000        1
   44         0.6690018652         9.1023055779    0.0000        1
   45         0.6744643256         9.1766267218    0.0000        1
   46         0.6838909785         9.3048838756    0.0000        1
   47         0.6931141716         9.4303727965    0.0000        1
   48         0.7135077558         9.7078438240    0.0000        1
   49         0.7281025672         9.9064179091    0.0000        1
   50         0.7351729251        10.0026157842    0.0000        1
   51         0.7394407927        10.0606835375    0.0000        1
   52         0.7451210226        10.1379676091    0.0000        1
   53         0.7589484200        10.3261004122    0.0000        1
   54         0.7693102619        10.4670815607    0.0000        1
   55         0.7853925738        10.6858942810    0.0000        1
   56         0.7954796241        10.8231366701    0.0000        1
   57         0.8056103140        10.9609728104    0.0000        1
   58         0.8153832763        11.0939417812    0.0000        1
   59         0.8279991405        11.2655907057    0.0000        1
   60         0.8328568758        11.3316840811    0.0000        1
   61         0.8507169556        11.5746847546    0.0000        1
   62         0.8584941775        11.6805000799    0.0000        1
   63         0.8768346847        11.9300373528    0.0000        1
   64         0.8890140606        12.0957475058    0.0000        1
   65         0.9030298965        12.2864441664    0.0000        1

 Max and min values of charge density [e/bohr^3]:   3.1983E-01   6.3024E-12

 Hartree potential time [sec]:       1.55

   Eigenvalue Energy             =          -6.29602421 [Ry]
   Hartree Energy                =          30.31817589 [Ry]
   Integral_{Vxc*rho}            =          -8.19854487 [Ry]
   Exc = Integral{eps_xc*rho}    =          -6.33482958 [Ry]
   Electron-Ion energy           =         -73.24166614 [Ry]
   Ion-Ion Energy                =          19.00086834 [Ry]
   (E(new)-E(old))/atom  =            -0.10613384 [eV]

   Total Energy =           -16.14712629 [Ry]
   Energy/atom  =           -43.93891418 [eV]

  0-  8    SRE of pot. & charge weighted pot =   1.8394299332   0.0557795927

 SCF iter #   9

 Diagonalization time [sec] :       3.93,      tdiag_sum =       49.80

 Fermi level at    -0.3562 [Ry]

   State   Eigenvalue [Ry]      Eigenvalue [eV]    Occup.     Repr.

    1        -1.2509264087       -17.0198545309    1.0000        1
    2        -0.6980544056        -9.4975886311    1.0000        1
    3        -0.6965718817        -9.4774177078    1.0000        1
    4        -0.6931665125        -9.4310849356    1.0000        1
    5        -0.0150518544        -0.2047925210    0.0000        1
    6         0.0847783669         1.1534775039    0.0000        1
    7         0.0887355626         1.2073183179    0.0000        1
    8         0.0911778093         1.2405470371    0.0000        1
    9         0.1451392071         1.9747350236    0.0000        1
   10         0.1495191759         2.0343280032    0.0000        1
   11         0.1631373718         2.2196144527    0.0000        1
   12         0.1724776066         2.3466958200    0.0000        1
   13         0.1791333106         2.4372519974    0.0000        1
   14         0.2910689341         3.9602257040    0.0000        1
   15         0.3167166473         4.3091833604    0.0000        1
   16         0.3211235519         4.3691428230    0.0000        1
   17         0.3277438557         4.4592173512    0.0000        1
   18         0.3287814087         4.4733340909    0.0000        1
   19         0.3379921530         4.5986536354    0.0000        1
   20         0.3416399676         4.6482850718    0.0000        1
   21         0.3568853994         4.8557113676    0.0000        1
   22         0.3667910619         4.9904858294    0.0000        1
   23         0.3679377256         5.0060871066    0.0000        1
   24         0.3817753610         5.1943592064    0.0000        1
   25         0.4023878695         5.4748088742    0.0000        1
   26         0.4086559033         5.5600904891    0.0000        1
   27         0.4174184895         5.6793124838    0.0000        1
   28         0.4533157440         6.1677233503    0.0000        1
   29         0.4593592529         6.2499501235    0.0000        1
   30         0.4681832754         6.3700080082    0.0000        1
   31         0.4715376903         6.4156475064    0.0000        1
   32         0.4721253312         6.4236428312    0.0000        1
   33         0.4727017055         6.4314848646    0.0000        1
   34         0.4732290329         6.4386595755    0.0000        1
   35         0.4737663803         6.4459706170    0.0000        1
   36         0.4761026482         6.4777574108    0.0000        1
   37         0.4832719266         6.5753011795    0.0000        1
   38         0.5049194588         6.8698331724    0.0000        1
   39         0.6234233096         8.4821728657    0.0000        1
   40         0.6264849664         8.5238291559    0.0000        1
   41         0.6300791995         8.5727315731    0.0000        1
   42         0.6344666993         8.6324270176    0.0000        1
   43         0.6376382174         8.6755780576    0.0000        1
   44         0.6422442085         8.7382462516    0.0000        1
   45         0.6470670764         8.8038652278    0.0000        1
   46         0.6543080218         8.9023840830    0.0000        1
   47         0.6601610112         8.9820186857    0.0000        1
   48         0.6799144672         9.2507802575    0.0000        1
   49         0.6963659795         9.4746162444    0.0000        1
   50         0.7057718071         9.6025900537    0.0000        1
   51         0.7085865015         9.6408862217    0.0000        1
   52         0.7142737116         9.7182652654    0.0000        1
   53         0.7279948870         9.9049528330    0.0000        1
   54         0.7365378949        10.0211872901    0.0000        1
   55         0.7453057756        10.1404813210    0.0000        1
   56         0.7621878884        10.3701759717    0.0000        1
   57         0.7716463800        10.4988663169    0.0000        1
   58         0.7859721435        10.6937797906    0.0000        1
   59         0.7938398873        10.8008267385    0.0000        1
   60         0.8022615411        10.9154100755    0.0000        1
   61         0.8202321166        11.1599141314    0.0000        1
   62         0.8282106258        11.2684681327    0.0000        1
   63         0.8453902897        11.5022112042    0.0000        1
   64         0.8513354146        11.5830993842    0.0000        1
   65         0.8697981040        11.8342990433    0.0000        1

 Max and min values of charge density [e/bohr^3]:   3.2147E-01   2.9134E-12

 Hartree potential time [sec]:       1.84

   Eigenvalue Energy             =          -6.67743842 [Ry]
   Hartree Energy                =          30.39557159 [Ry]
   Integral_{Vxc*rho}            =          -8.21955352 [Ry]
   Exc = Integral{eps_xc*rho}    =          -6.35091576 [Ry]
   Electron-Ion energy           =         -73.33424727 [Ry]
   Ion-Ion Energy                =          19.00086834 [Ry]
   (E(new)-E(old))/atom  =            -0.01557394 [eV]

   Total Energy =           -16.15284956 [Ry]
   Energy/atom  =           -43.95448812 [eV]

  0-  9    SRE of pot. & charge weighted pot =   1.0542445106   0.0108115458

 SCF iter #  10

 Diagonalization time [sec] :       3.90,      tdiag_sum =       53.70

 Fermi level at    -0.3639 [Ry]

   State   Eigenvalue [Ry]      Eigenvalue [eV]    Occup.     Repr.

    1        -1.2554983860       -17.0820599400    1.0000        1
    2        -0.7020534118        -9.5519983108    1.0000        1
    3        -0.7008276907        -9.5353213946    1.0000        1
    4        -0.6997960792        -9.5212854944    1.0000        1
    5        -0.0202799120        -0.2759244266    0.0000        1
    6         0.0788676936         1.0730580661    0.0000        1
    7         0.0816702769         1.1111894536    0.0000        1
    8         0.0832986022         1.1333441218    0.0000        1
    9         0.1386013592         1.8857823726    0.0000        1
   10         0.1416232155         1.9268971455    0.0000        1
   11         0.1520671760         2.0689955837    0.0000        1
   12         0.1655193704         2.2520234498    0.0000        1
   13         0.1702566019         2.3164772747    0.0000        1
   14         0.2815119062         3.8301946936    0.0000        1
   15         0.3108275984         4.2290581385    0.0000        1
   16         0.3142068431         4.2750354657    0.0000        1
   17         0.3190762754         4.3412879885    0.0000        1
   18         0.3200329706         4.3543045912    0.0000        1
   19         0.3263570751         4.4403490927    0.0000        1
   20         0.3293774742         4.4814440388    0.0000        1
   21         0.3432259328         4.6698633969    0.0000        1
   22         0.3561424272         4.8456026366    0.0000        1
   23         0.3587355231         4.8808837808    0.0000        1
   24         0.3691055617         5.0219764509    0.0000        1
   25         0.3949357439         5.3734167446    0.0000        1
   26         0.4005774418         5.4501765571    0.0000        1
   27         0.4065090012         5.5308801692    0.0000        1
   28         0.4455214293         6.0616754632    0.0000        1
   29         0.4510431440         6.1368028088    0.0000        1
   30         0.4616871185         6.2816225964    0.0000        1
   31         0.4631502156         6.3015292038    0.0000        1
   32         0.4639283330         6.3121161136    0.0000        1
   33         0.4649194572         6.3256011506    0.0000        1
   34         0.4655596715         6.3343117783    0.0000        1
   35         0.4659019913         6.3389693135    0.0000        1
   36         0.4672035050         6.3566774486    0.0000        1
   37         0.4714646566         6.4146538254    0.0000        1
   38         0.4876365197         6.6346849599    0.0000        1
   39         0.6186559340         8.4173089062    0.0000        1
   40         0.6215242412         8.4563345209    0.0000        1
   41         0.6239226064         8.4889661979    0.0000        1
   42         0.6273855707         8.5360825972    0.0000        1
   43         0.6297760751         8.5686073222    0.0000        1
   44         0.6333134556         8.6167362136    0.0000        1
   45         0.6371094211         8.6683833616    0.0000        1
   46         0.6443231856         8.7665323986    0.0000        1
   47         0.6472661771         8.8065741528    0.0000        1
   48         0.6667590781         9.0717906652    0.0000        1
   49         0.6841083852         9.3078418678    0.0000        1
   50         0.6954609171         9.4623021463    0.0000        1
   51         0.6967216324         9.4794551859    0.0000        1
   52         0.7046664696         9.5875510528    0.0000        1
   53         0.7168651675         9.7535240957    0.0000        1
   54         0.7230335413         9.8374497566    0.0000        1
   55         0.7282114527         9.9078993832    0.0000        1
   56         0.7467183431        10.1597004331    0.0000        1
   57         0.7612837757        10.3578747948    0.0000        1
   58         0.7761436113        10.5600547461    0.0000        1
   59         0.7809859626        10.6259388096    0.0000        1
   60         0.7916385491        10.7708757711    0.0000        1
   61         0.8102790096        11.0244941492    0.0000        1
   62         0.8175725321        11.1237283576    0.0000        1
   63         0.8322239500        11.3230726190    0.0000        1
   64         0.8368686230        11.3862671107    0.0000        1
   65         0.8581266880        11.6755000912    0.0000        1

 Max and min values of charge density [e/bohr^3]:   3.2105E-01   7.0196E-12

 Hartree potential time [sec]:       1.78

   Eigenvalue Energy             =          -6.71635114 [Ry]
   Hartree Energy                =          30.36940289 [Ry]
   Integral_{Vxc*rho}            =          -8.21306513 [Ry]
   Exc = Integral{eps_xc*rho}    =          -6.34587875 [Ry]
   Electron-Ion energy           =         -73.27936659 [Ry]
   Ion-Ion Energy                =          19.00086834 [Ry]
   (E(new)-E(old))/atom  =            -0.00586125 [eV]

   Total Energy =           -16.15500352 [Ry]
   Energy/atom  =           -43.96034937 [eV]

  0- 10    SRE of pot. & charge weighted pot =   1.2150835926   0.0117394077

 SCF iter #  11

 Diagonalization time [sec] :       3.86,      tdiag_sum =       57.56

 Fermi level at    -0.3648 [Ry]

   State   Eigenvalue [Ry]      Eigenvalue [eV]    Occup.     Repr.

    1        -1.2506515099       -17.0161143139    1.0000        1
    2        -0.6971700715        -9.4855565583    1.0000        1
    3        -0.6961361395        -9.4714890866    1.0000        1
    4        -0.6945787710        -9.4502998426    1.0000        1
    5        -0.0184906265        -0.2515797663    0.0000        1
    6         0.0798377959         1.0862570830    0.0000        1
    7         0.0819292855         1.1147134728    0.0000        1
    8         0.0833883651         1.1345654178    0.0000        1
    9         0.1396659691         1.9002672424    0.0000        1
   10         0.1417209397         1.9282267615    0.0000        1
   11         0.1492203872         2.0302627446    0.0000        1
   12         0.1664030511         2.2640466333    0.0000        1
   13         0.1698028918         2.3103041858    0.0000        1
   14         0.2798793225         3.8079820855    0.0000        1
   15         0.3118188647         4.2425451091    0.0000        1
   16         0.3143333196         4.2767562792    0.0000        1
   17         0.3180397354         4.3271850323    0.0000        1
   18         0.3192116396         4.3431297257    0.0000        1
   19         0.3231504642         4.3967205856    0.0000        1
   20         0.3257719613         4.4323881515    0.0000        1
   21         0.3370382709         4.5856753063    0.0000        1
   22         0.3554744021         4.8365136200    0.0000        1
   23         0.3583686100         4.8758916334    0.0000        1
   24         0.3656526596         4.9749969563    0.0000        1
   25         0.3949303868         5.3733438573    0.0000        1
   26         0.3997473990         5.4388831618    0.0000        1
   27         0.4040311823         5.4971674601    0.0000        1
   28         0.4454315634         6.0604527649    0.0000        1
   29         0.4502614766         6.1261675986    0.0000        1
   30         0.4622072126         6.2886988926    0.0000        1
   31         0.4629057621         6.2982032176    0.0000        1
   32         0.4639803217         6.3128234614    0.0000        1
   33         0.4641734190         6.3154507037    0.0000        1
   34         0.4649483235         6.3259939004    0.0000        1
   35         0.4650251682         6.3270394334    0.0000        1
   36         0.4664735421         6.3467457191    0.0000        1
   37         0.4685480552         6.3749711291    0.0000        1
   38         0.4807155317         6.5405193815    0.0000        1
   39         0.6204498204         8.4417161667    0.0000        1
   40         0.6228122004         8.4738582357    0.0000        1
   41         0.6247333260         8.4999966872    0.0000        1
   42         0.6274286957         8.5366693474    0.0000        1
   43         0.6293806121         8.5632267315    0.0000        1
   44         0.6316574215         8.5942045455    0.0000        1
   45         0.6346462317         8.6348696989    0.0000        1
   46         0.6415172071         8.7283548164    0.0000        1
   47         0.6437989599         8.7593998880    0.0000        1
   48         0.6611868889         8.9959765736    0.0000        1
   49         0.6788477695         9.2362669825    0.0000        1
   50         0.6895303458         9.3816119790    0.0000        1
   51         0.6948100469         9.4534465362    0.0000        1
   52         0.7025875901         9.5592662336    0.0000        1
   53         0.7124094805         9.6929009095    0.0000        1
   54         0.7179040784         9.7676593101    0.0000        1
   55         0.7209953805         9.8097189474    0.0000        1
   56         0.7381237455        10.0427640569    0.0000        1
   57         0.7596593817        10.3357736156    0.0000        1
   58         0.7741371267        10.5327549190    0.0000        1
   59         0.7774079537        10.5772571369    0.0000        1
   60         0.7881466575        10.7233657928    0.0000        1
   61         0.8085479844        11.0009421663    0.0000        1
   62         0.8148601958        11.0868248521    0.0000        1
   63         0.8268185592        11.2495279522    0.0000        1
   64         0.8318671205        11.3182176681    0.0000        1
   65         0.8497016432        11.5608706170    0.0000        1

 Max and min values of charge density [e/bohr^3]:   3.2045E-01   1.4295E-12

 Hartree potential time [sec]:       1.85

   Eigenvalue Energy             =          -6.67707298 [Ry]
   Hartree Energy                =          30.35806347 [Ry]
   Integral_{Vxc*rho}            =          -8.20840256 [Ry]
   Exc = Integral{eps_xc*rho}    =          -6.34221143 [Ry]
   Electron-Ion energy           =         -73.25766400 [Ry]
   Ion-Ion Energy                =          19.00086834 [Ry]
   (E(new)-E(old))/atom  =            -0.00266996 [eV]

   Total Energy =           -16.15598470 [Ry]
   Energy/atom  =           -43.96301933 [eV]

  0- 11    SRE of pot. & charge weighted pot =   1.1863305838   0.0081455368

 SCF iter #  12

 Diagonalization time [sec] :       3.95,      tdiag_sum =       61.51

 Fermi level at    -0.3659 [Ry]

   State   Eigenvalue [Ry]      Eigenvalue [eV]    Occup.     Repr.

    1        -1.2474614521       -16.9727110243    1.0000        1
    2        -0.6937866008        -9.4395217328    1.0000        1
    3        -0.6928801669        -9.4271889753    1.0000        1
    4        -0.6909155065        -9.4004581984    1.0000        1
    5        -0.0168071888        -0.2286752489    0.0000        1
    6         0.0809829199         1.1018374109    0.0000        1
    7         0.0825848286         1.1236326604    0.0000        1
    8         0.0839972437         1.1428496987    0.0000        1
    9         0.1408969404         1.9170155910    0.0000        1
   10         0.1423013935         1.9361242996    0.0000        1
   11         0.1474688251         2.0064313400    0.0000        1
   12         0.1676076260         2.2804358384    0.0000        1
   13         0.1701541591         2.3150834573    0.0000        1
   14         0.2788351536         3.7937753333    0.0000        1
   15         0.3130064270         4.2587028449    0.0000        1
   16         0.3149459421         4.2850914996    0.0000        1
   17         0.3177793248         4.3236419374    0.0000        1
   18         0.3191298879         4.3420174293    0.0000        1
   19         0.3213198819         4.3718140487    0.0000        1
   20         0.3236123351         4.4030047095    0.0000        1
   21         0.3324938311         4.5238445678    0.0000        1
   22         0.3557344299         4.8400515063    0.0000        1
   23         0.3584661591         4.8772188673    0.0000        1
   24         0.3636495654         4.9477432570    0.0000        1
   25         0.3954020026         5.3797605663    0.0000        1
   26         0.3993997620         5.4341532816    0.0000        1
   27         0.4026362109         5.4781877580    0.0000        1
   28         0.4457323130         6.0645447040    0.0000        1
   29         0.4498641666         6.1207618782    0.0000        1
   30         0.4630461585         6.3001134233    0.0000        1
   31         0.4639839701         6.3128731004    0.0000        1
   32         0.4640618393         6.3139325736    0.0000        1
   33         0.4647810965         6.3237186425    0.0000        1
   34         0.4651106217         6.3282020963    0.0000        1
   35         0.4653667091         6.3316863710    0.0000        1
   36         0.4667283392         6.3502124381    0.0000        1
   37         0.4677407753         6.3639874408    0.0000        1
   38         0.4765260982         6.4835187866    0.0000        1
   39         0.6223799839         8.4679775850    0.0000        1
   40         0.6241946990         8.4926682358    0.0000        1
   41         0.6258590313         8.5153128081    0.0000        1
   42         0.6280142650         8.5446364861    0.0000        1
   43         0.6296087260         8.5663304040    0.0000        1
   44         0.6309797989         8.5849849480    0.0000        1
   45         0.6333708931         8.6175176970    0.0000        1
   46         0.6394109955         8.6996981229    0.0000        1
   47         0.6421977874         8.7376146559    0.0000        1
   48         0.6564071283         8.9309441058    0.0000        1
   49         0.6740309297         9.1707300233    0.0000        1
   50         0.6833540647         9.2975787334    0.0000        1
   51         0.6941511615         9.4444818732    0.0000        1
   52         0.7012511444         9.5410828207    0.0000        1
   53         0.7086361646         9.6415619278    0.0000        1
   54         0.7144008133         9.7199945860    0.0000        1
   55         0.7157745629         9.7386855482    0.0000        1
   56         0.7309240574         9.9448065404    0.0000        1
   57         0.7589097071        10.3255736932    0.0000        1
   58         0.7725074707        10.5105821443    0.0000        1
   59         0.7756165298        10.5528833809    0.0000        1
   60         0.7849328785        10.6796397577    0.0000        1
   61         0.8080946964        10.9947748202    0.0000        1
   62         0.8133925004        11.0668556815    0.0000        1
   63         0.8232051990        11.2003652972    0.0000        1
   64         0.8284096874        11.2711765244    0.0000        1
   65         0.8431340565        11.4715133465    0.0000        1

 Max and min values of charge density [e/bohr^3]:   3.1982E-01   1.7451E-13

 Hartree potential time [sec]:       1.77

   Eigenvalue Energy             =          -6.65008745 [Ry]
   Hartree Energy                =          30.36036549 [Ry]
   Integral_{Vxc*rho}            =          -8.20708354 [Ry]
   Exc = Integral{eps_xc*rho}    =          -6.34112358 [Ry]
   Electron-Ion energy           =         -73.26113851 [Ry]
   Ion-Ion Energy                =          19.00086834 [Ry]
   (E(new)-E(old))/atom  =            -0.00127818 [eV]

   Total Energy =           -16.15645442 [Ry]
   Energy/atom  =           -43.96429751 [eV]

  0- 12    SRE of pot. & charge weighted pot =   1.1669436974   0.0067514687

 SCF iter #  13

 Diagonalization time [sec] :       3.97,      tdiag_sum =       65.47

 Fermi level at    -0.3667 [Ry]

   State   Eigenvalue [Ry]      Eigenvalue [eV]    Occup.     Repr.

    1        -1.2423877289       -16.9036789624    1.0000        1
    2        -0.6891717494        -9.3767329886    1.0000        1
    3        -0.6882383534        -9.3640333885    1.0000        1
    4        -0.6864588243        -9.3398214716    1.0000        1
    5        -0.0165760724        -0.2255307254    0.0000        1
    6         0.0801815714         1.0909344239    0.0000        1
    7         0.0815730559         1.1098666844    0.0000        1
    8         0.0828230541         1.1268739089    0.0000        1
    9         0.1404751984         1.9112774550    0.0000        1
   10         0.1413487798         1.9231632286    0.0000        1
   11         0.1448250237         1.9704603072    0.0000        1
   12         0.1665872562         2.2665528911    0.0000        1
   13         0.1685531818         2.2933008814    0.0000        1
   14         0.2761283580         3.7569472129    0.0000        1
   15         0.3111242965         4.2330949533    0.0000        1
   16         0.3128536496         4.2566241854    0.0000        1
   17         0.3151417126         4.2877551138    0.0000        1
   18         0.3162989786         4.3035006427    0.0000        1
   19         0.3173063109         4.3172062047    0.0000        1
   20         0.3195779842         4.3481141372    0.0000        1
   21         0.3267483246         4.4456723545    0.0000        1
   22         0.3547954780         4.8272763146    0.0000        1
   23         0.3571524304         4.8593445372    0.0000        1
   24         0.3607318497         4.9080454010    0.0000        1
   25         0.3940733864         5.3616836804    0.0000        1
   26         0.3975657317         5.4091998321    0.0000        1
   27         0.4000079698         5.4424284349    0.0000        1
   28         0.4442188160         6.0439523661    0.0000        1
   29         0.4477675778         6.0922361100    0.0000        1
   30         0.4604362801         6.2646039399    0.0000        1
   31         0.4615662191         6.2799776632    0.0000        1
   32         0.4619700523         6.2854721377    0.0000        1
   33         0.4621193535         6.2875035004    0.0000        1
   34         0.4623158495         6.2901769849    0.0000        1
   35         0.4628875567         6.2979555191    0.0000        1
   36         0.4639761191         6.3127662807    0.0000        1
   37         0.4651628541         6.3289127601    0.0000        1
   38         0.4706283026         6.4032745594    0.0000        1
   39         0.6205769373         8.4434456934    0.0000        1
   40         0.6219077637         8.4615526510    0.0000        1
   41         0.6234707296         8.4828180525    0.0000        1
   42         0.6252287388         8.5067371740    0.0000        1
   43         0.6266627768         8.5262484086    0.0000        1
   44         0.6275629466         8.5384959395    0.0000        1
   45         0.6294990718         8.5648384711    0.0000        1
   46         0.6349628860         8.6391780347    0.0000        1
   47         0.6382314678         8.6836497042    0.0000        1
   48         0.6491761362         8.8325606741    0.0000        1
   49         0.6671137710         9.0766165450    0.0000        1
   50         0.6741026335         9.1717056112    0.0000        1
   51         0.6920030747         9.4152554338    0.0000        1
   52         0.6983223564         9.5012343169    0.0000        1
   53         0.7037643538         9.5752770449    0.0000        1
   54         0.7095801465         9.6544055578    0.0000        1
   55         0.7098518818         9.6581027335    0.0000        1
   56         0.7229943033         9.8369158913    0.0000        1
   57         0.7569117854        10.2983903693    0.0000        1
   58         0.7692342927        10.4660479391    0.0000        1
   59         0.7725433925        10.5110708893    0.0000        1
   60         0.7798116677        10.6099615890    0.0000        1
   61         0.8047189815        10.9488455182    0.0000        1
   62         0.8092259078        11.0101658569    0.0000        1
   63         0.8175257222        11.1230914709    0.0000        1
   64         0.8226120418        11.1922949189    0.0000        1
   65         0.8348344486        11.3585905404    0.0000        1

 Max and min values of charge density [e/bohr^3]:   3.1955E-01   2.5633E-13

 Hartree potential time [sec]:       1.14

   Eigenvalue Energy             =          -6.61251331 [Ry]
   Hartree Energy                =          30.32148795 [Ry]
   Integral_{Vxc*rho}            =          -8.19751844 [Ry]
   Exc = Integral{eps_xc*rho}    =          -6.33378518 [Ry]
   Electron-Ion energy           =         -73.19650542 [Ry]
   Ion-Ion Energy                =          19.00086834 [Ry]
   (E(new)-E(old))/atom  =            -0.00023856 [eV]

   Total Energy =           -16.15654209 [Ry]
   Energy/atom  =           -43.96453607 [eV]

  0- 13    SRE of pot. & charge weighted pot =   1.3125084093   0.0147424965

 SCF iter #  14

 Diagonalization time [sec] :       3.98,      tdiag_sum =       69.45

 Fermi level at    -0.3740 [Ry]

   State   Eigenvalue [Ry]      Eigenvalue [eV]    Occup.     Repr.

    1        -1.2537942632       -17.0588739868    1.0000        1
    2        -0.6991173848        -9.5120513139    1.0000        1
    3        -0.6985885144        -9.5048556089    1.0000        1
    4        -0.6974157244        -9.4888988629    1.0000        1
    5        -0.0180743044        -0.2459153709    0.0000        1
    6         0.0802482457         1.0918415820    0.0000        1
    7         0.0811589654         1.1042326509    0.0000        1
    8         0.0822082458         1.1185089505    0.0000        1
    9         0.1392689593         1.8948656070    0.0000        1
   10         0.1399333709         1.9039054578    0.0000        1
   11         0.1422188410         1.9350011064    0.0000        1
   12         0.1670020021         2.2721958407    0.0000        1
   13         0.1684486188         2.2918782183    0.0000        1
   14         0.2748057856         3.7389525579    0.0000        1
   15         0.3136493616         4.2674504839    0.0000        1
   16         0.3147570940         4.2825220698    0.0000        1
   17         0.3162907581         4.3033887964    0.0000        1
   18         0.3174429320         4.3190650444    0.0000        1
   19         0.3182040738         4.3294209873    0.0000        1
   20         0.3196621543         4.3492593390    0.0000        1
   21         0.3248251863         4.4195065201    0.0000        1
   22         0.3529379065         4.8020025684    0.0000        1
   23         0.3549336282         4.8291559589    0.0000        1
   24         0.3580685745         4.8718094108    0.0000        1
   25         0.3942614637         5.3642426233    0.0000        1
   26         0.3965632541         5.3955603232    0.0000        1
   27         0.3987785028         5.4257005537    0.0000        1
   28         0.4432239048         6.0304158042    0.0000        1
   29         0.4461518116         6.0702523186    0.0000        1
   30         0.4639421902         6.3123046511    0.0000        1
   31         0.4647426281         6.3231952489    0.0000        1
   32         0.4649522382         6.3260471626    0.0000        1
   33         0.4652328468         6.3298650664    0.0000        1
   34         0.4653642753         6.3316532565    0.0000        1
   35         0.4656039601         6.3349143609    0.0000        1
   36         0.4665014427         6.3471253289    0.0000        1
   37         0.4675419850         6.3612827392    0.0000        1
   38         0.4714820908         6.4148910308    0.0000        1
   39         0.6251309642         8.5054068724    0.0000        1
   40         0.6261712972         8.5195614356    0.0000        1
   41         0.6273348720         8.5353928019    0.0000        1
   42         0.6286729305         8.5535981578    0.0000        1
   43         0.6294898705         8.5647132796    0.0000        1
   44         0.6304479382         8.5777485582    0.0000        1
   45         0.6318339258         8.5966060278    0.0000        1
   46         0.6357621972         8.6500533033    0.0000        1
   47         0.6387893886         8.6912406629    0.0000        1
   48         0.6475082483         8.8098677250    0.0000        1
   49         0.6632980466         9.0247005625    0.0000        1
   50         0.6701750651         9.1182679014    0.0000        1
   51         0.6914192392         9.4073118841    0.0000        1
   52         0.6971298810         9.4850097345    0.0000        1
   53         0.7014711037         9.5440755426    0.0000        1
   54         0.7061111739         9.6072074104    0.0000        1
   55         0.7072414232         9.6225853562    0.0000        1
   56         0.7184364430         9.7749025566    0.0000        1
   57         0.7551795200        10.2748215130    0.0000        1
   58         0.7667343375        10.4320340488    0.0000        1
   59         0.7715248358        10.4972126114    0.0000        1
   60         0.7766843828        10.5674123752    0.0000        1
   61         0.8082137431        10.9963945455    0.0000        1
   62         0.8116899835        11.0436915779    0.0000        1
   63         0.8184594103        11.1357950448    0.0000        1
   64         0.8229813845        11.1973201216    0.0000        1
   65         0.8328697923        11.3318598206    0.0000        1

 Max and min values of charge density [e/bohr^3]:   3.1957E-01   2.8460E-13

 Hartree potential time [sec]:       1.36

   Eigenvalue Energy             =          -6.69783177 [Ry]
   Hartree Energy                =          30.38770763 [Ry]
   Integral_{Vxc*rho}            =          -8.21275568 [Ry]
   Exc = Integral{eps_xc*rho}    =          -6.34542786 [Ry]
   Electron-Ion energy           =         -73.30352870 [Ry]
   Ion-Ion Energy                =          19.00086834 [Ry]
   (E(new)-E(old))/atom  =            -0.00065132 [eV]

   Total Energy =           -16.15678144 [Ry]
   Energy/atom  =           -43.96518738 [eV]

  0- 14    SRE of pot. & charge weighted pot =   0.9889576239   0.0083220221

 SCF iter #  15

 Diagonalization time [sec] :       3.94,      tdiag_sum =       73.39

 Fermi level at    -0.3762 [Ry]

   State   Eigenvalue [Ry]      Eigenvalue [eV]    Occup.     Repr.

    1        -1.2584044217       -17.1215988806    1.0000        1
    2        -0.7029805886        -9.5646132927    1.0000        1
    3        -0.7027528734        -9.5615150447    1.0000        1
    4        -0.7022478883        -9.5546443190    1.0000        1
    5        -0.0180315559        -0.2453337433    0.0000        1
    6         0.0816058048         1.1103122587    0.0000        1
    7         0.0821034691         1.1170833804    0.0000        1
    8         0.0827746273         1.1262150243    0.0000        1
    9         0.1395938798         1.8992864093    0.0000        1
   10         0.1401679726         1.9070974011    0.0000        1
   11         0.1417788001         1.9290139988    0.0000        1
   12         0.1684310330         2.2916389494    0.0000        1
   13         0.1693826484         2.3045864382    0.0000        1
   14         0.2760929736         3.7564657806    0.0000        1
   15         0.3172742209         4.3167695951    0.0000        1
   16         0.3178067993         4.3240157496    0.0000        1
   17         0.3187162199         4.3363891453    0.0000        1
   18         0.3197760867         4.3508094798    0.0000        1
   19         0.3204275044         4.3596725393    0.0000        1
   20         0.3212609311         4.3710119758    0.0000        1
   21         0.3249844055         4.4216728238    0.0000        1
   22         0.3540502754         4.8171372374    0.0000        1
   23         0.3555029631         4.8369022155    0.0000        1
   24         0.3583475368         4.8756049160    0.0000        1
   25         0.3968753393         5.3998064912    0.0000        1
   26         0.3980509877         5.4158021281    0.0000        1
   27         0.4000827991         5.4434465479    0.0000        1
   28         0.4444516136         6.0471197646    0.0000        1
   29         0.4468424774         6.0796493792    0.0000        1
   30         0.4683992612         6.3729466675    0.0000        1
   31         0.4689699962         6.3807119743    0.0000        1
   32         0.4691001323         6.3824825795    0.0000        1
   33         0.4693637515         6.3860693305    0.0000        1
   34         0.4695949699         6.3892152412    0.0000        1
   35         0.4700016553         6.3947485213    0.0000        1
   36         0.4701599305         6.3969019819    0.0000        1
   37         0.4709564722         6.4077395689    0.0000        1
   38         0.4741432305         6.4510979659    0.0000        1
   39         0.6308249607         8.5828782501    0.0000        1
   40         0.6317793113         8.5958629531    0.0000        1
   41         0.6324338331         8.6047682457    0.0000        1
   42         0.6334231387         8.6182285411    0.0000        1
   43         0.6336464296         8.6212665923    0.0000        1
   44         0.6346276865         8.6346173775    0.0000        1
   45         0.6357330008         8.6496560622    0.0000        1
   46         0.6383305201         8.6849973905    0.0000        1
   47         0.6410794440         8.7223986990    0.0000        1
   48         0.6477690388         8.8134159881    0.0000        1
   49         0.6621936019         9.0096737085    0.0000        1
   50         0.6682463834         9.0920266430    0.0000        1
   51         0.6928471487         9.4267397362    0.0000        1
   52         0.6979335457         9.4959442361    0.0000        1
   53         0.7017183512         9.5474395431    0.0000        1
   54         0.7050422228         9.5926634746    0.0000        1
   55         0.7066632775         9.6147192216    0.0000        1
   56         0.7163137062         9.7460210236    0.0000        1
   57         0.7559805004        10.2857194927    0.0000        1
   58         0.7662563310        10.4255303879    0.0000        1
   59         0.7722248092        10.5067363091    0.0000        1
   60         0.7758430939        10.5559659669    0.0000        1
   61         0.8131810183        11.0639782985    0.0000        1
   62         0.8159430699        11.1015582205    0.0000        1
   63         0.8214797115        11.1768886592    0.0000        1
   64         0.8255452514        11.2322035812    0.0000        1
   65         0.8336945104        11.3430807693    0.0000        1

 Max and min values of charge density [e/bohr^3]:   3.1976E-01   1.2329E-13

 Hartree potential time [sec]:       1.34

   Eigenvalue Energy             =          -6.73277154 [Ry]
   Hartree Energy                =          30.41379085 [Ry]
   Integral_{Vxc*rho}            =          -8.21899501 [Ry]
   Exc = Integral{eps_xc*rho}    =          -6.35021421 [Ry]
   Electron-Ion energy           =         -73.34616697 [Ry]
   Ion-Ion Energy                =          19.00086834 [Ry]
   (E(new)-E(old))/atom  =            -0.00004268 [eV]

   Total Energy =           -16.15679712 [Ry]
   Energy/atom  =           -43.96523006 [eV]

  0- 15    SRE of pot. & charge weighted pot =   0.5876873986   0.0154954350

 SCF iter #  16

 Diagonalization time [sec] :       3.96,      tdiag_sum =       77.35

 Fermi level at    -0.3706 [Ry]

   State   Eigenvalue [Ry]      Eigenvalue [eV]    Occup.     Repr.

    1        -1.2473864254       -16.9716902267    1.0000        1
    2        -0.6926304509        -9.4237913889    1.0000        1
    3        -0.6924283359        -9.4210414524    1.0000        1
    4        -0.6922843805        -9.4190828239    1.0000        1
    5        -0.0156529169        -0.2129704562    0.0000        1
    6         0.0833528785         1.1340825948    0.0000        1
    7         0.0835311837         1.1365085798    0.0000        1
    8         0.0837790934         1.1398815888    0.0000        1
    9         0.1418605240         1.9301259180    0.0000        1
   10         0.1422874357         1.9359343923    0.0000        1
   11         0.1435832235         1.9535646218    0.0000        1
   12         0.1696071225         2.3076405870    0.0000        1
   13         0.1701044908         2.3144076806    0.0000        1
   14         0.2786106371         3.7907206060    0.0000        1
   15         0.3185970145         4.3347672592    0.0000        1
   16         0.3187852107         4.3373278197    0.0000        1
   17         0.3195342903         4.3475196472    0.0000        1
   18         0.3200929770         4.3551210265    0.0000        1
   19         0.3206161928         4.3622397964    0.0000        1
   20         0.3211947809         4.3701119504    0.0000        1
   21         0.3243700507         4.4133140354    0.0000        1
   22         0.3580837879         4.8720164010    0.0000        1
   23         0.3590485459         4.8851427053    0.0000        1
   24         0.3609683836         4.9112636334    0.0000        1
   25         0.4003923527         5.4476582722    0.0000        1
   26         0.4010537959         5.4566577369    0.0000        1
   27         0.4025129135         5.4765101989    0.0000        1
   28         0.4473437901         6.0864701394    0.0000        1
   29         0.4493439777         6.1136842918    0.0000        1
   30         0.4695667685         6.3888315395    0.0000        1
   31         0.4700465257         6.3953590192    0.0000        1
   32         0.4703221955         6.3991097270    0.0000        1
   33         0.4704350498         6.4006452006    0.0000        1
   34         0.4705779418         6.4025893599    0.0000        1
   35         0.4709355205         6.4074545046    0.0000        1
   36         0.4712273294         6.4114247988    0.0000        1
   37         0.4715883407         6.4163366459    0.0000        1
   38         0.4738704561         6.4473866510    0.0000        1
   39         0.6327029433         8.6084297058    0.0000        1
   40         0.6335466537         8.6199090616    0.0000        1
   41         0.6339010760         8.6247312598    0.0000        1
   42         0.6344846558         8.6326713304    0.0000        1
   43         0.6347136388         8.6357868267    0.0000        1
   44         0.6354094016         8.6452532365    0.0000        1
   45         0.6365676646         8.6610123316    0.0000        1
   46         0.6392825744         8.6979508513    0.0000        1
   47         0.6413405309         8.7259509960    0.0000        1
   48         0.6458483517         8.7872835035    0.0000        1
   49         0.6605104651         8.9867732861    0.0000        1
   50         0.6645368656         9.0415556863    0.0000        1
   51         0.6950359351         9.4565199264    0.0000        1
   52         0.6995144639         9.5174538923    0.0000        1
   53         0.7028141301         9.5623484917    0.0000        1
   54         0.7050510517         9.5927835998    0.0000        1
   55         0.7067536294         9.6159485311    0.0000        1
   56         0.7149072332         9.7268848336    0.0000        1
   57         0.7586040063        10.3214143887    0.0000        1
   58         0.7673519240        10.4404368069    0.0000        1
   59         0.7734419494        10.5232964756    0.0000        1
   60         0.7759825706        10.5578636588    0.0000        1
   61         0.8143883591        11.0804051359    0.0000        1
   62         0.8168658329        11.1141131492    0.0000        1
   63         0.8215398814        11.1777073185    0.0000        1
   64         0.8255387722        11.2321154266    0.0000        1
   65         0.8323548168        11.3248531662    0.0000        1

 Max and min values of charge density [e/bohr^3]:   3.1968E-01   5.7600E-14

 Hartree potential time [sec]:       1.43

   Eigenvalue Energy             =          -6.64945919 [Ry]
   Hartree Energy                =          30.35725540 [Ry]
   Integral_{Vxc*rho}            =          -8.20547950 [Ry]
   Exc = Integral{eps_xc*rho}    =          -6.33987060 [Ry]
   Electron-Ion energy           =         -73.25458523 [Ry]
   Ion-Ion Energy                =          19.00086834 [Ry]
   (E(new)-E(old))/atom  =            -0.00009937 [eV]

   Total Energy =           -16.15683364 [Ry]
   Energy/atom  =           -43.96532943 [eV]

  0- 16    SRE of pot. & charge weighted pot =   0.1508132235   0.0044189542

 SCF iter #  17

 Diagonalization time [sec] :       3.77,      tdiag_sum =       81.12

 Fermi level at    -0.3718 [Ry]

   State   Eigenvalue [Ry]      Eigenvalue [eV]    Occup.     Repr.

    1        -1.2475253088       -16.9735798467    1.0000        1
    2        -0.6924652349        -9.4215434933    1.0000        1
    3        -0.6922769078        -9.4189811519    1.0000        1
    4        -0.6921399882        -9.4171182510    1.0000        1
    5        -0.0155261040        -0.2112450653    0.0000        1
    6         0.0833226706         1.1336715914    0.0000        1
    7         0.0834288095         1.1351156960    0.0000        1
    8         0.0835565559         1.1368537878    0.0000        1
    9         0.1419747388         1.9316799017    0.0000        1
   10         0.1423128775         1.9362805491    0.0000        1
   11         0.1432638256         1.9492189586    0.0000        1
   12         0.1696478768         2.3081950826    0.0000        1
   13         0.1699583304         2.3124190521    0.0000        1
   14         0.2782598339         3.7859476474    0.0000        1
   15         0.3186685166         4.3357401031    0.0000        1
   16         0.3187490550         4.3368358921    0.0000        1
   17         0.3193320444         4.3447679302    0.0000        1
   18         0.3196865711         4.3495915496    0.0000        1
   19         0.3200802193         4.3549474475    0.0000        1
   20         0.3205123259         4.3608266031    0.0000        1
   21         0.3230330040         4.3951224457    0.0000        1
   22         0.3582318342         4.8740306895    0.0000        1
   23         0.3589537743         4.8838532619    0.0000        1
   24         0.3604296551         4.9039338018    0.0000        1
   25         0.4007404009         5.4523937467    0.0000        1
   26         0.4011301943         5.4576971981    0.0000        1
   27         0.4022766188         5.4732952203    0.0000        1
   28         0.4475068736         6.0886890206    0.0000        1
   29         0.4491620424         6.1112089159    0.0000        1
   30         0.4697313115         6.3910702786    0.0000        1
   31         0.4701681763         6.3970141725    0.0000        1
   32         0.4704150932         6.4003736747    0.0000        1
   33         0.4704964395         6.4014804569    0.0000        1
   34         0.4707511433         6.4049459057    0.0000        1
   35         0.4709751578         6.4079938019    0.0000        1
   36         0.4712816926         6.4121644535    0.0000        1
   37         0.4714873484         6.4149625642    0.0000        1
   38         0.4730927167         6.4368048852    0.0000        1
   39         0.6331735857         8.6148331719    0.0000        1
   40         0.6337868160         8.6231766606    0.0000        1
   41         0.6341356122         8.6279223121    0.0000        1
   42         0.6345400404         8.6334248818    0.0000        1
   43         0.6347648830         8.6364840452    0.0000        1
   44         0.6352895834         8.6436230134    0.0000        1
   45         0.6363221368         8.6576717287    0.0000        1
   46         0.6386704390         8.6896222592    0.0000        1
   47         0.6405492478         8.7151849559    0.0000        1
   48         0.6435082360         8.7554443574    0.0000        1
   49         0.6568204495         8.9365676720    0.0000        1
   50         0.6603610729         8.9847406852    0.0000        1
   51         0.6950140485         9.4562221415    0.0000        1
   52         0.6988018165         9.5077577549    0.0000        1
   53         0.7019410101         9.5504689951    0.0000        1
   54         0.7033398707         9.5695016129    0.0000        1
   55         0.7053127533         9.5963442586    0.0000        1
   56         0.7123405106         9.6919625187    0.0000        1
   57         0.7582030989        10.3159597223    0.0000        1
   58         0.7659444898        10.4212875387    0.0000        1
   59         0.7719624373        10.5031665298    0.0000        1
   60         0.7740381194        10.5314078454    0.0000        1
   61         0.8143237104        11.0795255394    0.0000        1
   62         0.8165835010        11.1102717978    0.0000        1
   63         0.8205116348        11.1637172003    0.0000        1
   64         0.8241913054        11.2137820631    0.0000        1
   65         0.8298100802        11.2902299895    0.0000        1

 Max and min values of charge density [e/bohr^3]:   3.1953E-01   4.8101E-14

 Hartree potential time [sec]:       1.50

   Eigenvalue Energy             =          -6.64881488 [Ry]
   Hartree Energy                =          30.37107166 [Ry]
   Integral_{Vxc*rho}            =          -8.20801135 [Ry]
   Exc = Integral{eps_xc*rho}    =          -6.34177898 [Ry]
   Electron-Ion energy           =         -73.27732137 [Ry]
   Ion-Ion Energy                =          19.00086834 [Ry]
   (E(new)-E(old))/atom  =            -0.00008574 [eV]

   Total Energy =           -16.15686515 [Ry]
   Energy/atom  =           -43.96541517 [eV]

  0- 17    SRE of pot. & charge weighted pot =   0.0475241221   0.0015004640

 SCF iter #  18

 Diagonalization time [sec] :       3.92,      tdiag_sum =       85.04

 Fermi level at    -0.3729 [Ry]

   State   Eigenvalue [Ry]      Eigenvalue [eV]    Occup.     Repr.

    1        -1.2475251342       -16.9735774703    1.0000        1
    2        -0.6922901955        -9.4191619416    1.0000        1
    3        -0.6921790508        -9.4176497290    1.0000        1
    4        -0.6920903392        -9.4164427374    1.0000        1
    5        -0.0154707821        -0.2104923674    0.0000        1
    6         0.0832335783         1.1324594195    0.0000        1
    7         0.0833130751         1.1335410371    0.0000        1
    8         0.0834036874         1.1347738900    0.0000        1
    9         0.1419791248         1.9317395763    0.0000        1
   10         0.1422328750         1.9351920503    0.0000        1
   11         0.1428968276         1.9442256571    0.0000        1
   12         0.1695915983         2.3074293686    0.0000        1
   13         0.1698205274         2.3105441320    0.0000        1
   14         0.2776699581         3.7779219159    0.0000        1
   15         0.3184810919         4.3331900398    0.0000        1
   16         0.3185297315         4.3338518207    0.0000        1
   17         0.3189771704         4.3399395849    0.0000        1
   18         0.3192231782         4.3432867182    0.0000        1
   19         0.3194767176         4.3467363248    0.0000        1
   20         0.3198473652         4.3517792814    0.0000        1
   21         0.3218397287         4.3788869807    0.0000        1
   22         0.3580480293         4.8715298765    0.0000        1
   23         0.3586129174         4.8792156317    0.0000        1
   24         0.3597426951         4.8945871612    0.0000        1
   25         0.4005688050         5.4500590473    0.0000        1
   26         0.4008467405         5.4538405822    0.0000        1
   27         0.4017408501         5.4660056580    0.0000        1
   28         0.4472672116         6.0854282273    0.0000        1
   29         0.4486484969         6.1042217193    0.0000        1
   30         0.4695845612         6.3890736233    0.0000        1
   31         0.4699691610         6.3943064105    0.0000        1
   32         0.4700605966         6.3955504654    0.0000        1
   33         0.4703294651         6.3992086359    0.0000        1
   34         0.4706085319         6.4030055627    0.0000        1
   35         0.4707963245         6.4055606317    0.0000        1
   36         0.4709403953         6.4075208304    0.0000        1
   37         0.4712601942         6.4118719508    0.0000        1
   38         0.4722799693         6.4257468069    0.0000        1
   39         0.6331004049         8.6138374887    0.0000        1
   40         0.6335692311         8.6202162439    0.0000        1
   41         0.6339066865         8.6248075956    0.0000        1
   42         0.6341779734         8.6284986699    0.0000        1
   43         0.6344561296         8.6322832083    0.0000        1
   44         0.6348720628         8.6379423125    0.0000        1
   45         0.6357517311         8.6499109032    0.0000        1
   46         0.6377287676         8.6768100669    0.0000        1
   47         0.6394758800         8.7005809281    0.0000        1
   48         0.6414402670         8.7273079848    0.0000        1
   49         0.6530022756         8.8846183617    0.0000        1
   50         0.6565895240         8.9334257461    0.0000        1
   51         0.6946600628         9.4514058831    0.0000        1
   52         0.6978167127         9.4943546291    0.0000        1
   53         0.7007129187         9.5337598291    0.0000        1
   54         0.7018461542         9.5491784044    0.0000        1
   55         0.7038219591         9.5760608117    0.0000        1
   56         0.7099304079         9.6591711440    0.0000        1
   57         0.7575845931        10.3075444567    0.0000        1
   58         0.7644958036        10.4015770051    0.0000        1
   59         0.7701296275        10.4782296860    0.0000        1
   60         0.7723216749        10.5080542438    0.0000        1
   61         0.8138517240        11.0731037870    0.0000        1
   62         0.8158573949        11.1003925439    0.0000        1
   63         0.8191999651        11.1458708851    0.0000        1
   64         0.8225499710        11.1914503951    0.0000        1
   65         0.8271358535        11.2538449949    0.0000        1

 Max and min values of charge density [e/bohr^3]:   3.1943E-01   2.7292E-14

 Hartree potential time [sec]:       1.38

   Eigenvalue Energy             =          -6.64816944 [Ry]
   Hartree Energy                =          30.37662448 [Ry]
   Integral_{Vxc*rho}            =          -8.20896663 [Ry]
   Exc = Integral{eps_xc*rho}    =          -6.34249944 [Ry]
   Electron-Ion energy           =         -73.28681462 [Ry]
   Ion-Ion Energy                =          19.00086834 [Ry]
   (E(new)-E(old))/atom  =            -0.00002114 [eV]

   Total Energy =           -16.15687292 [Ry]
   Energy/atom  =           -43.96543631 [eV]

  0- 18    SRE of pot. & charge weighted pot =   0.0363215759   0.0004021942

 SCF iter #  19

 Diagonalization time [sec] :       3.44,      tdiag_sum =       88.48

 Fermi level at    -0.3737 [Ry]

   State   Eigenvalue [Ry]      Eigenvalue [eV]    Occup.     Repr.

    1        -1.2473216392       -16.9708087592    1.0000        1
    2        -0.6920364346        -9.4157093216    1.0000        1
    3        -0.6919791498        -9.4149299168    1.0000        1
    4        -0.6919323692        -9.4142934286    1.0000        1
    5        -0.0153894170        -0.2093853302    0.0000        1
    6         0.0832446394         1.1326099148    0.0000        1
    7         0.0833012405         1.1333800187    0.0000        1
    8         0.0833694623         1.1343082295    0.0000        1
    9         0.1420180179         1.9322687473    0.0000        1
   10         0.1422175637         1.9349837277    0.0000        1
   11         0.1427056437         1.9416244467    0.0000        1
   12         0.1695950642         2.3074765239    0.0000        1
   13         0.1697876233         2.3100964455    0.0000        1
   14         0.2772971059         3.7728489629    0.0000        1
   15         0.3183744782         4.3317394759    0.0000        1
   16         0.3184157051         4.3323004005    0.0000        1
   17         0.3187881794         4.3373682118    0.0000        1
   18         0.3189650331         4.3397744479    0.0000        1
   19         0.3191474340         4.3422561573    0.0000        1
   20         0.3194622172         4.3465390347    0.0000        1
   21         0.3211048129         4.3688878639    0.0000        1
   22         0.3579525560         4.8702308864    0.0000        1
   23         0.3584170836         4.8765511565    0.0000        1
   24         0.3593193016         4.8888265537    0.0000        1
   25         0.4004254290         5.4481083024    0.0000        1
   26         0.4006561761         5.4512478008    0.0000        1
   27         0.4013793410         5.4610870380    0.0000        1
   28         0.4470772345         6.0828434367    0.0000        1
   29         0.4482798918         6.0992065522    0.0000        1
   30         0.4695140788         6.3881146535    0.0000        1
   31         0.4698201185         6.3922785683    0.0000        1
   32         0.4699140679         6.3935568246    0.0000        1
   33         0.4702286192         6.3978365474    0.0000        1
   34         0.4705478454         6.4021798751    0.0000        1
   35         0.4707119795         6.4044130509    0.0000        1
   36         0.4707635688         6.4051149642    0.0000        1
   37         0.4711686277         6.4106261152    0.0000        1
   38         0.4717668612         6.4187655605    0.0000        1
   39         0.6330417712         8.6130397311    0.0000        1
   40         0.6334220204         8.6182133250    0.0000        1
   41         0.6337142351         8.6221891397    0.0000        1
   42         0.6338856225         8.6245210030    0.0000        1
   43         0.6342841110         8.6299427580    0.0000        1
   44         0.6345967844         8.6341969294    0.0000        1
   45         0.6353365168         8.6442615801    0.0000        1
   46         0.6369860063         8.6667042046    0.0000        1
   47         0.6385252860         8.6876473360    0.0000        1
   48         0.6400822031         8.7088304395    0.0000        1
   49         0.6498826095         8.8421728084    0.0000        1
   50         0.6537798095         8.8951973314    0.0000        1
   51         0.6943647021         9.4473872634    0.0000        1
   52         0.6970315570         9.4836719586    0.0000        1
   53         0.6995621341         9.5181024842    0.0000        1
   54         0.7009362706         9.5367987103    0.0000        1
   55         0.7026638694         9.5603040744    0.0000        1
   56         0.7080533081         9.6336316998    0.0000        1
   57         0.7571162735        10.3011725940    0.0000        1
   58         0.7633599707        10.3861230890    0.0000        1
   59         0.7685482920        10.4567143509    0.0000        1
   60         0.7711160245        10.4916504064    0.0000        1
   61         0.8134969942        11.0682774031    0.0000        1
   62         0.8152823627        11.0925687706    0.0000        1
   63         0.8181668633        11.1318147086    0.0000        1
   64         0.8212412403        11.1736440669    0.0000        1
   65         0.8250160536        11.2250034218    0.0000        1

 Max and min values of charge density [e/bohr^3]:   3.1939E-01   1.7642E-13

 Hartree potential time [sec]:       0.97

   Eigenvalue Energy             =          -6.64653919 [Ry]
   Hartree Energy                =          30.37675196 [Ry]
   Integral_{Vxc*rho}            =          -8.20890036 [Ry]
   Exc = Integral{eps_xc*rho}    =          -6.34244707 [Ry]
   Electron-Ion energy           =         -73.28733369 [Ry]
   Ion-Ion Energy                =          19.00086834 [Ry]
   (E(new)-E(old))/atom  =            -0.00000549 [eV]

   Total Energy =           -16.15687494 [Ry]
   Energy/atom  =           -43.96544180 [eV]

  0- 19    SRE of pot. & charge weighted pot =   0.0262352103   0.0002859588

 SCF iter #  20

 Diagonalization time [sec] :       0.77,      tdiag_sum =       89.25

 Fermi level at    -0.3744 [Ry]

   State   Eigenvalue [Ry]      Eigenvalue [eV]    Occup.     Repr.

    1        -1.2472731501       -16.9701490260    1.0000        1
    2        -0.6919384634        -9.4143763457    1.0000        1
    3        -0.6919326603        -9.4142973900    1.0000        1
    4        -0.6919067477        -9.4139448281    1.0000        1
    5        -0.0153179417        -0.2084128513    0.0000        1
    6         0.0832908302         1.1332383772    0.0000        1
    7         0.0833275970         1.1337386189    0.0000        1
    8         0.0833770754         1.1344118130    0.0000        1
    9         0.1420652417         1.9329112656    0.0000        1
   10         0.1422329055         1.9351924660    0.0000        1
   11         0.1426256351         1.9405358659    0.0000        1
   12         0.1696366388         2.3080421804    0.0000        1
   13         0.1698097211         2.3103971035    0.0000        1
   14         0.2770751795         3.7698294767    0.0000        1
   15         0.3183252930         4.3310702711    0.0000        1
   16         0.3183747403         4.3317430419    0.0000        1
   17         0.3187214122         4.3364597895    0.0000        1
   18         0.3188665306         4.3384342424    0.0000        1
   19         0.3190063002         4.3403359192    0.0000        1
   20         0.3192548078         4.3437170638    0.0000        1
   21         0.3206789252         4.3630933212    0.0000        1
   22         0.3579075187         4.8696181174    0.0000        1
   23         0.3583062523         4.8750432074    0.0000        1
   24         0.3590533468         4.8852080258    0.0000        1
   25         0.4003385590         5.4469263659    0.0000        1
   26         0.4005501285         5.4498049382    0.0000        1
   27         0.4011558218         5.4580458798    0.0000        1
   28         0.4469631456         6.0812911657    0.0000        1
   29         0.4480568895         6.0961724273    0.0000        1
   30         0.4695319871         6.3883583106    0.0000        1
   31         0.4697409613         6.3912015717    0.0000        1
   32         0.4698574966         6.3927871276    0.0000        1
   33         0.4702355037         6.3979302164    0.0000        1
   34         0.4705790375         6.4026042679    0.0000        1
   35         0.4706773655         6.4039420993    0.0000        1
   36         0.4707663405         6.4051526760    0.0000        1
   37         0.4711667047         6.4105999508    0.0000        1
   38         0.4714549747         6.4145220946    0.0000        1
   39         0.6330509798         8.6131650213    0.0000        1
   40         0.6333656603         8.6174465005    0.0000        1
   41         0.6335910096         8.6205125586    0.0000        1
   42         0.6337328207         8.6224420114    0.0000        1
   43         0.6342064404         8.6288859872    0.0000        1
   44         0.6344555889         8.6322758511    0.0000        1
   45         0.6350786025         8.6407524494    0.0000        1
   46         0.6364490186         8.6593980573    0.0000        1
   47         0.6377248446         8.6767566913    0.0000        1
   48         0.6392471150         8.6974683971    0.0000        1
   49         0.6474439071         8.8089923111    0.0000        1
   50         0.6517050809         8.8669689899    0.0000        1
   51         0.6941448650         9.4443962049    0.0000        1
   52         0.6964371255         9.4755842428    0.0000        1
   53         0.6986475022         9.5056581848    0.0000        1
   54         0.7003545464         9.5288838880    0.0000        1
   55         0.7017932476         9.5484585679    0.0000        1
   56         0.7066021548         9.6138875981    0.0000        1
   57         0.7567453643        10.2961260777    0.0000        1
   58         0.7624508471        10.3737537359    0.0000        1
   59         0.7672539745        10.4391041258    0.0000        1
   60         0.7702044598        10.4792478397    0.0000        1
   61         0.8132637167        11.0651034768    0.0000        1
   62         0.8148762802        11.0870436925    0.0000        1
   63         0.8173933045        11.1212898228    0.0000        1
   64         0.8202544871        11.1602185006    0.0000        1
   65         0.8233900477        11.2028803111    0.0000        1

 Max and min values of charge density [e/bohr^3]:   3.1937E-01   7.8074E-13

 Hartree potential time [sec]:       3.46

   Eigenvalue Energy             =          -6.64610204 [Ry]
   Hartree Energy                =          30.37753204 [Ry]
   Integral_{Vxc*rho}            =          -8.20904049 [Ry]
   Exc = Integral{eps_xc*rho}    =          -6.34255380 [Ry]
   Electron-Ion energy           =         -73.28878626 [Ry]
   Ion-Ion Energy                =          19.00086834 [Ry]
   (E(new)-E(old))/atom  =            -0.00000250 [eV]

   Total Energy =           -16.15687585 [Ry]
   Energy/atom  =           -43.96544430 [eV]

  0- 20    SRE of pot. & charge weighted pot =   0.0095538908   0.0001238696

 SCF iter #  21

 Diagonalization time [sec] :       0.93,      tdiag_sum =       90.18

 Fermi level at    -0.3751 [Ry]

   State   Eigenvalue [Ry]      Eigenvalue [eV]    Occup.     Repr.

    1        -1.2473512452       -16.9712115714    1.0000        1
    2        -0.6919971850        -9.4151752999    1.0000        1
    3        -0.6919947602        -9.4151423081    1.0000        1
    4        -0.6919696924        -9.4148012403    1.0000        1
    5        -0.0153375107        -0.2086791026    0.0000        1
    6         0.0832446001         1.1326093805    0.0000        1
    7         0.0832744487         1.1330154937    0.0000        1
    8         0.0833114256         1.1335185950    0.0000        1
    9         0.1420268398         1.9323887766    0.0000        1
   10         0.1421717582         1.9343605070    0.0000        1
   11         0.1424787889         1.9385379063    0.0000        1
   12         0.1695911459         2.3074232129    0.0000        1
   13         0.1697476272         2.3095522665    0.0000        1
   14         0.2768116129         3.7662434428    0.0000        1
   15         0.3182295894         4.3297681475    0.0000        1
   16         0.3182812812         4.3304714556    0.0000        1
   17         0.3185769684         4.3344945162    0.0000        1
   18         0.3186757315         4.3358382682    0.0000        1
   19         0.3188006300         4.3375376120    0.0000        1
   20         0.3190151745         4.3404566614    0.0000        1
   21         0.3202394766         4.3571142707    0.0000        1
   22         0.3577852653         4.8679547623    0.0000        1
   23         0.3581194933         4.8725022014    0.0000        1
   24         0.3587474720         4.8810463549    0.0000        1
   25         0.4002060071         5.4451228908    0.0000        1
   26         0.4003846772         5.4475538413    0.0000        1
   27         0.4008977706         5.4545348869    0.0000        1
   28         0.4467933264         6.0789806399    0.0000        1
   29         0.4477813411         6.0924233712    0.0000        1
   30         0.4694480113         6.3872157521    0.0000        1
   31         0.4696155159         6.3894947867    0.0000        1
   32         0.4697255491         6.3909918764    0.0000        1
   33         0.4701613961         6.3969219233    0.0000        1
   34         0.4705141992         6.4017220921    0.0000        1
   35         0.4705884220         6.4027319526    0.0000        1
   36         0.4706925173         6.4041482514    0.0000        1
   37         0.4710943861         6.4096159990    0.0000        1
   38         0.4711970769         6.4110131882    0.0000        1
   39         0.6329634489         8.6119740936    0.0000        1
   40         0.6332362519         8.6156857955    0.0000        1
   41         0.6334222561         8.6182165323    0.0000        1
   42         0.6335716014         8.6202484938    0.0000        1
   43         0.6340848663         8.6272318746    0.0000        1
   44         0.6342692587         8.6297406801    0.0000        1
   45         0.6347882043         8.6368013500    0.0000        1
   46         0.6359227416         8.6522376371    0.0000        1
   47         0.6369164585         8.6657579516    0.0000        1
   48         0.6385203175         8.6875797353    0.0000        1
   49         0.6452388921         8.7789913180    0.0000        1
   50         0.6499424598         8.8429871196    0.0000        1
   51         0.6939178075         9.4413069055    0.0000        1
   52         0.6958754816         9.4679426269    0.0000        1
   53         0.6977643125         9.4936416824    0.0000        1
   54         0.6998323533         9.5217790326    0.0000        1
   55         0.7009869051         9.5374876335    0.0000        1
   56         0.7052885652         9.5960151606    0.0000        1
   57         0.7563650038        10.2909509685    0.0000        1
   58         0.7615617735        10.3616571780    0.0000        1
   59         0.7659986997        10.4220251078    0.0000        1
   60         0.7693301155        10.4673516858    0.0000        1
   61         0.8130158715        11.0617313446    0.0000        1
   62         0.8144664515        11.0814676452    0.0000        1
   63         0.8166525090        11.1112107073    0.0000        1
   64         0.8192999940        11.1472318583    0.0000        1
   65         0.8218846570        11.1823982669    0.0000        1

 Max and min values of charge density [e/bohr^3]:   3.1935E-01   1.5296E-12

 Hartree potential time [sec]:       0.72

   Eigenvalue Energy             =          -6.64662577 [Ry]
   Hartree Energy                =          30.37857087 [Ry]
   Integral_{Vxc*rho}            =          -8.20923776 [Ry]
   Exc = Integral{eps_xc*rho}    =          -6.34270380 [Ry]
   Electron-Ion energy           =         -73.29058010 [Ry]
   Ion-Ion Energy                =          19.00086834 [Ry]
   (E(new)-E(old))/atom  =            -0.00000133 [eV]

   Total Energy =           -16.15687634 [Ry]
   Energy/atom  =           -43.96544563 [eV]

  0- 21    SRE of pot. & charge weighted pot =   0.0082968078   0.0001348540

 SCF iter #  22

 Diagonalization time [sec] :       0.77,      tdiag_sum =       90.95

 Fermi level at    -0.3757 [Ry]

   State   Eigenvalue [Ry]      Eigenvalue [eV]    Occup.     Repr.

    1        -1.2473127328       -16.9706875798    1.0000        1
    2        -0.6919647934        -9.4147345860    1.0000        1
    3        -0.6919604843        -9.4146759572    1.0000        1
    4        -0.6919373079        -9.4143606236    1.0000        1
    5        -0.0153390094        -0.2086994945    0.0000        1
    6         0.0832209905         1.1322881530    0.0000        1
    7         0.0832449870         1.1326146437    0.0000        1
    8         0.0832735190         1.1330028441    0.0000        1
    9         0.1420081192         1.9321340687    0.0000        1
   10         0.1421354945         1.9338671111    0.0000        1
   11         0.1423733044         1.9371027053    0.0000        1
   12         0.1695602595         2.3070029788    0.0000        1
   13         0.1697054015         2.3089777514    0.0000        1
   14         0.2766104405         3.7635063307    0.0000        1
   15         0.3181601665         4.3288235938    0.0000        1
   16         0.3182134293         4.3295482760    0.0000        1
   17         0.3184578116         4.3328732930    0.0000        1
   18         0.3185209300         4.3337320698    0.0000        1
   19         0.3186414973         4.3353724840    0.0000        1
   20         0.3188297631         4.3379339905    0.0000        1
   21         0.3198817547         4.3522471779    0.0000        1
   22         0.3577053780         4.8668678318    0.0000        1
   23         0.3579864515         4.8706920622    0.0000        1
   24         0.3585172343         4.8779137864    0.0000        1
   25         0.4001080000         5.4437894261    0.0000        1
   26         0.4002595843         5.4458518517    0.0000        1
   27         0.4006948428         5.4517738921    0.0000        1
   28         0.4466590791         6.0771540982    0.0000        1
   29         0.4475547315         6.0893401660    0.0000        1
   30         0.4693774531         6.3862557509    0.0000        1
   31         0.4695132820         6.3881038124    0.0000        1
   32         0.4696167683         6.3895118257    0.0000        1
   33         0.4701100529         6.3962233572    0.0000        1
   34         0.4704670100         6.4010800449    0.0000        1
   35         0.4705311541         6.4019527765    0.0000        1
   36         0.4706421092         6.4034624091    0.0000        1
   37         0.4709878412         6.4081663699    0.0000        1
   38         0.4710779286         6.4093920807    0.0000        1
   39         0.6328890267         8.6109615194    0.0000        1
   40         0.6331339142         8.6142934104    0.0000        1
   41         0.6332835623         8.6163294915    0.0000        1
   42         0.6334582862         8.6187067500    0.0000        1
   43         0.6339884144         8.6259195682    0.0000        1
   44         0.6341246374         8.6277729911    0.0000        1
   45         0.6345560786         8.6336430947    0.0000        1
   46         0.6354874727         8.6463154564    0.0000        1
   47         0.6362311450         8.6564337130    0.0000        1
   48         0.6379232916         8.6794567213    0.0000        1
   49         0.6433587822         8.7534109189    0.0000        1
   50         0.6485123587         8.8235294494    0.0000        1
   51         0.6937418995         9.4389135357    0.0000        1
   52         0.6954133109         9.4616544253    0.0000        1
   53         0.6970205013         9.4835215366    0.0000        1
   54         0.6994083898         9.5160106698    0.0000        1
   55         0.7003118247         9.5283026239    0.0000        1
   56         0.7041605772         9.5806679809    0.0000        1
   57         0.7560653614        10.2868740944    0.0000        1
   58         0.7607949908        10.3512244864    0.0000        1
   59         0.7649030759        10.4071182701    0.0000        1
   60         0.7685735031        10.4570573689    0.0000        1
   61         0.8128168343        11.0590232838    0.0000        1
   62         0.8141209231        11.0767664550    0.0000        1
   63         0.8160138786        11.1025216299    0.0000        1
   64         0.8184642414        11.1358607753    0.0000        1
   65         0.8205771759        11.1646089400    0.0000        1

 Max and min values of charge density [e/bohr^3]:   3.1935E-01   2.1447E-12

 Hartree potential time [sec]:       0.68

   Eigenvalue Energy             =          -6.64635064 [Ry]
   Hartree Energy                =          30.37829745 [Ry]
   Integral_{Vxc*rho}            =          -8.20915888 [Ry]
   Exc = Integral{eps_xc*rho}    =          -6.34264356 [Ry]
   Electron-Ion energy           =         -73.29020862 [Ry]
   Ion-Ion Energy                =          19.00086834 [Ry]
   (E(new)-E(old))/atom  =            -0.00000075 [eV]

   Total Energy =           -16.15687662 [Ry]
   Energy/atom  =           -43.96544638 [eV]

  0- 22    SRE of pot. & charge weighted pot =   0.0089055219   0.0000628570

 SCF iter #  23

 Diagonalization time [sec] :       0.77,      tdiag_sum =       91.71

 Fermi level at    -0.3762 [Ry]

   State   Eigenvalue [Ry]      Eigenvalue [eV]    Occup.     Repr.

    1        -1.2473326607       -16.9709587150    1.0000        1
    2        -0.6919807840        -9.4149521509    1.0000        1
    3        -0.6919777621        -9.4149110353    1.0000        1
    4        -0.6919535103        -9.4145810699    1.0000        1
    5        -0.0153442743        -0.2087711279    0.0000        1
    6         0.0832038282         1.1320546461    0.0000        1
    7         0.0832212968         1.1322923207    0.0000        1
    8         0.0832466785         1.1326376588    0.0000        1
    9         0.1419934896         1.9319350205    0.0000        1
   10         0.1421071326         1.9334812245    0.0000        1
   11         0.1422870707         1.9359294271    0.0000        1
   12         0.1695404213         2.3067330642    0.0000        1
   13         0.1696774156         2.3085969808    0.0000        1
   14         0.2764513248         3.7613414345    0.0000        1
   15         0.3181219318         4.3283033799    0.0000        1
   16         0.3181749344         4.3290245228    0.0000        1
   17         0.3183555057         4.3314813398    0.0000        1
   18         0.3184083264         4.3322000073    0.0000        1
   19         0.3185215670         4.3337407359    0.0000        1
   20         0.3186952703         4.3361041093    0.0000        1
   21         0.3195944657         4.3483383814    0.0000        1
   22         0.3576338592         4.8658947615    0.0000        1
   23         0.3578732967         4.8691524998    0.0000        1
   24         0.3583264751         4.8753183555    0.0000        1
   25         0.4000348385         5.4427940062    0.0000        1
   26         0.4001649529         5.4445643168    0.0000        1
   27         0.4005340262         5.4495858542    0.0000        1
   28         0.4465562643         6.0757552213    0.0000        1
   29         0.4473676854         6.0867952535    0.0000        1
   30         0.4693259985         6.3855556702    0.0000        1
   31         0.4694441380         6.3871630531    0.0000        1
   32         0.4695445075         6.3885286604    0.0000        1
   33         0.4700850231         6.3958828068    0.0000        1
   34         0.4704439088         6.4007657346    0.0000        1
   35         0.4705068730         6.4016224131    0.0000        1
   36         0.4706190204         6.4031482679    0.0000        1
   37         0.4708896306         6.4068301358    0.0000        1
   38         0.4710582537         6.4091243885    0.0000        1
   39         0.6328449356         8.6103616241    0.0000        1
   40         0.6330699522         8.6134231554    0.0000        1
   41         0.6331883077         8.6150334769    0.0000        1
   42         0.6333950495         8.6178463645    0.0000        1
   43         0.6339151867         8.6249232472    0.0000        1
   44         0.6340365030         8.6265738520    0.0000        1
   45         0.6343931841         8.6314267837    0.0000        1
   46         0.6351466318         8.6416780424    0.0000        1
   47         0.6356857522         8.6490132076    0.0000        1
   48         0.6374174518         8.6725743656    0.0000        1
   49         0.6417777085         8.7318991467    0.0000        1
   50         0.6473612718         8.8078679922    0.0000        1
   51         0.6936121795         9.4371485924    0.0000        1
   52         0.6950395696         9.4565693759    0.0000        1
   53         0.6963963419         9.4750293481    0.0000        1
   54         0.6990638060         9.5113223323    0.0000        1
   55         0.6997553618         9.5207315016    0.0000        1
   56         0.7031959201         9.5675430492    0.0000        1
   57         0.7558193858        10.2835273992    0.0000        1
   58         0.7601179974        10.3420134494    0.0000        1
   59         0.7639309874        10.3938922283    0.0000        1
   60         0.7679018198        10.4479185795    0.0000        1
   61         0.8126785964        11.0571424476    0.0000        1
   62         0.8138509379        11.0730930913    0.0000        1
   63         0.8154826142        11.0952933518    0.0000        1
   64         0.8177480490        11.1261164056    0.0000        1
   65         0.8194599890        11.1494087187    0.0000        1

 Max and min values of charge density [e/bohr^3]:   3.1934E-01   2.7230E-12

 Hartree potential time [sec]:       0.65

   Eigenvalue Energy             =          -6.64648943 [Ry]
   Hartree Energy                =          30.37851740 [Ry]
   Integral_{Vxc*rho}            =          -8.20919227 [Ry]
   Exc = Integral{eps_xc*rho}    =          -6.34266873 [Ry]
   Electron-Ion energy           =         -73.29060601 [Ry]
   Ion-Ion Energy                =          19.00086834 [Ry]
   (E(new)-E(old))/atom  =            -0.00000040 [eV]

   Total Energy =           -16.15687676 [Ry]
   Energy/atom  =           -43.96544677 [eV]

  0- 23    SRE of pot. & charge weighted pot =   0.0146381270   0.0001211744

 SCF iter #  24

 Diagonalization time [sec] :       0.77,      tdiag_sum =       92.48

 Fermi level at    -0.3766 [Ry]

   State   Eigenvalue [Ry]      Eigenvalue [eV]    Occup.     Repr.

    1        -1.2472777325       -16.9702113723    1.0000        1
    2        -0.6919369136        -9.4143552592    1.0000        1
    3        -0.6919296571        -9.4142565286    1.0000        1
    4        -0.6919079896        -9.4139617256    1.0000        1
    5        -0.0153454229        -0.2087867551    0.0000        1
    6         0.0831848169         1.1317959812    0.0000        1
    7         0.0832016370         1.1320248330    0.0000        1
    8         0.0832172946         1.1322378672    0.0000        1
    9         0.1419770920         1.9317119181    0.0000        1
   10         0.1420815146         1.9331326715    0.0000        1
   11         0.1422256880         1.9350942660    0.0000        1
   12         0.1695125794         2.3063542532    0.0000        1
   13         0.1696441723         2.3081446798    0.0000        1
   14         0.2763004195         3.7592882476    0.0000        1
   15         0.3180471482         4.3272858892    0.0000        1
   16         0.3181036223         4.3280542642    0.0000        1
   17         0.3182482842         4.3300225058    0.0000        1
   18         0.3183167628         4.3309542113    0.0000        1
   19         0.3184075133         4.3321889439    0.0000        1
   20         0.3185570239         4.3342231556    0.0000        1
   21         0.3193436667         4.3449260610    0.0000        1
   22         0.3575758176         4.8651050591    0.0000        1
   23         0.3577789681         4.8678690846    0.0000        1
   24         0.3581591522         4.8730417926    0.0000        1
   25         0.3999473081         5.4416030841    0.0000        1
   26         0.4000599632         5.4431358476    0.0000        1
   27         0.4003729668         5.4473945123    0.0000        1
   28         0.4464426136         6.0742089125    0.0000        1
   29         0.4471948094         6.0844431375    0.0000        1
   30         0.4692635115         6.3847054849    0.0000        1
   31         0.4693386643         6.3857279986    0.0000        1
   32         0.4694402211         6.3871097609    0.0000        1
   33         0.4700427646         6.3953078471    0.0000        1
   34         0.4704045429         6.4002301295    0.0000        1
   35         0.4704489134         6.4008338261    0.0000        1
   36         0.4705794489         6.4026098661    0.0000        1
   37         0.4707608159         6.4050775089    0.0000        1
   38         0.4710077964         6.4084378760    0.0000        1
   39         0.6327622208         8.6092362244    0.0000        1
   40         0.6329756575         8.6121402002    0.0000        1
   41         0.6330678564         8.6133946408    0.0000        1
   42         0.6332878620         8.6163879922    0.0000        1
   43         0.6337917013         8.6232431302    0.0000        1
   44         0.6339276084         8.6250922545    0.0000        1
   45         0.6342140026         8.6289888764    0.0000        1
   46         0.6348253029         8.6373061060    0.0000        1
   47         0.6352070141         8.6424995929    0.0000        1
   48         0.6369311441         8.6659577599    0.0000        1
   49         0.6404062789         8.7132397498    0.0000        1
   50         0.6463939609         8.7947069539    0.0000        1
   51         0.6934659890         9.4351595527    0.0000        1
   52         0.6946814496         9.4516968665    0.0000        1
   53         0.6958557868         9.4676746638    0.0000        1
   54         0.6987372361         9.5068790874    0.0000        1
   55         0.6992582567         9.5139679897    0.0000        1
   56         0.7023201705         9.5556277753    0.0000        1
   57         0.7555784479        10.2802492466    0.0000        1
   58         0.7595007608        10.3336154512    0.0000        1
   59         0.7630533470        10.3819512292    0.0000        1
   60         0.7672682998        10.4392990332    0.0000        1
   61         0.8124980865        11.0546864657    0.0000        1
   62         0.8135567409        11.0690903056    0.0000        1
   63         0.8149600088        11.0881828878    0.0000        1
   64         0.8170729465        11.1169310949    0.0000        1
   65         0.8184350242        11.1354632522    0.0000        1

 Max and min values of charge density [e/bohr^3]:   3.1934E-01   3.1594E-12

 Hartree potential time [sec]:       0.76

   Eigenvalue Energy             =          -6.64610459 [Ry]
   Hartree Energy                =          30.37797804 [Ry]
   Integral_{Vxc*rho}            =          -8.20906819 [Ry]
   Exc = Integral{eps_xc*rho}    =          -6.34257419 [Ry]
   Electron-Ion energy           =         -73.28973858 [Ry]
   Ion-Ion Energy                =          19.00086834 [Ry]
   (E(new)-E(old))/atom  =            -0.00000027 [eV]

   Total Energy =           -16.15687686 [Ry]
   Energy/atom  =           -43.96544704 [eV]

  0- 24    SRE of pot. & charge weighted pot =   0.0066957636   0.0000220061

 SCF iter #  25

 Diagonalization time [sec] :       0.77,      tdiag_sum =       93.25

 Fermi level at    -0.3770 [Ry]

   State   Eigenvalue [Ry]      Eigenvalue [eV]    Occup.     Repr.

    1        -1.2472924472       -16.9704115777    1.0000        1
    2        -0.6919499045        -9.4145320110    1.0000        1
    3        -0.6919427007        -9.4144339973    1.0000        1
    4        -0.6919209706        -9.4141383415    1.0000        1
    5        -0.0153502042        -0.2088518089    0.0000        1
    6         0.0831727030         1.1316311631    0.0000        1
    7         0.0831864266         1.1318178834    0.0000        1
    8         0.0831986112         1.1319836646    0.0000        1
    9         0.1419652693         1.9315510612    0.0000        1
   10         0.1420621634         1.9328693828    0.0000        1
   11         0.1421738907         1.9343895223    0.0000        1
   12         0.1694973291         2.3061467602    0.0000        1
   13         0.1696250467         2.3078844609    0.0000        1
   14         0.2761855988         3.7577260206    0.0000        1
   15         0.3180097511         4.3267770711    0.0000        1
   16         0.3180669977         4.3275559577    0.0000        1
   17         0.3181675377         4.3289238847    0.0000        1
   18         0.3182511937         4.3300620908    0.0000        1
   19         0.3183249540         4.3310656593    0.0000        1
   20         0.3184655069         4.3329779941    0.0000        1
   21         0.3191483954         4.3422692381    0.0000        1
   22         0.3575212263         4.8643623010    0.0000        1
   23         0.3576995572         4.8667886352    0.0000        1
   24         0.3580224700         4.8711821225    0.0000        1
   25         0.3998866350         5.4407775790    0.0000        1
   26         0.3999846404         5.4421110205    0.0000        1
   27         0.4002505438         5.4457288491    0.0000        1
   28         0.4463603817         6.0730900819    0.0000        1
   29         0.4470555182         6.0825479700    0.0000        1
   30         0.4692202924         6.3841174548    0.0000        1
   31         0.4692769410         6.3848882038    0.0000        1
   32         0.4693790171         6.3862770304    0.0000        1
   33         0.4700263237         6.3950841546    0.0000        1
   34         0.4703898484         6.4000302000    0.0000        1
   35         0.4704260908         6.4005233056    0.0000        1
   36         0.4705653532         6.4024180821    0.0000        1
   37         0.4706966867         6.4042049802    0.0000        1
   38         0.4709935749         6.4082443812    0.0000        1
   39         0.6327188329         8.6086458971    0.0000        1
   40         0.6329226798         8.6114193970    0.0000        1
   41         0.6329937441         8.6123862829    0.0000        1
   42         0.6332279775         8.6155732159    0.0000        1
   43         0.6336952921         8.6219314046    0.0000        1
   44         0.6338740065         8.6243629581    0.0000        1
   45         0.6341032370         8.6274818214    0.0000        1
   46         0.6345861533         8.6340522840    0.0000        1
   47         0.6348568830         8.6377357782    0.0000        1
   48         0.6365127689         8.6602654317    0.0000        1
   49         0.6392733854         8.6978258267    0.0000        1
   50         0.6456298963         8.7843112430    0.0000        1
   51         0.6933640051         9.4337719805    0.0000        1
   52         0.6943981282         9.4478420527    0.0000        1
   53         0.6954049514         9.4615406873    0.0000        1
   54         0.6984654610         9.5031813699    0.0000        1
   55         0.6988641835         9.5086063080    0.0000        1
   56         0.7015776574         9.5455252907    0.0000        1
   57         0.7553865923        10.2776388979    0.0000        1
   58         0.7589596131        10.3262527034    0.0000        1
   59         0.7622744711        10.3713539984    0.0000        1
   60         0.7667054817        10.4316414426    0.0000        1
   61         0.8123822200        11.0531100095    0.0000        1
   62         0.8133385548        11.0661217095    0.0000        1
   63         0.8145382554        11.0824445951    0.0000        1
   64         0.8165038258        11.1091877530    0.0000        1
   65         0.8175745446        11.1237557384    0.0000        1

 Max and min values of charge density [e/bohr^3]:   3.1934E-01   3.5659E-12

 Hartree potential time [sec]:       0.94

   Eigenvalue Energy             =          -6.64621205 [Ry]
   Hartree Energy                =          30.37806114 [Ry]
   Integral_{Vxc*rho}            =          -8.20908110 [Ry]
   Exc = Integral{eps_xc*rho}    =          -6.34258386 [Ry]
   Electron-Ion energy           =         -73.28987208 [Ry]
   Ion-Ion Energy                =          19.00086834 [Ry]
   (E(new)-E(old))/atom  =            -0.00000014 [eV]

   Total Energy =           -16.15687691 [Ry]
   Energy/atom  =           -43.96544718 [eV]

  0- 25    SRE of pot. & charge weighted pot =   0.0064336006   0.0000186789

 SCF iter #  26

 Diagonalization time [sec] :       0.77,      tdiag_sum =       94.02

 Fermi level at    -0.3773 [Ry]

   State   Eigenvalue [Ry]      Eigenvalue [eV]    Occup.     Repr.

    1        -1.2472944600       -16.9704389644    1.0000        1
    2        -0.6919521257        -9.4145622324    1.0000        1
    3        -0.6919452989        -9.4144693473    1.0000        1
    4        -0.6919233446        -9.4141706417    1.0000        1
    5        -0.0153509692        -0.2088622169    0.0000        1
    6         0.0831665730         1.1315477587    0.0000        1
    7         0.0831777222         1.1316994534    0.0000        1
    8         0.0831872532         1.1318291296    0.0000        1
    9         0.1419587194         1.9314619441    0.0000        1
   10         0.1420499127         1.9327027019    0.0000        1
   11         0.1421367415         1.9338840773    0.0000        1
   12         0.1694877054         2.3060158217    0.0000        1
   13         0.1696128257         2.3077181838    0.0000        1
   14         0.2760939550         3.7564791332    0.0000        1
   15         0.3179800179         4.3263725279    0.0000        1
   16         0.3180375695         4.3271555625    0.0000        1
   17         0.3181048663         4.3280711904    0.0000        1
   18         0.3182003667         4.3293705486    0.0000        1
   19         0.3182596485         4.3301771262    0.0000        1
   20         0.3183955317         4.3320259258    0.0000        1
   21         0.3189918586         4.3401394295    0.0000        1
   22         0.3574775159         4.8637675855    0.0000        1
   23         0.3576391999         4.8659674261    0.0000        1
   24         0.3579130497         4.8696933721    0.0000        1
   25         0.3998376764         5.4401114571    0.0000        1
   26         0.3999234832         5.4412789277    0.0000        1
   27         0.4001497602         5.4443576068    0.0000        1
   28         0.4462926830         6.0721689857    0.0000        1
   29         0.4469399689         6.0809758295    0.0000        1
   30         0.4691802625         6.3835728151    0.0000        1
   31         0.4692303768         6.3842546613    0.0000        1
   32         0.4693294980         6.3856032841    0.0000        1
   33         0.4700165568         6.3949512683    0.0000        1
   34         0.4703815654         6.3999175025    0.0000        1
   35         0.4704095511         6.4002982699    0.0000        1
   36         0.4705577083         6.4023140673    0.0000        1
   37         0.4706519231         6.4035959355    0.0000        1
   38         0.4709848602         6.4081258103    0.0000        1
   39         0.6326835332         8.6081656162    0.0000        1
   40         0.6328787417         8.6108215844    0.0000        1
   41         0.6329346156         8.6115817924    0.0000        1
   42         0.6331724217         8.6148173355    0.0000        1
   43         0.6336044425         8.6206953242    0.0000        1
   44         0.6338333064         8.6238092005    0.0000        1
   45         0.6340196270         8.6263442411    0.0000        1
   46         0.6343852103         8.6313182947    0.0000        1
   47         0.6345978515         8.6342114478    0.0000        1
   48         0.6361367950         8.6551500056    0.0000        1
   49         0.6383250747         8.6849233018    0.0000        1
   50         0.6450160434         8.7759592832    0.0000        1
   51         0.6932796856         9.4326247462    0.0000        1
   52         0.6941570831         9.4445624406    0.0000        1
   53         0.6950254343         9.4563770537    0.0000        1
   54         0.6982168207         9.4997984186    0.0000        1
   55         0.6985496417         9.5043267148    0.0000        1
   56         0.7009320757         9.5367416361    0.0000        1
   57         0.7552253337        10.2754448451    0.0000        1
   58         0.7584830636        10.3197688664    0.0000        1
   59         0.7615812523        10.3619222030    0.0000        1
   60         0.7661952732        10.4246996479    0.0000        1
   61         0.8122840903        11.0517748756    0.0000        1
   62         0.8131501667        11.0635585382    0.0000        1
   63         0.8141708792        11.0774461478    0.0000        1
   64         0.8160020125        11.1023601812    0.0000        1
   65         0.8168291831        11.1136144997    0.0000        1

 Max and min values of charge density [e/bohr^3]:   3.1934E-01   3.8830E-12

 Hartree potential time [sec]:       0.80

   Eigenvalue Energy             =          -6.64623046 [Ry]
   Hartree Energy                =          30.37803341 [Ry]
   Integral_{Vxc*rho}            =          -8.20907203 [Ry]
   Exc = Integral{eps_xc*rho}    =          -6.34257688 [Ry]
   Electron-Ion energy           =         -73.28982767 [Ry]
   Ion-Ion Energy                =          19.00086834 [Ry]
   (E(new)-E(old))/atom  =            -0.00000008 [eV]

   Total Energy =           -16.15687694 [Ry]
   Energy/atom  =           -43.96544727 [eV]

  0- 26    SRE of pot. & charge weighted pot =   0.0055093846   0.0000154678

 SCF iter #  27

 Diagonalization time [sec] :       0.77,      tdiag_sum =       94.78

 Fermi level at    -0.3776 [Ry]

   State   Eigenvalue [Ry]      Eigenvalue [eV]    Occup.     Repr.

    1        -1.2472942265       -16.9704357866    1.0000        1
    2        -0.6919517448        -9.4145570498    1.0000        1
    3        -0.6919447744        -9.4144622118    1.0000        1
    4        -0.6919229163        -9.4141648144    1.0000        1
    5        -0.0153523141        -0.2088805145    0.0000        1
    6         0.0831604439         1.1314643671    0.0000        1
    7         0.0831694063         1.1315863079    0.0000        1
    8         0.0831776509         1.1316984827    0.0000        1
    9         0.1419536471         1.9313929323    0.0000        1
   10         0.1420402895         1.9325717712    0.0000        1
   11         0.1421062484         1.9334691947    0.0000        1
   12         0.1694792683         2.3059010291    0.0000        1
   13         0.1696022243         2.3075739427    0.0000        1
   14         0.2760219875         3.7554999582    0.0000        1
   15         0.3179594311         4.3260924270    0.0000        1
   16         0.3180126551         4.3268165825    0.0000        1
   17         0.3180537599         4.3273758469    0.0000        1
   18         0.3181566693         4.3287760109    0.0000        1
   19         0.3182036376         4.3294150521    0.0000        1
   20         0.3183391071         4.3312582233    0.0000        1
   21         0.3188628067         4.3383835752    0.0000        1
   22         0.3574402564         4.8632606403    0.0000        1
   23         0.3575919037         4.8653239237    0.0000        1
   24         0.3578238862         4.8684802310    0.0000        1
   25         0.3998018339         5.4396237911    0.0000        1
   26         0.3998769473         5.4406457702    0.0000        1
   27         0.4000702891         5.4432763391    0.0000        1
   28         0.4462410672         6.0714667124    0.0000        1
   29         0.4468449317         6.0796827722    0.0000        1
   30         0.4691363237         6.3829749932    0.0000        1
   31         0.4691992572         6.3838312532    0.0000        1
   32         0.4692904886         6.3850725292    0.0000        1
   33         0.4700092639         6.3948520422    0.0000        1
   34         0.4703754783         6.3998346823    0.0000        1
   35         0.4703970500         6.4001281823    0.0000        1
   36         0.4705506377         6.4022178669    0.0000        1
   37         0.4706257158         6.4032393639    0.0000        1
   38         0.4709804182         6.4080653742    0.0000        1
   39         0.6326571090         8.6078060942    0.0000        1
   40         0.6328425419         8.6103290565    0.0000        1
   41         0.6328870163         8.6109341662    0.0000        1
   42         0.6331217844         8.6141283747    0.0000        1
   43         0.6335214342         8.6195659296    0.0000        1
   44         0.6338026366         8.6233919131    0.0000        1
   45         0.6339614183         8.6255522655    0.0000        1
   46         0.6342092756         8.6289245625    0.0000        1
   47         0.6344190786         8.6317790994    0.0000        1
   48         0.6357997272         8.6505639282    0.0000        1
   49         0.6375328123         8.6741439377    0.0000        1
   50         0.6445273908         8.7693107737    0.0000        1
   51         0.6932156453         9.4317534273    0.0000        1
   52         0.6939581502         9.4418557995    0.0000        1
   53         0.6947049508         9.4520166196    0.0000        1
   54         0.6979853402         9.4966489418    0.0000        1
   55         0.6983104910         9.5010728780    0.0000        1
   56         0.7003737999         9.5291458468    0.0000        1
   57         0.7550928921        10.2736428716    0.0000        1
   58         0.7580634585        10.3140598037    0.0000        1
   59         0.7609599776        10.3534692632    0.0000        1
   60         0.7657318030        10.4183937651    0.0000        1
   61         0.8122067618        11.0507227596    0.0000        1
   62         0.8129916516        11.0614018136    0.0000        1
   63         0.8138555521        11.0731558703    0.0000        1
   64         0.8155592199        11.0963356342    0.0000        1
   65         0.8161882034        11.1048934583    0.0000        1

 Max and min values of charge density [e/bohr^3]:   3.1934E-01   4.1384E-12

 Hartree potential time [sec]:       0.72

   Eigenvalue Energy             =          -6.64622732 [Ry]
   Hartree Energy                =          30.37802863 [Ry]
   Integral_{Vxc*rho}            =          -8.20906733 [Ry]
   Exc = Integral{eps_xc*rho}    =          -6.34257317 [Ry]
   Electron-Ion energy           =         -73.28982100 [Ry]
   Ion-Ion Energy                =          19.00086834 [Ry]
   (E(new)-E(old))/atom  =            -0.00000005 [eV]

   Total Energy =           -16.15687696 [Ry]
   Energy/atom  =           -43.96544731 [eV]

  0- 27    SRE of pot. & charge weighted pot =   0.0071597135   0.0000179961

 SCF iter #  28

 Diagonalization time [sec] :       0.77,      tdiag_sum =       95.55

 Fermi level at    -0.3778 [Ry]

   State   Eigenvalue [Ry]      Eigenvalue [eV]    Occup.     Repr.

    1        -1.2473015568       -16.9705355221    1.0000        1
    2        -0.6919605607        -9.4146769969    1.0000        1
    3        -0.6919550450        -9.4146019517    1.0000        1
    4        -0.6919316282        -9.4142833471    1.0000        1
    5        -0.0153493886        -0.2088407118    0.0000        1
    6         0.0831628646         1.1314973037    0.0000        1
    7         0.0831708787         1.1316063417    0.0000        1
    8         0.0831757647         1.1316728193    0.0000        1
    9         0.1419509851         1.9313567130    0.0000        1
   10         0.1420349250         1.9324987824    0.0000        1
   11         0.1420906391         1.9332568170    0.0000        1
   12         0.1694774192         2.3058758704    0.0000        1
   13         0.1696003195         2.3075480271    0.0000        1
   14         0.2759528114         3.7545587609    0.0000        1
   15         0.3179279192         4.3256636834    0.0000        1
   16         0.3179891813         4.3264972031    0.0000        1
   17         0.3180203869         4.3269217798    0.0000        1
   18         0.3181278136         4.3283834057    0.0000        1
   19         0.3181659835         4.3289027380    0.0000        1
   20         0.3183014934         4.3307464584    0.0000        1
   21         0.3187670065         4.3370801365    0.0000        1
   22         0.3574048097         4.8627783604    0.0000        1
   23         0.3575509134         4.8647662177    0.0000        1
   24         0.3577475642         4.8674418088    0.0000        1
   25         0.3997542250         5.4389760339    0.0000        1
   26         0.3998224050         5.4399036784    0.0000        1
   27         0.3999861080         5.4421309880    0.0000        1
   28         0.4461789730         6.0706218709    0.0000        1
   29         0.4467564461         6.0784788547    0.0000        1
   30         0.4691027293         6.3825179149    0.0000        1
   31         0.4691728704         6.3834722397    0.0000        1
   32         0.4692495424         6.3845154246    0.0000        1
   33         0.4700072338         6.3948244213    0.0000        1
   34         0.4703705078         6.3997670552    0.0000        1
   35         0.4703892950         6.4000226702    0.0000        1
   36         0.4705532097         6.4022528612    0.0000        1
   37         0.4705901848         6.4027559364    0.0000        1
   38         0.4709723420         6.4079554903    0.0000        1
   39         0.6326237073         8.6073516370    0.0000        1
   40         0.6327979928         8.6097229300    0.0000        1
   41         0.6328504130         8.6104361495    0.0000        1
   42         0.6330483870         8.6131297439    0.0000        1
   43         0.6334616285         8.6187522256    0.0000        1
   44         0.6337590878         8.6227993971    0.0000        1
   45         0.6338960038         8.6246622492    0.0000        1
   46         0.6340626248         8.6269292610    0.0000        1
   47         0.6342865526         8.6299759767    0.0000        1
   48         0.6354966677         8.6464405615    0.0000        1
   49         0.6368660740         8.6650724294    0.0000        1
   50         0.6441117705         8.7636559275    0.0000        1
   51         0.6931372993         9.4306874667    0.0000        1
   52         0.6937581726         9.4391349453    0.0000        1
   53         0.6944277653         9.4482452885    0.0000        1
   54         0.6977537739         9.4934982966    0.0000        1
   55         0.6981081913         9.4983204290    0.0000        1
   56         0.6998679001         9.5222626748    0.0000        1
   57         0.7549592230        10.2718241958    0.0000        1
   58         0.7576796029        10.3088371410    0.0000        1
   59         0.7603960010        10.3457959102    0.0000        1
   60         0.7652934655        10.4124298330    0.0000        1
   61         0.8121157566        11.0494845615    0.0000        1
   62         0.8128338745        11.0592551299    0.0000        1
   63         0.8135616423        11.0691569922    0.0000        1
   64         0.8151561024        11.0908508980    0.0000        1
   65         0.8156189565        11.0971483982    0.0000        1

 Max and min values of charge density [e/bohr^3]:   3.1934E-01   4.3272E-12

 Hartree potential time [sec]:       0.82

   Eigenvalue Energy             =          -6.64629758 [Ry]
   Hartree Energy                =          30.37794464 [Ry]
   Integral_{Vxc*rho}            =          -8.20905295 [Ry]
   Exc = Integral{eps_xc*rho}    =          -6.34256240 [Ry]
   Electron-Ion energy           =         -73.28967871 [Ry]
   Ion-Ion Energy                =          19.00086834 [Ry]
   (E(new)-E(old))/atom  =            -0.00000003 [eV]

   Total Energy =           -16.15687697 [Ry]
   Energy/atom  =           -43.96544734 [eV]

  0- 28    SRE of pot. & charge weighted pot =   0.0011717545   0.0000037015

Self-consistency convergence achieved.

Time for self-consistent field [sec] :     151.83,    tdiag_sum =       95.55
Time spent on Hartree potential [sec] :       38.90

Atomic AE-minus-pseudo reference correction :         -64.80562000 [Ry]
Reference-corrected all-electron total      :         -80.96249697 [Ry]
Reference-corrected all-electron total      :       -1101.55954131 [eV]

 Initial Hamiltonian component timings [sec]
 --------------------------------------------------
 Finite-difference (-nabla^2) :     0.157781
 V_ion diagonal/local         :     0.092391
 V_ion nonlocal projectors    :     0.005836
 Initial V_xc (PBE)             :     0.396296
 Component subtotal             :     0.652303
 --------------------------------------------------

 SCF timing analysis [sec]
 --------------------------------------------------
 Initial Hartree potential      :     1.082572
 Initial exchange-correlation   :     0.396296
 Hamiltonian binding subtotal  :     0.393476
 Diagonalization subtotal       :    95.551437
 Occupation/density subtotal   :     2.523527
 Hartree potential subtotal     :    38.899228
 Exchange-correlation subtotal  :    11.829923
 Mixing/energy subtotal         :     0.943145
 SCF wall time                   :   151.744963
 --------------------------------------------------

Forces, dipoles, and MPI statistics
are not calculated by this Python single-point implementation.

 =================================================================

 Accelerated Hamiltonian statistics:
 -----------------------------------
 Backend = cupy
 H applications =         2018
 Orbital vectors applied =        27832
 Total H application time [sec] =     0.000000
 Average H application [sec] =     0.000000
 Local-potential updates =           28
 Local update time [sec] =     0.388197
 Per-H device timing = disabled (would synchronize every recurrence)
 GPU initial-eigensolver calls =            1
 GPU initial-eigensolver synchronized time [sec] =    18.689162
 GPU SUBSPACE calls =           27
 GPU SUBSPACE synchronized time [sec] =    76.853006
 Requested-eigenpair download [sec] =     0.006805
 GPU density builds =           28
 GPU density build/download [sec] =     2.505162
 Final wavefunction download [sec] =     0.078614
 Accelerated Hartree solves =           29
 Accelerated Hartree total [sec] =    39.960840
 Hartree boundary/RHS [sec] =     5.477652
 Hartree linear solve [sec] =    34.482903
 Host-to-device time [sec] =     0.000000
 Device kernel time [sec] =    95.542168
 Device-to-host time [sec] =     0.006805
 Pre-SCF setup/reporting wall time [sec] :    6.337767
 Post-SCF finalization/reporting [sec] :    0.000226
 Total accelerated Python wall time [sec] :      158.17
Text log: C:\Users\zigze\Desktop\parsec_python\src\accelerated_architecture\benchmarks\0_CH4_CF4\python_pbe\CH4\IS\parsec.out
