 C  pb nrl nc  
 converted from c_pbe_tm.UPF (UPF 2.0.1, semilocal norm-conserving)
 2s(  2.00) rc= 1.4982 2p(  2.00) rc= 1.4982 d(  0.00) rc= 1.4982
   3  0  921  1.041666666667E-03  1.219994341177E-02  4.000000000000E+00   nl nls nr a b zion
 Radial grid follows
  1.278611071230E-05  2.572916666667E-05  3.883109431356E-05  5.209384375000E-05
  6.551938900978E-05  7.910972835729E-05  9.286688458499E-05  1.067929053144E-04
  1.208898633009E-04  1.351598567423E-04  1.496050095911E-04  1.642274718705E-04
  1.790294199947E-04  1.940130570924E-04  2.091806133352E-04  2.245343462692E-04
  2.400765411513E-04  2.558095112888E-04  2.717355983844E-04  2.878571728843E-04
  3.041766343311E-04  3.206964117212E-04  3.374189638658E-04  3.543467797573E-04
  3.714823789399E-04  3.888283118840E-04  4.063871603664E-04  4.241615378542E-04
  4.421540898941E-04  4.603674945059E-04  4.788044625812E-04  4.974677382869E-04
  5.163600994736E-04  5.354843580892E-04  5.548433605973E-04  5.744399884007E-04
  5.942771582707E-04  6.143578227808E-04  6.346849707466E-04  6.552616276702E-04
  6.760908561907E-04  6.971757565403E-04  7.185194670053E-04  7.401251643935E-04
  7.619960645070E-04  7.841354226207E-04  8.065465339670E-04  8.292327342261E-04
  8.521974000227E-04  8.754439494282E-04  8.989758424699E-04  9.227965816457E-04
  9.469097124456E-04  9.713188238790E-04  9.960275490096E-04  1.021039565496E-03
  1.046358596137E-03  1.071988409430E-03  1.097932820128E-03  1.124195689809E-03
  1.150780927452E-03  1.177692490014E-03  1.204934383027E-03  1.232510661184E-03
  1.260425428954E-03  1.288682841182E-03  1.317287103716E-03  1.346242474026E-03
  1.375553261844E-03  1.405223829801E-03  1.435258594079E-03  1.465662025064E-03
  1.496438648019E-03  1.527593043750E-03  1.559129849292E-03  1.591053758597E-03
  1.623369523236E-03  1.656081953101E-03  1.689195917126E-03  1.722716344009E-03
  1.756648222946E-03  1.790996604373E-03  1.825766600720E-03  1.860963387168E-03
  1.896592202424E-03  1.932658349498E-03  1.969167196491E-03  2.006124177397E-03
  2.043534792911E-03  2.081404611245E-03  2.119739268962E-03  2.158544471810E-03
  2.197825995572E-03  2.237589686930E-03  2.277841464329E-03  2.318587318864E-03
  2.359833315165E-03  2.401585592306E-03  2.443850364716E-03  2.486633923103E-03
  2.529942635391E-03  2.573782947670E-03  2.618161385152E-03  2.663084553145E-03
  2.708559138032E-03  2.754591908274E-03  2.801189715408E-03  2.848359495075E-03
  2.896108268046E-03  2.944443141270E-03  2.993371308933E-03  3.042900053526E-03
  3.093036746930E-03  3.143788851515E-03  3.195163921246E-03  3.247169602814E-03
  3.299813636768E-03  3.353103858670E-03  3.407048200262E-03  3.461654690646E-03
  3.516931457476E-03  3.572886728171E-03  3.629528831142E-03  3.686866197024E-03
  3.744907359938E-03  3.803660958757E-03  3.863135738395E-03  3.923340551105E-03
  3.984284357800E-03  4.045976229384E-03  4.108425348104E-03  4.171641008916E-03
  4.235632620869E-03  4.300409708503E-03  4.365981913271E-03  4.432358994970E-03
  4.499550833196E-03  4.567567428812E-03  4.636418905442E-03  4.706115510971E-03
  4.776667619073E-03  4.848085730758E-03  4.920380475931E-03  4.993562614975E-03
  5.067643040353E-03  5.142632778231E-03  5.218542990117E-03  5.295384974520E-03
  5.373170168639E-03  5.451910150058E-03  5.531616638471E-03  5.612301497431E-03
  5.693976736108E-03  5.776654511084E-03  5.860347128157E-03  5.945067044174E-03
  6.030826868889E-03  6.117639366832E-03  6.205517459217E-03  6.294474225860E-03
  6.384522907126E-03  6.475676905905E-03  6.567949789599E-03  6.661355292147E-03
  6.755907316069E-03  6.851619934530E-03  6.948507393442E-03  7.046584113580E-03
  7.145864692727E-03  7.246363907852E-03  7.348096717304E-03  7.451078263042E-03
  7.555323872888E-03  7.660849062806E-03  7.767669539215E-03  7.875801201324E-03
  7.985260143500E-03  8.096062657664E-03  8.208225235712E-03  8.321764571975E-03
  8.436697565700E-03  8.553041323569E-03  8.670813162240E-03  8.790030610928E-03
  8.910711414014E-03  9.032873533684E-03  9.156535152607E-03  9.281714676633E-03
  9.408430737543E-03  9.536702195813E-03  9.666548143427E-03  9.797987906716E-03
  9.931041049236E-03  1.006572737468E-02  1.020206692982E-02  1.034008000750E-02
  1.047978714965E-02  1.062120915035E-02  1.076436705891E-02  1.090928218303E-02
  1.105597609194E-02  1.120447061962E-02  1.135478786807E-02  1.150695021059E-02
  1.166098029508E-02  1.181690104746E-02  1.197473567504E-02  1.213450767000E-02
  1.229624081288E-02  1.245995917611E-02  1.262568712762E-02  1.279344933443E-02
  1.296327076634E-02  1.313517669966E-02  1.330919272094E-02  1.348534473081E-02
  1.366365894781E-02  1.384416191232E-02  1.402688049049E-02  1.421184187822E-02
  1.439907360527E-02  1.458860353928E-02  1.478045988999E-02  1.497467121337E-02
  1.517126641594E-02  1.537027475901E-02  1.557172586308E-02  1.577564971222E-02
  1.598207665856E-02  1.619103742678E-02  1.640256311869E-02  1.661668521789E-02
  1.683343559439E-02  1.705284650944E-02  1.727495062024E-02  1.749978098489E-02
  1.772737106723E-02  1.795775474188E-02  1.819096629925E-02  1.842704045067E-02
  1.866601233351E-02  1.890791751647E-02  1.915279200482E-02  1.940067224579E-02
  1.965159513400E-02  1.990559801693E-02  2.016271870048E-02  2.042299545461E-02
  2.068646701905E-02  2.095317260901E-02  2.122315192108E-02  2.149644513912E-02
  2.177309294020E-02  2.205313650072E-02  2.233661750249E-02  2.262357813896E-02
  2.291406112147E-02  2.320810968566E-02  2.350576759784E-02  2.380707916156E-02
  2.411208922417E-02  2.442084318351E-02  2.473338699467E-02  2.504976717681E-02
  2.537003082011E-02  2.569422559275E-02  2.602239974803E-02  2.635460213156E-02
  2.669088218848E-02  2.703128997087E-02  2.737587614520E-02  2.772469199982E-02
  2.807778945265E-02  2.843522105888E-02  2.879704001880E-02  2.916330018570E-02
  2.953405607393E-02  2.990936286696E-02  3.028927642562E-02  3.067385329644E-02
  3.106315072000E-02  3.145722663953E-02  3.185613970945E-02  3.225994930419E-02
  3.266871552694E-02  3.308249921867E-02  3.350136196712E-02  3.392536611604E-02
  3.435457477438E-02  3.478905182577E-02  3.522886193797E-02  3.567407057253E-02
  3.612474399451E-02  3.658094928234E-02  3.704275433784E-02  3.751022789628E-02
  3.798343953665E-02  3.846245969199E-02  3.894735965987E-02  3.943821161304E-02
  3.993508861014E-02  4.043806460655E-02  4.094721446547E-02  4.146261396900E-02
  4.198433982944E-02  4.251246970070E-02  4.304708218989E-02  4.358825686898E-02
  4.413607428665E-02  4.469061598031E-02  4.525196448820E-02  4.582020336169E-02
  4.639541717772E-02  4.697769155139E-02  4.756711314868E-02  4.816376969937E-02
  4.876775001012E-02  4.937914397761E-02  4.999804260203E-02  5.062453800053E-02
  5.125872342097E-02  5.190069325581E-02  5.255054305613E-02  5.320836954589E-02
  5.387427063629E-02  5.454834544034E-02  5.523069428767E-02  5.592141873939E-02
  5.662062160324E-02  5.732840694892E-02  5.804488012351E-02  5.877014776722E-02
  5.950431782923E-02  6.024749958374E-02  6.099980364627E-02  6.176134199012E-02
  6.253222796300E-02  6.331257630395E-02  6.410250316036E-02  6.490212610532E-02
  6.571156415508E-02  6.653093778679E-02  6.736036895638E-02  6.819998111679E-02
  6.904989923627E-02  6.991024981704E-02  7.078116091407E-02  7.166276215419E-02
  7.255518475532E-02  7.345856154606E-02  7.437302698544E-02  7.529871718292E-02
  7.623576991865E-02  7.718432466400E-02  7.814452260230E-02  7.911650664987E-02
  8.010042147725E-02  8.109641353079E-02  8.210463105440E-02  8.312522411166E-02
  8.415834460811E-02  8.520414631389E-02  8.626278488660E-02  8.733441789451E-02
  8.841920483997E-02  8.951730718317E-02  9.062888836618E-02  9.175411383726E-02
  9.289315107549E-02  9.404616961571E-02  9.521334107372E-02  9.639483917188E-02
  9.759083976491E-02  9.880152086609E-02  1.000270626738E-01  1.012676475982E-01
  1.025234602885E-01  1.037946876605E-01  1.050815189243E-01  1.063841456124E-01
  1.077027616084E-01  1.090375631757E-01  1.103887489868E-01  1.117565201528E-01
  1.131410802534E-01  1.145426353672E-01  1.159613941023E-01  1.173975676274E-01
  1.188513697033E-01  1.203230167145E-01  1.218127277017E-01  1.233207243940E-01
  1.248472312426E-01  1.263924754532E-01  1.279566870209E-01  1.295400987636E-01
  1.311429463570E-01  1.327654683697E-01  1.344079062987E-01  1.360705046051E-01
  1.377535107509E-01  1.394571752355E-01  1.411817516331E-01  1.429274966305E-01
  1.446946700651E-01  1.464835349640E-01  1.482943575824E-01  1.501274074442E-01
  1.519829573814E-01  1.538612835748E-01  1.557626655954E-01  1.576873864457E-01
  1.596357326022E-01  1.616079940576E-01  1.636044643642E-01  1.656254406775E-01
  1.676712238006E-01  1.697421182289E-01  1.718384321952E-01  1.739604777158E-01
  1.761085706371E-01  1.782830306821E-01  1.804841814985E-01  1.827123507066E-01
  1.849678699481E-01  1.872510749357E-01  1.895623055025E-01  1.919019056533E-01
  1.942702236151E-01  1.966676118896E-01  1.990944273051E-01  2.015510310699E-01
  2.040377888262E-01  2.065550707040E-01  2.091032513768E-01  2.116827101171E-01
  2.142938308525E-01  2.169370022236E-01  2.196126176412E-01  2.223210753452E-01
  2.250627784637E-01  2.278381350729E-01  2.306475582584E-01  2.334914661759E-01
  2.363702821140E-01  2.392844345571E-01  2.422343572489E-01  2.452204892573E-01
  2.482432750396E-01  2.513031645086E-01  2.544006130998E-01  2.575360818387E-01
  2.607100374100E-01  2.639229522268E-01  2.671753045007E-01  2.704675783134E-01
  2.738002636885E-01  2.771738566644E-01  2.805888593683E-01  2.840457800907E-01
  2.875451333614E-01  2.910874400256E-01  2.946732273220E-01  2.983030289609E-01
  3.019773852036E-01  3.056968429429E-01  3.094619557848E-01  3.132732841303E-01
  3.171313952593E-01  3.210368634150E-01  3.249902698889E-01  3.289922031080E-01
  3.330432587218E-01  3.371440396914E-01  3.412951563789E-01  3.454972266384E-01
  3.497508759081E-01  3.540567373031E-01  3.584154517097E-01  3.628276678811E-01
  3.672940425336E-01  3.718152404445E-01  3.763919345509E-01  3.810248060501E-01
  3.857145445009E-01  3.904618479262E-01  3.952674229168E-01  4.001319847367E-01
  4.050562574295E-01  4.100409739263E-01  4.150868761547E-01  4.201947151490E-01
  4.253652511624E-01  4.305992537798E-01  4.358975020327E-01  4.412607845148E-01
  4.466898994996E-01  4.521856550590E-01  4.577488691839E-01  4.633803699057E-01
  4.690809954194E-01  4.748515942090E-01  4.806930251729E-01  4.866061577526E-01
  4.925918720614E-01  4.986510590158E-01  5.047846204680E-01  5.109934693401E-01
  5.172785297602E-01  5.236407371995E-01  5.300810386119E-01  5.366003925750E-01
  5.431997694323E-01  5.498801514383E-01  5.566425329040E-01  5.634879203454E-01
  5.704173326334E-01  5.774318011446E-01  5.845323699161E-01  5.917200957996E-01
  5.989960486197E-01  6.063613113325E-01  6.138169801872E-01  6.213641648891E-01
  6.290039887645E-01  6.367375889285E-01  6.445661164537E-01  6.524907365417E-01
  6.605126286968E-01  6.686329869010E-01  6.768530197922E-01  6.851739508441E-01
  6.935970185478E-01  7.021234765966E-01  7.107545940726E-01  7.194916556352E-01
  7.283359617128E-01  7.372888286961E-01  7.463515891338E-01  7.555255919315E-01
  7.648122025521E-01  7.742128032189E-01  7.837287931218E-01  7.933615886251E-01
  8.031126234785E-01  8.129833490308E-01  8.229752344451E-01  8.330897669185E-01
  8.433284519026E-01  8.536928133280E-01  8.641843938312E-01  8.748047549839E-01
  8.855554775255E-01  8.964381615987E-01  9.074544269871E-01  9.186059133568E-01
  9.298942805003E-01  9.413212085834E-01  9.528883983954E-01  9.645975716021E-01
  9.764504710024E-01  9.884488607873E-01  1.000594526803E+00  1.012889276815E+00
  1.025334940782E+00  1.037933371119E+00  1.050686442985E+00  1.063596054553E+00
  1.076664127294E+00  1.089892606267E+00  1.103283460405E+00  1.116838682808E+00
  1.130560291043E+00  1.144450327440E+00  1.158510859399E+00  1.172743979695E+00
  1.187151806793E+00  1.201736485160E+00  1.216500185587E+00  1.231445105510E+00
  1.246573469338E+00  1.261887528783E+00  1.277389563197E+00  1.293081879910E+00
  1.308966814575E+00  1.325046731511E+00  1.341324024061E+00  1.357801114946E+00
  1.374480456622E+00  1.391364531652E+00  1.408455853068E+00  1.425756964750E+00
  1.443270441805E+00  1.460998890946E+00  1.478944950884E+00  1.497111292719E+00
  1.515500620338E+00  1.534115670816E+00  1.552959214827E+00  1.572034057052E+00
  1.591343036600E+00  1.610889027428E+00  1.630674938770E+00  1.650703715572E+00
  1.670978338925E+00  1.691501826513E+00  1.712277233063E+00  1.733307650795E+00
  1.754596209886E+00  1.776146078936E+00  1.797960465437E+00  1.820042616252E+00
  1.842395818100E+00  1.865023398040E+00  1.887928723974E+00  1.911115205139E+00
  1.934586292622E+00  1.958345479872E+00  1.982396303217E+00  2.006742342392E+00
  2.031387221073E+00  2.056334607416E+00  2.081588214600E+00  2.107151801385E+00
  2.133029172667E+00  2.159224180046E+00  2.185740722399E+00  2.212582746460E+00
  2.239754247409E+00  2.267259269464E+00  2.295101906487E+00  2.323286302587E+00
  2.351816652743E+00  2.380697203427E+00  2.409932253233E+00  2.439526153519E+00
  2.469483309054E+00  2.499808178677E+00  2.530505275955E+00  2.561579169857E+00
  2.593034485437E+00  2.624875904519E+00  2.657108166394E+00  2.689736068528E+00
  2.722764467271E+00  2.756198278587E+00  2.790042478779E+00  2.824302105235E+00
  2.858982257172E+00  2.894088096401E+00  2.929624848091E+00  2.965597801548E+00
  3.002012311005E+00  3.038873796413E+00  3.076187744254E+00  3.113959708351E+00
  3.152195310703E+00  3.190900242314E+00  3.230080264044E+00  3.269741207466E+00
  3.309888975733E+00  3.350529544457E+00  3.391668962600E+00  3.433313353372E+00
  3.475468915143E+00  3.518141922367E+00  3.561338726514E+00  3.605065757016E+00
  3.649329522225E+00  3.694136610381E+00  3.739493690591E+00  3.785407513824E+00
  3.831884913915E+00  3.878932808582E+00  3.926558200456E+00  3.974768178121E+00
  4.023569917174E+00  4.072970681287E+00  4.122977823294E+00  4.173598786282E+00
  4.224841104696E+00  4.276712405469E+00  4.329220409149E+00  4.382372931051E+00
  4.436177882422E+00  4.490643271615E+00  4.545777205284E+00  4.601587889590E+00
  4.658083631421E+00  4.715272839630E+00  4.773164026284E+00  4.831765807936E+00
  4.891086906900E+00  4.951136152558E+00  5.011922482667E+00  5.073454944693E+00
  5.135742697156E+00  5.198795010994E+00  5.262621270942E+00  5.327230976932E+00
  5.392633745501E+00  5.458839311229E+00  5.525857528182E+00  5.593698371383E+00
  5.662371938294E+00  5.731888450323E+00  5.802258254337E+00  5.873491824212E+00
  5.945599762386E+00  6.018592801437E+00  6.092481805683E+00  6.167277772799E+00
  6.242991835450E+00  6.319635262954E+00  6.397219462953E+00  6.475755983115E+00
  6.555256512854E+00  6.635732885065E+00  6.717197077888E+00  6.799661216493E+00
  6.883137574879E+00  6.967638577707E+00  7.053176802145E+00  7.139764979743E+00
  7.227415998325E+00  7.316142903909E+00  7.405958902650E+00  7.496877362802E+00
  7.588911816712E+00  7.682075962830E+00  7.776383667752E+00  7.871848968279E+00
  7.968486073512E+00  8.066309366962E+00  8.165333408694E+00  8.265572937493E+00
  8.367042873056E+00  8.469758318215E+00  8.573734561187E+00  8.678987077842E+00
  8.785531534015E+00  8.893383787831E+00  9.002559892072E+00  9.113076096557E+00
  9.224948850572E+00  9.338194805309E+00  9.452830816348E+00  9.568873946167E+00
  9.686341466679E+00  9.805250861804E+00  9.925619830072E+00  1.004746628726E+01
  1.017080836904E+01  1.029566443372E+01  1.042205306492E+01  1.054999307440E+01
  1.067950350479E+01  1.081060363250E+01  1.094331297053E+01  1.107765127139E+01
  1.121363853007E+01  1.135129498696E+01  1.149064113093E+01  1.163169770231E+01
  1.177448569603E+01  1.191902636472E+01  1.206534122189E+01  1.221345204510E+01
  1.236338087923E+01  1.251515003978E+01  1.266878211612E+01  1.282429997493E+01
  1.298172676355E+01  1.314108591347E+01  1.330240114378E+01  1.346569646470E+01
  1.363099618120E+01  1.379832489655E+01  1.396770751604E+01  1.413916925066E+01
  1.431273562085E+01  1.448843246032E+01  1.466628591985E+01  1.484632247125E+01
  1.502856891124E+01  1.521305236546E+01  1.539980029251E+01  1.558884048805E+01
  1.578020108891E+01  1.597391057727E+01  1.616999778497E+01  1.636849189770E+01
  1.656942245942E+01  1.677281937674E+01  1.697871292334E+01  1.718713374451E+01
  1.739811286171E+01  1.761168167717E+01  1.782787197856E+01  1.804671594376E+01
  1.826824614560E+01  1.849249555674E+01  1.871949755456E+01  1.894928592616E+01
  1.918189487333E+01  1.941735901770E+01  1.965571340587E+01  1.989699351460E+01
  2.014123525616E+01  2.038847498358E+01  2.063874949615E+01  2.089209604484E+01
  2.114855233787E+01  2.140815654632E+01  2.167094730978E+01  2.193696374218E+01
  2.220624543750E+01  2.247883247578E+01  2.275476542898E+01  2.303408536709E+01
  2.331683386424E+01  2.360305300483E+01  2.389278538985E+01  2.418607414321E+01
  2.448296291815E+01  2.478349590372E+01  2.508771783139E+01  2.539567398171E+01
  2.570741019099E+01  2.602297285822E+01  2.634240895188E+01  2.666576601699E+01
  2.699309218216E+01  2.732443616677E+01  2.765984728822E+01  2.799937546926E+01
  2.834307124541E+01  2.869098577251E+01  2.904317083434E+01  2.939967885026E+01
  2.976056288311E+01  3.012587664703E+01  3.049567451549E+01  3.087001152938E+01
  3.124894340519E+01  3.163252654332E+01  3.202081803646E+01  3.241387567811E+01
  3.281175797113E+01  3.321452413652E+01  3.362223412219E+01  3.403494861186E+01
  3.445272903417E+01  3.487563757174E+01  3.530373717048E+01  3.573709154893E+01
  3.617576520776E+01  3.661982343936E+01  3.706933233756E+01  3.752435880747E+01
  3.798497057546E+01  3.845123619919E+01  3.892322507784E+01  3.940100746247E+01
  3.988465446643E+01  4.037423807596E+01  4.086983116092E+01  4.137150748561E+01
  4.187934171976E+01  4.239340944967E+01  4.291378718940E+01  4.344055239224E+01
  4.397378346215E+01  4.451355976549E+01  4.505996164283E+01  4.561307042087E+01
  4.617296842458E+01  4.673973898943E+01  4.731346647383E+01  4.789423627164E+01
  4.848213482490E+01  4.907724963671E+01  4.967966928424E+01  5.028948343191E+01
  5.090678284473E+01  5.153165940184E+01  5.216420611016E+01  5.280451711823E+01
  5.345268773025E+01  5.410881442022E+01  5.477299484635E+01  5.544532786557E+01
  5.612591354822E+01  5.681485319301E+01  5.751224934203E+01  5.821820579605E+01
  5.893282762995E+01  5.965622120838E+01  6.038849420157E+01  6.112975560139E+01
  6.188011573752E+01  6.263968629391E+01  6.340858032540E+01  6.418691227454E+01
  6.497479798861E+01  6.577235473688E+01  6.657970122809E+01  6.739695762805E+01
  6.822424557759E+01  6.906168821063E+01  6.990941017252E+01  7.076753763860E+01
  7.163619833295E+01  7.251552154744E+01  7.340563816094E+01  7.430668065883E+01
  7.521878315268E+01  7.614208140027E+01  7.707671282572E+01  7.802281654002E+01
  7.898053336168E+01
 Pseudopotential follows (l on next line)
 0
 -6.274263425034E-05 -1.262554186089E-04 -1.905478119235E-04 -2.556293894829E-04
 -3.215098444621E-04 -3.881989893856E-04 -4.557067576098E-04 -5.240432048237E-04
 -5.932185105695E-04 -6.632429797819E-04 -7.341270443480E-04 -8.058812646862E-04
 -8.785163313461E-04 -9.520430666287E-04 -1.026472426227E-03 -1.101815500890E-03
 -1.178083518102E-03 -1.255287843795E-03 -1.333439984067E-03 -1.412551586941E-03
 -1.492634444131E-03 -1.573700492840E-03 -1.655761817578E-03 -1.738830652005E-03
 -1.822919380798E-03 -1.908040541540E-03 -1.994206826638E-03 -2.081431085261E-03
 -2.169726325308E-03 -2.259105715402E-03 -2.349582586901E-03 -2.441170435952E-03
 -2.533882925556E-03 -2.627733887671E-03 -2.722737325336E-03 -2.818907414832E-03
 -2.916258507857E-03 -3.014805133748E-03 -3.114562001719E-03 -3.215544003137E-03
 -3.317766213819E-03 -3.421243896375E-03 -3.525992502567E-03 -3.632027675709E-03
 -3.739365253099E-03 -3.848021268478E-03 -3.958011954530E-03 -4.069353745414E-03
 -4.182063279324E-03 -4.296157401094E-03 -4.411653164833E-03 -4.528567836597E-03
 -4.646918897101E-03 -4.766724044460E-03 -4.888001196983E-03 -5.010768495988E-03
 -5.135044418650E-03 -5.260847479359E-03 -5.388196432204E-03 -5.517110335057E-03
 -5.647608482516E-03 -5.779710408794E-03 -5.913435944059E-03 -6.048805135403E-03
 -6.185838212346E-03 -6.324555702211E-03 -6.464978387228E-03 -6.607127307573E-03
 -6.751023764409E-03 -6.896689322949E-03 -7.044145815512E-03 -7.193415358315E-03
 -7.344520770466E-03 -7.497484339192E-03 -7.652329007385E-03 -7.809078001474E-03
 -7.967754834538E-03 -8.128383309403E-03 -8.290988376824E-03 -8.455593731266E-03
 -8.622224075007E-03 -8.790904419973E-03 -8.961660089280E-03 -9.134518032972E-03
 -9.309503086956E-03 -9.486641532808E-03 -9.665959972785E-03 -9.847486401331E-03
 -1.003124799057E-02 -1.021727165455E-02 -1.040558534191E-02 -1.059621865786E-02
 -1.078920033355E-02 -1.098455833150E-02 -1.118232201088E-02 -1.138252353336E-02
 -1.158519173073E-02 -1.179035634565E-02 -1.199804891251E-02 -1.220830351330E-02
 -1.242114876689E-02 -1.263661667384E-02 -1.285474347701E-02 -1.307555995634E-02
 -1.329909817180E-02 -1.352539458607E-02 -1.375448421611E-02 -1.398639849336E-02
 -1.422117437989E-02 -1.445885089833E-02 -1.469945895536E-02 -1.494303645214E-02
 -1.518962590599E-02 -1.543925792745E-02 -1.569197200417E-02 -1.594781326911E-02
 -1.620681243092E-02 -1.646901147715E-02 -1.673445680034E-02 -1.700317981764E-02
 -1.727522626720E-02 -1.755064183449E-02 -1.782945953372E-02 -1.811173052833E-02
 -1.839749705651E-02 -1.868679497221E-02 -1.897968306787E-02 -1.927619642273E-02
 -1.957637652411E-02 -1.988028933943E-02 -2.018796117995E-02 -2.049944728762E-02
 -2.081480353828E-02 -2.113406198760E-02 -2.145729135985E-02 -2.178453080445E-02
 -2.211582404555E-02 -2.245124944923E-02 -2.279082953855E-02 -2.313463386453E-02
 -2.348271720778E-02 -2.383511383553E-02 -2.419191744932E-02 -2.455314776049E-02
 -2.491887551542E-02 -2.528916822772E-02 -2.566405436329E-02 -2.604363930091E-02
 -2.642794171612E-02 -2.681703801479E-02 -2.721100192907E-02 -2.760985842353E-02
 -2.801373246793E-02 -2.842262973430E-02 -2.883664489496E-02 -2.925584608354E-02
 -2.968026534853E-02 -3.011004126474E-02 -3.054516528281E-02 -3.098576442061E-02
 -3.143188183035E-02 -3.188358057777E-02 -3.234098239452E-02 -3.280408330045E-02
 -3.327305709939E-02 -3.374789201745E-02 -3.422871341192E-02 -3.471559539976E-02
 -3.520857676558E-02 -3.570782834571E-02 -3.621331477207E-02 -3.672524472614E-02
 -3.724359859558E-02 -3.776851808142E-02 -3.830008689100E-02 -3.883834234998E-02
 -3.938348435787E-02 -3.993545110471E-02 -4.049451726865E-02 -4.106060957970E-02
 -4.163393428331E-02 -4.221453879048E-02 -4.280250730060E-02 -4.339802290442E-02
 -4.400103234754E-02 -4.461187069849E-02 -4.523038621321E-02 -4.585691651003E-02
 -4.649138841839E-02 -4.713402122966E-02 -4.778489475567E-02 -4.844407333795E-02
 -4.911180828013E-02 -4.978798998722E-02 -5.047306130020E-02 -5.116677969621E-02
 -5.186961653075E-02 -5.258140078949E-02 -5.330246829476E-02 -5.403283318956E-02
 -5.477264377492E-02 -5.552212142192E-02 -5.628120431636E-02 -5.705034486791E-02
 -5.782924678125E-02 -5.861861914565E-02 -5.941801797963E-02 -6.022809754375E-02
 -6.104859931058E-02 -6.187997250823E-02 -6.272219520125E-02 -6.357547718268E-02
 -6.444006021715E-02 -6.531588700141E-02 -6.620349204837E-02 -6.710252133470E-02
 -6.801383317899E-02 -6.893679977418E-02 -6.987247260631E-02 -7.082019057940E-02
 -7.178084760779E-02 -7.275406189575E-02 -7.374044555288E-02 -7.473992731398E-02
 -7.575280575620E-02 -7.677935331559E-02 -7.781952136783E-02 -7.887396117573E-02
 -7.994224129522E-02 -8.102542889394E-02 -8.212267215060E-02 -8.323549314592E-02
 -8.436271012842E-02 -8.550595124801E-02 -8.666414557647E-02 -8.783866312500E-02
 -8.902879784233E-02 -9.023555327011E-02 -9.145862480994E-02 -9.269861268474E-02
 -9.395565179692E-02 -9.522990078372E-02 -9.652197342731E-02 -9.783154724996E-02
 -9.915975544386E-02 -1.005057538205E-01 -1.018712364407E-01 -1.032547959844E-01
 -1.046587294955E-01 -1.060810864044E-01 -1.075246236773E-01 -1.089872078819E-01
 -1.104713854052E-01 -1.119754686099E-01 -1.135015596296E-01 -1.150484531495E-01
 -1.166177708053E-01 -1.182088258577E-01 -1.198227236253E-01 -1.214593314713E-01
 -1.231192034792E-01 -1.248027953966E-01 -1.265100766001E-01 -1.282421236672E-01
 -1.299982898610E-01 -1.317803025297E-01 -1.335868701789E-01 -1.354203976155E-01
 -1.372789234858E-01 -1.391655526572E-01 -1.410776332230E-01 -1.430189877048E-01
 -1.449863174980E-01 -1.469839967978E-01 -1.490085052848E-01 -1.510639450503E-01
 -1.531473452715E-01 -1.552622651041E-01 -1.574063010247E-01 -1.595824529110E-01
 -1.617888968046E-01 -1.640280628034E-01 -1.662987122502E-01 -1.686027018193E-01
 -1.709393763041E-01 -1.733100232506E-01 -1.757145603492E-01 -1.781537193917E-01
 -1.806279705380E-01 -1.831375134695E-01 -1.856833393018E-01 -1.882651507470E-01
 -1.908844160367E-01 -1.935403888037E-01 -1.962349569745E-01 -1.989669870040E-01
 -2.017387142592E-01 -2.045486951810E-01 -2.073994242635E-01 -2.102892415775E-01
 -2.132207951946E-01 -2.161923201001E-01 -2.192064940551E-01 -2.222615769609E-01
 -2.253601330437E-01 -2.285006238489E-01 -2.316852554976E-01 -2.349129597323E-01
 -2.381853214986E-01 -2.415019183165E-01 -2.448636932854E-01 -2.482708038109E-01
 -2.517236206317E-01 -2.552228005536E-01 -2.587682263746E-01 -2.623609587272E-01
 -2.660004922890E-01 -2.696881805377E-01 -2.734232455292E-01 -2.772072070777E-01
 -2.810391458664E-01 -2.849206061169E-01 -2.888506739719E-01 -2.928307610677E-01
 -2.968601209975E-01 -3.009398613859E-01 -3.050695797183E-01 -3.092498946688E-01
 -3.134809375016E-01 -3.177626407146E-01 -3.220958713627E-01 -3.264796677986E-01
 -3.309158453636E-01 -3.354023314156E-01 -3.399421105958E-01 -3.445317757177E-01
 -3.491757079683E-01 -3.538689378566E-01 -3.586174739988E-01 -3.634145554110E-01
 -3.682680497741E-01 -3.731691770428E-01 -3.781278932049E-01 -3.831331764873E-01
 -3.881972946613E-01 -3.933067699338E-01 -3.984763960191E-01 -4.036900368001E-01
 -4.089652130965E-01 -4.142829438465E-01 -4.196636613964E-01 -4.250853725124E-01
 -4.305715850059E-01 -4.360971492902E-01 -4.416887884369E-01 -4.473180788849E-01
 -4.530150711185E-01 -4.587479798335E-01 -4.645502641842E-01 -4.703867221905E-01
 -4.762942691212E-01 -4.822342668121E-01 -4.882464269923E-01 -4.942907057115E-01
 -5.004071989320E-01 -5.065563028890E-01 -5.127772872732E-01 -5.190315349942E-01
 -5.253572934085E-01 -5.317171311277E-01 -5.381480911403E-01 -5.446141110609E-01
 -5.511508637708E-01 -5.577238211317E-01 -5.643671384818E-01 -5.710479670735E-01
 -5.777988172684E-01 -5.845886430490E-01 -5.914482037169E-01 -5.983483561981E-01
 -6.053180249597E-01 -6.123300460630E-01 -6.194114482138E-01 -6.265370983360E-01
 -6.337320913949E-01 -6.409733524713E-01 -6.482840274113E-01 -6.556431028278E-01
 -6.630717818769E-01 -6.705510931504E-01 -6.781003241302E-01 -6.857025043568E-01
 -6.933750516177E-01 -7.011029357744E-01 -7.089017678829E-01 -7.167583801611E-01
 -7.246866545946E-01 -7.326751930415E-01 -7.407362382522E-01 -7.488600570946E-01
 -7.570573524091E-01 -7.653199425369E-01 -7.736570964635E-01 -7.820620646491E-01
 -7.905427922683E-01 -7.990938397970E-01 -8.077219400089E-01 -8.164228414919E-01
 -8.252021749910E-01 -8.340567582223E-01 -8.429912271585E-01 -8.520033549669E-01
 -8.610968853369E-01 -8.702704404656E-01 -8.795269683581E-01 -8.888658424839E-01
 -8.982893053776E-01 -9.077973934570E-01 -9.173917278384E-01 -9.270729290394E-01
 -9.368420756765E-01 -9.467003022216E-01 -9.566482204894E-01 -9.666874158006E-01
 -9.768181085133E-01 -9.870422761087E-01 -9.973598263639E-01 -1.007773071009E+00
 -1.018281692596E+00 -1.028888275255E+00 -1.039592378210E+00 -1.050396786386E+00
 -1.061301059293E+00 -1.072308094338E+00 -1.083417604982E+00 -1.094632487990E+00
 -1.105952803922E+00 -1.117381301745E+00 -1.128918632289E+00 -1.140567205178E+00
 -1.152328566261E+00 -1.164204538518E+00 -1.176197941613E+00 -1.188309696472E+00
 -1.200544362697E+00 -1.212901562460E+00 -1.225388162642E+00 -1.238001994821E+00
 -1.250752916009E+00 -1.263636365889E+00 -1.276666004407E+00 -1.289834154067E+00
 -1.303159234768E+00 -1.316629588117E+00 -1.330269508952E+00 -1.344062341835E+00
 -1.358039542293E+00 -1.372178276104E+00 -1.386518627405E+00 -1.401030223989E+00
 -1.415763438148E+00 -1.430678812983E+00 -1.445838867031E+00 -1.461193316829E+00
 -1.476818887447E+00 -1.492652527245E+00 -1.508787429882E+00 -1.525145633462E+00
 -1.541839258553E+00 -1.558773094520E+00 -1.576080831628E+00 -1.593647485597E+00
 -1.611631124125E+00 -1.629894295200E+00 -1.648622387662E+00 -1.667652644630E+00
 -1.687200815326E+00 -1.707075894771E+00 -1.727527073202E+00 -1.748332098127E+00
 -1.769776652712E+00 -1.791604246514E+00 -1.814139990640E+00 -1.837090257827E+00
 -1.860822297584E+00 -1.885002640172E+00 -1.910043032308E+00 -1.935567770485E+00
 -1.962034961519E+00 -1.989024730259E+00 -2.017042754955E+00 -2.045623656535E+00
 -2.075321087897E+00 -2.105623595563E+00 -2.137132260782E+00 -2.169289892544E+00
 -2.202743400831E+00 -2.236891215472E+00 -2.272423383740E+00 -2.308696392412E+00
 -2.346439700332E+00 -2.384971333202E+00 -2.425055583670E+00 -2.465976394807E+00
 -2.508527789187E+00 -2.551964613566E+00 -2.597105459737E+00 -2.643181240009E+00
 -2.691030480798E+00 -2.739864943970E+00 -2.790539612188E+00 -2.842250886548E+00
 -2.895868456850E+00 -2.950575575141E+00 -3.007257001338E+00 -3.065083048601E+00
 -3.124956072849E+00 -3.186031533696E+00 -3.249233669484E+00 -3.313699349897E+00
 -3.380379818406E+00 -3.448388605860E+00 -3.518708482314E+00 -3.590425200759E+00
 -3.664555121339E+00 -3.740153848136E+00 -3.818268827766E+00 -3.897927252889E+00
 -3.980198431176E+00 -4.064089112909E+00 -4.150672524705E+00 -4.238951174271E+00
 -4.329973878492E+00 -4.422765035395E+00 -4.518309093980E+00 -4.615689700688E+00
 -4.715774569418E+00 -4.817756012536E+00 -4.922319904421E+00 -5.028829080697E+00
 -5.137709826982E+00 -5.248569754373E+00 -5.361485660651E+00 -5.476396130122E+00
 -5.592927342975E+00 -5.711446132095E+00 -5.831017120342E+00 -5.952542388535E+00
 -6.074406312531E+00 -6.198160978305E+00 -6.321386966748E+00 -6.446406123780E+00
 -6.569870784401E+00 -6.694993529193E+00 -6.817378362551E+00 -6.941245755684E+00
 -7.061042487886E+00 -7.182103720747E+00 -7.297629882585E+00 -7.414159032582E+00
 -7.523586344951E+00 -7.633712329523E+00 -7.735110557496E+00 -7.836862989184E+00
 -7.928261841433E+00 -8.019635383462E+00 -8.099106688858E+00 -8.178146140235E+00
 -8.243907836774E+00 -8.308815442218E+00 -8.359357736696E+00 -8.408622987041E+00
 -8.442855205609E+00 -8.475405480491E+00 -8.492819375493E+00 -8.508186918368E+00
 -8.509028172496E+00 -8.507524713220E+00 -8.492958597182E+00 -8.475842941996E+00
 -8.448091834410E+00 -8.417707200280E+00 -8.380125922217E+00 -8.339971616809E+00
 -8.297009671338E+00 -8.251694253502E+00 -8.208669680984E+00 -8.163667478611E+00
 -8.126241674496E+00 -8.087337902928E+00 -8.060529814764E+00 -8.032786815861E+00
 -8.019293067690E+00 -8.005295888228E+00 -8.002785158484E+00 -7.999823325419E+00
 -8.000251049615E+00 -7.999767885034E+00 -8.000331346846E+00 -7.999836733596E+00
 -8.000394241876E+00 -7.999890451338E+00 -8.000443427407E+00 -7.999931941047E+00
 -8.000481552974E+00 -7.999963624965E+00 -8.000510840691E+00 -7.999987521009E+00
 -8.000533132417E+00 -8.000005291392E+00 -8.000549938194E+00 -8.000018290782E+00
 -8.000562483144E+00 -8.000027611887E+00 -8.000571751173E+00 -8.000034127201E+00
 -8.000578524521E+00 -8.000038526339E+00 -8.000583418805E+00 -8.000041348745E+00
 -8.000586913502E+00 -8.000043011916E+00 -8.000589378059E+00 -8.000043835380E+00
 -8.000591093955E+00 -8.000044060819E+00 -8.000592273109E+00 -8.000043868747E+00
 -8.000593073058E+00 -8.000043392171E+00 -8.000593609324E+00 -8.000042727648E+00
 -8.000593965370E+00 -8.000041944142E+00 -8.000594200535E+00 -8.000041090014E+00
 -8.000594356258E+00 -8.000040198484E+00 -8.000594460917E+00 -8.000039291830E+00
 -8.000594533518E+00 -8.000038384576E+00 -8.000594586481E+00 -8.000037485860E+00
 -8.000000000000E+00 -8.000000000000E+00 -8.000000000000E+00 -8.000000000000E+00
 -8.000000000000E+00 -8.000000000000E+00 -8.000000000000E+00 -8.000000000000E+00
 -8.000000000000E+00 -8.000000000000E+00 -8.000000000000E+00 -8.000000000000E+00
 -8.000000000000E+00 -8.000000000000E+00 -8.000000000000E+00 -8.000000000000E+00
 -8.000000000000E+00 -8.000000000000E+00 -8.000000000000E+00 -8.000000000000E+00
 -8.000000000000E+00 -8.000000000000E+00 -8.000000000000E+00 -8.000000000000E+00
 -8.000000000000E+00 -8.000000000000E+00 -8.000000000000E+00 -8.000000000000E+00
 -8.000000000000E+00 -8.000000000000E+00 -8.000000000000E+00 -8.000000000000E+00
 -8.000000000000E+00 -8.000000000000E+00 -8.000000000000E+00 -8.000000000000E+00
 -8.000000000000E+00 -8.000000000000E+00 -8.000000000000E+00 -8.000000000000E+00
 -8.000000000000E+00 -8.000000000000E+00 -8.000000000000E+00 -8.000000000000E+00
 -8.000000000000E+00 -8.000000000000E+00 -8.000000000000E+00 -8.000000000000E+00
 -8.000000000000E+00 -8.000000000000E+00 -8.000000000000E+00 -8.000000000000E+00
 -8.000000000000E+00 -8.000000000000E+00 -8.000000000000E+00 -8.000000000000E+00
 -8.000000000000E+00 -8.000000000000E+00 -8.000000000000E+00 -8.000000000000E+00
 -8.000000000000E+00 -8.000000000000E+00 -8.000000000000E+00 -8.000000000000E+00
 -8.000000000000E+00 -8.000000000000E+00 -8.000000000000E+00 -8.000000000000E+00
 -8.000000000000E+00 -8.000000000000E+00 -8.000000000000E+00 -8.000000000000E+00
 -8.000000000000E+00 -8.000000000000E+00 -8.000000000000E+00 -8.000000000000E+00
 -8.000000000000E+00 -8.000000000000E+00 -8.000000000000E+00 -8.000000000000E+00
 -8.000000000000E+00 -8.000000000000E+00 -8.000000000000E+00 -8.000000000000E+00
 -8.000000000000E+00 -8.000000000000E+00 -8.000000000000E+00 -8.000000000000E+00
 -8.000000000000E+00 -8.000000000000E+00 -8.000000000000E+00 -8.000000000000E+00
 -8.000000000000E+00 -8.000000000000E+00 -8.000000000000E+00 -8.000000000000E+00
 -8.000000000000E+00 -8.000000000000E+00 -8.000000000000E+00 -8.000000000000E+00
 -8.000000000000E+00 -8.000000000000E+00 -8.000000000000E+00 -8.000000000000E+00
 -8.000000000000E+00 -8.000000000000E+00 -8.000000000000E+00 -8.000000000000E+00
 -8.000000000000E+00 -8.000000000000E+00 -8.000000000000E+00 -8.000000000000E+00
 -8.000000000000E+00 -8.000000000000E+00 -8.000000000000E+00 -8.000000000000E+00
 -8.000000000000E+00 -8.000000000000E+00 -8.000000000000E+00 -8.000000000000E+00
 -8.000000000000E+00 -8.000000000000E+00 -8.000000000000E+00 -8.000000000000E+00
 -8.000000000000E+00 -8.000000000000E+00 -8.000000000000E+00 -8.000000000000E+00
 -8.000000000000E+00 -8.000000000000E+00 -8.000000000000E+00 -8.000000000000E+00
 -8.000000000000E+00 -8.000000000000E+00 -8.000000000000E+00 -8.000000000000E+00
 -8.000000000000E+00 -8.000000000000E+00 -8.000000000000E+00 -8.000000000000E+00
 -8.000000000000E+00 -8.000000000000E+00 -8.000000000000E+00 -8.000000000000E+00
 -8.000000000000E+00 -8.000000000000E+00 -8.000000000000E+00 -8.000000000000E+00
 -8.000000000000E+00 -8.000000000000E+00 -8.000000000000E+00 -8.000000000000E+00
 -8.000000000000E+00 -8.000000000000E+00 -8.000000000000E+00 -8.000000000000E+00
 -8.000000000000E+00 -8.000000000000E+00 -8.000000000000E+00 -8.000000000000E+00
 -8.000000000000E+00 -8.000000000000E+00 -8.000000000000E+00 -8.000000000000E+00
 -8.000000000000E+00 -8.000000000000E+00 -8.000000000000E+00 -8.000000000000E+00
 -8.000000000000E+00 -8.000000000000E+00 -8.000000000000E+00 -8.000000000000E+00
 -8.000000000000E+00 -8.000000000000E+00 -8.000000000000E+00 -8.000000000000E+00
 -8.000000000000E+00 -8.000000000000E+00 -8.000000000000E+00 -8.000000000000E+00
 -8.000000000000E+00 -8.000000000000E+00 -8.000000000000E+00 -8.000000000000E+00
 -8.000000000000E+00 -8.000000000000E+00 -8.000000000000E+00 -8.000000000000E+00
 -8.000000000000E+00 -8.000000000000E+00 -8.000000000000E+00 -8.000000000000E+00
 -8.000000000000E+00 -8.000000000000E+00 -8.000000000000E+00 -8.000000000000E+00
 -8.000000000000E+00 -8.000000000000E+00 -8.000000000000E+00 -8.000000000000E+00
 -8.000000000000E+00 -8.000000000000E+00 -8.000000000000E+00 -8.000000000000E+00
 -8.000000000000E+00 -8.000000000000E+00 -8.000000000000E+00 -8.000000000000E+00
 -8.000000000000E+00 -8.000000000000E+00 -8.000000000000E+00 -8.000000000000E+00
 -8.000000000000E+00 -8.000000000000E+00 -8.000000000000E+00 -8.000000000000E+00
 -8.000000000000E+00 -8.000000000000E+00 -8.000000000000E+00 -8.000000000000E+00
 -8.000000000000E+00 -8.000000000000E+00 -8.000000000000E+00 -8.000000000000E+00
 -8.000000000000E+00 -8.000000000000E+00 -8.000000000000E+00 -8.000000000000E+00
 -8.000000000000E+00 -8.000000000000E+00 -8.000000000000E+00 -8.000000000000E+00
 -8.000000000000E+00 -8.000000000000E+00 -8.000000000000E+00 -8.000000000000E+00
 -8.000000000000E+00 -8.000000000000E+00 -8.000000000000E+00 -8.000000000000E+00
 -8.000000000000E+00 -8.000000000000E+00 -8.000000000000E+00 -8.000000000000E+00
 -8.000000000000E+00 -8.000000000000E+00 -8.000000000000E+00 -8.000000000000E+00
 -8.000000000000E+00 -8.000000000000E+00 -8.000000000000E+00 -8.000000000000E+00
 -8.000000000000E+00 -8.000000000000E+00 -8.000000000000E+00 -8.000000000000E+00
 -8.000000000000E+00 -8.000000000000E+00 -8.000000000000E+00 -8.000000000000E+00
 -8.000000000000E+00 -8.000000000000E+00 -8.000000000000E+00 -8.000000000000E+00
 -8.000000000000E+00 -8.000000000000E+00 -8.000000000000E+00 -8.000000000000E+00
 -8.000000000000E+00 -8.000000000000E+00 -8.000000000000E+00 -8.000000000000E+00
 -8.000000000000E+00 -8.000000000000E+00 -8.000000000000E+00 -8.000000000000E+00
 -8.000000000000E+00
 Pseudopotential follows (l on next line)
 1
 -2.384653797637E-04 -4.798578476952E-04 -7.242133383373E-04 -9.715682276539E-04
 -1.221959338465E-03 -1.475423945946E-03 -1.731999783200E-03 -1.991725046897E-03
 -2.254638402978E-03 -2.520778992441E-03 -2.790186437186E-03 -3.062900845944E-03
 -3.338962820273E-03 -3.618413460629E-03 -3.901294372516E-03 -4.187647672708E-03
 -4.477515995550E-03 -4.770942499342E-03 -5.067970872794E-03 -5.368645341566E-03
 -5.673010674895E-03 -5.981112192289E-03 -6.292995770326E-03 -6.608707849516E-03
 -6.928295441264E-03 -7.251806134914E-03 -7.579288104881E-03 -7.910790117875E-03
 -8.246361540208E-03 -8.586052345205E-03 -8.929913120692E-03 -9.277995076594E-03
 -9.630350052615E-03 -9.987030526020E-03 -1.034808961952E-02 -1.071358110923E-02
 -1.108355943278E-02 -1.145807969748E-02 -1.183719768857E-02 -1.222096987767E-02
 -1.260945343122E-02 -1.300270621909E-02 -1.340078682331E-02 -1.380375454687E-02
 -1.421166942265E-02 -1.462459222244E-02 -1.504258446614E-02 -1.546570843101E-02
 -1.589402716105E-02 -1.632760447650E-02 -1.676650498351E-02 -1.721079408384E-02
 -1.766053798477E-02 -1.811580370908E-02 -1.857665910519E-02 -1.904317285739E-02
 -1.951541460625E-02 -1.999345465756E-02 -2.047736419251E-02 -2.096721533962E-02
 -2.146308111557E-02 -2.196503543604E-02 -2.247315318020E-02 -2.298751011987E-02
 -2.350818289328E-02 -2.403524912885E-02 -2.456878741083E-02 -2.510887729089E-02
 -2.565559929993E-02 -2.620903495989E-02 -2.676926679579E-02 -2.733637836151E-02
 -2.791045466797E-02 -2.849158095758E-02 -2.907984390116E-02 -2.967533123533E-02
 -3.027813177518E-02 -3.088833542711E-02 -3.150603405686E-02 -3.213131909524E-02
 -3.276428381229E-02 -3.340502262937E-02 -3.405363113099E-02 -3.471020739104E-02
 -3.537484824228E-02 -3.604765284689E-02 -3.672872158230E-02 -3.741815712370E-02
 -3.811606224064E-02 -3.882254037254E-02 -3.953769693271E-02 -4.026163994191E-02
 -4.099447750933E-02 -4.173631794992E-02 -4.248727196152E-02 -4.324745404293E-02
 -4.401697637369E-02 -4.479595306730E-02 -4.558450106460E-02 -4.638274090236E-02
 -4.719078871546E-02 -4.800876509468E-02 -4.883679596051E-02 -4.967500287129E-02
 -5.052350977968E-02 -5.138244616899E-02 -5.225194121857E-02 -5.313212167814E-02
 -5.402312099798E-02 -5.492507587331E-02 -5.583811608232E-02 -5.676237961129E-02
 -5.769801029113E-02 -5.864514128961E-02 -5.960391591045E-02 -6.057448437695E-02
 -6.155698377812E-02 -6.255156378761E-02 -6.355837980582E-02 -6.457757359593E-02
 -6.560930259645E-02 -6.665372556432E-02 -6.771098997324E-02 -6.878126285093E-02
 -6.986470372214E-02 -7.096146716710E-02 -7.207173216166E-02 -7.319565544388E-02
 -7.433340165319E-02 -7.548516142053E-02 -7.665108725128E-02 -7.783136213020E-02
 -7.902617124398E-02 -8.023567754658E-02 -8.146008226699E-02 -8.269955868603E-02
 -8.395428630571E-02 -8.522448093616E-02 -8.651030423223E-02 -8.781196658400E-02
 -8.912966534006E-02 -9.046357908584E-02 -9.181394761183E-02 -9.318093851243E-02
 -9.456477223169E-02 -9.596566781835E-02 -9.738380713412E-02 -9.881945083530E-02
 -1.002727747823E-01 -1.017440144943E-01 -1.032334047698E-01 -1.047411336179E-01
 -1.062674910522E-01 -1.078126498165E-01 -1.093768737043E-01 -1.109604020467E-01
 -1.125634401916E-01 -1.141863021386E-01 -1.158291569192E-01 -1.174923113092E-01
 -1.191759904269E-01 -1.208804415373E-01 -1.226059728310E-01 -1.243527690786E-01
 -1.261211951470E-01 -1.279114326754E-01 -1.297238028049E-01 -1.315585778405E-01
 -1.334159971888E-01 -1.352964347668E-01 -1.372000607860E-01 -1.391272920235E-01
 -1.410783195239E-01 -1.430534982260E-01 -1.450531276939E-01 -1.470774637617E-01
 -1.491269275134E-01 -1.512016810479E-01 -1.533022256887E-01 -1.554287176056E-01
 -1.575815952901E-01 -1.597611412557E-01 -1.619676776892E-01 -1.642016285852E-01
 -1.664631845611E-01 -1.687529275328E-01 -1.710709556562E-01 -1.734178594941E-01
 -1.757938219449E-01 -1.781993214978E-01 -1.806347003508E-01 -1.831002884539E-01
 -1.855966059684E-01 -1.881238154783E-01 -1.906826353116E-01 -1.932731018558E-01
 -1.958959687557E-01 -1.985513507924E-01 -2.012398730587E-01 -2.039618425400E-01
 -2.067177039659E-01 -2.095079787681E-01 -2.123329088988E-01 -2.151932542216E-01
 -2.180890297299E-01 -2.210212595395E-01 -2.239898186594E-01 -2.269956841618E-01
 -2.300389243736E-01 -2.331203193260E-01 -2.362401819896E-01 -2.393990611544E-01
 -2.425975417367E-01 -2.458359138317E-01 -2.491150635478E-01 -2.524349928748E-01
 -2.557969203727E-01 -2.592005830754E-01 -2.626474015823E-01 -2.661370886566E-01
 -2.696709164611E-01 -2.732488862590E-01 -2.768719977878E-01 -2.805405722602E-01
 -2.842553055008E-01 -2.880168720657E-01 -2.918256304451E-01 -2.956826438912E-01
 -2.995878981970E-01 -3.035428826197E-01 -3.075471729610E-01 -3.116027237258E-01
 -3.157087914177E-01 -3.198674472625E-01 -3.240780693980E-01 -3.283424819008E-01
 -3.326604388060E-01 -3.370334090115E-01 -3.414615592807E-01 -3.459459667803E-01
 -3.504872493084E-01 -3.550860543408E-01 -3.597434903507E-01 -3.644597359122E-01
 -3.692364309676E-01 -3.740732449243E-01 -3.789723909176E-01 -3.839329881110E-01
 -3.889578652147E-01 -3.940456113647E-01 -3.991995281221E-01 -4.044180351932E-01
 -4.097042370552E-01 -4.150570127294E-01 -4.204790363717E-01 -4.259696831430E-01
 -4.315311610159E-01 -4.371633778413E-01 -4.428680399889E-01 -4.486456238235E-01
 -4.544972996111E-01 -4.604241468074E-01 -4.664267665401E-01 -4.725068740935E-01
 -4.786644705086E-01 -4.849019371269E-01 -4.912186467411E-01 -4.976176737188E-01
 -5.040977380113E-01 -5.106626298850E-01 -5.173103962949E-01 -5.240455612598E-01
 -5.308655431025E-01 -5.377754340434E-01 -5.447724488696E-01 -5.518614254397E-01
 -5.590401458530E-01 -5.663129235436E-01 -5.736781260618E-01 -5.811395266383E-01
 -5.886960908647E-01 -5.963510418645E-01 -6.041039493170E-01 -6.119574832300E-01
 -6.199118158117E-01 -6.279690689283E-01 -6.361300070310E-01 -6.443962179462E-01
 -6.527690381792E-01 -6.612495459420E-01 -6.698396184854E-01 -6.785398603906E-01
 -6.873526459759E-01 -6.962781549953E-01 -7.053192015247E-01 -7.144756033840E-01
 -7.237505422041E-01 -7.331435521156E-01 -7.426580939718E-01 -7.522935130400E-01
 -7.620534437436E-01 -7.719371550691E-01 -7.819483309207E-01 -7.920862954342E-01
 -8.023546384547E-01 -8.127529170246E-01 -8.232843835543E-01 -8.339490952275E-01
 -8.447497081561E-01 -8.556869524707E-01 -8.667628693011E-01 -8.779787961123E-01
 -8.893362295788E-01 -9.008370342178E-01 -9.124822478191E-01 -9.242741664904E-01
 -9.362134702315E-01 -9.483027757613E-01 -9.605425222072E-01 -9.729355202624E-01
 -9.854821010153E-01 -9.981851269202E-01 -1.011044969636E+00 -1.024064385917E+00
 -1.037243951982E+00 -1.050586146776E+00 -1.064091929772E+00 -1.077763316230E+00
 -1.091601841309E+00 -1.105608858125E+00 -1.119786682424E+00 -1.134135795624E+00
 -1.148659509830E+00 -1.163357215932E+00 -1.178233447127E+00 -1.193286277778E+00
 -1.208521693661E+00 -1.223936221853E+00 -1.239537536428E+00 -1.255320384360E+00
 -1.271294365173E+00 -1.287452213819E+00 -1.303805690808E+00 -1.320345291210E+00
 -1.337085167192E+00 -1.354013353488E+00 -1.371146616306E+00 -1.388470320463E+00
 -1.406004056774E+00 -1.423730324958E+00 -1.441671735609E+00 -1.459807746092E+00
 -1.478164163019E+00 -1.496717245494E+00 -1.515496150012E+00 -1.534473806130E+00
 -1.553682848474E+00 -1.573092773399E+00 -1.592739793323E+00 -1.612589898038E+00
 -1.632682946249E+00 -1.652981380331E+00 -1.673528050726E+00 -1.694283915012E+00
 -1.715292358611E+00 -1.736514736213E+00 -1.757993736104E+00 -1.779691661728E+00
 -1.801650312363E+00 -1.823833135799E+00 -1.846280864173E+00 -1.868958269621E+00
 -1.891904854905E+00 -1.915086878687E+00 -1.938542469889E+00 -1.962239516114E+00
 -1.986214647299E+00 -2.010437501065E+00 -2.034943103699E+00 -2.059702941413E+00
 -2.084750353402E+00 -2.110058749820E+00 -2.135659720847E+00 -2.161528652472E+00
 -2.187695345259E+00 -2.214137189760E+00 -2.240882176950E+00 -2.267909708317E+00
 -2.295245964715E+00 -2.322872343917E+00 -2.350813233883E+00 -2.379051994855E+00
 -2.407611254731E+00 -2.436476285591E+00 -2.465668001101E+00 -2.495173520543E+00
 -2.525012099194E+00 -2.555172628110E+00 -2.585672766686E+00 -2.616503095104E+00
 -2.647679742432E+00 -2.679194891958E+00 -2.711063207179E+00 -2.743278389171E+00
 -2.775853695841E+00 -2.808784265611E+00 -2.842082001982E+00 -2.875743409385E+00
 -2.909779075280E+00 -2.944186812070E+00 -2.978975912810E+00 -3.014145457198E+00
 -3.049703445046E+00 -3.085650203899E+00 -3.121992417528E+00 -3.158731666684E+00
 -3.195873269149E+00 -3.233420092310E+00 -3.271376008031E+00 -3.309745234691E+00
 -3.348530085908E+00 -3.387736228761E+00 -3.427364271913E+00 -3.467421464153E+00
 -3.507906526577E+00 -3.548828459461E+00 -3.590183876755E+00 -3.631983737738E+00
 -3.674222292058E+00 -3.716912703737E+00 -3.760046563211E+00 -3.803639523224E+00
 -3.847680182534E+00 -3.892187004422E+00 -3.937145226468E+00 -3.982576481377E+00
 -4.028462239749E+00 -4.074827698642E+00 -4.121650120403E+00 -4.168958696218E+00
 -4.216726004229E+00 -4.264985693157E+00 -4.313705146844E+00 -4.362922967534E+00
 -4.412600800617E+00 -4.462782729749E+00 -4.513424083005E+00 -4.564574985200E+00
 -4.616183831831E+00 -4.668307381349E+00 -4.720886441948E+00 -4.773985033065E+00
 -4.827535676557E+00 -4.881610318860E+00 -4.936132445128E+00 -4.991182639308E+00
 -5.046674538464E+00 -5.102698127439E+00 -5.159156309978E+00 -5.216149299430E+00
 -5.273568290657E+00 -5.331524632231E+00 -5.389896723530E+00 -5.448808053094E+00
 -5.508123001659E+00 -5.567978324061E+00 -5.628222991694E+00 -5.689008302428E+00
 -5.750166222874E+00 -5.811864055843E+00 -5.873914918763E+00 -5.936503807980E+00
 -5.999422846148E+00 -6.062876687562E+00 -6.126633952050E+00 -6.190921249882E+00
 -6.255480756012E+00 -6.320563735889E+00 -6.385882460626E+00 -6.451716029754E+00
 -6.517742739309E+00 -6.584273272022E+00 -6.650947157148E+00 -6.718111083098E+00
 -6.785360179685E+00 -6.853082352372E+00 -6.920821727496E+00 -6.989013553974E+00
 -7.057143244040E+00 -7.125700563909E+00 -7.194103263627E+00 -7.262903978722E+00
 -7.331442499321E+00 -7.400343976602E+00 -7.468858520641E+00 -7.537694821468E+00
 -7.606000160832E+00 -7.674579190773E+00 -7.742461883360E+00 -7.810562607117E+00
 -7.877778443379E+00 -7.945148365817E+00 -8.011420292177E+00 -8.077773461777E+00
 -8.142790273909E+00 -8.207806108533E+00 -8.271222229994E+00 -8.334545482740E+00
 -8.395982128975E+00 -8.457224289597E+00 -8.516272251843E+00 -8.575014605541E+00
 -8.631238769616E+00 -8.687037207285E+00 -8.739982757256E+00 -8.792374260456E+00
 -8.841574330952E+00 -8.890084867247E+00 -8.935069238309E+00 -8.979222637468E+00
 -9.019526955377E+00 -9.058854237384E+00 -9.094029229826E+00 -9.128077855769E+00
 -9.157698105462E+00 -9.186040734081E+00 -9.209712768251E+00 -9.231955306661E+00
 -9.249325009131E+00 -9.265114001157E+00 -9.275873601016E+00 -9.284903240879E+00
 -9.288798318553E+00 -9.290817554306E+00 -9.287654591219E+00 -9.282474853108E+00
 -9.272129820440E+00 -9.259633863568E+00 -9.242062211276E+00 -9.222214415133E+00
 -9.197462614980E+00 -9.170320866908E+00 -9.138539419890E+00 -9.104268462643E+00
 -9.065726034054E+00 -9.024611910393E+00 -8.979710025538E+00 -8.932175024194E+00
 -8.881462551424E+00 -8.828079854169E+00 -8.772266314780E+00 -8.713773357702E+00
 -8.653739921292E+00 -8.591049301034E+00 -8.527856133351E+00 -8.462062693765E+00
 -8.396951104995E+00 -8.329333614735E+00 -8.263721196889E+00 -8.195736761621E+00
 -8.131203400654E+00 -8.064472442387E+00 -8.002734755726E+00 -7.939014049583E+00
 -7.881885467836E+00 -7.823026390955E+00 -7.772359841123E+00 -7.720248730178E+00
 -7.677858798165E+00 -7.634336247503E+00 -7.601897971643E+00 -7.568654211633E+00
 -7.547576543632E+00 -7.526020985424E+00 -7.517294833679E+00 -7.508399849911E+00
 -7.512424060065E+00 -7.516546679447E+00 -7.532941131231E+00 -7.549632410697E+00
 -7.577056766609E+00 -7.604878353744E+00 -7.640889404330E+00 -7.677271780425E+00
 -7.718273697296E+00 -7.759472752035E+00 -7.800845170718E+00 -7.842085445263E+00
 -7.878616903834E+00 -7.914553865492E+00 -7.941366279659E+00 -7.967060021458E+00
 -7.981288851401E+00 -7.993963105095E+00 -7.997566285904E+00 -7.999538566613E+00
 -8.000251049615E+00 -7.999767885034E+00 -8.000331346846E+00 -7.999836733596E+00
 -8.000394241876E+00 -7.999890451338E+00 -8.000443427407E+00 -7.999931941047E+00
 -8.000481552974E+00 -7.999963624965E+00 -8.000510840691E+00 -7.999987521009E+00
 -8.000533132417E+00 -8.000005291392E+00 -8.000549938194E+00 -8.000018290782E+00
 -8.000562483144E+00 -8.000027611887E+00 -8.000571751173E+00 -8.000034127201E+00
 -8.000578524521E+00 -8.000038526339E+00 -8.000583418805E+00 -8.000041348745E+00
 -8.000586913502E+00 -8.000043011916E+00 -8.000589378059E+00 -8.000043835380E+00
 -8.000591093955E+00 -8.000044060819E+00 -8.000592273109E+00 -8.000043868747E+00
 -8.000593073058E+00 -8.000043392171E+00 -8.000593609324E+00 -8.000042727648E+00
 -8.000593965370E+00 -8.000041944142E+00 -8.000594200535E+00 -8.000041090014E+00
 -8.000594356258E+00 -8.000040198484E+00 -8.000594460917E+00 -8.000039291830E+00
 -8.000594533518E+00 -8.000038384576E+00 -8.000594586481E+00 -8.000037485860E+00
 -8.000000000000E+00 -8.000000000000E+00 -8.000000000000E+00 -8.000000000000E+00
 -8.000000000000E+00 -8.000000000000E+00 -8.000000000000E+00 -8.000000000000E+00
 -8.000000000000E+00 -8.000000000000E+00 -8.000000000000E+00 -8.000000000000E+00
 -8.000000000000E+00 -8.000000000000E+00 -8.000000000000E+00 -8.000000000000E+00
 -8.000000000000E+00 -8.000000000000E+00 -8.000000000000E+00 -8.000000000000E+00
 -8.000000000000E+00 -8.000000000000E+00 -8.000000000000E+00 -8.000000000000E+00
 -8.000000000000E+00 -8.000000000000E+00 -8.000000000000E+00 -8.000000000000E+00
 -8.000000000000E+00 -8.000000000000E+00 -8.000000000000E+00 -8.000000000000E+00
 -8.000000000000E+00 -8.000000000000E+00 -8.000000000000E+00 -8.000000000000E+00
 -8.000000000000E+00 -8.000000000000E+00 -8.000000000000E+00 -8.000000000000E+00
 -8.000000000000E+00 -8.000000000000E+00 -8.000000000000E+00 -8.000000000000E+00
 -8.000000000000E+00 -8.000000000000E+00 -8.000000000000E+00 -8.000000000000E+00
 -8.000000000000E+00 -8.000000000000E+00 -8.000000000000E+00 -8.000000000000E+00
 -8.000000000000E+00 -8.000000000000E+00 -8.000000000000E+00 -8.000000000000E+00
 -8.000000000000E+00 -8.000000000000E+00 -8.000000000000E+00 -8.000000000000E+00
 -8.000000000000E+00 -8.000000000000E+00 -8.000000000000E+00 -8.000000000000E+00
 -8.000000000000E+00 -8.000000000000E+00 -8.000000000000E+00 -8.000000000000E+00
 -8.000000000000E+00 -8.000000000000E+00 -8.000000000000E+00 -8.000000000000E+00
 -8.000000000000E+00 -8.000000000000E+00 -8.000000000000E+00 -8.000000000000E+00
 -8.000000000000E+00 -8.000000000000E+00 -8.000000000000E+00 -8.000000000000E+00
 -8.000000000000E+00 -8.000000000000E+00 -8.000000000000E+00 -8.000000000000E+00
 -8.000000000000E+00 -8.000000000000E+00 -8.000000000000E+00 -8.000000000000E+00
 -8.000000000000E+00 -8.000000000000E+00 -8.000000000000E+00 -8.000000000000E+00
 -8.000000000000E+00 -8.000000000000E+00 -8.000000000000E+00 -8.000000000000E+00
 -8.000000000000E+00 -8.000000000000E+00 -8.000000000000E+00 -8.000000000000E+00
 -8.000000000000E+00 -8.000000000000E+00 -8.000000000000E+00 -8.000000000000E+00
 -8.000000000000E+00 -8.000000000000E+00 -8.000000000000E+00 -8.000000000000E+00
 -8.000000000000E+00 -8.000000000000E+00 -8.000000000000E+00 -8.000000000000E+00
 -8.000000000000E+00 -8.000000000000E+00 -8.000000000000E+00 -8.000000000000E+00
 -8.000000000000E+00 -8.000000000000E+00 -8.000000000000E+00 -8.000000000000E+00
 -8.000000000000E+00 -8.000000000000E+00 -8.000000000000E+00 -8.000000000000E+00
 -8.000000000000E+00 -8.000000000000E+00 -8.000000000000E+00 -8.000000000000E+00
 -8.000000000000E+00 -8.000000000000E+00 -8.000000000000E+00 -8.000000000000E+00
 -8.000000000000E+00 -8.000000000000E+00 -8.000000000000E+00 -8.000000000000E+00
 -8.000000000000E+00 -8.000000000000E+00 -8.000000000000E+00 -8.000000000000E+00
 -8.000000000000E+00 -8.000000000000E+00 -8.000000000000E+00 -8.000000000000E+00
 -8.000000000000E+00 -8.000000000000E+00 -8.000000000000E+00 -8.000000000000E+00
 -8.000000000000E+00 -8.000000000000E+00 -8.000000000000E+00 -8.000000000000E+00
 -8.000000000000E+00 -8.000000000000E+00 -8.000000000000E+00 -8.000000000000E+00
 -8.000000000000E+00 -8.000000000000E+00 -8.000000000000E+00 -8.000000000000E+00
 -8.000000000000E+00 -8.000000000000E+00 -8.000000000000E+00 -8.000000000000E+00
 -8.000000000000E+00 -8.000000000000E+00 -8.000000000000E+00 -8.000000000000E+00
 -8.000000000000E+00 -8.000000000000E+00 -8.000000000000E+00 -8.000000000000E+00
 -8.000000000000E+00 -8.000000000000E+00 -8.000000000000E+00 -8.000000000000E+00
 -8.000000000000E+00 -8.000000000000E+00 -8.000000000000E+00 -8.000000000000E+00
 -8.000000000000E+00 -8.000000000000E+00 -8.000000000000E+00 -8.000000000000E+00
 -8.000000000000E+00 -8.000000000000E+00 -8.000000000000E+00 -8.000000000000E+00
 -8.000000000000E+00 -8.000000000000E+00 -8.000000000000E+00 -8.000000000000E+00
 -8.000000000000E+00 -8.000000000000E+00 -8.000000000000E+00 -8.000000000000E+00
 -8.000000000000E+00 -8.000000000000E+00 -8.000000000000E+00 -8.000000000000E+00
 -8.000000000000E+00 -8.000000000000E+00 -8.000000000000E+00 -8.000000000000E+00
 -8.000000000000E+00 -8.000000000000E+00 -8.000000000000E+00 -8.000000000000E+00
 -8.000000000000E+00 -8.000000000000E+00 -8.000000000000E+00 -8.000000000000E+00
 -8.000000000000E+00 -8.000000000000E+00 -8.000000000000E+00 -8.000000000000E+00
 -8.000000000000E+00 -8.000000000000E+00 -8.000000000000E+00 -8.000000000000E+00
 -8.000000000000E+00 -8.000000000000E+00 -8.000000000000E+00 -8.000000000000E+00
 -8.000000000000E+00 -8.000000000000E+00 -8.000000000000E+00 -8.000000000000E+00
 -8.000000000000E+00 -8.000000000000E+00 -8.000000000000E+00 -8.000000000000E+00
 -8.000000000000E+00 -8.000000000000E+00 -8.000000000000E+00 -8.000000000000E+00
 -8.000000000000E+00 -8.000000000000E+00 -8.000000000000E+00 -8.000000000000E+00
 -8.000000000000E+00 -8.000000000000E+00 -8.000000000000E+00 -8.000000000000E+00
 -8.000000000000E+00 -8.000000000000E+00 -8.000000000000E+00 -8.000000000000E+00
 -8.000000000000E+00 -8.000000000000E+00 -8.000000000000E+00 -8.000000000000E+00
 -8.000000000000E+00 -8.000000000000E+00 -8.000000000000E+00 -8.000000000000E+00
 -8.000000000000E+00 -8.000000000000E+00 -8.000000000000E+00 -8.000000000000E+00
 -8.000000000000E+00 -8.000000000000E+00 -8.000000000000E+00 -8.000000000000E+00
 -8.000000000000E+00 -8.000000000000E+00 -8.000000000000E+00 -8.000000000000E+00
 -8.000000000000E+00 -8.000000000000E+00 -8.000000000000E+00 -8.000000000000E+00
 -8.000000000000E+00 -8.000000000000E+00 -8.000000000000E+00 -8.000000000000E+00
 -8.000000000000E+00
 Pseudopotential follows (l on next line)
 2
 -1.803874991981E-04 -3.629891999617E-04 -5.478322863883E-04 -7.349442765879E-04
 -9.243530267990E-04 -1.116086735555E-03 -1.310173947903E-03 -1.506643559676E-03
 -1.705524821816E-03 -1.906847344752E-03 -2.110641102835E-03 -2.316936438824E-03
 -2.525764068430E-03 -2.737155084920E-03 -2.951140963770E-03 -3.167753567386E-03
 -3.387025149875E-03 -3.608988361885E-03 -3.833676255497E-03 -4.061122289181E-03
 -4.291360332818E-03 -4.524424672777E-03 -4.760350017067E-03 -4.999171500539E-03
 -5.240924690166E-03 -5.485645590385E-03 -5.733370648499E-03 -5.984136760163E-03
 -6.237981274921E-03 -6.494942001825E-03 -6.755057215120E-03 -7.018365660001E-03
 -7.284906558443E-03 -7.554719615105E-03 -7.827845023307E-03 -8.104323471084E-03
 -8.384196147317E-03 -8.667504747939E-03 -8.954291482224E-03 -9.244599079148E-03
 -9.538470793842E-03 -9.835950414113E-03 -1.013708226706E-02 -1.044191122578E-02
 -1.075048271613E-02 -1.106284272359E-02 -1.137903780024E-02 -1.169911507181E-02
 -1.202312224477E-02 -1.235110761360E-02 -1.268312006807E-02 -1.301920910070E-02
 -1.335942481420E-02 -1.370381792913E-02 -1.405243979157E-02 -1.440534238095E-02
 -1.476257842787E-02 -1.512420112062E-02 -1.549026431279E-02 -1.586082259260E-02
 -1.623593122110E-02 -1.661564614044E-02 -1.700002403562E-02 -1.738912226095E-02
 -1.778299881110E-02 -1.818171244210E-02 -1.858532263411E-02 -1.899388960026E-02
 -1.940747429551E-02 -1.982613842559E-02 -2.024994445605E-02 -2.067895563511E-02
 -2.111323641874E-02 -2.155285124213E-02 -2.199786571348E-02 -2.244834624822E-02
 -2.290436007857E-02 -2.336597526314E-02 -2.383326155167E-02 -2.430628798754E-02
 -2.478512517855E-02 -2.526984460564E-02 -2.576051863134E-02 -2.625722182247E-02
 -2.676002721624E-02 -2.726900988714E-02 -2.778424582928E-02 -2.830581303522E-02
 -2.883378928891E-02 -2.936825273748E-02 -2.990928319149E-02 -3.045696275469E-02
 -3.101137330115E-02 -3.157259658863E-02 -3.214071643186E-02 -3.271582011651E-02
 -3.329799227496E-02 -3.388731913543E-02 -3.448388941117E-02 -3.508779506494E-02
 -3.569912330679E-02 -3.631796544770E-02 -3.694441776891E-02 -3.757857182572E-02
 -3.822052119947E-02 -3.887036462935E-02 -3.952820017324E-02 -4.019412307732E-02
 -4.086823490171E-02 -4.155064006000E-02 -4.224143565248E-02 -4.294072658644E-02
 -4.364862320779E-02 -4.436522478824E-02 -4.509064031941E-02 -4.582498529134E-02
 -4.656836163341E-02 -4.732088342810E-02 -4.808267004776E-02 -4.885382678526E-02
 -4.963447416119E-02 -5.042473356139E-02 -5.122471462971E-02 -5.203454609974E-02
 -5.285434873201E-02 -5.368423786668E-02 -5.452435275798E-02 -5.537480993466E-02
 -5.623573333332E-02 -5.710727238255E-02 -5.798953787948E-02 -5.888267058876E-02
 -5.978681295876E-02 -6.070208468041E-02 -6.162864318877E-02 -6.256661743307E-02
 -6.351614203955E-02 -6.447738739196E-02 -6.545046916084E-02 -6.643555118778E-02
 -6.743278370143E-02 -6.844229758880E-02 -6.946428435676E-02 -7.049886272307E-02
 -7.154620365541E-02 -7.260647611889E-02 -7.367981127653E-02 -7.476641846418E-02
 -7.586642159119E-02 -7.698000358850E-02 -7.810734602088E-02 -7.924858300961E-02
 -8.040395002007E-02 -8.157356457735E-02 -8.275763457897E-02 -8.395634277375E-02
 -8.516983723271E-02 -8.639837397612E-02 -8.764206334334E-02 -8.890115269876E-02
 -9.017580701926E-02 -9.146621269048E-02 -9.277261627683E-02 -9.409514016491E-02
 -9.543408607403E-02 -9.678957171842E-02 -9.816185353108E-02 -9.955113831421E-02
 -1.009575991670E-01 -1.023815428869E-01 -1.038230717392E-01 -1.052825337240E-01
 -1.067600502618E-01 -1.082559058146E-01 -1.097703286040E-01 -1.113035022451E-01
 -1.128557747190E-01 -1.144272341203E-01 -1.160183068648E-01 -1.176290732902E-01
 -1.192598951289E-01 -1.209109771910E-01 -1.225825630064E-01 -1.242749969494E-01
 -1.259883890350E-01 -1.277232395951E-01 -1.294795641903E-01 -1.312578697845E-01
 -1.330582546421E-01 -1.348811115860E-01 -1.367266960932E-01 -1.385952503278E-01
 -1.404872055920E-01 -1.424026345113E-01 -1.443421643651E-01 -1.463057393562E-01
 -1.482940198330E-01 -1.503070261169E-01 -1.523452876961E-01 -1.544090147683E-01
 -1.564985540914E-01 -1.586143279253E-01 -1.607564778235E-01 -1.629256620365E-01
 -1.651217926704E-01 -1.673457897274E-01 -1.695974227826E-01 -1.718775622211E-01
 -1.741861683381E-01 -1.765239118350E-01 -1.788909949917E-01 -1.812878545576E-01
 -1.837149620362E-01 -1.861724927021E-01 -1.886612164637E-01 -1.911810176394E-01
 -1.937329957357E-01 -1.963167671937E-01 -1.989336306301E-01 -2.015831752337E-01
 -2.042665481636E-01 -2.069836240717E-01 -2.097352745881E-01 -2.125216912054E-01
 -2.153434384569E-01 -2.182010579973E-01 -2.210947737584E-01 -2.240255128361E-01
 -2.269931231120E-01 -2.299989543572E-01 -2.330424410206E-01 -2.361253947155E-01
 -2.392469270707E-01 -2.424089629037E-01 -2.456107319053E-01 -2.488539081075E-01
 -2.521380934632E-01 -2.554646030865E-01 -2.588334479409E-01 -2.622455475702E-01
 -2.657013601719E-01 -2.692013716556E-01 -2.727465270096E-01 -2.763368391902E-01
 -2.799737806870E-01 -2.836568511248E-01 -2.873880921346E-01 -2.911664488154E-01
 -2.949945742371E-01 -2.988708790765E-01 -3.027984850052E-01 -3.067756288176E-01
 -3.108052306391E-01 -3.148859821234E-01 -3.190203684565E-01 -3.232075728825E-01
 -3.274496096553E-01 -3.317461900662E-01 -3.360988218800E-01 -3.405077801673E-01
 -3.449740315585E-01 -3.494984493906E-01 -3.540814259728E-01 -3.587244655578E-01
 -3.634273550251E-01 -3.681922596868E-01 -3.730183326613E-01 -3.779084272075E-01
 -3.828610379094E-01 -3.878797287697E-01 -3.929623154904E-01 -3.981130906023E-01
 -4.033292351109E-01 -4.086156043808E-01 -4.139691698138E-01 -4.193945265594E-01
 -4.248892074696E-01 -4.304572771264E-01 -4.360968478717E-01 -4.418114377430E-01
 -4.475997510692E-01 -4.534647492272E-01 -4.594057344939E-01 -4.654251083498E-01
 -4.715227693848E-01 -4.777005639119E-01 -4.839589764836E-01 -4.902993120824E-01
 -4.967226209838E-01 -5.032296909777E-01 -5.098221067199E-01 -5.165001744782E-01
 -5.232659695969E-01 -5.301193652826E-01 -5.370628702677E-01 -5.440959872158E-01
 -5.512215860814E-01 -5.584388768168E-01 -5.657510023358E-01 -5.731569742499E-01
 -5.806601028872E-01 -5.882593135959E-01 -5.959579601816E-01 -6.037550125986E-01
 -6.116537247939E-01 -6.196532887018E-01 -6.277566145786E-01 -6.359633842188E-01
 -6.442759035519E-01 -6.526945183226E-01 -6.612209106505E-01 -6.698560245680E-01
 -6.786009885277E-01 -6.874572645515E-01 -6.964255125665E-01 -7.055076171490E-01
 -7.147038703128E-01 -7.240164682852E-01 -7.334454515419E-01 -7.429932014588E-01
 -7.526596391927E-01 -7.624471892605E-01 -7.723558014134E-01 -7.823877861363E-01
 -7.925432849732E-01 -8.028243226505E-01 -8.132314102999E-01 -8.237661015099E-01
 -8.344294684070E-01 -8.452223956108E-01 -8.561467199680E-01 -8.672024483618E-01
 -8.783923967900E-01 -8.897154765265E-01 -9.011757059238E-01 -9.127706758121E-01
 -9.245058366273E-01 -9.363772294073E-01 -9.483919703740E-01 -9.605443196436E-01
 -9.728432940651E-01 -9.852811429164E-01 -9.978690165643E-01 -1.010596927963E+00
 -1.023478388630E+00 -1.036500957541E+00 -1.049680726265E+00 -1.063002593505E+00
 -1.076485437451E+00 -1.090111305207E+00 -1.103902052172E+00 -1.117836701088E+00
 -1.131940255552E+00 -1.146188563269E+00 -1.160609923880E+00 -1.175176884853E+00
 -1.189921163214E+00 -1.204811909595E+00 -1.219884350169E+00 -1.235104173532E+00
 -1.250510174442E+00 -1.266064548048E+00 -1.281809001064E+00 -1.297704283842E+00
 -1.313792577906E+00 -1.330035055139E+00 -1.346473149350E+00 -1.363069003468E+00
 -1.379863110044E+00 -1.396818780266E+00 -1.413975385750E+00 -1.431297587516E+00
 -1.448823472643E+00 -1.466519215625E+00 -1.484421473417E+00 -1.502498077721E+00
 -1.520784129396E+00 -1.539249239549E+00 -1.557926847838E+00 -1.576788444193E+00
 -1.595865723672E+00 -1.615132130874E+00 -1.634617554958E+00 -1.654297447147E+00
 -1.674199851435E+00 -1.694302253909E+00 -1.714630835622E+00 -1.735165122726E+00
 -1.755929436038E+00 -1.776905325121E+00 -1.798115272253E+00 -1.819542813590E+00
 -1.841208631628E+00 -1.863098194278E+00 -1.885230437746E+00 -1.907592691403E+00
 -1.930202210705E+00 -1.953048103684E+00 -1.976146019640E+00 -1.999486753211E+00
 -2.023084427965E+00 -2.046931427336E+00 -2.071040432040E+00 -2.095405314371E+00
 -2.120037394087E+00 -2.144931933997E+00 -2.170098970370E+00 -2.195535063449E+00
 -2.221249035740E+00 -2.247238660672E+00 -2.273511605823E+00 -2.300066785747E+00
 -2.326910758193E+00 -2.354043522002E+00 -2.381470553971E+00 -2.409192898285E+00
 -2.437214961381E+00 -2.465538813946E+00 -2.494167782828E+00 -2.523104968141E+00
 -2.552352587112E+00 -2.581914795059E+00 -2.611792648410E+00 -2.641991406743E+00
 -2.672510893661E+00 -2.703357545107E+00 -2.734529859974E+00 -2.766035544771E+00
 -2.797871663626E+00 -2.830047308239E+00 -2.862557982140E+00 -2.895414294875E+00
 -2.928610050824E+00 -2.962157524973E+00 -2.996048674968E+00 -3.030297600018E+00
 -3.064894258687E+00 -3.099854739995E+00 -3.135166851053E+00 -3.170848838214E+00
 -3.206886209819E+00 -3.243299533708E+00 -3.280071882479E+00 -3.317226300696E+00
 -3.354743303846E+00 -3.392648553924E+00 -3.430919908559E+00 -3.469585767906E+00
 -3.508621256091E+00 -3.548057607154E+00 -3.587867164787E+00 -3.628084063404E+00
 -3.668677850385E+00 -3.709685594654E+00 -3.751074063135E+00 -3.792883259494E+00
 -3.835077216301E+00 -3.877698838744E+00 -3.920709497235E+00 -3.964154934819E+00
 -4.007993950610E+00 -4.052275037486E+00 -4.096954521495E+00 -4.142083542764E+00
 -4.187616043973E+00 -4.233605709540E+00 -4.280004158646E+00 -4.326867536007E+00
 -4.374145139708E+00 -4.421895535114E+00 -4.470065609110E+00 -4.518716384818E+00
 -4.567792111598E+00 -4.617356424834E+00 -4.667350519958E+00 -4.717840966806E+00
 -4.768765234737E+00 -4.820193379387E+00 -4.872058136954E+00 -4.924433903795E+00
 -4.977247246486E+00 -5.030578149623E+00 -5.084345033389E+00 -5.138635215819E+00
 -5.193356325774E+00 -5.248605379445E+00 -5.304275757761E+00 -5.360477297138E+00
 -5.417084706943E+00 -5.474224674048E+00 -5.531747686062E+00 -5.589802375931E+00
 -5.648208181710E+00 -5.707141995793E+00 -5.766383977613E+00 -5.826146940405E+00
 -5.886162063884E+00 -5.946687175894E+00 -6.007393317021E+00 -6.068593864128E+00
 -6.129887234313E+00 -6.191654226249E+00 -6.253407111030E+00 -6.315607073171E+00
 -6.377666142192E+00 -6.440139524370E+00 -6.502324988797E+00 -6.564885468745E+00
 -6.626991343008E+00 -6.689426275991E+00 -6.751221931846E+00 -6.813294120929E+00
 -6.874527199568E+00 -6.935978030635E+00 -6.996378611800E+00 -7.056932424950E+00
 -7.116218165470E+00 -7.175587546635E+00 -7.233469332484E+00 -7.291360845763E+00
 -7.347548395221E+00 -7.403668181179E+00 -7.457875028693E+00 -7.511933701404E+00
 -7.563881098176E+00 -7.615597496774E+00 -7.665016972521E+00 -7.714120544467E+00
 -7.760755144316E+00 -7.806987013375E+00 -7.850591496879E+00 -7.893704539756E+00
 -7.934045047825E+00 -7.973803512919E+00 -8.010657332146E+00 -8.046836643999E+00
 -8.079992712025E+00 -8.112380105084E+00 -8.141640817145E+00 -8.170037347574E+00
 -8.195222073227E+00 -8.219446399304E+00 -8.240396935429E+00 -8.260291071586E+00
 -8.276879073732E+00 -8.292316140060E+00 -8.304452407922E+00 -8.315346233030E+00
 -8.322991582481E+00 -8.329307876586E+00 -8.332485203865E+00 -8.334253893197E+00
 -8.333060912916E+00 -8.330389101661E+00 -8.325011102772E+00 -8.318095988159E+00
 -8.308817786061E+00 -8.297958681285E+00 -8.285174740821E+00 -8.270783150926E+00
 -8.255004614746E+00 -8.237611063970E+00 -8.219468157735E+00 -8.199724198788E+00
 -8.179962229204E+00 -8.158635807311E+00 -8.138102767709E+00 -8.116064913643E+00
 -8.095688625950E+00 -8.073889375311E+00 -8.054642198180E+00 -8.034073751846E+00
 -8.016923254312E+00 -7.998568790547E+00 -7.984413530571E+00 -7.969180857394E+00
 -7.958771665281E+00 -7.947412218397E+00 -7.941261415021E+00 -7.934277221618E+00
 -7.932561417182E+00 -7.930105994103E+00 -7.932573180892E+00 -7.934357609958E+00
 -7.940257181917E+00 -7.945480841738E+00 -7.953547365828E+00 -7.960885466617E+00
 -7.969425438165E+00 -7.977124606418E+00 -7.984282638726E+00 -7.990444005129E+00
 -7.994764367954E+00 -7.997934460943E+00 -7.999390151187E+00 -7.999638082685E+00
 -8.000251049615E+00 -7.999767885034E+00 -8.000331346846E+00 -7.999836733596E+00
 -8.000394241876E+00 -7.999890451338E+00 -8.000443427407E+00 -7.999931941047E+00
 -8.000481552974E+00 -7.999963624965E+00 -8.000510840691E+00 -7.999987521009E+00
 -8.000533132417E+00 -8.000005291392E+00 -8.000549938194E+00 -8.000018290782E+00
 -8.000562483144E+00 -8.000027611887E+00 -8.000571751173E+00 -8.000034127201E+00
 -8.000578524521E+00 -8.000038526339E+00 -8.000583418805E+00 -8.000041348745E+00
 -8.000586913502E+00 -8.000043011916E+00 -8.000589378059E+00 -8.000043835380E+00
 -8.000591093955E+00 -8.000044060819E+00 -8.000592273109E+00 -8.000043868747E+00
 -8.000593073058E+00 -8.000043392171E+00 -8.000593609324E+00 -8.000042727648E+00
 -8.000593965370E+00 -8.000041944142E+00 -8.000594200535E+00 -8.000041090014E+00
 -8.000594356258E+00 -8.000040198484E+00 -8.000594460917E+00 -8.000039291830E+00
 -8.000594533518E+00 -8.000038384576E+00 -8.000594586481E+00 -8.000037485860E+00
 -8.000000000000E+00 -8.000000000000E+00 -8.000000000000E+00 -8.000000000000E+00
 -8.000000000000E+00 -8.000000000000E+00 -8.000000000000E+00 -8.000000000000E+00
 -8.000000000000E+00 -8.000000000000E+00 -8.000000000000E+00 -8.000000000000E+00
 -8.000000000000E+00 -8.000000000000E+00 -8.000000000000E+00 -8.000000000000E+00
 -8.000000000000E+00 -8.000000000000E+00 -8.000000000000E+00 -8.000000000000E+00
 -8.000000000000E+00 -8.000000000000E+00 -8.000000000000E+00 -8.000000000000E+00
 -8.000000000000E+00 -8.000000000000E+00 -8.000000000000E+00 -8.000000000000E+00
 -8.000000000000E+00 -8.000000000000E+00 -8.000000000000E+00 -8.000000000000E+00
 -8.000000000000E+00 -8.000000000000E+00 -8.000000000000E+00 -8.000000000000E+00
 -8.000000000000E+00 -8.000000000000E+00 -8.000000000000E+00 -8.000000000000E+00
 -8.000000000000E+00 -8.000000000000E+00 -8.000000000000E+00 -8.000000000000E+00
 -8.000000000000E+00 -8.000000000000E+00 -8.000000000000E+00 -8.000000000000E+00
 -8.000000000000E+00 -8.000000000000E+00 -8.000000000000E+00 -8.000000000000E+00
 -8.000000000000E+00 -8.000000000000E+00 -8.000000000000E+00 -8.000000000000E+00
 -8.000000000000E+00 -8.000000000000E+00 -8.000000000000E+00 -8.000000000000E+00
 -8.000000000000E+00 -8.000000000000E+00 -8.000000000000E+00 -8.000000000000E+00
 -8.000000000000E+00 -8.000000000000E+00 -8.000000000000E+00 -8.000000000000E+00
 -8.000000000000E+00 -8.000000000000E+00 -8.000000000000E+00 -8.000000000000E+00
 -8.000000000000E+00 -8.000000000000E+00 -8.000000000000E+00 -8.000000000000E+00
 -8.000000000000E+00 -8.000000000000E+00 -8.000000000000E+00 -8.000000000000E+00
 -8.000000000000E+00 -8.000000000000E+00 -8.000000000000E+00 -8.000000000000E+00
 -8.000000000000E+00 -8.000000000000E+00 -8.000000000000E+00 -8.000000000000E+00
 -8.000000000000E+00 -8.000000000000E+00 -8.000000000000E+00 -8.000000000000E+00
 -8.000000000000E+00 -8.000000000000E+00 -8.000000000000E+00 -8.000000000000E+00
 -8.000000000000E+00 -8.000000000000E+00 -8.000000000000E+00 -8.000000000000E+00
 -8.000000000000E+00 -8.000000000000E+00 -8.000000000000E+00 -8.000000000000E+00
 -8.000000000000E+00 -8.000000000000E+00 -8.000000000000E+00 -8.000000000000E+00
 -8.000000000000E+00 -8.000000000000E+00 -8.000000000000E+00 -8.000000000000E+00
 -8.000000000000E+00 -8.000000000000E+00 -8.000000000000E+00 -8.000000000000E+00
 -8.000000000000E+00 -8.000000000000E+00 -8.000000000000E+00 -8.000000000000E+00
 -8.000000000000E+00 -8.000000000000E+00 -8.000000000000E+00 -8.000000000000E+00
 -8.000000000000E+00 -8.000000000000E+00 -8.000000000000E+00 -8.000000000000E+00
 -8.000000000000E+00 -8.000000000000E+00 -8.000000000000E+00 -8.000000000000E+00
 -8.000000000000E+00 -8.000000000000E+00 -8.000000000000E+00 -8.000000000000E+00
 -8.000000000000E+00 -8.000000000000E+00 -8.000000000000E+00 -8.000000000000E+00
 -8.000000000000E+00 -8.000000000000E+00 -8.000000000000E+00 -8.000000000000E+00
 -8.000000000000E+00 -8.000000000000E+00 -8.000000000000E+00 -8.000000000000E+00
 -8.000000000000E+00 -8.000000000000E+00 -8.000000000000E+00 -8.000000000000E+00
 -8.000000000000E+00 -8.000000000000E+00 -8.000000000000E+00 -8.000000000000E+00
 -8.000000000000E+00 -8.000000000000E+00 -8.000000000000E+00 -8.000000000000E+00
 -8.000000000000E+00 -8.000000000000E+00 -8.000000000000E+00 -8.000000000000E+00
 -8.000000000000E+00 -8.000000000000E+00 -8.000000000000E+00 -8.000000000000E+00
 -8.000000000000E+00 -8.000000000000E+00 -8.000000000000E+00 -8.000000000000E+00
 -8.000000000000E+00 -8.000000000000E+00 -8.000000000000E+00 -8.000000000000E+00
 -8.000000000000E+00 -8.000000000000E+00 -8.000000000000E+00 -8.000000000000E+00
 -8.000000000000E+00 -8.000000000000E+00 -8.000000000000E+00 -8.000000000000E+00
 -8.000000000000E+00 -8.000000000000E+00 -8.000000000000E+00 -8.000000000000E+00
 -8.000000000000E+00 -8.000000000000E+00 -8.000000000000E+00 -8.000000000000E+00
 -8.000000000000E+00 -8.000000000000E+00 -8.000000000000E+00 -8.000000000000E+00
 -8.000000000000E+00 -8.000000000000E+00 -8.000000000000E+00 -8.000000000000E+00
 -8.000000000000E+00 -8.000000000000E+00 -8.000000000000E+00 -8.000000000000E+00
 -8.000000000000E+00 -8.000000000000E+00 -8.000000000000E+00 -8.000000000000E+00
 -8.000000000000E+00 -8.000000000000E+00 -8.000000000000E+00 -8.000000000000E+00
 -8.000000000000E+00 -8.000000000000E+00 -8.000000000000E+00 -8.000000000000E+00
 -8.000000000000E+00 -8.000000000000E+00 -8.000000000000E+00 -8.000000000000E+00
 -8.000000000000E+00 -8.000000000000E+00 -8.000000000000E+00 -8.000000000000E+00
 -8.000000000000E+00 -8.000000000000E+00 -8.000000000000E+00 -8.000000000000E+00
 -8.000000000000E+00 -8.000000000000E+00 -8.000000000000E+00 -8.000000000000E+00
 -8.000000000000E+00 -8.000000000000E+00 -8.000000000000E+00 -8.000000000000E+00
 -8.000000000000E+00 -8.000000000000E+00 -8.000000000000E+00 -8.000000000000E+00
 -8.000000000000E+00 -8.000000000000E+00 -8.000000000000E+00 -8.000000000000E+00
 -8.000000000000E+00 -8.000000000000E+00 -8.000000000000E+00 -8.000000000000E+00
 -8.000000000000E+00 -8.000000000000E+00 -8.000000000000E+00 -8.000000000000E+00
 -8.000000000000E+00 -8.000000000000E+00 -8.000000000000E+00 -8.000000000000E+00
 -8.000000000000E+00 -8.000000000000E+00 -8.000000000000E+00 -8.000000000000E+00
 -8.000000000000E+00 -8.000000000000E+00 -8.000000000000E+00 -8.000000000000E+00
 -8.000000000000E+00 -8.000000000000E+00 -8.000000000000E+00 -8.000000000000E+00
 -8.000000000000E+00 -8.000000000000E+00 -8.000000000000E+00 -8.000000000000E+00
 -8.000000000000E+00 -8.000000000000E+00 -8.000000000000E+00 -8.000000000000E+00
 -8.000000000000E+00
 Core charge follows
  0.000000000000E+00  0.000000000000E+00  0.000000000000E+00  0.000000000000E+00
  0.000000000000E+00  0.000000000000E+00  0.000000000000E+00  0.000000000000E+00
  0.000000000000E+00  0.000000000000E+00  0.000000000000E+00  0.000000000000E+00
  0.000000000000E+00  0.000000000000E+00  0.000000000000E+00  0.000000000000E+00
  0.000000000000E+00  0.000000000000E+00  0.000000000000E+00  0.000000000000E+00
  0.000000000000E+00  0.000000000000E+00  0.000000000000E+00  0.000000000000E+00
  0.000000000000E+00  0.000000000000E+00  0.000000000000E+00  0.000000000000E+00
  0.000000000000E+00  0.000000000000E+00  0.000000000000E+00  0.000000000000E+00
  0.000000000000E+00  0.000000000000E+00  0.000000000000E+00  0.000000000000E+00
  0.000000000000E+00  0.000000000000E+00  0.000000000000E+00  0.000000000000E+00
  0.000000000000E+00  0.000000000000E+00  0.000000000000E+00  0.000000000000E+00
  0.000000000000E+00  0.000000000000E+00  0.000000000000E+00  0.000000000000E+00
  0.000000000000E+00  0.000000000000E+00  0.000000000000E+00  0.000000000000E+00
  0.000000000000E+00  0.000000000000E+00  0.000000000000E+00  0.000000000000E+00
  0.000000000000E+00  0.000000000000E+00  0.000000000000E+00  0.000000000000E+00
  0.000000000000E+00  0.000000000000E+00  0.000000000000E+00  0.000000000000E+00
  0.000000000000E+00  0.000000000000E+00  0.000000000000E+00  0.000000000000E+00
  0.000000000000E+00  0.000000000000E+00  0.000000000000E+00  0.000000000000E+00
  0.000000000000E+00  0.000000000000E+00  0.000000000000E+00  0.000000000000E+00
  0.000000000000E+00  0.000000000000E+00  0.000000000000E+00  0.000000000000E+00
  0.000000000000E+00  0.000000000000E+00  0.000000000000E+00  0.000000000000E+00
  0.000000000000E+00  0.000000000000E+00  0.000000000000E+00  0.000000000000E+00
  0.000000000000E+00  0.000000000000E+00  0.000000000000E+00  0.000000000000E+00
  0.000000000000E+00  0.000000000000E+00  0.000000000000E+00  0.000000000000E+00
  0.000000000000E+00  0.000000000000E+00  0.000000000000E+00  0.000000000000E+00
  0.000000000000E+00  0.000000000000E+00  0.000000000000E+00  0.000000000000E+00
  0.000000000000E+00  0.000000000000E+00  0.000000000000E+00  0.000000000000E+00
  0.000000000000E+00  0.000000000000E+00  0.000000000000E+00  0.000000000000E+00
  0.000000000000E+00  0.000000000000E+00  0.000000000000E+00  0.000000000000E+00
  0.000000000000E+00  0.000000000000E+00  0.000000000000E+00  0.000000000000E+00
  0.000000000000E+00  0.000000000000E+00  0.000000000000E+00  0.000000000000E+00
  0.000000000000E+00  0.000000000000E+00  0.000000000000E+00  0.000000000000E+00
  0.000000000000E+00  0.000000000000E+00  0.000000000000E+00  0.000000000000E+00
  0.000000000000E+00  0.000000000000E+00  0.000000000000E+00  0.000000000000E+00
  0.000000000000E+00  0.000000000000E+00  0.000000000000E+00  0.000000000000E+00
  0.000000000000E+00  0.000000000000E+00  0.000000000000E+00  0.000000000000E+00
  0.000000000000E+00  0.000000000000E+00  0.000000000000E+00  0.000000000000E+00
  0.000000000000E+00  0.000000000000E+00  0.000000000000E+00  0.000000000000E+00
  0.000000000000E+00  0.000000000000E+00  0.000000000000E+00  0.000000000000E+00
  0.000000000000E+00  0.000000000000E+00  0.000000000000E+00  0.000000000000E+00
  0.000000000000E+00  0.000000000000E+00  0.000000000000E+00  0.000000000000E+00
  0.000000000000E+00  0.000000000000E+00  0.000000000000E+00  0.000000000000E+00
  0.000000000000E+00  0.000000000000E+00  0.000000000000E+00  0.000000000000E+00
  0.000000000000E+00  0.000000000000E+00  0.000000000000E+00  0.000000000000E+00
  0.000000000000E+00  0.000000000000E+00  0.000000000000E+00  0.000000000000E+00
  0.000000000000E+00  0.000000000000E+00  0.000000000000E+00  0.000000000000E+00
  0.000000000000E+00  0.000000000000E+00  0.000000000000E+00  0.000000000000E+00
  0.000000000000E+00  0.000000000000E+00  0.000000000000E+00  0.000000000000E+00
  0.000000000000E+00  0.000000000000E+00  0.000000000000E+00  0.000000000000E+00
  0.000000000000E+00  0.000000000000E+00  0.000000000000E+00  0.000000000000E+00
  0.000000000000E+00  0.000000000000E+00  0.000000000000E+00  0.000000000000E+00
  0.000000000000E+00  0.000000000000E+00  0.000000000000E+00  0.000000000000E+00
  0.000000000000E+00  0.000000000000E+00  0.000000000000E+00  0.000000000000E+00
  0.000000000000E+00  0.000000000000E+00  0.000000000000E+00  0.000000000000E+00
  0.000000000000E+00  0.000000000000E+00  0.000000000000E+00  0.000000000000E+00
  0.000000000000E+00  0.000000000000E+00  0.000000000000E+00  0.000000000000E+00
  0.000000000000E+00  0.000000000000E+00  0.000000000000E+00  0.000000000000E+00
  0.000000000000E+00  0.000000000000E+00  0.000000000000E+00  0.000000000000E+00
  0.000000000000E+00  0.000000000000E+00  0.000000000000E+00  0.000000000000E+00
  0.000000000000E+00  0.000000000000E+00  0.000000000000E+00  0.000000000000E+00
  0.000000000000E+00  0.000000000000E+00  0.000000000000E+00  0.000000000000E+00
  0.000000000000E+00  0.000000000000E+00  0.000000000000E+00  0.000000000000E+00
  0.000000000000E+00  0.000000000000E+00  0.000000000000E+00  0.000000000000E+00
  0.000000000000E+00  0.000000000000E+00  0.000000000000E+00  0.000000000000E+00
  0.000000000000E+00  0.000000000000E+00  0.000000000000E+00  0.000000000000E+00
  0.000000000000E+00  0.000000000000E+00  0.000000000000E+00  0.000000000000E+00
  0.000000000000E+00  0.000000000000E+00  0.000000000000E+00  0.000000000000E+00
  0.000000000000E+00  0.000000000000E+00  0.000000000000E+00  0.000000000000E+00
  0.000000000000E+00  0.000000000000E+00  0.000000000000E+00  0.000000000000E+00
  0.000000000000E+00  0.000000000000E+00  0.000000000000E+00  0.000000000000E+00
  0.000000000000E+00  0.000000000000E+00  0.000000000000E+00  0.000000000000E+00
  0.000000000000E+00  0.000000000000E+00  0.000000000000E+00  0.000000000000E+00
  0.000000000000E+00  0.000000000000E+00  0.000000000000E+00  0.000000000000E+00
  0.000000000000E+00  0.000000000000E+00  0.000000000000E+00  0.000000000000E+00
  0.000000000000E+00  0.000000000000E+00  0.000000000000E+00  0.000000000000E+00
  0.000000000000E+00  0.000000000000E+00  0.000000000000E+00  0.000000000000E+00
  0.000000000000E+00  0.000000000000E+00  0.000000000000E+00  0.000000000000E+00
  0.000000000000E+00  0.000000000000E+00  0.000000000000E+00  0.000000000000E+00
  0.000000000000E+00  0.000000000000E+00  0.000000000000E+00  0.000000000000E+00
  0.000000000000E+00  0.000000000000E+00  0.000000000000E+00  0.000000000000E+00
  0.000000000000E+00  0.000000000000E+00  0.000000000000E+00  0.000000000000E+00
  0.000000000000E+00  0.000000000000E+00  0.000000000000E+00  0.000000000000E+00
  0.000000000000E+00  0.000000000000E+00  0.000000000000E+00  0.000000000000E+00
  0.000000000000E+00  0.000000000000E+00  0.000000000000E+00  0.000000000000E+00
  0.000000000000E+00  0.000000000000E+00  0.000000000000E+00  0.000000000000E+00
  0.000000000000E+00  0.000000000000E+00  0.000000000000E+00  0.000000000000E+00
  0.000000000000E+00  0.000000000000E+00  0.000000000000E+00  0.000000000000E+00
  0.000000000000E+00  0.000000000000E+00  0.000000000000E+00  0.000000000000E+00
  0.000000000000E+00  0.000000000000E+00  0.000000000000E+00  0.000000000000E+00
  0.000000000000E+00  0.000000000000E+00  0.000000000000E+00  0.000000000000E+00
  0.000000000000E+00  0.000000000000E+00  0.000000000000E+00  0.000000000000E+00
  0.000000000000E+00  0.000000000000E+00  0.000000000000E+00  0.000000000000E+00
  0.000000000000E+00  0.000000000000E+00  0.000000000000E+00  0.000000000000E+00
  0.000000000000E+00  0.000000000000E+00  0.000000000000E+00  0.000000000000E+00
  0.000000000000E+00  0.000000000000E+00  0.000000000000E+00  0.000000000000E+00
  0.000000000000E+00  0.000000000000E+00  0.000000000000E+00  0.000000000000E+00
  0.000000000000E+00  0.000000000000E+00  0.000000000000E+00  0.000000000000E+00
  0.000000000000E+00  0.000000000000E+00  0.000000000000E+00  0.000000000000E+00
  0.000000000000E+00  0.000000000000E+00  0.000000000000E+00  0.000000000000E+00
  0.000000000000E+00  0.000000000000E+00  0.000000000000E+00  0.000000000000E+00
  0.000000000000E+00  0.000000000000E+00  0.000000000000E+00  0.000000000000E+00
  0.000000000000E+00  0.000000000000E+00  0.000000000000E+00  0.000000000000E+00
  0.000000000000E+00  0.000000000000E+00  0.000000000000E+00  0.000000000000E+00
  0.000000000000E+00  0.000000000000E+00  0.000000000000E+00  0.000000000000E+00
  0.000000000000E+00  0.000000000000E+00  0.000000000000E+00  0.000000000000E+00
  0.000000000000E+00  0.000000000000E+00  0.000000000000E+00  0.000000000000E+00
  0.000000000000E+00  0.000000000000E+00  0.000000000000E+00  0.000000000000E+00
  0.000000000000E+00  0.000000000000E+00  0.000000000000E+00  0.000000000000E+00
  0.000000000000E+00  0.000000000000E+00  0.000000000000E+00  0.000000000000E+00
  0.000000000000E+00  0.000000000000E+00  0.000000000000E+00  0.000000000000E+00
  0.000000000000E+00  0.000000000000E+00  0.000000000000E+00  0.000000000000E+00
  0.000000000000E+00  0.000000000000E+00  0.000000000000E+00  0.000000000000E+00
  0.000000000000E+00  0.000000000000E+00  0.000000000000E+00  0.000000000000E+00
  0.000000000000E+00  0.000000000000E+00  0.000000000000E+00  0.000000000000E+00
  0.000000000000E+00  0.000000000000E+00  0.000000000000E+00  0.000000000000E+00
  0.000000000000E+00  0.000000000000E+00  0.000000000000E+00  0.000000000000E+00
  0.000000000000E+00  0.000000000000E+00  0.000000000000E+00  0.000000000000E+00
  0.000000000000E+00  0.000000000000E+00  0.000000000000E+00  0.000000000000E+00
  0.000000000000E+00  0.000000000000E+00  0.000000000000E+00  0.000000000000E+00
  0.000000000000E+00  0.000000000000E+00  0.000000000000E+00  0.000000000000E+00
  0.000000000000E+00  0.000000000000E+00  0.000000000000E+00  0.000000000000E+00
  0.000000000000E+00  0.000000000000E+00  0.000000000000E+00  0.000000000000E+00
  0.000000000000E+00  0.000000000000E+00  0.000000000000E+00  0.000000000000E+00
  0.000000000000E+00  0.000000000000E+00  0.000000000000E+00  0.000000000000E+00
  0.000000000000E+00  0.000000000000E+00  0.000000000000E+00  0.000000000000E+00
  0.000000000000E+00  0.000000000000E+00  0.000000000000E+00  0.000000000000E+00
  0.000000000000E+00  0.000000000000E+00  0.000000000000E+00  0.000000000000E+00
  0.000000000000E+00  0.000000000000E+00  0.000000000000E+00  0.000000000000E+00
  0.000000000000E+00  0.000000000000E+00  0.000000000000E+00  0.000000000000E+00
  0.000000000000E+00  0.000000000000E+00  0.000000000000E+00  0.000000000000E+00
  0.000000000000E+00  0.000000000000E+00  0.000000000000E+00  0.000000000000E+00
  0.000000000000E+00  0.000000000000E+00  0.000000000000E+00  0.000000000000E+00
  0.000000000000E+00  0.000000000000E+00  0.000000000000E+00  0.000000000000E+00
  0.000000000000E+00  0.000000000000E+00  0.000000000000E+00  0.000000000000E+00
  0.000000000000E+00  0.000000000000E+00  0.000000000000E+00  0.000000000000E+00
  0.000000000000E+00  0.000000000000E+00  0.000000000000E+00  0.000000000000E+00
  0.000000000000E+00  0.000000000000E+00  0.000000000000E+00  0.000000000000E+00
  0.000000000000E+00  0.000000000000E+00  0.000000000000E+00  0.000000000000E+00
  0.000000000000E+00  0.000000000000E+00  0.000000000000E+00  0.000000000000E+00
  0.000000000000E+00  0.000000000000E+00  0.000000000000E+00  0.000000000000E+00
  0.000000000000E+00  0.000000000000E+00  0.000000000000E+00  0.000000000000E+00
  0.000000000000E+00  0.000000000000E+00  0.000000000000E+00  0.000000000000E+00
  0.000000000000E+00  0.000000000000E+00  0.000000000000E+00  0.000000000000E+00
  0.000000000000E+00  0.000000000000E+00  0.000000000000E+00  0.000000000000E+00
  0.000000000000E+00  0.000000000000E+00  0.000000000000E+00  0.000000000000E+00
  0.000000000000E+00  0.000000000000E+00  0.000000000000E+00  0.000000000000E+00
  0.000000000000E+00  0.000000000000E+00  0.000000000000E+00  0.000000000000E+00
  0.000000000000E+00  0.000000000000E+00  0.000000000000E+00  0.000000000000E+00
  0.000000000000E+00  0.000000000000E+00  0.000000000000E+00  0.000000000000E+00
  0.000000000000E+00  0.000000000000E+00  0.000000000000E+00  0.000000000000E+00
  0.000000000000E+00  0.000000000000E+00  0.000000000000E+00  0.000000000000E+00
  0.000000000000E+00  0.000000000000E+00  0.000000000000E+00  0.000000000000E+00
  0.000000000000E+00  0.000000000000E+00  0.000000000000E+00  0.000000000000E+00
  0.000000000000E+00  0.000000000000E+00  0.000000000000E+00  0.000000000000E+00
  0.000000000000E+00  0.000000000000E+00  0.000000000000E+00  0.000000000000E+00
  0.000000000000E+00  0.000000000000E+00  0.000000000000E+00  0.000000000000E+00
  0.000000000000E+00  0.000000000000E+00  0.000000000000E+00  0.000000000000E+00
  0.000000000000E+00  0.000000000000E+00  0.000000000000E+00  0.000000000000E+00
  0.000000000000E+00  0.000000000000E+00  0.000000000000E+00  0.000000000000E+00
  0.000000000000E+00  0.000000000000E+00  0.000000000000E+00  0.000000000000E+00
  0.000000000000E+00  0.000000000000E+00  0.000000000000E+00  0.000000000000E+00
  0.000000000000E+00  0.000000000000E+00  0.000000000000E+00  0.000000000000E+00
  0.000000000000E+00  0.000000000000E+00  0.000000000000E+00  0.000000000000E+00
  0.000000000000E+00  0.000000000000E+00  0.000000000000E+00  0.000000000000E+00
  0.000000000000E+00  0.000000000000E+00  0.000000000000E+00  0.000000000000E+00
  0.000000000000E+00  0.000000000000E+00  0.000000000000E+00  0.000000000000E+00
  0.000000000000E+00  0.000000000000E+00  0.000000000000E+00  0.000000000000E+00
  0.000000000000E+00  0.000000000000E+00  0.000000000000E+00  0.000000000000E+00
  0.000000000000E+00  0.000000000000E+00  0.000000000000E+00  0.000000000000E+00
  0.000000000000E+00  0.000000000000E+00  0.000000000000E+00  0.000000000000E+00
  0.000000000000E+00  0.000000000000E+00  0.000000000000E+00  0.000000000000E+00
  0.000000000000E+00  0.000000000000E+00  0.000000000000E+00  0.000000000000E+00
  0.000000000000E+00  0.000000000000E+00  0.000000000000E+00  0.000000000000E+00
  0.000000000000E+00  0.000000000000E+00  0.000000000000E+00  0.000000000000E+00
  0.000000000000E+00  0.000000000000E+00  0.000000000000E+00  0.000000000000E+00
  0.000000000000E+00  0.000000000000E+00  0.000000000000E+00  0.000000000000E+00
  0.000000000000E+00  0.000000000000E+00  0.000000000000E+00  0.000000000000E+00
  0.000000000000E+00  0.000000000000E+00  0.000000000000E+00  0.000000000000E+00
  0.000000000000E+00  0.000000000000E+00  0.000000000000E+00  0.000000000000E+00
  0.000000000000E+00  0.000000000000E+00  0.000000000000E+00  0.000000000000E+00
  0.000000000000E+00  0.000000000000E+00  0.000000000000E+00  0.000000000000E+00
  0.000000000000E+00  0.000000000000E+00  0.000000000000E+00  0.000000000000E+00
  0.000000000000E+00  0.000000000000E+00  0.000000000000E+00  0.000000000000E+00
  0.000000000000E+00  0.000000000000E+00  0.000000000000E+00  0.000000000000E+00
  0.000000000000E+00  0.000000000000E+00  0.000000000000E+00  0.000000000000E+00
  0.000000000000E+00  0.000000000000E+00  0.000000000000E+00  0.000000000000E+00
  0.000000000000E+00  0.000000000000E+00  0.000000000000E+00  0.000000000000E+00
  0.000000000000E+00  0.000000000000E+00  0.000000000000E+00  0.000000000000E+00
  0.000000000000E+00  0.000000000000E+00  0.000000000000E+00  0.000000000000E+00
  0.000000000000E+00  0.000000000000E+00  0.000000000000E+00  0.000000000000E+00
  0.000000000000E+00  0.000000000000E+00  0.000000000000E+00  0.000000000000E+00
  0.000000000000E+00  0.000000000000E+00  0.000000000000E+00  0.000000000000E+00
  0.000000000000E+00  0.000000000000E+00  0.000000000000E+00  0.000000000000E+00
  0.000000000000E+00  0.000000000000E+00  0.000000000000E+00  0.000000000000E+00
  0.000000000000E+00  0.000000000000E+00  0.000000000000E+00  0.000000000000E+00
  0.000000000000E+00  0.000000000000E+00  0.000000000000E+00  0.000000000000E+00
  0.000000000000E+00  0.000000000000E+00  0.000000000000E+00  0.000000000000E+00
  0.000000000000E+00  0.000000000000E+00  0.000000000000E+00  0.000000000000E+00
  0.000000000000E+00  0.000000000000E+00  0.000000000000E+00  0.000000000000E+00
  0.000000000000E+00  0.000000000000E+00  0.000000000000E+00  0.000000000000E+00
  0.000000000000E+00  0.000000000000E+00  0.000000000000E+00  0.000000000000E+00
  0.000000000000E+00  0.000000000000E+00  0.000000000000E+00  0.000000000000E+00
  0.000000000000E+00  0.000000000000E+00  0.000000000000E+00  0.000000000000E+00
  0.000000000000E+00  0.000000000000E+00  0.000000000000E+00  0.000000000000E+00
  0.000000000000E+00  0.000000000000E+00  0.000000000000E+00  0.000000000000E+00
  0.000000000000E+00  0.000000000000E+00  0.000000000000E+00  0.000000000000E+00
  0.000000000000E+00  0.000000000000E+00  0.000000000000E+00  0.000000000000E+00
  0.000000000000E+00  0.000000000000E+00  0.000000000000E+00  0.000000000000E+00
  0.000000000000E+00  0.000000000000E+00  0.000000000000E+00  0.000000000000E+00
  0.000000000000E+00  0.000000000000E+00  0.000000000000E+00  0.000000000000E+00
  0.000000000000E+00  0.000000000000E+00  0.000000000000E+00  0.000000000000E+00
  0.000000000000E+00  0.000000000000E+00  0.000000000000E+00  0.000000000000E+00
  0.000000000000E+00  0.000000000000E+00  0.000000000000E+00  0.000000000000E+00
  0.000000000000E+00  0.000000000000E+00  0.000000000000E+00  0.000000000000E+00
  0.000000000000E+00  0.000000000000E+00  0.000000000000E+00  0.000000000000E+00
  0.000000000000E+00  0.000000000000E+00  0.000000000000E+00  0.000000000000E+00
  0.000000000000E+00  0.000000000000E+00  0.000000000000E+00  0.000000000000E+00
  0.000000000000E+00  0.000000000000E+00  0.000000000000E+00  0.000000000000E+00
  0.000000000000E+00  0.000000000000E+00  0.000000000000E+00  0.000000000000E+00
  0.000000000000E+00  0.000000000000E+00  0.000000000000E+00  0.000000000000E+00
  0.000000000000E+00  0.000000000000E+00  0.000000000000E+00  0.000000000000E+00
  0.000000000000E+00  0.000000000000E+00  0.000000000000E+00  0.000000000000E+00
  0.000000000000E+00  0.000000000000E+00  0.000000000000E+00  0.000000000000E+00
  0.000000000000E+00  0.000000000000E+00  0.000000000000E+00  0.000000000000E+00
  0.000000000000E+00  0.000000000000E+00  0.000000000000E+00  0.000000000000E+00
  0.000000000000E+00  0.000000000000E+00  0.000000000000E+00  0.000000000000E+00
  0.000000000000E+00  0.000000000000E+00  0.000000000000E+00  0.000000000000E+00
  0.000000000000E+00  0.000000000000E+00  0.000000000000E+00  0.000000000000E+00
  0.000000000000E+00  0.000000000000E+00  0.000000000000E+00  0.000000000000E+00
  0.000000000000E+00  0.000000000000E+00  0.000000000000E+00  0.000000000000E+00
  0.000000000000E+00
 Valence charge follows
  1.803268754125E-10  7.301997838942E-10  1.663234467886E-09  2.993435110151E-09
  4.735206513473E-09  6.903365145235E-09  9.513150193596E-09  1.258023481100E-08
  1.612073760198E-08  2.015123438174E-08  2.468877022173E-08  2.975087179401E-08
  3.535556002489E-08  4.152136306680E-08  4.826732959762E-08  5.561304245624E-08
  6.357863262316E-08  7.218479355506E-08  8.145279588255E-08  9.140450248014E-08
  1.020623839180E-07  1.134495343053E-07  1.255896875341E-07  1.385072339359E-07
  1.522272373583E-07  1.667754526750E-07  1.821783437387E-07  1.984631017874E-07
  2.156576643175E-07  2.337907344329E-07  2.528918006837E-07  2.729911574069E-07
  2.941199255795E-07  3.163100741997E-07  3.395944422071E-07  3.640067609568E-07
  3.895816772604E-07  4.163547770085E-07  4.443626093887E-07  4.736427117147E-07
  5.042336348814E-07  5.361749694614E-07  5.695073724588E-07  6.042725947378E-07
  6.405135091413E-07  6.782741393181E-07  7.175996892754E-07  7.585365736754E-07
  8.011324488940E-07  8.454362448607E-07  8.914981977001E-07  9.393698831930E-07
  9.891042510797E-07  1.040755660225E-06  1.094379914666E-06  1.150034300569E-06
  1.207995966555E-06  1.267891456022E-06  1.329985072301E-06  1.394336649239E-06
  1.461005937127E-06  1.530052438613E-06  1.601659914741E-06  1.675935006996E-06
  1.752831971255E-06  1.832414193403E-06  1.914744255523E-06  1.999883686648E-06
  2.087892689697E-06  2.178829842818E-06  2.272751773289E-06  2.369739036804E-06
  2.470671384739E-06  2.574875827524E-06  2.682409289948E-06  2.793325529356E-06
  2.907674658919E-06  3.025502630250E-06  3.148267034899E-06  3.274788714099E-06
  3.405103935784E-06  3.539253739214E-06  3.677279978835E-06  3.821197099948E-06
  3.969283450179E-06  4.121572080954E-06  4.278088086046E-06  4.440337801792E-06
  4.608136379174E-06  4.780510854749E-06  4.957472139648E-06  5.140729840084E-06
  5.330313610714E-06  5.524844432039E-06  5.724313437370E-06  5.931657279973E-06
  6.145221732887E-06  6.364090603825E-06  6.589029938646E-06  6.823193118021E-06
  7.063040256329E-06  7.308520414524E-06  7.563702390261E-06  7.826210250561E-06
  8.094724040497E-06  8.372071900605E-06  8.659030974748E-06  8.952374879749E-06
  9.254027359462E-06  9.567339814923E-06  9.887418718766E-06  1.021572359824E-05
  1.055740645685E-05  1.090623604816E-05  1.126377122038E-05  1.163595894322E-05
  1.201566739955E-05  1.240526405621E-05  1.281021037706E-05  1.322303915294E-05
  1.364780730698E-05  1.408788612996E-05  1.453618964389E-05  1.499954622971E-05
  1.547725137612E-05  1.596349535839E-05  1.646919517537E-05  1.698713872961E-05
  1.751468121431E-05  1.806606674656E-05  1.862697571127E-05  1.920316597168E-05
  1.980010078838E-05  2.040681171302E-05  2.103640360828E-05  2.168189286353E-05
  2.233917484246E-05  2.302556438809E-05  2.372272179190E-05  2.444139518114E-05
  2.518253900525E-05  2.593457575139E-05  2.672066524408E-05  2.751996618631E-05
  2.834116690828E-05  2.919030827053E-05  3.005125816758E-05  3.095000969626E-05
  3.186446320430E-05  3.280370240044E-05  3.377456760633E-05  3.475810866675E-05
  3.578659055399E-05  3.683062974812E-05  3.790580659253E-05  3.901362360072E-05
  4.013775859753E-05  4.131280394426E-05  4.250239988817E-05  4.373417521509E-05
  4.499579383674E-05  4.628404733091E-05  4.762157619800E-05  4.897435111636E-05
  5.038658011185E-05  5.182059162297E-05  5.329798639823E-05  5.481761011780E-05
  5.636334122676E-05  5.797318026818E-05  5.960003310730E-05  6.129547134493E-05
  6.301876014384E-05  6.479306834385E-05  6.661796860965E-05  6.847499313668E-05
  7.040694921902E-05  7.235754591772E-05  7.439546561745E-05  7.646036462429E-05
  7.859377846990E-05  8.077909443942E-05  8.301267078633E-05  8.532483581486E-05
  8.766347454968E-05  9.010925452039E-05  9.257664868729E-05  9.514461049097E-05
  9.775448787362E-05  1.004437881626E-04  1.032037390916E-04  1.060203283757E-04
  1.089383370231E-04  1.118884619296E-04  1.149729266401E-04  1.180817754533E-04
  1.213228995599E-04  1.246090242090E-04  1.280044322903E-04  1.314772436878E-04
  1.350345264646E-04  1.387039238866E-04  1.424310511755E-04  1.463074475612E-04
  1.502127875200E-04  1.543071361045E-04  1.584302386445E-04  1.627232978288E-04
  1.670782119560E-04  1.715772787844E-04  1.761762645500E-04  1.808915162525E-04
  1.857474705189E-04  1.906895950603E-04  1.958160846815E-04  2.009963068738E-04
  2.064076036451E-04  2.118512922317E-04  2.175488301113E-04  2.232950177418E-04
  2.292679406036E-04  2.353325841406E-04  2.415945568118E-04  2.479944437877E-04
  2.545598207540E-04  2.613126129877E-04  2.681964739749E-04  2.753207535531E-04
  2.825389410094E-04  2.900542587673E-04  2.976234173544E-04  3.055503440032E-04
  3.135174822287E-04  3.218481422638E-04  3.302518625107E-04  3.389888049313E-04
  3.478520868828E-04  3.570156080295E-04  3.663626339503E-04  3.759740643222E-04
  3.858302831209E-04  3.959120415924E-04  4.063042364551E-04  4.168798874709E-04
  4.278362472786E-04  4.389305612038E-04  4.504807559664E-04  4.621197727799E-04
  4.742950333292E-04  4.865196970200E-04  4.993393320661E-04  5.122261052467E-04
  5.256770467777E-04  5.392608008853E-04  5.533748830673E-04  5.676923334296E-04
  5.825030362947E-04  5.975928426680E-04  6.131353805876E-04  6.290382535298E-04
  6.453496687558E-04  6.621084822103E-04  6.792277438010E-04  6.968876542902E-04
  7.148557627649E-04  7.334643356228E-04  7.523244337084E-04  7.719317768142E-04
  7.917292666778E-04  8.123881721847E-04  8.331708395714E-04  8.549369341623E-04
  8.767701649909E-04  8.996869841312E-04  9.226918077877E-04  9.467530608360E-04
  9.709916378423E-04  9.962560475204E-04  1.021793904975E-03  1.048323319075E-03
  1.075229542862E-03  1.103089110560E-03  1.131436549540E-03  1.160694908575E-03
  1.190560391605E-03  1.221289867074E-03  1.252754433744E-03  1.285031249313E-03
  1.318180395400E-03  1.352084897807E-03  1.387008836470E-03  1.422625734265E-03
  1.459419674135E-03  1.496838291652E-03  1.535602733050E-03  1.574917280719E-03
  1.615758331310E-03  1.657068193486E-03  1.700097904824E-03  1.743507946399E-03
  1.788844672904E-03  1.834465566094E-03  1.882234348147E-03  1.930182920929E-03
  1.980515893901E-03  2.030955766971E-03  2.083952332907E-03  2.137105705987E-03
  2.192821610988E-03  2.248836836173E-03  2.307417519989E-03  2.366451497623E-03
  2.428050684504E-03  2.490269401363E-03  2.555049617334E-03  2.620628722738E-03
  2.688761848999E-03  2.757887271819E-03  2.829555137117E-03  2.902423746914E-03
  2.977818761906E-03  3.054639077703E-03  3.133964914631E-03  3.214957865123E-03
  3.298430186390E-03  3.383829925709E-03  3.471677165228E-03  3.561731948753E-03
  3.654196150307E-03  3.749169275367E-03  3.846506992529E-03  3.946677809275E-03
  4.049161071882E-03  4.154826070058E-03  4.262743422590E-03  4.374217400406E-03
  4.487875018133E-03  4.605492339989E-03  4.725215229211E-03  4.849331179585E-03
  4.975464468837E-03  5.106456710270E-03  5.239367039944E-03  5.377637183742E-03
  5.517714202206E-03  5.663689501190E-03  5.811347476166E-03  5.965482649592E-03
  6.121162204292E-03  6.283941405924E-03  6.448111390223E-03  6.620050331450E-03
  6.793209839247E-03  6.974858080115E-03  7.157538624961E-03  7.349482047069E-03
  7.542249909110E-03  7.745113385462E-03  7.948572143839E-03  8.163022421953E-03
  8.377815687937E-03  8.604564503861E-03  8.831583219742E-03  9.071186313494E-03
  9.311292290000E-03  9.564432688046E-03  9.818440548954E-03  1.008595398646E-02
  1.035473449858E-02  1.063751404782E-02  1.092199838515E-02  1.122099878940E-02
  1.152218314109E-02  1.183842549581E-02  1.215737604578E-02  1.249195285492E-02
  1.282981116279E-02  1.318389179990E-02  1.354188061505E-02  1.391671722112E-02
  1.429614676404E-02  1.469308061609E-02  1.509535536332E-02  1.551582375012E-02
  1.594244976162E-02  1.638799340512E-02  1.684058623539E-02  1.731285729914E-02
  1.779315053564E-02  1.829392126360E-02  1.880377573910E-02  1.933494777108E-02
  1.987636149848E-02  2.043997591054E-02  2.101509479188E-02  2.161334291289E-02
  2.222447227611E-02  2.285970733357E-02  2.350932435339E-02  2.418407400424E-02
  2.487484106534E-02  2.559182086922E-02  2.632659993196E-02  2.708872782622E-02
  2.787059585665E-02  2.868100769383E-02  2.951327322074E-02  3.037533943004E-02
  3.126156029239E-02  3.217890372712E-02  3.312290607510E-02  3.409942110751E-02
  3.510531971914E-02  3.614519264296E-02  3.721741261632E-02  3.832514341460E-02
  3.946844329226E-02  4.064886882485E-02  4.186836520207E-02  4.312668386150E-02
  4.442787752322E-02  4.576967540069E-02  4.715847902344E-02  4.858975761772E-02
  5.007252506116E-02  5.159973055104E-02  5.318328774990E-02  5.481334183662E-02
  5.650501928616E-02  5.824535159404E-02  6.005301840092E-02  6.191160040275E-02
  6.384369984780E-02  6.582908025547E-02  6.789466678406E-02  7.001600831391E-02
  7.222478583406E-02  7.449190321986E-02  7.685426454577E-02  7.927766362968E-02
  8.180473085973E-02  8.439564854210E-02  8.709931410381E-02  8.986975887569E-02
  9.276272690549E-02  9.572551962270E-02  9.882134727491E-02  1.019901617586E-01
  1.053032999552E-01  1.086927029207E-01  1.122385359597E-01  1.158640256816E-01
  1.196589090202E-01  1.235369520391E-01  1.275982474509E-01  1.317463125129E-01
  1.360924196959E-01  1.405290079906E-01  1.451793915670E-01  1.499240621969E-01
  1.548992729000E-01  1.599726623700E-01  1.652943510605E-01  1.707181854228E-01
  1.764091084190E-01  1.822062065540E-01  1.882902205923E-01  1.944844869426E-01
  2.009865319253E-01  2.076029368398E-01  2.145490043631E-01  2.216135500524E-01
  2.290306355587E-01  2.365703055163E-01  2.444863417811E-01  2.525290313983E-01
  2.609728009502E-01  2.695472269484E-01  2.785482509513E-01  2.876838371903E-01
  2.972722382826E-01  3.069989754837E-01  3.172053121054E-01  3.275535890675E-01
  3.384086589057E-01  3.494090629079E-01  3.609436732856E-01  3.726267575703E-01
  3.848714608961E-01  3.972674774346E-01  4.102522702441E-01  4.233908664094E-01
  4.371448510778E-01  4.510547294052E-01  4.656057382961E-01  4.803142792114E-01
  4.956884618715E-01  5.112213101136E-01  5.274426851133E-01  5.438233015748E-01
  5.609132757375E-01  5.781624575847E-01  5.961393166112E-01  6.142746898060E-01
  6.331530656696E-01  6.521885553677E-01  6.719788772670E-01  6.919241629591E-01
  7.126321000226E-01  7.334920636604E-01  7.551179688997E-01  7.768921455118E-01
  7.994305116297E-01  8.221125529888E-01  8.455514914366E-01  8.691286540687E-01
  8.934494090833E-01  9.179020781764E-01  9.430785872726E-01  9.683798477116E-01
  9.943783591318E-01  1.020493623834E+00  1.047272379640E+00  1.074159083475E+00
  1.101668074260E+00  1.129275439070E+00  1.157456232633E+00  1.185725105186E+00
  1.214510747107E+00  1.243373507384E+00  1.272688486370E+00  1.302069018584E+00
  1.331829284233E+00  1.361642997778E+00  1.391756013455E+00  1.421909896196E+00
  1.452274705763E+00  1.482667388353E+00  1.513174673529E+00  1.543696481677E+00
  1.574228587607E+00  1.604761560444E+00  1.635192471877E+00  1.665610329707E+00
  1.695805589787E+00  1.725973644515E+00  1.755790223247E+00  1.785565240242E+00
  1.814851380407E+00  1.844081421511E+00  1.872676515436E+00  1.901200818626E+00
  1.928935398218E+00  1.956584378307E+00  1.983280330108E+00  2.009875813869E+00
  2.035346956491E+00  2.060702790387E+00  2.084755967934E+00  2.108679151764E+00
  2.131115997413E+00  2.153408496267E+00  2.174027998664E+00  2.194489362264E+00
  2.213091318343E+00  2.231522185976E+00  2.247911544476E+00  2.264118032774E+00
  2.278110024900E+00  2.291908886776E+00  2.303334711785E+00  2.314559026084E+00
  2.323271725131E+00  2.331776743336E+00  2.337656776715E+00  2.343325437602E+00
  2.346285405472E+00  2.349032957940E+00  2.349020900545E+00  2.348798076263E+00
  2.345798878461E+00  2.342593150794E+00  2.336627766271E+00  2.330462427755E+00
  2.321584919750E+00  2.312515995104E+00  2.300808729676E+00  2.288920080796E+00
  2.274487754991E+00  2.259885077271E+00  2.242848562399E+00  2.225653263156E+00
  2.206144449449E+00  2.186488597261E+00  2.164647517309E+00  2.142671134306E+00
  2.118646351264E+00  2.094498006370E+00  2.068449246978E+00  2.042288806746E+00
  2.014387764407E+00  1.986387070013E+00  1.956815128150E+00  1.927155551656E+00
  1.896101889373E+00  1.864972484312E+00  1.832632139491E+00  1.800227710291E+00
  1.766799548131E+00  1.733318624178E+00  1.699003323241E+00  1.664646156090E+00
  1.629644227092E+00  1.594610820122E+00  1.559120683834E+00  1.523608881512E+00
  1.487825029646E+00  1.452028689958E+00  1.416139950523E+00  1.380247221865E+00
  1.344435149542E+00  1.308626872515E+00  1.273064278680E+00  1.237512527073E+00
  1.202362166785E+00  1.167228945202E+00  1.132642371558E+00  1.098078479743E+00
  1.064195077603E+00  1.030339153562E+00  9.972853560339E-01  9.642631010104E-01
  9.321517973727E-01  9.000753916268E-01  8.690055272507E-01  8.379732369024E-01
  8.080296052410E-01  7.781255803137E-01  7.493788040053E-01  7.206730646689E-01
  6.931797598982E-01  6.657283650366E-01  6.395314802717E-01  6.133768694759E-01
  5.885061865932E-01  5.636776835867E-01  5.401504663289E-01  5.166649287769E-01
  4.944867006101E-01  4.723492983972E-01  4.515147293238E-01  4.307198308958E-01
  4.112137108122E-01  3.917458552282E-01  3.735441301575E-01  3.553790612575E-01
  3.384499083216E-01  3.215556469742E-01  3.058605643688E-01  2.901984951703E-01
  2.756933846197E-01  2.612193346477E-01  2.478555557758E-01  2.345208449616E-01
  2.222462235773E-01  2.099986688209E-01  1.987584441034E-01  1.875433022418E-01
  1.772810010553E-01  1.670418390216E-01  1.577000688936E-01  1.483795526973E-01
  1.399007082122E-01  1.314413055711E-01  1.237681859182E-01  1.161127803400E-01
  1.091891184190E-01  1.022815351779E-01  9.605244093402E-02  8.983788763866E-02
  8.425021013834E-02  7.867563641031E-02  7.367825056844E-02  6.869263273879E-02
  6.423665758121E-02  5.979121527285E-02  5.583017119173E-02  5.187852322203E-02
  4.836843589883E-02  4.486670314772E-02  4.176616172883E-02  3.867302452406E-02
  3.594320129259E-02  3.321991852096E-02  3.082455677514E-02  2.843495339467E-02
  2.634032957571E-02  2.425075853833E-02  2.242562390771E-02  2.060490776054E-02
  1.902041415887E-02  1.743977082847E-02  1.606938430119E-02  1.470234082133E-02
  1.352174620599E-02  1.234404346290E-02  1.133104242350E-02  1.032053338737E-02
  9.454937867812E-03  8.591481269260E-03  7.855003925131E-03  7.120354925515E-03
  6.496497776170E-03  5.874196866450E-03  5.348139178371E-03  4.823400312011E-03
  4.381886564124E-03  3.941485371126E-03  3.572714047485E-03  3.204876872480E-03
  2.898390760785E-03  2.592685202001E-03  2.339263833086E-03  2.086491416222E-03
  1.878046247419E-03  1.670137836499E-03  1.499610751098E-03  1.329525267840E-03
  1.190790926880E-03  1.052417914205E-03  9.401904516766E-04  8.282569718053E-04
  7.380014681668E-04  6.479837696176E-04  5.758328716423E-04  5.038731925381E-04
  4.465491713370E-04  3.893779703332E-04  3.441204265654E-04  2.989842499260E-04
  2.634835886608E-04  2.280786955780E-04  2.004154062970E-04  1.728271876942E-04
  1.514168806589E-04  1.300650225987E-04  1.136090941246E-04  9.719835840756E-05
  8.464008689861E-05  7.211651090372E-05  6.260232468142E-05  5.311458182366E-05
  4.596019010994E-05  3.882580274340E-05  3.348684329065E-05  2.816290213390E-05
  2.420973304085E-05  2.026775133498E-05  1.736400012101E-05  1.446851633109E-05
  1.235299551429E-05  1.024353460015E-05  8.715138645245E-06  7.191147566872E-06
  6.096359717795E-06  5.004746487149E-06  4.227404116952E-06  3.452329805088E-06
  2.905321912166E-06  2.359919980285E-06  1.978518786711E-06  1.598244388304E-06
  1.334803219271E-06  1.072145286829E-06  8.919257613679E-07  7.122454800654E-07
  5.901674493532E-07  4.684570617171E-07  3.865938340879E-07  3.049787581041E-07
  2.506473053421E-07  1.964816418413E-07  1.608022496191E-07  1.252324648082E-07
  1.020544156979E-07  7.894805692482E-08  6.405731948017E-08  4.921295964635E-08
  3.975453265601E-08  3.032577241258E-08  2.438742905223E-08  1.846784551956E-08
  1.478373706000E-08  1.111135231965E-08  8.853508406087E-09  6.602903125213E-09
  5.236370165071E-09  3.874251646065E-09  3.057711034084E-09  2.243828654639E-09
  1.762291069923E-09  1.282333549185E-09  1.002153685692E-09  7.229006170465E-10
  5.621125252397E-10  4.018606976853E-10  3.108833643716E-10  2.202120269950E-10
  1.694752192897E-10  1.189105371998E-10  9.103211799132E-11  6.324911357555E-11
  4.816194587529E-11  3.312688217355E-11  2.508826535117E-11  1.707766706016E-11
  1.286251645536E-11  8.662197519855E-12  6.487854513831E-12  4.321236918464E-12
  3.218283685169E-12  2.119288246182E-12  1.569339508359E-12  1.021384288885E-12
  7.519596601878E-13  4.835218724957E-13  3.538900525432E-13  2.247381281513E-13
  1.635101772107E-13  1.025113800013E-13  7.413537202407E-14  4.586676079222E-14
  3.296909771812E-14  2.012081313024E-14  1.437411362846E-14  8.649675931623E-15
  6.140922563196E-15  3.642005846867E-15  2.569478330395E-15  1.501208578132E-15
  1.052418866569E-15  6.054335905147E-16  4.217247071798E-16  2.387641608916E-16
  1.652408849553E-16  9.202115370719E-17  4.603418481386E-17  1.209363867945E-19
  0.000000000000E+00  0.000000000000E+00  0.000000000000E+00  0.000000000000E+00
  0.000000000000E+00  0.000000000000E+00  0.000000000000E+00  0.000000000000E+00
  0.000000000000E+00  0.000000000000E+00  0.000000000000E+00  0.000000000000E+00
  0.000000000000E+00  0.000000000000E+00  0.000000000000E+00  0.000000000000E+00
  0.000000000000E+00  0.000000000000E+00  0.000000000000E+00  0.000000000000E+00
  0.000000000000E+00  0.000000000000E+00  0.000000000000E+00  0.000000000000E+00
  0.000000000000E+00  0.000000000000E+00  0.000000000000E+00  0.000000000000E+00
  0.000000000000E+00  0.000000000000E+00  0.000000000000E+00  0.000000000000E+00
  0.000000000000E+00  0.000000000000E+00  0.000000000000E+00  0.000000000000E+00
  0.000000000000E+00  0.000000000000E+00  0.000000000000E+00  0.000000000000E+00
  0.000000000000E+00  0.000000000000E+00  0.000000000000E+00  0.000000000000E+00
  0.000000000000E+00  0.000000000000E+00  0.000000000000E+00  0.000000000000E+00
  0.000000000000E+00  0.000000000000E+00  0.000000000000E+00  0.000000000000E+00
  0.000000000000E+00  0.000000000000E+00  0.000000000000E+00  0.000000000000E+00
  0.000000000000E+00  0.000000000000E+00  0.000000000000E+00  0.000000000000E+00
  0.000000000000E+00  0.000000000000E+00  0.000000000000E+00  0.000000000000E+00
  0.000000000000E+00  0.000000000000E+00  0.000000000000E+00  0.000000000000E+00
  0.000000000000E+00  0.000000000000E+00  0.000000000000E+00  0.000000000000E+00
  0.000000000000E+00
 Pseudo-wave-function follows (l, zelect, rc)
 0  2.000000000000E+00  1.498152959386E+00
  9.495854221780E-06  1.910826688525E-05  2.883866870636E-05  3.868850796264E-05
  4.865925070874E-05  5.875238099466E-05  6.896940108661E-05  7.931183169060E-05
  8.978121217883E-05  1.003791008187E-04  1.111070750050E-04  1.219667314944E-04
  1.329596866431E-04  1.440875766477E-04  1.553520577886E-04  1.667548066763E-04
  1.782975205014E-04  1.899819172866E-04  2.018097361432E-04  2.137827375290E-04
  2.259027035113E-04  2.381714380315E-04  2.505907671735E-04  2.631625394363E-04
  2.758886260082E-04  2.887709210458E-04  3.018113419560E-04  3.150118296811E-04
  3.283743489878E-04  3.419008887597E-04  3.555934622933E-04  3.694541075975E-04
  3.834848876974E-04  3.976878909407E-04  4.120652313090E-04  4.266190487324E-04
  4.413515094078E-04  4.562648061216E-04  4.713611585757E-04  4.866428137183E-04
  5.021120460780E-04  5.177711581026E-04  5.336224805016E-04  5.496683725932E-04
  5.659112226555E-04  5.823534482818E-04  5.989974967406E-04  6.158458453399E-04
  6.329010017956E-04  6.501655046053E-04  6.676419234255E-04  6.853328594546E-04
  7.032409458196E-04  7.213688479686E-04  7.397192640669E-04  7.582949253990E-04
  7.771335355969E-04  7.961676220135E-04  8.154333440268E-04  8.349331516868E-04
  8.546693195545E-04  8.746439447664E-04  8.948763440182E-04  9.153735569641E-04
  9.361217257847E-04  9.571225028131E-04  9.783773591414E-04  9.998875799816E-04
  1.021654259532E-03  1.043678295358E-03  1.065960382294E-03  1.088504017549E-03
  1.111402026605E-03  1.134568656753E-03  1.158004121440E-03  1.181708409396E-03
  1.205681276178E-03  1.229922235244E-03  1.254570995237E-03  1.279498817870E-03
  1.304703868194E-03  1.330185087982E-03  1.355941786769E-03  1.382150955822E-03
  1.408644823577E-03  1.435421707217E-03  1.462479620577E-03  1.489940815149E-03
  1.517778049738E-03  1.545903808431E-03  1.574315383301E-03  1.603142556889E-03
  1.632375519281E-03  1.661901031313E-03  1.691715582096E-03  1.722028969070E-03
  1.752707612148E-03  1.783681167912E-03  1.815000357112E-03  1.846871549133E-03
  1.879043091621E-03  1.911510032588E-03  1.944531536246E-03  1.977940254604E-03
  2.011648752992E-03  2.045828759352E-03  2.080514051348E-03  2.115502947881E-03
  2.150907089400E-03  2.186908551304E-03  2.223216833616E-03  2.259913251195E-03
  2.297270656911E-03  2.334937432630E-03  2.372996970531E-03  2.411750240377E-03
  2.450814699722E-03  2.490311101833E-03  2.530500261145E-03  2.571001629177E-03
  2.612011737887E-03  2.653676865489E-03  2.695654343991E-03  2.738258302826E-03
  2.781439469261E-03  2.824932168097E-03  2.869213629136E-03  2.913950824442E-03
  2.959030771426E-03  3.005044019167E-03  3.051377069872E-03  3.098267531309E-03
  3.145919291343E-03  3.193887766256E-03  3.242682048736E-03  3.292012811037E-03
  3.341724275864E-03  3.392451615235E-03  3.443501505858E-03  3.495265192541E-03
  3.547757205928E-03  3.600565864933E-03  3.654486203494E-03  3.708783475355E-03
  3.763753090303E-03  3.819576252081E-03  3.875718736692E-03  3.933011123909E-03
  3.990728055600E-03  4.049156534704E-03  4.108487242859E-03  4.168138063690E-03
  4.229067247605E-03  4.290382539999E-03  4.352540649436E-03  4.415561909174E-03
  4.478981705018E-03  4.543751430797E-03  4.608850277562E-03  4.675028115189E-03
  4.741929606896E-03  4.809470772134E-03  4.878219750451E-03  4.947293866877E-03
  5.017802457314E-03  5.088780562633E-03  5.160761404303E-03  5.233690805400E-03
  5.307182248090E-03  5.382111405667E-03  5.457369187480E-03  5.534131236472E-03
  5.611449091602E-03  5.689841288304E-03  5.769270334570E-03  5.849334725147E-03
  5.930927331549E-03  6.012848457853E-03  6.096516760203E-03  6.180665788539E-03
  6.266137619910E-03  6.352569779124E-03  6.439891292269E-03  6.528663166613E-03
  6.617881602962E-03  6.709051166301E-03  6.800555388416E-03  6.893841535827E-03
  6.987813707678E-03  7.083144640698E-03  7.179645887875E-03  7.277073521308E-03
  7.376166473388E-03  7.475743961512E-03  7.577492789825E-03  7.679576989476E-03
  7.783745015106E-03  7.888561746859E-03  7.995046252218E-03  8.102663156268E-03
  8.211522603700E-03  8.322008987688E-03  8.433303247881E-03  8.546730128652E-03
  8.660520516959E-03  8.776960663330E-03  8.893740732160E-03  9.012837953534E-03
  9.132716895840E-03  9.254502721664E-03  9.377557215399E-03  9.502099135678E-03
  9.628407752443E-03  9.755774896116E-03  9.885418148509E-03  1.001568132526E-02
  1.014874171540E-02  1.028213739569E-02  1.041853552772E-02  1.055544384602E-02
  1.069496051773E-02  1.083546837687E-02  1.097818157248E-02  1.112237802464E-02
  1.126836763342E-02  1.141634393390E-02  1.156569179840E-02  1.171754146070E-02
  1.187033142628E-02  1.202615027860E-02  1.218246824412E-02  1.234235448726E-02
  1.250258059006E-02  1.266634272381E-02  1.283074795701E-02  1.299830827695E-02
  1.316699604218E-02  1.333844920397E-02  1.351152546523E-02  1.368696845072E-02
  1.386454179859E-02  1.404407397459E-02  1.422625569210E-02  1.440997887064E-02
  1.459688300082E-02  1.478490150089E-02  1.497664491606E-02  1.516906562698E-02
  1.536576809980E-02  1.556280768595E-02  1.576448482252E-02  1.596661729315E-02
  1.617303310456E-02  1.638038453037E-02  1.659165686117E-02  1.680435644475E-02
  1.702060605121E-02  1.723878620601E-02  1.746013682979E-02  1.768393326107E-02
  1.791051170480E-02  1.814006349275E-02  1.837199969757E-02  1.860744938258E-02
  1.884487650767E-02  1.908637017787E-02  1.932942468206E-02  1.957711206314E-02
  1.982593378866E-02  2.007996833614E-02  2.033470059454E-02  2.059523958839E-02
  2.085611695621E-02  2.112323389065E-02  2.139078807895E-02  2.166426698317E-02
  2.193866349699E-02  2.221866247118E-02  2.250007094701E-02  2.278675202548E-02
  2.307534633677E-02  2.336887558850E-02  2.366483395401E-02  2.396538158594E-02
  2.426888668102E-02  2.457662714411E-02  2.488786621509E-02  2.520297831323E-02
  2.552214329490E-02  2.584481029682E-02  2.617209793318E-02  2.650250768745E-02
  2.683811965582E-02  2.717646470895E-02  2.752060774755E-02  2.786708546542E-02
  2.821997150456E-02  2.857478419718E-02  2.893663049407E-02  2.929998554390E-02
  2.967101482140E-02  3.004312481518E-02  3.042356540445E-02  3.080464826887E-02
  3.119473425618E-02  3.158516230926E-02  3.198498477503E-02  3.238530960349E-02
  3.279479204391E-02  3.320525999698E-02  3.362464313778E-02  3.404550679476E-02
  3.447503744032E-02  3.490655577560E-02  3.534648696992E-02  3.578892552298E-02
  3.623951671536E-02  3.669314776584E-02  3.715466498162E-02  3.761976772972E-02
  3.809248374607E-02  3.856934449848E-02  3.905353902556E-02  3.954245138710E-02
  4.003841125477E-02  4.053967632604E-02  4.104769567635E-02  4.156162225748E-02
  4.208200274316E-02  4.260890754415E-02  4.314195853329E-02  4.368216639098E-02
  4.422820517829E-02  4.478204928038E-02  4.534140130516E-02  4.590922342150E-02
  4.648222249267E-02  4.706437321426E-02  4.765136174277E-02  4.824820072859E-02
  4.884952996749E-02  4.946142619974E-02  5.007745649222E-02  5.070478854020E-02
  5.133588957610E-02  5.197904586916E-02  5.262559695008E-02  5.328497606009E-02
  5.394736637375E-02  5.462337730750E-02  5.530200621162E-02  5.599506871358E-02
  5.669034602976E-02  5.740089089583E-02  5.811323721394E-02  5.884170661656E-02
  5.957155361006E-02  6.031840143537E-02  6.106619218821E-02  6.183188438574E-02
  6.259807373130E-02  6.338308867693E-02  6.416845556161E-02  6.497297242242E-02
  6.577816540086E-02  6.660251939632E-02  6.742804320189E-02  6.827273981907E-02
  6.911911280036E-02  6.998467117406E-02  7.085242571857E-02  7.173937905672E-02
  7.262906203159E-02  7.353795805782E-02  7.445013126860E-02  7.538153268285E-02
  7.631677335115E-02  7.727125830924E-02  7.823015957041E-02  7.920832218383E-02
  8.019149360566E-02  8.119394446232E-02  8.220201258604E-02  8.322937929351E-02
  8.426298819817E-02  8.531591595037E-02  8.637572784207E-02  8.745488001089E-02
  8.854157583814E-02  8.964763459127E-02  9.076191468800E-02  9.189558163455E-02
  9.303816639235E-02  9.420016325771E-02  9.537179382890E-02  9.656286316064E-02
  9.776430219396E-02  9.898520810037E-02  1.002172405112E-01  1.014687694344E-01
  1.027322032112E-01  1.040151647369E-01  1.053108317866E-01  1.066260594921E-01
  1.079548165255E-01  1.093031688689E-01  1.106658983298E-01  1.120482595817E-01
  1.134458706205E-01  1.148631518418E-01  1.162965813376E-01  1.177497214041E-01
  1.192199350371E-01  1.207099017160E-01  1.222178950930E-01  1.237456861710E-01
  1.252924860065E-01  1.268591304755E-01  1.284457958323E-01  1.300523551320E-01
  1.316799787232E-01  1.333275480472E-01  1.349972576028E-01  1.366869672679E-01
  1.383999269696E-01  1.401329438536E-01  1.418903558395E-01  1.436678848891E-01
  1.454709908332E-01  1.472942766449E-01  1.491443594120E-01  1.510146878896E-01
  1.529130732697E-01  1.548317733601E-01  1.567798318840E-01  1.587482773934E-01
  1.607474262316E-01  1.627670377248E-01  1.648187426713E-01  1.668909894543E-01
  1.689967669956E-01  1.711231691831E-01  1.732845886530E-01  1.754667193197E-01
  1.776854051387E-01  1.799248925535E-01  1.822025265495E-01  1.845010564904E-01
  1.868393802982E-01  1.891986984424E-01  1.915995159744E-01  1.940214303582E-01
  1.964866103399E-01  1.989729938788E-01  2.015044724346E-01  2.040572654927E-01
  2.066570487707E-01  2.092782617626E-01  2.119484285760E-01  2.146401445823E-01
  2.173828490449E-01  2.201472264154E-01  2.229647005398E-01  2.258039754538E-01
  2.286985316751E-01  2.316150206192E-01  2.345890541967E-01  2.375851563129E-01
  2.406411475540E-01  2.437193468005E-01  2.468598630373E-01  2.500227300905E-01
  2.532504273266E-01  2.565006211414E-01  2.598182452687E-01  2.631585141940E-01
  2.665689016605E-01  2.700020839900E-01  2.735081617775E-01  2.770371855912E-01
  2.806419703331E-01  2.842698524594E-01  2.879764485023E-01  2.917062923988E-01
  2.955178885724E-01  2.993528808899E-01  3.032727457124E-01  3.072161512639E-01
  3.112476262628E-01  3.153027810753E-01  3.194492718506E-01  3.236195739224E-01
  3.278845385225E-01  3.321734358521E-01  3.365603699622E-01  3.409713453450E-01
  3.454837637175E-01  3.500203157360E-01  3.546617292076E-01  3.593273487541E-01
  3.641012361059E-01  3.688993776914E-01  3.738091515103E-01  3.787431985133E-01
  3.837921641094E-01  3.888653870165E-01  3.940566933442E-01  3.992721999273E-01
  4.046087813462E-01  4.099694576119E-01  4.154539652165E-01  4.209624058574E-01
  4.265971270038E-01  4.322555539827E-01  4.380423185556E-01  4.438524863723E-01
  4.497925582734E-01  4.557556444066E-01  4.618495967257E-01  4.679660757255E-01
  4.742136480838E-01  4.804831478285E-01  4.868830844948E-01  4.933042232405E-01
  4.998540908241E-01  5.064242938944E-01  5.131202777594E-01  5.198355730678E-01
  5.266722521163E-01  5.335270442354E-01  5.404971444168E-01  5.474839676301E-01
  5.545780954952E-01  5.616873472459E-01  5.688937061192E-01  5.761133635441E-01
  5.834174564875E-01  5.907327803370E-01  5.981171060523E-01  6.055103382938E-01
  6.129540884929E-01  6.204041522832E-01  6.278829218393E-01  6.353651353500E-01
  6.428506596979E-01  6.503364784261E-01  6.577964161186E-01  6.652532217444E-01
  6.726510036383E-01  6.800419610215E-01  6.873367310110E-01  6.946207383159E-01
  7.017674135083E-01  7.088991733335E-01  7.158486535841E-01  7.227788948896E-01
  7.294784520883E-01  7.361543330312E-01  7.425482087296E-01  7.489139285383E-01
  7.549441636334E-01  7.609418065527E-01  7.665493179704E-01  7.721199433054E-01
  7.772458492293E-01  7.823308278689E-01  7.869180045267E-01  7.914605835807E-01
  7.954554128430E-01  7.994024661003E-01  8.027567046903E-01  8.060605980887E-01
  8.087332673994E-01  8.113537369772E-01  8.133128997290E-01  8.152188070457E-01
  8.164430668554E-01  8.176138672197E-01  8.180934044361E-01  8.185201413561E-01
  8.182570895074E-01  8.179427208609E-01  8.169507006524E-01  8.159095760909E-01
  8.142122481901E-01  8.124686033994E-01  8.100971907650E-01  8.076826160294E-01
  8.046725003882E-01  8.016224977554E-01  7.980092410312E-01  7.943592346405E-01
  7.901747560041E-01  7.859563056186E-01  7.812265172931E-01  7.764650653171E-01
  7.712107598678E-01  7.659267207864E-01  7.601677861461E-01  7.543809377480E-01
  7.481394118944E-01  7.418718472078E-01  7.351713289368E-01  7.284466525015E-01
  7.213122161535E-01  7.141555026108E-01  7.066136618649E-01  6.990514204588E-01
  6.911299807678E-01  6.831900023572E-01  6.749179220250E-01  6.666291418148E-01
  6.580363857615E-01  6.494287374390E-01  6.405461255156E-01  6.316503900906E-01
  6.225094408389E-01  6.133570909478E-01  6.039898613356E-01  5.946129015231E-01
  5.850518237359E-01  5.754826278176E-01  5.657603426990E-01  5.560314877259E-01
  5.461806766013E-01  5.363247752573E-01  5.263779902859E-01  5.164275217842E-01
  5.064170157606E-01  4.964041561954E-01  4.863617127758E-01  4.763181659012E-01
  4.662749314107E-01  4.562317610059E-01  4.462180792015E-01  4.362055444009E-01
  4.262507957907E-01  4.162981909828E-01  4.064306385131E-01  3.965661396202E-01
  3.868127827123E-01  3.770633018330E-01  3.674497408461E-01  3.578407913347E-01
  3.483911045354E-01  3.389466785904E-01  3.296833135958E-01  3.204257743175E-01
  3.113694557490E-01  3.023194453912E-01  2.934891001382E-01  2.846654659399E-01
  2.760781669995E-01  2.674979055497E-01  2.591688349192E-01  2.508470555197E-01
  2.427894861014E-01  2.347393930741E-01  2.269646890482E-01  2.191975824365E-01
  2.117152170990E-01  2.042405107536E-01  1.970581004328E-01  1.898833560936E-01
  1.830067084629E-01  1.761376841575E-01  1.695708590745E-01  1.630115699668E-01
  1.567569508756E-01  1.505097406093E-01  1.445681145504E-01  1.386337351395E-01
  1.330043794970E-01  1.273820779046E-01  1.220628521742E-01  1.167504618726E-01
  1.117379029342E-01  1.067319389406E-01  1.020213585503E-01  9.731711466254E-02
  9.290269812167E-02  8.849434531993E-02  8.436925051520E-02  8.024993573318E-02
  7.640639196656E-02  7.256833665409E-02  6.899774286783E-02  6.543234095668E-02
  6.212536311049E-02  5.882327814307E-02  5.576994560390E-02  5.272120688699E-02
  4.991100774460E-02  4.710510544188E-02  4.452708066689E-02  4.195305974647E-02
  3.959589606510E-02  3.724244897507E-02  3.509457025491E-02  3.295012811950E-02
  3.099978495477E-02  2.905260697775E-02  2.728796404458E-02  2.552622468856E-02
  2.393544532452E-02  2.234731871895E-02  2.091864608160E-02  1.949238701326E-02
  1.821422110025E-02  1.693824186834E-02  1.579921164628E-02  1.466215402951E-02
  1.365118392444E-02  1.264198551376E-02  1.174835556361E-02  1.085630976225E-02
  1.006970881844E-02  9.284517897923E-03  8.595089383116E-03  7.906910103976E-03
  7.305289978134E-03  6.704771429268E-03  6.182118177583E-03  5.660431649398E-03
  5.208448274143E-03  4.757309148898E-03  4.368257313854E-03  3.979939122865E-03
  3.646645756069E-03  3.313986710175E-03  3.029843511981E-03  2.746245952477E-03
  2.505202376471E-03  2.264625713863E-03  2.061176084842E-03  1.858123889128E-03
  1.687289393521E-03  1.516791370474E-03  1.374097699807E-03  1.231687332765E-03
  1.113138781014E-03  9.948274376788E-04  8.968782502261E-04  7.991265507176E-04
  7.186502987327E-04  6.383375171835E-04  5.725952294477E-04  5.069874596041E-04
  4.535951874456E-04  4.003129464055E-04  3.572093698397E-04  3.141952465757E-04
  2.796098543767E-04  2.450967344237E-04  2.175190308934E-04  1.899993487585E-04
  1.681494584075E-04  1.463458478523E-04  1.291468087081E-04  1.119844407196E-04
  9.853639983115E-05  8.511722110678E-05  7.467367386708E-05  6.425268685541E-05
  5.619883648405E-05  4.816249689071E-05  4.199575281465E-05  3.584250301708E-05
  3.115508758471E-05  2.647799522232E-05  2.294158744267E-05  1.941301781207E-05
  1.676533054103E-05  1.412354924756E-05  1.215671210087E-05  1.019429034916E-05
  8.744894020551E-06  7.298772382850E-06  6.239420238176E-06  5.182476973441E-06
  4.414685911203E-06  3.648652055182E-06  3.096945738768E-06  2.546510316003E-06
  2.153553047102E-06  1.761506924736E-06  1.484134713587E-06  1.207409899694E-06
  1.013425826934E-06  8.198975449660E-07  6.855105124660E-07  5.514413708703E-07
  4.592401142126E-07  3.672584470745E-07  3.046256482996E-07  2.421430483045E-07
  2.000270738576E-07  1.580128038759E-07  1.299866389566E-07  1.020286336522E-07
  8.357673262400E-08  6.517002962393E-08  5.315388729368E-08  4.116739367889E-08
  3.342957822774E-08  2.571099688515E-08  2.078515141416E-08  1.587164269049E-08
  1.277259056447E-08  9.681359599108E-09  7.755005736291E-09  5.833551463657E-09
  4.650858359576E-09  3.471197330281E-09  2.754220419364E-09  2.039096518580E-09
  1.610058680798E-09  1.182138859929E-09  9.288011131930E-10  6.761291160115E-10
  5.285663896092E-10  3.813947857876E-10  2.966369818992E-10  2.121058063224E-10
  1.641151485485E-10  1.162539613036E-10  8.947760081911E-11  6.277414073915E-11
  4.805767304595E-11  3.338164755265E-11  2.541729533119E-11  1.747503947969E-11
  1.323256694042E-11  9.001980324260E-12  6.778303986816E-12  4.560919117403E-12
  3.414680571112E-12  2.271718758187E-12  1.137492984379E-12  3.293779540558E-15
  0.000000000000E+00  0.000000000000E+00  0.000000000000E+00  0.000000000000E+00
  0.000000000000E+00  0.000000000000E+00  0.000000000000E+00  0.000000000000E+00
  0.000000000000E+00  0.000000000000E+00  0.000000000000E+00  0.000000000000E+00
  0.000000000000E+00  0.000000000000E+00  0.000000000000E+00  0.000000000000E+00
  0.000000000000E+00  0.000000000000E+00  0.000000000000E+00  0.000000000000E+00
  0.000000000000E+00  0.000000000000E+00  0.000000000000E+00  0.000000000000E+00
  0.000000000000E+00  0.000000000000E+00  0.000000000000E+00  0.000000000000E+00
  0.000000000000E+00  0.000000000000E+00  0.000000000000E+00  0.000000000000E+00
  0.000000000000E+00  0.000000000000E+00  0.000000000000E+00  0.000000000000E+00
  0.000000000000E+00  0.000000000000E+00  0.000000000000E+00  0.000000000000E+00
  0.000000000000E+00  0.000000000000E+00  0.000000000000E+00  0.000000000000E+00
  0.000000000000E+00  0.000000000000E+00  0.000000000000E+00  0.000000000000E+00
  0.000000000000E+00  0.000000000000E+00  0.000000000000E+00  0.000000000000E+00
  0.000000000000E+00  0.000000000000E+00  0.000000000000E+00  0.000000000000E+00
  0.000000000000E+00  0.000000000000E+00  0.000000000000E+00  0.000000000000E+00
  0.000000000000E+00  0.000000000000E+00  0.000000000000E+00  0.000000000000E+00
  0.000000000000E+00  0.000000000000E+00  0.000000000000E+00  0.000000000000E+00
  0.000000000000E+00  0.000000000000E+00  0.000000000000E+00  0.000000000000E+00
  0.000000000000E+00  0.000000000000E+00  0.000000000000E+00  0.000000000000E+00
  0.000000000000E+00  0.000000000000E+00  0.000000000000E+00  0.000000000000E+00
  0.000000000000E+00
 Pseudo-wave-function follows (l, zelect, rc)
 1  2.000000000000E+00  1.498152959386E+00
  3.830775299945E-10  1.551176432658E-09  3.533206468197E-09  6.358908319431E-09
  1.005887554990E-08  1.466457712192E-08  2.020838048870E-08  2.672357527484E-08
  3.424439755999E-08  4.280605478083E-08  5.244475126687E-08  6.319771442581E-08
  7.510322159501E-08  8.820062757547E-08  1.025303928656E-07  1.181341126124E-07
  1.350545462975E-07  1.533356481771E-07  1.730225984946E-07  1.941618354844E-07
  2.168010881883E-07  2.409894101028E-07  2.667772136801E-07  2.942163057023E-07
  3.233599235527E-07  3.542627724042E-07  3.869810633498E-07  4.215725524978E-07
  4.580965810560E-07  4.966141164290E-07  5.371877943558E-07  5.798819621107E-07
  6.247627227970E-07  6.718979807592E-07  7.213574881415E-07  7.732128926225E-07
  8.275377863538E-07  8.844077561341E-07  9.439004348484E-07  1.006095554205E-06
  1.071074998800E-06  1.138922861551E-06  1.209725500515E-06  1.283571597155E-06
  1.360552216055E-06  1.440760866158E-06  1.524293563527E-06  1.611248895700E-06
  1.701728087660E-06  1.795835069457E-06  1.893676545543E-06  1.995362065844E-06
  2.101004098616E-06  2.210718105138E-06  2.324622616280E-06  2.442839310991E-06
  2.565956877155E-06  2.693182040801E-06  2.825076143454E-06  2.961766264409E-06
  3.103379304706E-06  3.250041597273E-06  3.402143445473E-06  3.559911337106E-06
  3.723248088668E-06  3.892288311424E-06  4.067164907821E-06  4.248008542134E-06
  4.434947060515E-06  4.628104856747E-06  4.827602179738E-06  5.033610100310E-06
  5.247997140313E-06  5.469333854218E-06  5.697741113258E-06  5.933333060084E-06
  6.176216096561E-06  6.426487785328E-06  6.687243856963E-06  6.955979831705E-06
  7.232772694889E-06  7.517709565977E-06  7.810879296547E-06  8.116560183925E-06
  8.431095624483E-06  8.754555762558E-06  9.086993844300E-06  9.431608943351E-06
  9.788008357634E-06  1.015412565498E-05  1.052998395427E-05  1.091921391716E-05
  1.132187836373E-05  1.173504856109E-05  1.215870562386E-05  1.259908589293E-05
  1.305267616634E-05  1.351753069694E-05  1.399527619511E-05  1.449260892437E-05
  1.500201147603E-05  1.552337562395E-05  1.606534137767E-05  1.662286312267E-05
  1.719313785219E-05  1.778217085849E-05  1.839161198661E-05  1.901461010801E-05
  1.965524996100E-05  2.032064733491E-05  2.100041136711E-05  2.169764099547E-05
  2.242327482124E-05  2.316408201999E-05  2.392337228997E-05  2.471377151756E-05
  2.552013736660E-05  2.634749615272E-05  2.720744227213E-05  2.808412206475E-05
  2.898614824607E-05  2.992067708824E-05  3.087266516572E-05  3.185660805165E-05
  3.287100913916E-05  3.390353528256E-05  3.497736002256E-05  3.607717294191E-05
  3.719736000284E-05  3.836815492187E-05  3.955916210550E-05  4.078260269605E-05
  4.205007073423E-05  4.333828594590E-05  4.467506092158E-05  4.604557240802E-05
  4.744110933787E-05  4.889841534801E-05  5.037856953552E-05  5.190437994542E-05
  5.347786943531E-05  5.507447090649E-05  5.674332469839E-05  5.844020706524E-05
  6.018355233282E-05  6.198617394481E-05  6.381384558639E-05  6.572170968837E-05
  6.766287995904E-05  6.965662611804E-05  7.171745410449E-05  7.380516659011E-05
  7.598819742426E-05  7.820421986383E-05  8.048627828411E-05  8.283755369846E-05
  8.522343118571E-05  8.771726284231E-05  9.024194308409E-05  9.285605503413E-05
  9.553343543055E-05  9.826728188393E-05  1.011055863766E-04  1.039762059639E-04
  1.069728495920E-04  1.100156564147E-04  1.131504107211E-04  1.163746556129E-04
  1.196542242219E-04  1.230696363753E-04  1.265210929220E-04  1.301178632992E-04
  1.337736288530E-04  1.375374745996E-04  1.414084803625E-04  1.453475260392E-04
  1.494452673337E-04  1.535824780498E-04  1.579046019285E-04  1.622838399883E-04
  1.668081384570E-04  1.714423035434E-04  1.761786257378E-04  1.810812819876E-04
  1.860399620762E-04  1.912253717355E-04  1.964565030147E-04  2.019004117564E-04
  2.074329771300E-04  2.131335459546E-04  2.189835286740E-04  2.249532886641E-04
  2.311374931596E-04  2.373895934135E-04  2.439256868224E-04  2.505133033369E-04
  2.573804808977E-04  2.643427272949E-04  2.715358796025E-04  2.788925271601E-04
  2.864276020077E-04  2.941994353638E-04  3.020931679915E-04  3.103020363099E-04
  3.185719884768E-04  3.272408591712E-04  3.359703726204E-04  3.450584753086E-04
  3.542770189830E-04  3.637996005422E-04  3.735328382632E-04  3.835112025130E-04
  3.937861095779E-04  4.042426133875E-04  4.150875426453E-04  4.260456481683E-04
  4.374903993915E-04  4.490033182082E-04  4.610506216014E-04  4.732002504459E-04
  4.858269649126E-04  4.986465487471E-04  5.118811394635E-04  5.254056173427E-04
  5.392779575230E-04  5.535440477513E-04  5.680854884443E-04  5.831317779670E-04
  5.983752213021E-04  6.142422595376E-04  6.302222355890E-04  6.469526329209E-04
  6.637672668101E-04  6.813439115214E-04  6.990735293373E-04  7.175011748342E-04
  7.361932284829E-04  7.555137711366E-04  7.752181208092E-04  7.954755301964E-04
  8.162445649743E-04  8.374849864808E-04  8.593737509040E-04  8.816456133769E-04
  9.047119402643E-04  9.280660689580E-04  9.523707187817E-04  9.768604538539E-04
  1.002467260985E-03  1.028176820827E-03  1.055124607964E-03  1.082211823015E-03
  1.110471958780E-03  1.139007777484E-03  1.168644976172E-03  1.198703930676E-03
  1.229786107260E-03  1.261446491931E-03  1.294044919943E-03  1.327388978631E-03
  1.361578455765E-03  1.396692578226E-03  1.432551600004E-03  1.469526527924E-03
  1.507137469834E-03  1.546068512900E-03  1.585517821382E-03  1.626505083882E-03
  1.667883476605E-03  1.711032095041E-03  1.754434770887E-03  1.799855163129E-03
  1.845412925662E-03  1.893190148866E-03  1.941146929561E-03  1.991263661602E-03
  2.041741901167E-03  2.094313588355E-03  2.147441865808E-03  2.202589648326E-03
  2.258502983583E-03  2.316353974086E-03  2.375194145078E-03  2.435881720643E-03
  2.497797595626E-03  2.561461703667E-03  2.626609589418E-03  2.693397068193E-03
  2.761941074793E-03  2.832005989177E-03  2.904118412140E-03  2.977622405329E-03
  3.053484125834E-03  3.130596787709E-03  3.210397691742E-03  3.291296944627E-03
  3.375236361852E-03  3.460108864428E-03  3.548396027652E-03  3.637437597826E-03
  3.730292123940E-03  3.823708181488E-03  3.921360574801E-03  4.019366604642E-03
  4.122058783547E-03  4.224959680603E-03  4.332866668477E-03  4.441078239014E-03
  4.554287746362E-03  4.668077398916E-03  4.786850265630E-03  4.906498602233E-03
  5.031108391270E-03  5.156909839659E-03  5.287643443537E-03  5.419906917916E-03
  5.557065192580E-03  5.696114784060E-03  5.840013211190E-03  5.986188909018E-03
  6.137158287871E-03  6.290816732624E-03  6.449203902526E-03  6.610719172428E-03
  6.776887767047E-03  6.946652198601E-03  7.120983433159E-03  7.299408477294E-03
  7.482301969872E-03  7.669819084813E-03  7.861693712927E-03  8.058755294995E-03
  8.260050088630E-03  8.467130442178E-03  8.678305514441E-03  8.895901862131E-03
  9.117439378712E-03  9.346072913305E-03  9.578478101902E-03  9.818695080714E-03
  1.006249728156E-02  1.031487016472E-02  1.057062392334E-02  1.083575255691E-02
  1.110403876012E-02  1.138255160509E-02  1.166397866139E-02  1.195653406953E-02
  1.225173913469E-02  1.255902667205E-02  1.286867692091E-02  1.319141873976E-02
  1.351621268498E-02  1.385516494485E-02  1.419583380323E-02  1.455178814144E-02
  1.490909724852E-02  1.528288230060E-02  1.565763257375E-02  1.605011554380E-02
  1.644314499413E-02  1.685523327502E-02  1.726774044140E-02  1.770006141117E-02
  1.813315566527E-02  1.858650970974E-02  1.904118556574E-02  1.951657519238E-02
  1.999387256869E-02  2.049234566199E-02  2.099335169367E-02  2.151600331038E-02
  2.204185420558E-02  2.258982841256E-02  2.314171135074E-02  2.371620310272E-02
  2.429535817154E-02  2.489761522586E-02  2.550533739315E-02  2.613666225761E-02
  2.677430337418E-02  2.743605528355E-02  2.810502611165E-02  2.879862302768E-02
  2.950039528912E-02  3.022731591775E-02  3.096342435463E-02  3.172521017337E-02
  3.249725461347E-02  3.329551190055E-02  3.410515931797E-02  3.494156117397E-02
  3.579054773434E-02  3.666683608522E-02  3.755696916347E-02  3.847495673287E-02
  3.940811688964E-02  4.036968912636E-02  4.134783202753E-02  4.235494897239E-02
  4.338010723414E-02  4.443480530844E-02  4.550909024813E-02  4.661348394369E-02
  4.773908721427E-02  4.889537066276E-02  5.007456574610E-02  5.128501414246E-02
  5.252015767389E-02  5.378712852622E-02  5.508066141961E-02  5.640659559433E-02
  5.776104393359E-02  5.914846646173E-02  6.056644212094E-02  6.201796272737E-02
  6.350216367794E-02  6.502047699178E-02  6.657368725056E-02  6.816157265038E-02
  6.978666181819E-02  7.144698286137E-02  7.314690519653E-02  7.488260857697E-02
  7.666040154302E-02  7.847451551642E-02  8.033329773777E-02  8.222892994792E-02
  8.417189850121E-02  8.615223313497E-02  8.818266009760E-02  9.025095429007E-02
  9.237218246095E-02  9.453176186575E-02  9.674719956647E-02  9.900145299944E-02
  1.013145678569E-01  1.036669409144E-01  1.060812525190E-01  1.085352400651E-01
  1.110543113907E-01  1.136134488000E-01  1.162408762656E-01  1.189087293021E-01
  1.216481313466E-01  1.244282845499E-01  1.272832885857E-01  1.301793320326E-01
  1.331535596358E-01  1.361690739352E-01  1.392661241267E-01  1.424046635025E-01
  1.456280939661E-01  1.488931672781E-01  1.522464733612E-01  1.556415229088E-01
  1.591281142470E-01  1.626564922018E-01  1.662796668099E-01  1.699446091202E-01
  1.737075247943E-01  1.775121224101E-01  1.814177652907E-01  1.853649325631E-01
  1.894160827185E-01  1.935085228363E-01  1.977077167409E-01  2.019478840831E-01
  2.062973738815E-01  2.106874331835E-01  2.151891426598E-01  2.197309249167E-01
  2.243864021188E-01  2.290813571836E-01  2.338917236946E-01  2.387408695694E-01
  2.437067664671E-01  2.487106353382E-01  2.538321659469E-01  2.589907470747E-01
  2.642674166841E-01  2.695800963328E-01  2.750107491455E-01  2.804762478254E-01
  2.860590014956E-01  2.916753088887E-01  2.974074871273E-01  3.031717951856E-01
  3.090498590409E-01  3.149584938742E-01  3.209779724409E-01  3.270263257623E-01
  3.331817472385E-01  3.393642082952E-01  3.456490324833E-01  3.519589215795E-01
  3.583654751211E-01  3.647949800339E-01  3.713143958727E-01  3.778545126614E-01
  3.844766754414E-01  3.911171553634E-01  3.978306546862E-01  4.045599591442E-01
  4.113520528200E-01  4.181573184761E-01  4.250139081052E-01  4.318809244900E-01
  4.387865458905E-01  4.456997480116E-01  4.526375791503E-01  4.595800577394E-01
  4.665319469207E-01  4.734854790467E-01  4.804319961409E-01  4.873770989339E-01
  4.942976123692E-01  5.012136225378E-01  5.080864046221E-01  5.149515862724E-01
  5.217539491221E-01  5.285456320918E-01  5.352540960139E-01  5.419488464913E-01
  5.485393420704E-01  5.551131666627E-01  5.615612710215E-01  5.679898546489E-01
  5.742710613874E-01  5.805300384020E-01  5.866200595483E-01  5.926853163073E-01
  5.985604132542E-01  6.044084190131E-01  6.100457578800E-01  6.156539193383E-01
  6.210319445057E-01  6.263789776587E-01  6.314777954327E-01  6.365441066008E-01
  6.413458691178E-01  6.461139352014E-01  6.506032128616E-01  6.550579490729E-01
  6.592220780834E-01  6.633511797282E-01  6.671805698281E-01  6.709748132455E-01
  6.744631995075E-01  6.779166861337E-01  6.810613079820E-01  6.841716348007E-01
  6.869733251875E-01  6.897416646780E-01  6.922048328395E-01  6.946359060602E-01
  6.967683985431E-01  6.988703263131E-01  7.006831531765E-01  7.024671725741E-01
  7.039740889666E-01  7.054541257136E-01  7.066710636016E-01  7.078631555277E-01
  7.088075064547E-01  7.097290793969E-01  7.104188370944E-01  7.110878425954E-01
  7.115406244600E-01  7.119745588971E-01  7.122065382406E-01  7.124213759985E-01
  7.124461730142E-01  7.124552624457E-01  7.122828612638E-01  7.120958516886E-01
  7.117316334310E-01  7.113535239864E-01  7.107975300472E-01  7.102279554227E-01
  7.094745180577E-01  7.087074086757E-01  7.077453011130E-01  7.067690697248E-01
  7.055823245776E-01  7.043807264986E-01  7.029502321279E-01  7.015040050084E-01
  6.998098892131E-01  6.980991746099E-01  6.961237878594E-01  6.941311348411E-01
  6.918621027676E-01  6.895755045495E-01  6.870077667767E-01  6.844226196962E-01
  6.815578322210E-01  6.786761732476E-01  6.755192027573E-01  6.723460484078E-01
  6.689022855239E-01  6.654430231751E-01  6.617187593649E-01  6.579797060967E-01
  6.539820931791E-01  6.499704196662E-01  6.457073689262E-01  6.414309977940E-01
  6.369111664584E-01  6.323787639769E-01  6.276115266217E-01  6.228324732433E-01
  6.178278923499E-01  6.128122535147E-01  6.075810481264E-01  6.023395430503E-01
  5.968930551758E-01  5.914370233734E-01  5.857871819153E-01  5.801285472381E-01
  5.742878291372E-01  5.684390610156E-01  5.624204492442E-01  5.563945207657E-01
  5.502114587693E-01  5.440218011926E-01  5.376881432000E-01  5.313485963185E-01
  5.248785540994E-01  5.184033130846E-01  5.118113971003E-01  5.052149536601E-01
  4.985159102819E-01  4.918129899652E-01  4.850217340923E-01  4.782272289702E-01
  4.713587726087E-01  4.644876699436E-01  4.575570474803E-01  4.506243551175E-01
  4.436465463284E-01  4.366672158558E-01  4.296570679768E-01  4.226459169864E-01
  4.156180674122E-01  4.085897024266E-01  4.015585037550E-01  3.945272455381E-01
  3.875066947280E-01  3.804865077401E-01  3.734901810857E-01  3.664946087786E-01
  3.595356042213E-01  3.525777116828E-01  3.456685996982E-01  3.387609248717E-01
  3.319137088024E-01  3.250682231404E-01  3.182943094297E-01  3.115223884226E-01
  3.048325667623E-01  2.981449703467E-01  2.915494033245E-01  2.849562657467E-01
  2.784644871857E-01  2.719753155083E-01  2.655962363580E-01  2.592199164657E-01
  2.529618368440E-01  2.467066455473E-01  2.405772713572E-01  2.344508930207E-01
  2.284573554729E-01  2.224669015042E-01  2.166157778762E-01  2.107678074103E-01
  2.050651414431E-01  1.993656816326E-01  1.938170021219E-01  1.882715665975E-01
  1.828819029491E-01  1.774955072282E-01  1.722694010226E-01  1.670465739196E-01
  1.619880858442E-01  1.569328762498E-01  1.520455881065E-01  1.471615668502E-01
  1.424485787010E-01  1.377388355669E-01  1.332027584364E-01  1.286698947557E-01
  1.243128396340E-01  1.199589572024E-01  1.157825213745E-01  1.116092087216E-01
  1.076144606656E-01  1.036227779196E-01  9.981024215441E-02  9.600070588230E-02
  9.237034919813E-02  8.874291865146E-02  8.529413912131E-02  8.184820528113E-02
  7.857982533035E-02  7.531420402501E-02  7.222446864839E-02  6.913739882749E-02
  6.622397979861E-02  6.331312780278E-02  6.057313444215E-02  5.783560483011E-02
  5.526560160625E-02  5.269795480894E-02  5.029398575883E-02  4.789226254314E-02
  4.564988223168E-02  4.340963469086E-02  4.132394519547E-02  3.924027375063E-02
  3.730596696544E-02  3.537356267169E-02  3.358496707988E-02  3.179815838564E-02
  3.014928934886E-02  2.850209235822E-02  2.698670491755E-02  2.547287615125E-02
  2.408451931972E-02  2.269760995663E-02  2.142968150414E-02  2.016309210592E-02
  1.900889288733E-02  1.785592765937E-02  1.680871460965E-02  1.576263432403E-02
  1.481567133415E-02  1.386974413057E-02  1.301635011993E-02  1.216389950215E-02
  1.139749311181E-02  1.063194256567E-02  9.946083008470E-03  9.260996779007E-03
  8.649420493468E-03  8.038540169432E-03  7.495193032353E-03  6.952469693822E-03
  6.471534648385E-03  5.991156435251E-03  5.567076486509E-03  5.143491540222E-03
  4.770988156257E-03  4.398922973483E-03  4.073010007639E-03  3.747483321419E-03
  3.463476638174E-03  3.179809009174E-03  2.933332053227E-03  2.687151410525E-03
  2.474137005504E-03  2.261380423094E-03  2.078069122953E-03  1.894981154714E-03
  1.737916497982E-03  1.581044420836E-03  1.447065455590E-03  1.313251788303E-03
  1.199483244863E-03  1.085855918962E-03  9.896964085078E-04  8.936569689946E-04
  8.127655802371E-04  7.319757877177E-04  6.642574414581E-04  5.966246349810E-04
  5.402145385573E-04  4.838761006607E-04  4.371236219160E-04  3.904308650275E-04
  3.518831194206E-04  3.133848867751E-04  2.817703024635E-04  2.501965479494E-04
  2.244086430093E-04  1.986542237261E-04  1.777357979373E-04  1.568446815561E-04
  1.399725931519E-04  1.231226501812E-04  1.095933163533E-04  9.608183585247E-05
  8.529756523101E-05  7.452760197993E-05  6.598383833279E-05  5.745147053737E-05
  5.072500000111E-05  4.400754971721E-05  3.874569935111E-05  3.349094332706E-05
  2.940177693883E-05  2.531815376509E-05  2.216165196534E-05  1.900945245795E-05
  1.658964785373E-05  1.417315957645E-05  1.233118487489E-05  1.049174858681E-05
  9.099745259630E-06  7.709670973179E-06  6.665497899643E-06  5.622780010875E-06
  4.845460279107E-06  4.069230023753E-06  3.495055592713E-06  2.921690530362E-06
  2.500950640629E-06  2.080807315471E-06  1.775020272308E-06  1.469669392060E-06
  1.249286692724E-06  1.029220223763E-06  8.717491085164E-07  7.145053192174E-07
  6.029742337538E-07  4.916051443838E-07  4.133222482461E-07  3.351537653252E-07
  2.807140670639E-07  2.263544384044E-07  1.888535190207E-07  1.514081107924E-07
  1.258256376463E-07  1.002812809847E-07  8.300254191836E-08  6.574971847627E-08
  5.419811109193E-08  4.266394667894E-08  3.502166115172E-08  2.739099491968E-08
  2.238901879823E-08  1.739470090379E-08  1.415663816419E-08  1.092356824205E-08
  8.850878431951E-09  6.781407677004E-09  3.396944660510E-09  8.924111832197E-12
  0.000000000000E+00  0.000000000000E+00  0.000000000000E+00  0.000000000000E+00
  0.000000000000E+00  0.000000000000E+00  0.000000000000E+00  0.000000000000E+00
  0.000000000000E+00  0.000000000000E+00  0.000000000000E+00  0.000000000000E+00
  0.000000000000E+00  0.000000000000E+00  0.000000000000E+00  0.000000000000E+00
  0.000000000000E+00  0.000000000000E+00  0.000000000000E+00  0.000000000000E+00
  0.000000000000E+00  0.000000000000E+00  0.000000000000E+00  0.000000000000E+00
  0.000000000000E+00  0.000000000000E+00  0.000000000000E+00  0.000000000000E+00
  0.000000000000E+00  0.000000000000E+00  0.000000000000E+00  0.000000000000E+00
  0.000000000000E+00  0.000000000000E+00  0.000000000000E+00  0.000000000000E+00
  0.000000000000E+00  0.000000000000E+00  0.000000000000E+00  0.000000000000E+00
  0.000000000000E+00  0.000000000000E+00  0.000000000000E+00  0.000000000000E+00
  0.000000000000E+00  0.000000000000E+00  0.000000000000E+00  0.000000000000E+00
  0.000000000000E+00  0.000000000000E+00  0.000000000000E+00  0.000000000000E+00
  0.000000000000E+00  0.000000000000E+00  0.000000000000E+00  0.000000000000E+00
  0.000000000000E+00  0.000000000000E+00  0.000000000000E+00  0.000000000000E+00
  0.000000000000E+00  0.000000000000E+00  0.000000000000E+00  0.000000000000E+00
  0.000000000000E+00  0.000000000000E+00  0.000000000000E+00  0.000000000000E+00
  0.000000000000E+00  0.000000000000E+00  0.000000000000E+00  0.000000000000E+00
  0.000000000000E+00
 Pseudo-wave-function follows (l, zelect, rc)
 2  0.000000000000E+00  1.498152959386E+00
  2.589477742880E-15  2.109958733362E-14  7.253300826950E-14  1.751281701935E-13
  3.484226000371E-13  6.133190870744E-13  9.921547825711E-13  1.508773355354E-12
  2.188600329451E-12  3.058721734949E-12  4.147966208451E-12  5.486990684865E-12
  7.108369827946E-12  9.046689352761E-12  1.133864339938E-11  1.402313612337E-11
  1.714138767508E-11  2.073704474683E-11  2.485629587367E-11  2.954799168122E-11
  3.486377028123E-11  4.085818802388E-11  4.758885582355E-11  5.511658128374E-11
  6.350551685534E-11  7.282331427191E-11  8.314128551496E-11  9.453457057226E-11
  1.070823122624E-10  1.208678384098E-10  1.359788516646E-10  1.525076272752E-10
  1.705512191307E-10  1.902116744050E-10  2.115962571462E-10  2.348176811690E-10
  2.599943526209E-10  2.872506226075E-10  3.167170502784E-10  3.485306767898E-10
  3.828353105755E-10  4.197818243758E-10  4.595284644921E-10  5.022411727496E-10
  5.480939216743E-10  5.972690634047E-10  6.499576928838E-10  7.063600258945E-10
  7.666857925246E-10  8.311546466706E-10  8.999965922128E-10  9.734524265175E-10
  1.051774201951E-09  1.135225706108E-09  1.224082961501E-09  1.318634745462E-09
  1.419763393101E-09  1.526646384231E-09  1.640136204465E-09  1.760564828177E-09
  1.888273636732E-09  2.023612577125E-09  2.167319569281E-09  2.319938112102E-09
  2.481548767078E-09  2.652567113296E-09  2.833416265057E-09  3.024525422931E-09
  3.226328149800E-09  3.439260337836E-09  3.663757828729E-09  3.900350828184E-09
  4.152616945131E-09  4.418407584274E-09  4.698218259773E-09  4.992536200955E-09
  5.301835932533E-09  5.626574213759E-09  5.973257941397E-09  6.337401065439E-09
  6.719474387019E-09  7.119962058718E-09  7.539343049212E-09  7.987411763087E-09
  8.456771926161E-09  8.947913669504E-09  9.461270099395E-09  1.000478497665E-08
  1.057830455834E-08  1.117735557918E-08  1.180231480250E-08  1.246281675574E-08
  1.315995035543E-08  1.388670749694E-08  1.464334429352E-08  1.544740060989E-08
  1.629036408370E-08  1.716729787041E-08  1.808320008851E-08  1.905859227249E-08
  2.007246192622E-08  2.112474708630E-08  2.224267876569E-08  2.341214731631E-08
  2.462482679888E-08  2.590061048597E-08  2.724656577967E-08  2.864091774174E-08
  3.009787029823E-08  3.164363600726E-08  3.324336158444E-08  3.490831233088E-08
  3.667986729784E-08  3.851129440594E-08  4.041512170304E-08  4.244132468398E-08
  4.453361244126E-08  4.671186294101E-08  4.902467864191E-08  5.141001716457E-08
  5.390362055200E-08  5.653834138438E-08  5.925213999447E-08  6.210823403749E-08
  6.510369018400E-08  6.818474494190E-08  7.145762797479E-08  7.485637607598E-08
  7.835490041763E-08  8.209923555439E-08  8.594771350765E-08  8.995981443154E-08
  9.419751098659E-08  9.854614287402E-08  1.031491537382E-07  1.079355223089E-07
  1.128595721141E-07  1.181218139440E-07  1.235166111196E-07  1.291695800388E-07
  1.350987227587E-07  1.411660993771E-07  1.476582618359E-07  1.543247014620E-07
  1.612741779120E-07  1.685915350511E-07  1.760703498242E-07  1.840560210610E-07
  1.922633386321E-07  2.008146274883E-07  2.098131978889E-07  2.189976751649E-07
  2.288291161419E-07  2.388975750336E-07  2.494288739488E-07  2.604571174906E-07
  2.717395112378E-07  2.838095203496E-07  2.961185099363E-07  3.090984694314E-07
  3.225691147526E-07  3.364789309122E-07  3.512100710246E-07  3.662069846952E-07
  3.822165230979E-07  3.986162305527E-07  4.157773475004E-07  4.336987864980E-07
  4.520962171253E-07  4.716679623556E-07  4.915677100026E-07  5.127537719576E-07
  5.344863355774E-07  5.572042266250E-07  5.809239965818E-07  6.052867281000E-07
  6.311605614296E-07  6.574285736866E-07  6.854977722169E-07  7.141528514645E-07
  7.442609364415E-07  7.755029946019E-07  8.078007486867E-07  8.418457900341E-07
  8.764952522111E-07  9.135766402838E-07  9.511788109276E-07  9.911217740684E-07
  1.032081100635E-06  1.074940626605E-06  1.119536019148E-06  1.165528402585E-06
  1.214061124840E-06  1.263418835778E-06  1.316214260446E-06  1.369671021189E-06
  1.426596660432E-06  1.484755138348E-06  1.545856296671E-06  1.609104370487E-06
  1.674691480604E-06  1.743447995341E-06  1.813854741490E-06  1.888571934301E-06
  1.964157001807E-06  2.045323115641E-06  2.127395555228E-06  2.214614172026E-06
  2.303781791195E-06  2.397428497804E-06  2.494271716189E-06  2.594825693526E-06
  2.699971048167E-06  2.807947427248E-06  2.922071174742E-06  3.038023744400E-06
  3.161855741404E-06  3.286850794134E-06  3.420707743866E-06  3.556354865625E-06
  3.700117162962E-06  3.847281442810E-06  4.001689183466E-06  4.161304158768E-06
  4.327153041307E-06  4.500226029982E-06  4.678371547075E-06  4.865989391138E-06
  5.057351337322E-06  5.260686589222E-06  5.466253909083E-06  5.686571494741E-06
  5.908647052950E-06  6.146071892293E-06  6.386728431209E-06  6.641802817400E-06
  6.902534797720E-06  7.176580911634E-06  7.459000362318E-06  7.753439873492E-06
  8.059285516482E-06  8.375647088370E-06  8.706794165212E-06  9.046721527303E-06
  9.405192381307E-06  9.770453010911E-06  1.015842848258E-05  1.055092294233E-05
  1.097075464011E-05  1.139323152603E-05  1.184675013396E-05  1.230397656919E-05
  1.279134638136E-05  1.328609101881E-05  1.380985387205E-05  1.434510191503E-05
  1.490799115553E-05  1.548696109849E-05  1.609191603591E-05  1.671807768899E-05
  1.736825914186E-05  1.804535303693E-05  1.874416005180E-05  1.947621833523E-05
  2.022730616801E-05  2.101867509334E-05  2.182597454803E-05  2.268133869026E-05
  2.354907691742E-05  2.447348523977E-05  2.540620810471E-05  2.640510201874E-05
  2.740873326415E-05  2.848694172817E-05  2.957156493544E-05  3.073058087703E-05
  3.190257791174E-05  3.314848260056E-05  3.441473091984E-05  3.575406424845E-05
  3.712197501104E-05  3.856177010321E-05  4.003932918790E-05  4.158714961619E-05
  4.318296176914E-05  4.484694157785E-05  4.657027792552E-05  4.835916466994E-05
  5.022001385249E-05  5.214321488096E-05  5.415233807968E-05  5.621997030197E-05
  5.838896045527E-05  6.061190385895E-05  6.295324938297E-05  6.534320457891E-05
  6.787035793275E-05  7.043990803186E-05  7.316735949281E-05  7.593003663847E-05
  7.887339367965E-05  8.184375058465E-05  8.501982327684E-05  8.821351013921E-05
  9.164040303003E-05  9.507826402376E-05  9.877146118739E-05  1.024811205343E-04
  1.064520947402E-04  1.104546939296E-04  1.147243793898E-04  1.190426863669E-04
  1.236335953412E-04  1.282921285449E-04  1.332284701074E-04  1.382536318857E-04
  1.435614395932E-04  1.489816596968E-04  1.546889288221E-04  1.605348187295E-04
  1.666716537692E-04  1.729761726511E-04  1.795749458711E-04  1.863735790605E-04
  1.934691008971E-04  2.008000517965E-04  2.084297539910E-04  2.163341504137E-04
  2.245382828222E-04  2.330603988399E-04  2.418822409277E-04  2.510697353708E-04
  2.605558234753E-04  2.704599963198E-04  2.806603678422E-04  2.913364358011E-04
  3.023048915719E-04  3.138122843081E-04  3.256066704610E-04  3.380093489365E-04
  3.506918597192E-04  3.640586583075E-04  3.776961613617E-04  3.921011554620E-04
  4.067655412129E-04  4.222884422309E-04  4.380569991419E-04  4.547835788327E-04
  4.717393964067E-04  4.897619427149E-04  5.079943442543E-04  5.274121509369E-04
  5.470171582156E-04  5.679370506920E-04  5.890178828423E-04  6.115547828842E-04
  6.342223919629E-04  6.584999240189E-04  6.828735698828E-04  7.090247120214E-04
  7.352325793276E-04  7.634003619877E-04  7.916141465267E-04  8.219184782736E-04
  8.523088313489E-04  8.848925697633E-04  9.176255141149E-04  9.526596756154E-04
  9.879137535498E-04  1.025582109268E-03  1.063549312791E-03  1.104049328997E-03
  1.144936097456E-03  1.188479943866E-03  1.232508233810E-03  1.279323864474E-03
  1.326732296718E-03  1.377064608501E-03  1.428109697744E-03  1.482221771714E-03
  1.537179244329E-03  1.595353675709E-03  1.654519881739E-03  1.717060204429E-03
  1.780753630137E-03  1.847985842156E-03  1.916548729895E-03  1.988822926501E-03
  2.062623009044E-03  2.140315130668E-03  2.219747487569E-03  2.303261190114E-03
  2.388750234097E-03  2.478518889573E-03  2.570520491381E-03  2.667009327314E-03
  2.766013087918E-03  2.869721474385E-03  2.976253153929E-03  3.087717047563E-03
  3.202341160880E-03  3.322135715661E-03  3.445458304702E-03  3.574200659818E-03
  3.706872253821E-03  3.845224509388E-03  3.987943284107E-03  4.136615676001E-03
  4.290130823818E-03  4.449885109376E-03  4.615000432581E-03  4.786653499401E-03
  4.964231239427E-03  5.148658949939E-03  5.339623865761E-03  5.537765150700E-03
  5.743108860052E-03  5.955970074385E-03  6.176755671833E-03  6.405415227024E-03
  6.642782193264E-03  6.888395480150E-03  7.143564897186E-03  7.407369513941E-03
  7.681649601024E-03  7.964970900918E-03  8.259762886220E-03  8.564019859981E-03
  8.880824203020E-03  9.207535710586E-03  9.547958690293E-03  9.898750056619E-03
  1.026451073970E-02  1.064112072903E-02  1.103405833281E-02  1.143834651534E-02
  1.186042817879E-02  1.229438270299E-02  1.274771167848E-02  1.321345746160E-02
  1.370028173926E-02  1.420008908711E-02  1.472281046187E-02  1.525910412796E-02
  1.582028771779E-02  1.639565640967E-02  1.699804063145E-02  1.761524697042E-02
  1.826175397732E-02  1.892374491468E-02  1.961749149582E-02  2.032740918622E-02
  2.107171812607E-02  2.183291125465E-02  2.263132314551E-02  2.344735870174E-02
  2.430364419787E-02  2.517831968400E-02  2.609649218086E-02  2.703384823795E-02
  2.801817695388E-02  2.902251038201E-02  3.007753381302E-02  3.115341095580E-02
  3.228395066663E-02  3.343622112264E-02  3.464739582908E-02  3.588120644449E-02
  3.717844633290E-02  3.849925542078E-02  3.988831664103E-02  4.130190836304E-02
  4.278888762069E-02  4.430138645655E-02  4.589273561901E-02  4.751062083815E-02
  4.921316145816E-02  5.094328149678E-02  5.276421914465E-02  5.461380577959E-02
  5.656074406410E-02  5.853742626353E-02  6.061838040950E-02  6.273019772906E-02
  6.495360756931E-02  6.720902295209E-02  6.958376518149E-02  7.199167701083E-02
  7.452707654311E-02  7.709682979029E-02  7.980267005277E-02  8.254406635712E-02
  8.543059835788E-02  8.835390487640E-02  9.143185488150E-02  9.454781174904E-02
  9.782838741738E-02  1.011482136692E-01  1.046431085098E-01  1.081785063364E-01
  1.118999023793E-01  1.156630596106E-01  1.196236282213E-01  1.236272189767E-01
  1.278401197938E-01  1.320973032875E-01  1.365761813320E-01  1.411005988886E-01
  1.458595799766E-01  1.506653504022E-01  1.557190350982E-01  1.608207486536E-01
  1.661842051311E-01  1.715969164866E-01  1.772856728125E-01  1.830248935161E-01
  1.890549300557E-01  1.951366212249E-01  2.015243640721E-01  2.079649302276E-01
  2.147272467958E-01  2.215435319891E-01  2.286977301593E-01  2.359070178056E-01
  2.434708503127E-01  2.510908684212E-01  2.590825444582E-01  2.671314782535E-01
  2.755696845870E-01  2.840661988215E-01  2.929701330214E-01  3.019334065868E-01
  3.113228252688E-01  3.207726010032E-01  3.306678862406E-01  3.406245390803E-01
  3.510467863443E-01  3.615314131610E-01  3.725025442553E-01  3.835370788184E-01
  3.950799832623E-01  4.066873397381E-01  4.188260478673E-01  4.310302960719E-01
  4.437901867339E-01  4.566167619436E-01  4.700248070027E-01  4.835007564505E-01
  4.975858033404E-01  5.117400705295E-01  5.265331627442E-01  5.413969093431E-01
  5.569316429883E-01  5.725386062864E-01  5.888515185909E-01  6.052384002560E-01
  6.223693832545E-01  6.395762624325E-01  6.575689918948E-01  6.756397525539E-01
  6.945421187385E-01  7.135248776697E-01  7.333894007883E-01  7.533369190084E-01
  7.742211286923E-01  7.951911854480E-01  8.171579404802E-01  8.392136461079E-01
  8.623313689265E-01  8.855413911871E-01  9.098841921770E-01  9.343228713828E-01
  9.599705421249E-01  9.857178747755E-01  1.012755738952E+00  1.039897219460E+00
  1.068415847101E+00  1.097042174577E+00  1.127136991884E+00  1.157343675977E+00
  1.189114540715E+00  1.221001478710E+00  1.254552339935E+00  1.288223486421E+00
  1.323662303102E+00  1.359225609235E+00  1.396664753166E+00  1.434232602540E+00
  1.473789990899E+00  1.513480376505E+00  1.555281517783E+00  1.597220137751E+00
  1.641401039838E+00  1.685724244938E+00  1.732434566806E+00  1.779292508079E+00
  1.828697442180E+00  1.878255860052E+00  9.921980343504E-01  5.106537847857E-02
  0.000000000000E+00  0.000000000000E+00  0.000000000000E+00  0.000000000000E+00
  0.000000000000E+00  0.000000000000E+00  0.000000000000E+00  0.000000000000E+00
  0.000000000000E+00  0.000000000000E+00  0.000000000000E+00  0.000000000000E+00
  0.000000000000E+00  0.000000000000E+00  0.000000000000E+00  0.000000000000E+00
  0.000000000000E+00  0.000000000000E+00  0.000000000000E+00  0.000000000000E+00
  0.000000000000E+00  0.000000000000E+00  0.000000000000E+00  0.000000000000E+00
  0.000000000000E+00  0.000000000000E+00  0.000000000000E+00  0.000000000000E+00
  0.000000000000E+00  0.000000000000E+00  0.000000000000E+00  0.000000000000E+00
  0.000000000000E+00  0.000000000000E+00  0.000000000000E+00  0.000000000000E+00
  0.000000000000E+00  0.000000000000E+00  0.000000000000E+00  0.000000000000E+00
  0.000000000000E+00  0.000000000000E+00  0.000000000000E+00  0.000000000000E+00
  0.000000000000E+00  0.000000000000E+00  0.000000000000E+00  0.000000000000E+00
  0.000000000000E+00  0.000000000000E+00  0.000000000000E+00  0.000000000000E+00
  0.000000000000E+00  0.000000000000E+00  0.000000000000E+00  0.000000000000E+00
  0.000000000000E+00  0.000000000000E+00  0.000000000000E+00  0.000000000000E+00
  0.000000000000E+00  0.000000000000E+00  0.000000000000E+00  0.000000000000E+00
  0.000000000000E+00  0.000000000000E+00  0.000000000000E+00  0.000000000000E+00
  0.000000000000E+00  0.000000000000E+00  0.000000000000E+00  0.000000000000E+00
  0.000000000000E+00  0.000000000000E+00  0.000000000000E+00  0.000000000000E+00
  0.000000000000E+00  0.000000000000E+00  0.000000000000E+00  0.000000000000E+00
  0.000000000000E+00  0.000000000000E+00  0.000000000000E+00  0.000000000000E+00
  0.000000000000E+00  0.000000000000E+00  0.000000000000E+00  0.000000000000E+00
  0.000000000000E+00  0.000000000000E+00  0.000000000000E+00  0.000000000000E+00
  0.000000000000E+00  0.000000000000E+00  0.000000000000E+00  0.000000000000E+00
  0.000000000000E+00  0.000000000000E+00  0.000000000000E+00  0.000000000000E+00
  0.000000000000E+00  0.000000000000E+00  0.000000000000E+00  0.000000000000E+00
  0.000000000000E+00  0.000000000000E+00  0.000000000000E+00  0.000000000000E+00
  0.000000000000E+00  0.000000000000E+00  0.000000000000E+00  0.000000000000E+00
  0.000000000000E+00  0.000000000000E+00  0.000000000000E+00  0.000000000000E+00
  0.000000000000E+00  0.000000000000E+00  0.000000000000E+00  0.000000000000E+00
  0.000000000000E+00  0.000000000000E+00  0.000000000000E+00  0.000000000000E+00
  0.000000000000E+00  0.000000000000E+00  0.000000000000E+00  0.000000000000E+00
  0.000000000000E+00  0.000000000000E+00  0.000000000000E+00  0.000000000000E+00
  0.000000000000E+00  0.000000000000E+00  0.000000000000E+00  0.000000000000E+00
  0.000000000000E+00  0.000000000000E+00  0.000000000000E+00  0.000000000000E+00
  0.000000000000E+00  0.000000000000E+00  0.000000000000E+00  0.000000000000E+00
  0.000000000000E+00  0.000000000000E+00  0.000000000000E+00  0.000000000000E+00
  0.000000000000E+00  0.000000000000E+00  0.000000000000E+00  0.000000000000E+00
  0.000000000000E+00  0.000000000000E+00  0.000000000000E+00  0.000000000000E+00
  0.000000000000E+00  0.000000000000E+00  0.000000000000E+00  0.000000000000E+00
  0.000000000000E+00  0.000000000000E+00  0.000000000000E+00  0.000000000000E+00
  0.000000000000E+00  0.000000000000E+00  0.000000000000E+00  0.000000000000E+00
  0.000000000000E+00  0.000000000000E+00  0.000000000000E+00  0.000000000000E+00
  0.000000000000E+00  0.000000000000E+00  0.000000000000E+00  0.000000000000E+00
  0.000000000000E+00  0.000000000000E+00  0.000000000000E+00  0.000000000000E+00
  0.000000000000E+00  0.000000000000E+00  0.000000000000E+00  0.000000000000E+00
  0.000000000000E+00  0.000000000000E+00  0.000000000000E+00  0.000000000000E+00
  0.000000000000E+00  0.000000000000E+00  0.000000000000E+00  0.000000000000E+00
  0.000000000000E+00  0.000000000000E+00  0.000000000000E+00  0.000000000000E+00
  0.000000000000E+00  0.000000000000E+00  0.000000000000E+00  0.000000000000E+00
  0.000000000000E+00  0.000000000000E+00  0.000000000000E+00  0.000000000000E+00
  0.000000000000E+00  0.000000000000E+00  0.000000000000E+00  0.000000000000E+00
  0.000000000000E+00  0.000000000000E+00  0.000000000000E+00  0.000000000000E+00
  0.000000000000E+00  0.000000000000E+00  0.000000000000E+00  0.000000000000E+00
  0.000000000000E+00  0.000000000000E+00  0.000000000000E+00  0.000000000000E+00
  0.000000000000E+00  0.000000000000E+00  0.000000000000E+00  0.000000000000E+00
  0.000000000000E+00  0.000000000000E+00  0.000000000000E+00  0.000000000000E+00
  0.000000000000E+00  0.000000000000E+00  0.000000000000E+00  0.000000000000E+00
  0.000000000000E+00  0.000000000000E+00  0.000000000000E+00  0.000000000000E+00
  0.000000000000E+00  0.000000000000E+00  0.000000000000E+00  0.000000000000E+00
  0.000000000000E+00  0.000000000000E+00  0.000000000000E+00  0.000000000000E+00
  0.000000000000E+00  0.000000000000E+00  0.000000000000E+00  0.000000000000E+00
  0.000000000000E+00  0.000000000000E+00  0.000000000000E+00  0.000000000000E+00
  0.000000000000E+00  0.000000000000E+00  0.000000000000E+00  0.000000000000E+00
  0.000000000000E+00  0.000000000000E+00  0.000000000000E+00  0.000000000000E+00
  0.000000000000E+00  0.000000000000E+00  0.000000000000E+00  0.000000000000E+00
  0.000000000000E+00  0.000000000000E+00  0.000000000000E+00  0.000000000000E+00
  0.000000000000E+00  0.000000000000E+00  0.000000000000E+00  0.000000000000E+00
  0.000000000000E+00  0.000000000000E+00  0.000000000000E+00  0.000000000000E+00
  0.000000000000E+00  0.000000000000E+00  0.000000000000E+00  0.000000000000E+00
  0.000000000000E+00  0.000000000000E+00  0.000000000000E+00  0.000000000000E+00
  0.000000000000E+00  0.000000000000E+00  0.000000000000E+00  0.000000000000E+00
  0.000000000000E+00  0.000000000000E+00  0.000000000000E+00  0.000000000000E+00
  0.000000000000E+00  0.000000000000E+00  0.000000000000E+00  0.000000000000E+00
  0.000000000000E+00  0.000000000000E+00  0.000000000000E+00  0.000000000000E+00
  0.000000000000E+00  0.000000000000E+00  0.000000000000E+00  0.000000000000E+00
  0.000000000000E+00  0.000000000000E+00  0.000000000000E+00  0.000000000000E+00
  0.000000000000E+00  0.000000000000E+00  0.000000000000E+00  0.000000000000E+00
  0.000000000000E+00  0.000000000000E+00  0.000000000000E+00  0.000000000000E+00
  0.000000000000E+00  0.000000000000E+00  0.000000000000E+00  0.000000000000E+00
  0.000000000000E+00
