 N  pb nrl nc  
 converted from n_pbe_tm.UPF (UPF 2.0.1, semilocal norm-conserving)
 2s(  2.00) rc= 1.4158 2p(  3.00) rc= 1.4158 d(  0.00) rc= 1.4158
   3  0  933  8.928571428571E-04  1.219994341177E-02  5.000000000000E+00   nl nls nr a b zion
 Radial grid follows
  1.095952346769E-05  2.205357142857E-05  3.328379512591E-05  4.465186607143E-05
  5.615947629409E-05  6.780833859196E-05  7.960018678713E-05  9.153677598376E-05
  1.036198828293E-04  1.158513057791E-04  1.282328653638E-04  1.407664044604E-04
  1.534537885669E-04  1.662969060792E-04  1.792976685730E-04  1.924580110879E-04
  2.057798924154E-04  2.192652953904E-04  2.329162271866E-04  2.467347196151E-04
  2.607228294267E-04  2.748826386181E-04  2.892162547421E-04  3.037258112206E-04
  3.184134676628E-04  3.332814101863E-04  3.483318517426E-04  3.635670324465E-04
  3.789892199092E-04  3.946007095765E-04  4.104038250696E-04  4.264009185316E-04
  4.425943709773E-04  4.589865926479E-04  4.755800233691E-04  4.923771329148E-04
  5.093804213748E-04  5.265924195264E-04  5.440156892114E-04  5.616528237173E-04
  5.795064481635E-04  5.975792198917E-04  6.158738288617E-04  6.343929980516E-04
  6.531394838631E-04  6.721160765320E-04  6.913256005431E-04  7.107709150509E-04
  7.304549143051E-04  7.503805280813E-04  7.705507221170E-04  7.909684985534E-04
  8.116368963819E-04  8.325589918963E-04  8.537378991511E-04  8.751767704247E-04
  8.968787966887E-04  9.188472080828E-04  9.410852743955E-04  9.635963055510E-04
  9.863836521016E-04  1.009450705727E-03  1.032800899737E-03  1.056437709587E-03
  1.080364653389E-03  1.104585292442E-03  1.129103231756E-03  1.153922120594E-03
  1.179045653009E-03  1.204477568401E-03  1.230221652067E-03  1.256281735769E-03
  1.282661698302E-03  1.309365466071E-03  1.336397013679E-03  1.363760364512E-03
  1.391459591345E-03  1.419498816944E-03  1.447882214680E-03  1.476614009151E-03
  1.505698476811E-03  1.535139946606E-03  1.564942800617E-03  1.595111474715E-03
  1.625650459221E-03  1.656564299569E-03  1.687857596992E-03  1.719535009197E-03
  1.751601251066E-03  1.784061095353E-03  1.816919373396E-03  1.850180975837E-03
  1.883850853348E-03  1.917934017369E-03  1.952435540854E-03  1.987360559026E-03
  2.022714270141E-03  2.058501936263E-03  2.094728884042E-03  2.131400505517E-03
  2.168522258907E-03  2.206099669432E-03  2.244138330130E-03  2.282643902695E-03
  2.321622118313E-03  2.361078778520E-03  2.401019756064E-03  2.441450995778E-03
  2.482378515468E-03  2.523808406803E-03  2.565746836228E-03  2.608200045879E-03
  2.651174354512E-03  2.694676158441E-03  2.738711932497E-03  2.783288230983E-03
  2.828411688658E-03  2.874089021717E-03  2.920327028796E-03  2.967132591982E-03
  3.014512677836E-03  3.062474338433E-03  3.111024712407E-03  3.160171026020E-03
  3.209920594232E-03  3.260280821792E-03  3.311259204338E-03  3.362863329518E-03
  3.415100878114E-03  3.467979625186E-03  3.521507441232E-03  3.575692293357E-03
  3.630542246459E-03  3.686065464431E-03  3.742270211375E-03  3.799164852831E-03
  3.856757857025E-03  3.915057796125E-03  3.974073347522E-03  4.033813295118E-03
  4.094286530634E-03  4.155502054936E-03  4.217468979369E-03  4.280196527121E-03
  4.343694034588E-03  4.407970952770E-03  4.473036848671E-03  4.538901406732E-03
  4.605574430262E-03  4.673065842906E-03  4.741385690118E-03  4.810544140655E-03
  4.880551488093E-03  4.951418152358E-03  5.023154681277E-03  5.095771752149E-03
  5.169280173333E-03  5.243690885856E-03  5.319014965043E-03  5.395263622165E-03
  5.472448206108E-03  5.550580205061E-03  5.629671248228E-03  5.709733107555E-03
  5.790777699487E-03  5.872817086740E-03  5.955863480093E-03  6.039929240211E-03
  6.125026879480E-03  6.211169063873E-03  6.298368614832E-03  6.386638511179E-03
  6.475991891047E-03  6.566442053834E-03  6.658002462184E-03  6.750686743992E-03
  6.844508694429E-03  6.939482277997E-03  7.035621630610E-03  7.132941061692E-03
  7.231455056314E-03  7.331178277345E-03  7.432125567634E-03  7.534311952224E-03
  7.637752640583E-03  7.742463028872E-03  7.848458702234E-03  7.955755437114E-03
  8.064369203608E-03  8.174316167839E-03  8.285612694365E-03  8.398275348613E-03
  8.512320899345E-03  8.627766321153E-03  8.744628796987E-03  8.862925720714E-03
  8.982674699701E-03  9.103893557444E-03  9.226600336213E-03  9.350813299741E-03
  9.476550935946E-03  9.603831959674E-03  9.732675315492E-03  9.863100180506E-03
  9.995125967213E-03  1.012877232639E-02  1.026405915003E-02  1.040100657428E-02
  1.053963498247E-02  1.067996500810E-02  1.082201753796E-02  1.096581371523E-02
  1.111137494258E-02  1.125872288542E-02  1.140787947509E-02  1.155886691212E-02
  1.171170766955E-02  1.186642449628E-02  1.202304042042E-02  1.218157875276E-02
  1.234206309023E-02  1.250451731938E-02  1.266896561999E-02  1.283543246860E-02
  1.300394264223E-02  1.317452122201E-02  1.334719359692E-02  1.352198546762E-02
  1.369892285019E-02  1.387803208010E-02  1.405933981602E-02  1.424287304390E-02
  1.442865908091E-02  1.461672557952E-02  1.480710053163E-02  1.499981227276E-02
  1.519488948619E-02  1.539236120732E-02  1.559225682793E-02  1.579460610057E-02
  1.599943914301E-02  1.620678644269E-02  1.641667886127E-02  1.662914763925E-02
  1.684422440057E-02  1.706194115737E-02  1.728233031470E-02  1.750542467538E-02
  1.773125744490E-02  1.795986223629E-02  1.819127307522E-02  1.842552440496E-02
  1.866265109160E-02  1.890268842919E-02  1.914567214499E-02  1.939163840482E-02
  1.964062381840E-02  1.989266544485E-02  2.014780079815E-02  2.040606785276E-02
  2.066750504929E-02  2.093215130016E-02  2.120004599543E-02  2.147122900870E-02
  2.174574070295E-02  2.202362193664E-02  2.230491406974E-02  2.258965896990E-02
  2.287789901869E-02  2.316967711789E-02  2.346503669588E-02  2.376402171413E-02
  2.406667667370E-02  2.437304662190E-02  2.468317715897E-02  2.499711444489E-02
  2.531490520622E-02  2.563659674310E-02  2.596223693625E-02  2.629187425409E-02
  2.662555776000E-02  2.696333711959E-02  2.730526260810E-02  2.765138511787E-02
  2.800175616595E-02  2.835642790171E-02  2.871545311468E-02  2.907888524232E-02
  2.944677837804E-02  2.981918727923E-02  3.019616737540E-02  3.057777477646E-02
  3.096406628101E-02  3.135509938486E-02  3.175093228957E-02  3.215162391110E-02
  3.255723388856E-02  3.296782259313E-02  3.338345113703E-02  3.380418138261E-02
  3.423007595154E-02  3.466119823419E-02  3.509761239898E-02  3.553938340200E-02
  3.598657699666E-02  3.643925974346E-02  3.689749901991E-02  3.736136303055E-02
  3.783092081713E-02  3.830624226883E-02  3.878739813274E-02  3.927446002430E-02
  3.976750043804E-02  4.026659275833E-02  4.077181127029E-02  4.128323117089E-02
  4.180092858010E-02  4.232498055224E-02  4.285546508746E-02  4.339246114331E-02
  4.393604864654E-02  4.448630850498E-02  4.504332261954E-02  4.560717389648E-02
  4.617794625967E-02  4.675572466315E-02  4.734059510372E-02  4.793264463376E-02
  4.853196137421E-02  4.913863452764E-02  4.975275439158E-02  5.037441237190E-02
  5.100370099648E-02  5.164071392892E-02  5.228554598252E-02  5.293829313439E-02
  5.359905253972E-02  5.426792254624E-02  5.494500270888E-02  5.563039380456E-02
  5.632419784721E-02  5.702651810296E-02  5.773745910547E-02  5.845712667153E-02
  5.918562791680E-02  5.992307127175E-02  6.066956649778E-02  6.142522470359E-02
  6.219015836170E-02  6.296448132519E-02  6.374830884466E-02  6.454175758536E-02
  6.534494564455E-02  6.615799256914E-02  6.698101937340E-02  6.781414855703E-02
  6.865750412335E-02  6.951121159782E-02  7.037539804663E-02  7.125019209571E-02
  7.213572394981E-02  7.303212541190E-02  7.393952990280E-02  7.485807248101E-02
  7.578788986283E-02  7.672912044271E-02  7.768190431387E-02  7.864638328908E-02
  7.962270092185E-02  8.061100252775E-02  8.161143520605E-02  8.262414786161E-02
  8.364929122706E-02  8.468701788522E-02  8.573748229180E-02  8.680084079841E-02
  8.787725167584E-02  8.896687513756E-02  9.006987336366E-02  9.118641052489E-02
  9.231665280717E-02  9.346076843628E-02  9.461892770294E-02  9.579130298809E-02
  9.697806878863E-02  9.817940174332E-02  9.939548065913E-02  1.006264865378E-01
  1.018726026028E-01  1.031340143267E-01  1.044109094586E-01  1.057034780520E-01
  1.070119124936E-01  1.083364075313E-01  1.096771603036E-01  1.110343703688E-01
  1.124082397346E-01  1.137989728883E-01  1.152067768274E-01  1.166318610901E-01
  1.180744377865E-01  1.195347216305E-01  1.210129299713E-01  1.225092828262E-01
  1.240240029130E-01  1.255573156834E-01  1.271094493564E-01  1.286806349522E-01
  1.302711063269E-01  1.318811002069E-01  1.335108562246E-01  1.351606169535E-01
  1.368306279448E-01  1.385211377637E-01  1.402323980264E-01  1.419646634379E-01
  1.437181918291E-01  1.454932441962E-01  1.472900847387E-01  1.491089808993E-01
  1.509502034032E-01  1.528140262989E-01  1.547007269987E-01  1.566105863199E-01
  1.585438885270E-01  1.605009213735E-01  1.624819761450E-01  1.644873477028E-01
  1.665173345272E-01  1.685722387625E-01  1.706523662615E-01  1.727580266314E-01
  1.748895332796E-01  1.770472034606E-01  1.792313583230E-01  1.814423229575E-01
  1.836804264450E-01  1.859460019060E-01  1.882393865496E-01  1.905609217245E-01
  1.929109529688E-01  1.952898300625E-01  1.976979070786E-01  2.001355424365E-01
  2.026030989549E-01  2.051009439061E-01  2.076294490705E-01  2.101889907920E-01
  2.127799500340E-01  2.154027124360E-01  2.180576683712E-01  2.207452130046E-01
  2.234657463514E-01  2.262196733372E-01  2.290074038577E-01  2.318293528401E-01
  2.346859403044E-01  2.375775914266E-01  2.405047366014E-01  2.434678115063E-01
  2.464672571669E-01  2.495035200219E-01  2.525770519903E-01  2.556883105379E-01
  2.588377587459E-01  2.620258653796E-01  2.652531049584E-01  2.685199578259E-01
  2.718269102223E-01  2.751744543557E-01  2.785630884762E-01  2.819933169497E-01
  2.854656503330E-01  2.889806054498E-01  2.925387054676E-01  2.961404799758E-01
  2.997864650641E-01  3.034772034026E-01  3.072132443226E-01  3.109951438981E-01
  3.148234650288E-01  3.186987775238E-01  3.226216581865E-01  3.265926909001E-01
  3.306124667151E-01  3.346815839368E-01  3.388006482144E-01  3.429702726314E-01
  3.471910777967E-01  3.514636919368E-01  3.557887509897E-01  3.601668986991E-01
  3.645987867106E-01  3.690850746684E-01  3.736264303138E-01  3.782235295841E-01
  3.828770567139E-01  3.875877043363E-01  3.923561735862E-01  3.971831742048E-01
  4.020694246452E-01  4.070156521791E-01  4.120225930054E-01  4.170909923594E-01
  4.222216046240E-01  4.274151934421E-01  4.326725318297E-01  4.379944022915E-01
  4.433815969373E-01  4.488349175996E-01  4.543551759531E-01  4.599431936357E-01
  4.655998023706E-01  4.713258440899E-01  4.771221710605E-01  4.829896460104E-01
  4.889291422572E-01  4.949415438383E-01  5.010277456423E-01  5.071886535425E-01
  5.134251845311E-01  5.197382668564E-01  5.261288401605E-01  5.325978556192E-01
  5.391462760839E-01  5.457750762244E-01  5.524852426746E-01  5.592777741786E-01
  5.661536817401E-01  5.731139887722E-01  5.801597312505E-01  5.872919578663E-01
  5.945117301838E-01  6.018201227971E-01  6.092182234908E-01  6.167071334016E-01
  6.242879671824E-01  6.319618531680E-01  6.397299335432E-01  6.475933645127E-01
  6.555533164732E-01  6.636109741876E-01  6.717675369615E-01  6.800242188215E-01
  6.883822486959E-01  6.968428705978E-01  7.054073438101E-01  7.140769430730E-01
  7.228529587736E-01  7.317366971383E-01  7.407294804268E-01  7.498326471291E-01
  7.590475521647E-01  7.683755670846E-01  7.778180802746E-01  7.873764971630E-01
  7.970522404289E-01  8.068467502143E-01  8.167614843389E-01  8.267979185161E-01
  8.369575465735E-01  8.472418806748E-01  8.576524515453E-01  8.681908086989E-01
  8.788585206699E-01  8.896571752452E-01  9.005883797018E-01  9.116537610452E-01
  9.228549662519E-01  9.341936625145E-01  9.456715374897E-01  9.572902995500E-01
  9.690516780372E-01  9.809574235203E-01  9.930093080561E-01  1.005209125453E+00
  1.017558691537E+00  1.030059844423E+00  1.042714444789E+00  1.055524376151E+00
  1.068491545147E+00  1.081617881814E+00  1.094905339883E+00  1.108355897066E+00
  1.121971555350E+00  1.135754341295E+00  1.149706306338E+00  1.163829527096E+00
  1.178126105676E+00  1.192598169987E+00  1.207247874058E+00  1.222077398357E+00
  1.237088950119E+00  1.252284763668E+00  1.267667100758E+00  1.283238250902E+00
  1.299000531718E+00  1.314956289271E+00  1.331107898423E+00  1.347457763187E+00
  1.364008317085E+00  1.380762023509E+00  1.397721376089E+00  1.414888899062E+00
  1.432267147650E+00  1.449858708440E+00  1.467666199768E+00  1.485692272110E+00
  1.503939608474E+00  1.522410924802E+00  1.541108970374E+00  1.560036528216E+00
  1.579196415514E+00  1.598591484035E+00  1.618224620549E+00  1.638098747262E+00
  1.658216822248E+00  1.678581839891E+00  1.699196831329E+00  1.720064864907E+00
  1.741189046634E+00  1.762572520642E+00  1.784218469657E+00  1.806130115473E+00
  1.828310719429E+00  1.850763582897E+00  1.873492047771E+00  1.896499496966E+00
  1.919789354922E+00  1.943365088112E+00  1.967230205560E+00  1.991388259360E+00
  2.015842845209E+00  2.040597602938E+00  2.065656217057E+00  2.091022417302E+00
  2.116699979189E+00  2.142692724580E+00  2.169004522247E+00  2.195639288449E+00
  2.222600987518E+00  2.249893632445E+00  2.277521285481E+00  2.305488058738E+00
  2.333798114804E+00  2.362455667360E+00  2.391464981811E+00  2.420830375915E+00
  2.450556220433E+00  2.480646939772E+00  2.511107012649E+00  2.541940972756E+00
  2.573153409433E+00  2.604748968354E+00  2.636732352217E+00  2.669108321444E+00
  2.701881694889E+00  2.735057350555E+00  2.768640226324E+00  2.802635320685E+00
  2.837047693485E+00  2.871882466678E+00  2.907144825086E+00  2.942840017176E+00
  2.978973355837E+00  3.015550219172E+00  3.052576051298E+00  3.090056363157E+00
  3.127996733336E+00  3.166402808898E+00  3.205280306221E+00  3.244635011849E+00
  3.284472783356E+00  3.324799550213E+00  3.365621314676E+00  3.406944152675E+00
  3.448774214720E+00  3.491117726818E+00  3.533980991395E+00  3.577370388241E+00
  3.621292375454E+00  3.665753490402E+00  3.710760350699E+00  3.756319655187E+00
  3.802438184933E+00  3.849122804241E+00  3.896380461672E+00  3.944218191077E+00
  3.992643112647E+00  4.041662433969E+00  4.091283451101E+00  4.141513549659E+00
  4.192360205914E+00  4.243830987907E+00  4.295933556572E+00  4.348675666880E+00
  4.402065168991E+00  4.456110009423E+00  4.510818232236E+00  4.566197980227E+00
  4.622257496144E+00  4.679005123910E+00  4.736449309870E+00  4.794598604042E+00
  4.853461661395E+00  4.913047243134E+00  4.973364218003E+00  5.034421563610E+00
  5.096228367759E+00  5.158793829803E+00  5.222127262014E+00  5.286238090971E+00
  5.351135858957E+00  5.416830225389E+00  5.483330968245E+00  5.550647985527E+00
  5.618791296732E+00  5.687771044341E+00  5.757597495333E+00  5.828281042708E+00
  5.899832207039E+00  5.972261638034E+00  6.045580116124E+00  6.119798554065E+00
  6.194927998564E+00  6.270979631922E+00  6.347964773700E+00  6.425894882402E+00
  6.504781557182E+00  6.584636539569E+00  6.665471715216E+00  6.747299115668E+00
  6.830130920153E+00  6.913979457396E+00  6.998857207452E+00  7.084776803565E+00
  7.171751034048E+00  7.259792844185E+00  7.348915338160E+00  7.439131781007E+00
  7.530455600584E+00  7.622900389570E+00  7.716479907490E+00  7.811208082763E+00
  7.907099014776E+00  8.004166975979E+00  8.102426414013E+00  8.201891953857E+00
  8.302578400010E+00  8.404500738689E+00  8.507674140062E+00  8.612113960506E+00
  8.717835744893E+00  8.824855228902E+00  8.933188341363E+00  9.042851206627E+00
  9.153860146966E+00  9.266231685002E+00  9.379982546168E+00  9.495129661193E+00
  9.611690168630E+00  9.729681417396E+00  9.849120969366E+00  9.970026601977E+00
  1.009241631088E+01  1.021630831262E+01  1.034172104733E+01  1.046867318151E+01
  1.059718361077E+01  1.072727146267E+01  1.085895609953E+01  1.099225712136E+01
  1.112719436876E+01  1.126378792583E+01  1.140205812324E+01  1.154202554117E+01
  1.168371101245E+01  1.182713562561E+01  1.197232072803E+01  1.211928792914E+01
  1.226805910359E+01  1.241865639456E+01  1.257110221702E+01  1.272541926107E+01
  1.288163049535E+01  1.303975917039E+01  1.319982882216E+01  1.336186327547E+01
  1.352588664763E+01  1.369192335195E+01  1.385999810140E+01  1.403013591231E+01
  1.420236210808E+01  1.437670232292E+01  1.455318250572E+01  1.473182892387E+01
  1.491266816718E+01  1.509572715186E+01  1.528103312448E+01  1.546861366608E+01
  1.565849669623E+01  1.585071047720E+01  1.604528361820E+01  1.624224507956E+01
  1.644162417714E+01  1.664345058660E+01  1.684775434788E+01  1.705456586966E+01
  1.726391593385E+01  1.747583570021E+01  1.769035671099E+01  1.790751089558E+01
  1.812733057532E+01  1.834984846827E+01  1.857509769410E+01  1.880311177901E+01
  1.903392466072E+01  1.926757069352E+01  1.950408465341E+01  1.974350174322E+01
  1.998585759792E+01  2.023118828985E+01  2.047953033416E+01  2.073092069418E+01
  2.098539678698E+01  2.124299648890E+01  2.150375814119E+01  2.176772055575E+01
  2.203492302085E+01  2.230540530705E+01  2.257920767304E+01  2.285637087170E+01
  2.313693615613E+01  2.342094528580E+01  2.370844053276E+01  2.399946468793E+01
  2.429406106749E+01  2.459227351930E+01  2.489414642943E+01  2.519972472880E+01
  2.550905389981E+01  2.582217998317E+01  2.613914958471E+01  2.646000988232E+01
  2.678480863302E+01  2.711359417999E+01  2.744641545983E+01  2.778332200981E+01
  2.812436397526E+01  2.846959211702E+01  2.881905781902E+01  2.917281309588E+01
  2.953091060072E+01  2.989340363292E+01  3.026034614613E+01  3.063179275623E+01
  3.100779874951E+01  3.138842009088E+01  3.177371343219E+01  3.216373612069E+01
  3.255854620754E+01  3.295820245645E+01  3.336276435244E+01  3.377229211069E+01
  3.418684668551E+01  3.460648977940E+01  3.503128385222E+01  3.546129213052E+01
  3.589657861694E+01  3.633720809971E+01  3.678324616235E+01  3.723475919335E+01
  3.769181439613E+01  3.815447979900E+01  3.862282426528E+01  3.909691750360E+01
  3.957683007821E+01  4.006263341951E+01  4.055439983471E+01  4.105220251855E+01
  4.155611556420E+01  4.206621397433E+01  4.258257367221E+01  4.310527151306E+01
  4.363438529548E+01  4.416999377301E+01  4.471217666585E+01  4.526101467277E+01
  4.581658948307E+01  4.637898378876E+01  4.694828129687E+01  4.752456674191E+01
  4.810792589848E+01  4.869844559401E+01  4.929621372174E+01  4.990131925375E+01
  5.051385225424E+01  5.113390389289E+01  5.176156645849E+01  5.239693337262E+01
  5.304009920359E+01  5.369115968049E+01  5.435021170749E+01  5.501735337817E+01
  5.569268399023E+01  5.637630406019E+01  5.706831533836E+01  5.776882082404E+01
  5.847792478079E+01  5.919573275197E+01  5.992235157645E+01  6.065788940451E+01
  6.140245571396E+01  6.215616132638E+01  6.291911842367E+01  6.369144056471E+01
  6.447324270230E+01  6.526464120023E+01  6.606575385062E+01  6.687669989145E+01
  6.769760002430E+01  6.852857643234E+01  6.936975279847E+01  7.022125432379E+01
  7.108320774617E+01  7.195574135916E+01  7.283898503107E+01  7.373307022430E+01
  7.463813001491E+01  7.555429911241E+01  7.648171387985E+01  7.742051235406E+01
  7.837083426625E+01
 Pseudopotential follows (l on next line)
 0
 -1.042827249464E-04 -2.098454922948E-04 -3.167040212830E-04 -4.248742245337E-04
 -5.343722104489E-04 -6.452142856343E-04 -7.574169573544E-04 -8.709969360185E-04
 -9.859711376988E-04 -1.102356686680E-03 -1.220170918041E-03 -1.339431380269E-03
 -1.460155837909E-03 -1.582362274245E-03 -1.706068894016E-03 -1.831294126164E-03
 -1.958056626624E-03 -2.086375281141E-03 -2.216269208130E-03 -2.347757761569E-03
 -2.480860533929E-03 -2.615597359143E-03 -2.751988315613E-03 -2.890053729254E-03
 -3.029814176582E-03 -3.171290487833E-03 -3.314503750131E-03 -3.459475310692E-03
 -3.606226780074E-03 -3.754780035459E-03 -3.905157223992E-03 -4.057380766154E-03
 -4.211473359176E-03 -4.367457980509E-03 -4.525357891329E-03 -4.685196640092E-03
 -4.846998066135E-03 -5.010786303325E-03 -5.176585783752E-03 -5.344421241478E-03
 -5.514317716328E-03 -5.686300557737E-03 -5.860395428640E-03 -6.036628309423E-03
 -6.215025501921E-03 -6.395613633469E-03 -6.578419661008E-03 -6.763470875248E-03
 -6.950794904881E-03 -7.140419720857E-03 -7.332373640715E-03 -7.526685332969E-03
 -7.723383821556E-03 -7.922498490349E-03 -8.124059087719E-03 -8.328095731173E-03
 -8.534639048701E-03 -8.743719785468E-03 -8.955369133458E-03 -9.169618728967E-03
 -9.386500600250E-03 -9.606047172314E-03 -9.828291341419E-03 -1.005326637304E-02
 -1.028100585796E-02 -1.051154386384E-02 -1.074491488033E-02 -1.098115382411E-02
 -1.122029604403E-02 -1.146237732616E-02 -1.170743389897E-02 -1.195550245636E-02
 -1.220662070458E-02 -1.246082575489E-02 -1.271815567190E-02 -1.297864898995E-02
 -1.324234471838E-02 -1.350928234683E-02 -1.377950296392E-02 -1.405304612788E-02
 -1.432995281616E-02 -1.461026451763E-02 -1.489402323580E-02 -1.518127320292E-02
 -1.547205601137E-02 -1.576641524927E-02 -1.606439503728E-02 -1.636604142441E-02
 -1.667139950733E-02 -1.698051416649E-02 -1.729343174978E-02 -1.761020088301E-02
 -1.793086917840E-02 -1.825548337396E-02 -1.858409215203E-02 -1.891674796928E-02
 -1.925349908067E-02 -1.959439505840E-02 -1.993948793886E-02 -2.028883320667E-02
 -2.064247937820E-02 -2.100047950704E-02 -2.136289230334E-02 -2.172976951526E-02
 -2.210116470006E-02 -2.247713728489E-02 -2.285774496394E-02 -2.324304092016E-02
 -2.363308567761E-02 -2.402794259061E-02 -2.442766462015E-02 -2.483231397571E-02
 -2.524195902307E-02 -2.565665281653E-02 -2.607646010966E-02 -2.650145315372E-02
 -2.693168562749E-02 -2.736722603292E-02 -2.780814876250E-02 -2.825450893188E-02
 -2.870638043345E-02 -2.916383726579E-02 -2.962693715533E-02 -3.009576157662E-02
 -3.057038059782E-02 -3.105085618980E-02 -3.153728028601E-02 -3.202971423121E-02
 -3.252822788637E-02 -3.303292306939E-02 -3.354385034335E-02 -3.406109801173E-02
 -3.458475539663E-02 -3.511488113563E-02 -3.565158163015E-02 -3.619492513698E-02
 -3.674498606891E-02 -3.730188395551E-02 -3.786566616277E-02 -3.843644123712E-02
 -3.901429879789E-02 -3.959930212695E-02 -4.019159172316E-02 -4.079121247877E-02
 -4.139827563229E-02 -4.201288845756E-02 -4.263510793460E-02 -4.326509083735E-02
 -4.390288197181E-02 -4.454860111861E-02 -4.520236482907E-02 -4.586422685752E-02
 -4.653437053185E-02 -4.721282519266E-02 -4.789973552719E-02 -4.859521216048E-02
 -4.929931940347E-02 -5.001225942821E-02 -5.073404467805E-02 -5.146486295586E-02
 -5.220479404910E-02 -5.295394379148E-02 -5.371249395533E-02 -5.448046449299E-02
 -5.525810491273E-02 -5.604542575479E-02 -5.684261467779E-02 -5.764979355845E-02
 -5.846703916316E-02 -5.929459854990E-02 -6.013245370179E-02 -6.098090099721E-02
 -6.183994340943E-02 -6.270979180427E-02 -6.359058272022E-02 -6.448239356613E-02
 -6.538551083077E-02 -6.629988537456E-02 -6.722590031724E-02 -6.816349263062E-02
 -6.911295830322E-02 -7.007438989166E-02 -7.104792767512E-02 -7.203383878814E-02
 -7.303208834683E-02 -7.404313865420E-02 -7.506682976434E-02 -7.610362787012E-02
 -7.715347446563E-02 -7.821668525782E-02 -7.929339801379E-02 -8.038373153131E-02
 -8.148804308513E-02 -8.260623080301E-02 -8.373889655432E-02 -8.488577041885E-02
 -8.604749108743E-02 -8.722388086023E-02 -8.841540679394E-02 -8.962212752372E-02
 -9.084427293816E-02 -9.208216541495E-02 -9.333576971090E-02 -9.460570139655E-02
 -9.589163006143E-02 -9.719449604940E-02 -9.851378409975E-02 -9.985036559339E-02
 -1.012039610624E-01 -1.025751838671E-01 -1.039640539795E-01 -1.053708843651E-01
 -1.067960274916E-01 -1.082394623307E-01 -1.097019090665E-01 -1.111829769020E-01
 -1.126837911668E-01 -1.142036213726E-01 -1.157438334656E-01 -1.173036583676E-01
 -1.188842651045E-01 -1.204852351416E-01 -1.221073869884E-01 -1.237506898493E-01
 -1.254155741109E-01 -1.271024358963E-01 -1.288112779023E-01 -1.305429642876E-01
 -1.322970285907E-01 -1.340748459845E-01 -1.358754375662E-01 -1.377007342566E-01
 -1.395493582608E-01 -1.414233670169E-01 -1.433215241126E-01 -1.452455691251E-01
 -1.471947152395E-01 -1.491702546432E-01 -1.511718914017E-01 -1.532004290238E-01
 -1.552561047488E-01 -1.573391912120E-01 -1.594505018562E-01 -1.615897356377E-01
 -1.637583256393E-01 -1.659553540745E-01 -1.681829171195E-01 -1.704394373377E-01
 -1.727277170138E-01 -1.750455493699E-01 -1.773962671182E-01 -1.797774632266E-01
 -1.821922114533E-01 -1.846386411978E-01 -1.871192971374E-01 -1.896328818155E-01
 -1.921813749517E-01 -1.947640872688E-01 -1.973823995597E-01 -2.000362634172E-01
 -2.027264293417E-01 -2.054535193965E-01 -2.082176258050E-01 -2.110200667804E-01
 -2.138602525281E-01 -2.167402182554E-01 -2.196586735990E-01 -2.226183857685E-01
 -2.256173515069E-01 -2.286590781098E-01 -2.317408444475E-01 -2.348668978895E-01
 -2.380338655922E-01 -2.412465378763E-01 -2.445013568375E-01 -2.478027766625E-01
 -2.511478687362E-01 -2.545404736297E-01 -2.579782969489E-01 -2.614645631918E-01
 -2.649976087284E-01 -2.685800482988E-01 -2.722108360413E-01 -2.758919931950E-01
 -2.796230679449E-01 -2.834055154303E-01 -2.872394422263E-01 -2.911257771386E-01
 -2.950651363220E-01 -2.990579756040E-01 -3.031053575477E-01 -3.072073331523E-01
 -3.113653326814E-01 -3.155790864174E-01 -3.198502969586E-01 -3.241784750472E-01
 -3.285654825521E-01 -3.330107299303E-01 -3.375161066271E-01 -3.420810610412E-01
 -3.467073590764E-01 -3.513946450175E-01 -3.561443900608E-01 -3.609566126014E-01
 -3.658322974924E-01 -3.707720279701E-01 -3.757761146191E-01 -3.808458298557E-01
 -3.859807978803E-01 -3.911829196195E-01 -3.964512152204E-01 -4.017881128574E-01
 -4.071921350583E-01 -4.126661204348E-01 -4.182082161203E-01 -4.238215388909E-01
 -4.295039983542E-01 -4.352588420371E-01 -4.410838951427E-01 -4.469823739719E-01
 -4.529521870407E-01 -4.589963437305E-01 -4.651130172529E-01 -4.713048217861E-01
 -4.775703890660E-01 -4.839117386078E-01 -4.903281654362E-01 -4.968208854680E-01
 -5.033900709192E-01 -5.100359176772E-01 -5.167596961077E-01 -5.235603603957E-01
 -5.304405047203E-01 -5.373976171524E-01 -5.444358434542E-01 -5.515509811658E-01
 -5.587489546841E-01 -5.660236495276E-01 -5.733829920505E-01 -5.808187402750E-01
 -5.883410389429E-01 -5.959393123307E-01 -6.036261298388E-01 -6.113883882501E-01
 -6.192412744151E-01 -6.271689796654E-01 -6.351894842971E-01 -6.432841152692E-01
 -6.514738022674E-01 -6.597368711296E-01 -6.680973336985E-01 -6.765304030801E-01
 -6.850632799302E-01 -6.936679808748E-01 -7.023749732563E-01 -7.111530237533E-01
 -7.200359131417E-01 -7.289891370096E-01 -7.380498032398E-01 -7.471801491162E-01
 -7.564205887403E-01 -7.657301489124E-01 -7.751517833611E-01 -7.846435223307E-01
 -7.942482621815E-01 -8.039249881033E-01 -8.137152855012E-01 -8.235796318697E-01
 -8.335581391509E-01 -8.436129380903E-01 -8.537825231233E-01 -8.640308191688E-01
 -8.743945789982E-01 -8.848396411913E-01 -8.954009136896E-01 -9.060462457132E-01
 -9.168086189590E-01 -9.276579670561E-01 -9.386252861847E-01 -9.496826446292E-01
 -9.608590159316E-01 -9.721286298527E-01 -9.835184219410E-01 -9.950047873418E-01
 -1.006612629246E+00 -1.018320490107E+00 -1.030151266228E+00 -1.042085608638E+00
 -1.054144450537E+00 -1.066310493858E+00 -1.078602768944E+00 -1.091005954092E+00
 -1.103537251331E+00 -1.116183226301E+00 -1.128959339169E+00 -1.141853942040E+00
 -1.154880848991E+00 -1.168030088715E+00 -1.181313931556E+00 -1.194723966892E+00
 -1.208271027514E+00 -1.221948144582E+00 -1.235764820579E+00 -1.249715409563E+00
 -1.263808189362E+00 -1.278038720968E+00 -1.292414159155E+00 -1.306931161506E+00
 -1.321595855102E+00 -1.336405891823E+00 -1.351366458333E+00 -1.366476108633E+00
 -1.381739166753E+00 -1.397155008364E+00 -1.412727162273E+00 -1.428455758184E+00
 -1.444343586404E+00 -1.460391476342E+00 -1.476601526200E+00 -1.492975223888E+00
 -1.509514012628E+00 -1.526220009860E+00 -1.543094033511E+00 -1.560138812143E+00
 -1.577354563264E+00 -1.594744616221E+00 -1.612308611653E+00 -1.630050474099E+00
 -1.647969293887E+00 -1.666069585685E+00 -1.684349924307E+00 -1.702815404927E+00
 -1.721464135963E+00 -1.740301772948E+00 -1.759326028292E+00 -1.778543080372E+00
 -1.797950345027E+00 -1.817554460924E+00 -1.837352684360E+00 -1.857352018229E+00
 -1.877549743167E+00 -1.897953087542E+00 -1.918559596917E+00 -1.939376533870E+00
 -1.960402016567E+00 -1.981643087675E+00 -2.003098823457E+00 -2.024775718958E+00
 -2.046674282820E+00 -2.068800050163E+00 -2.091155536096E+00 -2.113744807874E+00
 -2.136573071838E+00 -2.159642312842E+00 -2.182961234457E+00 -2.206529007362E+00
 -2.230358769585E+00 -2.254446018506E+00 -2.278809404259E+00 -2.303439755108E+00
 -2.328362459481E+00 -2.353562535707E+00 -2.379073491956E+00 -2.404873243813E+00
 -2.431004960790E+00 -2.457438005673E+00 -2.484226913577E+00 -2.511330884143E+00
 -2.538817684411E+00 -2.566634580044E+00 -2.594864593649E+00 -2.623441129200E+00
 -2.652464635538E+00 -2.681852579007E+00 -2.711725134660E+00 -2.741981622418E+00
 -2.772764345260E+00 -2.803952159429E+00 -2.835711958639E+00 -2.867899746087E+00
 -2.900709472633E+00 -2.933971878844E+00 -2.967910363922E+00 -3.002328047771E+00
 -3.037479988951E+00 -3.073139476602E+00 -3.109595123805E+00 -3.146588452455E+00
 -3.184443039663E+00 -3.222867136023E+00 -3.262220001897E+00 -3.302175738465E+00
 -3.343129082822E+00 -3.384719960131E+00 -3.427377197305E+00 -3.470707616550E+00
 -3.515171315476E+00 -3.560344437591E+00 -3.606713886333E+00 -3.653829124875E+00
 -3.702197626869E+00 -3.751347895365E+00 -3.801799994864E+00 -3.853068922545E+00
 -3.905677859948E+00 -3.959137294389E+00 -4.013963091599E+00 -4.069671304250E+00
 -4.126759948767E+00 -4.184761021214E+00 -4.244145220130E+00 -4.304470078896E+00
 -4.366171954370E+00 -4.428841404892E+00 -4.492877277274E+00 -4.557907142354E+00
 -4.624294200785E+00 -4.691702305195E+00 -4.760466544211E+00 -4.830280857772E+00
 -4.901465250917E+00 -4.973732101496E+00 -5.047403702399E+00 -5.122194713138E+00
 -5.198449323226E+00 -5.275865713409E+00 -5.354828982626E+00 -5.435002138624E+00
 -5.516826438523E+00 -5.599914165635E+00 -5.684771180878E+00 -5.770949666459E+00
 -5.859019235565E+00 -5.948471329641E+00 -6.039927485266E+00 -6.132828297899E+00
 -6.227823629065E+00 -6.324324581806E+00 -6.422973965423E+00 -6.523186328584E+00
 -6.625550825240E+00 -6.729529501023E+00 -6.835600884717E+00 -6.943328865452E+00
 -7.053014958966E+00 -7.164388598005E+00 -7.277499384807E+00 -7.392314430284E+00
 -7.508548841398E+00 -7.626487126371E+00 -7.745420454796E+00 -7.866037206228E+00
 -7.987109261181E+00 -8.109821161842E+00 -8.232325512022E+00 -8.356399895318E+00
 -8.479474838057E+00 -8.604020689961E+00 -8.726642899919E+00 -8.850604663779E+00
 -8.971586803621E+00 -9.093742316010E+00 -9.211736216603E+00 -9.330700429996E+00
 -9.444207751163E+00 -9.558444203801E+00 -9.665836744557E+00 -9.773678994657E+00
 -9.873231000748E+00 -9.972916416606E+00 -1.006285128742E+01 -1.015256962983E+01
 -1.023112329542E+01 -1.030908238137E+01 -1.037458522491E+01 -1.043909554075E+01
 -1.049007398070E+01 -1.053965331494E+01 -1.057495090745E+01 -1.060844876617E+01
 -1.062736477413E+01 -1.064410435522E+01 -1.064654493867E+01 -1.064647754792E+01
 -1.063311075579E+01 -1.061697343548E+01 -1.058937358172E+01 -1.055883493369E+01
 -1.051959405339E+01 -1.047736508160E+01 -1.043013795726E+01 -1.038001316311E+01
 -1.032944631901E+01 -1.027622362965E+01 -1.022769541283E+01 -1.017689942987E+01
 -1.013596466481E+01 -1.009326292671E+01 -1.006464767038E+01 -1.003480004594E+01
 -1.002072525179E+01 -1.000583771255E+01 -1.000336089134E+01 -1.000012245750E+01
 -1.000066551424E+01 -1.000000955107E+01 -1.000068643583E+01 -1.000002505588E+01
 -1.000070160693E+01 -1.000003630444E+01 -1.000071299776E+01 -1.000004429575E+01
 -1.000072146970E+01 -1.000004979442E+01 -1.000072770943E+01 -1.000005340654E+01
 -1.000073225909E+01 -1.000005560774E+01 -1.000073554242E+01 -1.000005676754E+01
 -1.000073788726E+01 -1.000005716989E+01 -1.000073954458E+01 -1.000005703063E+01
 -1.000074070433E+01 -1.000005651183E+01 -1.000074150859E+01 -1.000005573367E+01
 -1.000074206234E+01 -1.000005478409E+01 -1.000074244210E+01 -1.000005372642E+01
 -1.000074270285E+01 -1.000005260557E+01 -1.000074288348E+01 -1.000005145280E+01
 -1.000074301106E+01 -1.000005028939E+01 -1.000074310409E+01 -1.000004912948E+01
 -1.000074317494E+01 -1.000004798219E+01 -1.000074323172E+01 -1.000004685315E+01
 -1.000000000000E+01 -1.000000000000E+01 -1.000000000000E+01 -1.000000000000E+01
 -1.000000000000E+01 -1.000000000000E+01 -1.000000000000E+01 -1.000000000000E+01
 -1.000000000000E+01 -1.000000000000E+01 -1.000000000000E+01 -1.000000000000E+01
 -1.000000000000E+01 -1.000000000000E+01 -1.000000000000E+01 -1.000000000000E+01
 -1.000000000000E+01 -1.000000000000E+01 -1.000000000000E+01 -1.000000000000E+01
 -1.000000000000E+01 -1.000000000000E+01 -1.000000000000E+01 -1.000000000000E+01
 -1.000000000000E+01 -1.000000000000E+01 -1.000000000000E+01 -1.000000000000E+01
 -1.000000000000E+01 -1.000000000000E+01 -1.000000000000E+01 -1.000000000000E+01
 -1.000000000000E+01 -1.000000000000E+01 -1.000000000000E+01 -1.000000000000E+01
 -1.000000000000E+01 -1.000000000000E+01 -1.000000000000E+01 -1.000000000000E+01
 -1.000000000000E+01 -1.000000000000E+01 -1.000000000000E+01 -1.000000000000E+01
 -1.000000000000E+01 -1.000000000000E+01 -1.000000000000E+01 -1.000000000000E+01
 -1.000000000000E+01 -1.000000000000E+01 -1.000000000000E+01 -1.000000000000E+01
 -1.000000000000E+01 -1.000000000000E+01 -1.000000000000E+01 -1.000000000000E+01
 -1.000000000000E+01 -1.000000000000E+01 -1.000000000000E+01 -1.000000000000E+01
 -1.000000000000E+01 -1.000000000000E+01 -1.000000000000E+01 -1.000000000000E+01
 -1.000000000000E+01 -1.000000000000E+01 -1.000000000000E+01 -1.000000000000E+01
 -1.000000000000E+01 -1.000000000000E+01 -1.000000000000E+01 -1.000000000000E+01
 -1.000000000000E+01 -1.000000000000E+01 -1.000000000000E+01 -1.000000000000E+01
 -1.000000000000E+01 -1.000000000000E+01 -1.000000000000E+01 -1.000000000000E+01
 -1.000000000000E+01 -1.000000000000E+01 -1.000000000000E+01 -1.000000000000E+01
 -1.000000000000E+01 -1.000000000000E+01 -1.000000000000E+01 -1.000000000000E+01
 -1.000000000000E+01 -1.000000000000E+01 -1.000000000000E+01 -1.000000000000E+01
 -1.000000000000E+01 -1.000000000000E+01 -1.000000000000E+01 -1.000000000000E+01
 -1.000000000000E+01 -1.000000000000E+01 -1.000000000000E+01 -1.000000000000E+01
 -1.000000000000E+01 -1.000000000000E+01 -1.000000000000E+01 -1.000000000000E+01
 -1.000000000000E+01 -1.000000000000E+01 -1.000000000000E+01 -1.000000000000E+01
 -1.000000000000E+01 -1.000000000000E+01 -1.000000000000E+01 -1.000000000000E+01
 -1.000000000000E+01 -1.000000000000E+01 -1.000000000000E+01 -1.000000000000E+01
 -1.000000000000E+01 -1.000000000000E+01 -1.000000000000E+01 -1.000000000000E+01
 -1.000000000000E+01 -1.000000000000E+01 -1.000000000000E+01 -1.000000000000E+01
 -1.000000000000E+01 -1.000000000000E+01 -1.000000000000E+01 -1.000000000000E+01
 -1.000000000000E+01 -1.000000000000E+01 -1.000000000000E+01 -1.000000000000E+01
 -1.000000000000E+01 -1.000000000000E+01 -1.000000000000E+01 -1.000000000000E+01
 -1.000000000000E+01 -1.000000000000E+01 -1.000000000000E+01 -1.000000000000E+01
 -1.000000000000E+01 -1.000000000000E+01 -1.000000000000E+01 -1.000000000000E+01
 -1.000000000000E+01 -1.000000000000E+01 -1.000000000000E+01 -1.000000000000E+01
 -1.000000000000E+01 -1.000000000000E+01 -1.000000000000E+01 -1.000000000000E+01
 -1.000000000000E+01 -1.000000000000E+01 -1.000000000000E+01 -1.000000000000E+01
 -1.000000000000E+01 -1.000000000000E+01 -1.000000000000E+01 -1.000000000000E+01
 -1.000000000000E+01 -1.000000000000E+01 -1.000000000000E+01 -1.000000000000E+01
 -1.000000000000E+01 -1.000000000000E+01 -1.000000000000E+01 -1.000000000000E+01
 -1.000000000000E+01 -1.000000000000E+01 -1.000000000000E+01 -1.000000000000E+01
 -1.000000000000E+01 -1.000000000000E+01 -1.000000000000E+01 -1.000000000000E+01
 -1.000000000000E+01 -1.000000000000E+01 -1.000000000000E+01 -1.000000000000E+01
 -1.000000000000E+01 -1.000000000000E+01 -1.000000000000E+01 -1.000000000000E+01
 -1.000000000000E+01 -1.000000000000E+01 -1.000000000000E+01 -1.000000000000E+01
 -1.000000000000E+01 -1.000000000000E+01 -1.000000000000E+01 -1.000000000000E+01
 -1.000000000000E+01 -1.000000000000E+01 -1.000000000000E+01 -1.000000000000E+01
 -1.000000000000E+01 -1.000000000000E+01 -1.000000000000E+01 -1.000000000000E+01
 -1.000000000000E+01 -1.000000000000E+01 -1.000000000000E+01 -1.000000000000E+01
 -1.000000000000E+01 -1.000000000000E+01 -1.000000000000E+01 -1.000000000000E+01
 -1.000000000000E+01 -1.000000000000E+01 -1.000000000000E+01 -1.000000000000E+01
 -1.000000000000E+01 -1.000000000000E+01 -1.000000000000E+01 -1.000000000000E+01
 -1.000000000000E+01 -1.000000000000E+01 -1.000000000000E+01 -1.000000000000E+01
 -1.000000000000E+01 -1.000000000000E+01 -1.000000000000E+01 -1.000000000000E+01
 -1.000000000000E+01 -1.000000000000E+01 -1.000000000000E+01 -1.000000000000E+01
 -1.000000000000E+01 -1.000000000000E+01 -1.000000000000E+01 -1.000000000000E+01
 -1.000000000000E+01 -1.000000000000E+01 -1.000000000000E+01 -1.000000000000E+01
 -1.000000000000E+01 -1.000000000000E+01 -1.000000000000E+01 -1.000000000000E+01
 -1.000000000000E+01 -1.000000000000E+01 -1.000000000000E+01 -1.000000000000E+01
 -1.000000000000E+01 -1.000000000000E+01 -1.000000000000E+01 -1.000000000000E+01
 -1.000000000000E+01 -1.000000000000E+01 -1.000000000000E+01 -1.000000000000E+01
 -1.000000000000E+01 -1.000000000000E+01 -1.000000000000E+01 -1.000000000000E+01
 -1.000000000000E+01 -1.000000000000E+01 -1.000000000000E+01 -1.000000000000E+01
 -1.000000000000E+01 -1.000000000000E+01 -1.000000000000E+01 -1.000000000000E+01
 -1.000000000000E+01 -1.000000000000E+01 -1.000000000000E+01 -1.000000000000E+01
 -1.000000000000E+01 -1.000000000000E+01 -1.000000000000E+01 -1.000000000000E+01
 -1.000000000000E+01 -1.000000000000E+01 -1.000000000000E+01 -1.000000000000E+01
 -1.000000000000E+01 -1.000000000000E+01 -1.000000000000E+01 -1.000000000000E+01
 -1.000000000000E+01 -1.000000000000E+01 -1.000000000000E+01 -1.000000000000E+01
 -1.000000000000E+01 -1.000000000000E+01 -1.000000000000E+01 -1.000000000000E+01
 -1.000000000000E+01
 Pseudopotential follows (l on next line)
 1
 -2.736817687279E-04 -5.507228965890E-04 -8.311646257400E-04 -1.115048705008E-03
 -1.402417396130E-03 -1.693313480071E-03 -1.987780263416E-03 -2.285861584852E-03
 -2.587601821715E-03 -2.893045896633E-03 -3.202239284245E-03 -3.515228018002E-03
 -3.832058697053E-03 -4.152778493224E-03 -4.477435158074E-03 -4.806077030046E-03
 -5.138753041699E-03 -5.475512727042E-03 -5.816406228951E-03 -6.161484306678E-03
 -6.510798343458E-03 -6.864400354209E-03 -7.222342993330E-03 -7.584679562591E-03
 -7.951464019132E-03 -8.322750983546E-03 -8.698595748084E-03 -9.079054284943E-03
 -9.464183254669E-03 -9.854040014665E-03 -1.024868262780E-02 -1.064816987114E-02
 -1.105256124475E-02 -1.146191698068E-02 -1.187629805197E-02 -1.229576618186E-02
 -1.272038385303E-02 -1.315021431706E-02 -1.358532160388E-02 -1.402577053144E-02
 -1.447162671550E-02 -1.492295657945E-02 -1.537982736438E-02 -1.584230713916E-02
 -1.631046481076E-02 -1.678437013459E-02 -1.726409372506E-02 -1.774970706623E-02
 -1.824128252260E-02 -1.873889335005E-02 -1.924261370688E-02 -1.975251866508E-02
 -2.026868422164E-02 -2.079118731005E-02 -2.132010581197E-02 -2.185551856900E-02
 -2.239750553132E-02 -2.294614737167E-02 -2.350152582248E-02 -2.406372368083E-02
 -2.463282476376E-02 -2.520891392076E-02 -2.579207711605E-02 -2.638240133444E-02
 -2.697997454549E-02 -2.758488586307E-02 -2.819722549871E-02 -2.881708477498E-02
 -2.944455613894E-02 -3.007973317577E-02 -3.072271062248E-02 -3.137358439970E-02
 -3.203245216740E-02 -3.269941172647E-02 -3.337456257609E-02 -3.405800543926E-02
 -3.474984227732E-02 -3.545017630466E-02 -3.615911311679E-02 -3.687675757066E-02
 -3.760321674399E-02 -3.833859903723E-02 -3.908301418682E-02 -3.983657498931E-02
 -4.059939244303E-02 -4.137158039393E-02 -4.215325408292E-02 -4.294453155225E-02
 -4.374553077548E-02 -4.455637040456E-02 -4.537717146432E-02 -4.620805817419E-02
 -4.704915466790E-02 -4.790058514421E-02 -4.876247669707E-02 -4.963496115719E-02
 -5.051816712787E-02 -5.141222551591E-02 -5.231727069065E-02 -5.323344148027E-02
 -5.416087076771E-02 -5.509969700870E-02 -5.605006536382E-02 -5.701211509281E-02
 -5.798598833867E-02 -5.897183420168E-02 -5.996980114983E-02 -6.098003425413E-02
 -6.200268705456E-02 -6.303791706310E-02 -6.408587255419E-02 -6.514671222068E-02
 -6.622060209597E-02 -6.730769410091E-02 -6.840815306913E-02 -6.952215256035E-02
 -7.064984880542E-02 -7.179141411713E-02 -7.294702797299E-02 -7.411685186366E-02
 -7.530106736216E-02 -7.649985746948E-02 -7.771339025247E-02 -7.894185888041E-02
 -8.018544648726E-02 -8.144432949754E-02 -8.271871570318E-02 -8.400878372959E-02
 -8.531472215799E-02 -8.663675298363E-02 -8.797504842232E-02 -8.932981992334E-02
 -9.070128146616E-02 -9.208961787602E-02 -9.349506329067E-02 -9.491781527133E-02
 -9.635807912243E-02 -9.781610687149E-02 -9.929208000931E-02 -1.007862428531E-01
 -1.022988224596E-01 -1.038300212352E-01 -1.053801205107E-01 -1.069493077394E-01
 -1.085378384705E-01 -1.101459660596E-01 -1.117738953622E-01 -1.134219328421E-01
 -1.150902748335E-01 -1.167791945043E-01 -1.184889636761E-01 -1.202197932800E-01
 -1.219720257488E-01 -1.237458514822E-01 -1.255415782026E-01 -1.273594815716E-01
 -1.291997929632E-01 -1.310628836614E-01 -1.329489372996E-01 -1.348583149699E-01
 -1.367912718775E-01 -1.387480914265E-01 -1.407291351386E-01 -1.427346049237E-01
 -1.447649344783E-01 -1.468203207948E-01 -1.489011402702E-01 -1.510077058373E-01
 -1.531402876646E-01 -1.552993285830E-01 -1.574850087565E-01 -1.596978251712E-01
 -1.619379838759E-01 -1.642059013009E-01 -1.665019220736E-01 -1.688263342474E-01
 -1.711796375369E-01 -1.735619986526E-01 -1.759740192048E-01 -1.784158573472E-01
 -1.808880329575E-01 -1.833908652340E-01 -1.859247238790E-01 -1.884901082624E-01
 -1.910872185946E-01 -1.937167551454E-01 -1.963787988732E-01 -1.990740598154E-01
 -2.018027263180E-01 -2.045653639599E-01 -2.073623634517E-01 -2.101940996409E-01
 -2.130611889866E-01 -2.159637919981E-01 -2.189027761227E-01 -2.218781403085E-01
 -2.248907953828E-01 -2.279408391520E-01 -2.310290175372E-01 -2.341556714761E-01
 -2.373213166191E-01 -2.405265646085E-01 -2.437716730327E-01 -2.470575538588E-01
 -2.503841767547E-01 -2.537527857660E-01 -2.571631731319E-01 -2.606165214393E-01
 -2.641128663046E-01 -2.676531399937E-01 -2.712376853297E-01 -2.748671420777E-01
 -2.785421935118E-01 -2.822631534952E-01 -2.860310811663E-01 -2.898459289165E-01
 -2.937091693733E-01 -2.976204237386E-01 -3.015814138163E-01 -3.055917309094E-01
 -3.096529087045E-01 -3.137648979246E-01 -3.179288907733E-01 -3.221452348029E-01
 -3.264147433567E-01 -3.307382002133E-01 -3.351160005252E-01 -3.395494056359E-01
 -3.440383512818E-01 -3.485846195758E-01 -3.531876438056E-01 -3.578497718175E-01
 -3.625700482386E-01 -3.673509577095E-01 -3.721916966636E-01 -3.770944424656E-01
 -3.820588517856E-01 -3.870866654666E-01 -3.921780419489E-01 -3.973342445459E-01
 -4.025559760165E-01 -4.078439802404E-01 -4.131995475823E-01 -4.186228599837E-01
 -4.241158391133E-01 -4.296780622211E-01 -4.353121259983E-01 -4.410169604184E-01
 -4.467958804773E-01 -4.526471994983E-01 -4.585747754214E-01 -4.645767342363E-01
 -4.706566879337E-01 -4.768133119975E-01 -4.830497027382E-01 -4.893651221419E-01
 -4.957621153220E-01 -5.022405660998E-01 -5.088024347950E-01 -5.154482600556E-01
 -5.221793864298E-01 -5.289970372928E-01 -5.359019138417E-01 -5.428959501593E-01
 -5.499791807725E-01 -5.571542716154E-01 -5.644205724360E-01 -5.717814963242E-01
 -5.792356963876E-01 -5.867873412483E-01 -5.944343828812E-01 -6.021817457146E-01
 -6.100267472176E-01 -6.179748709143E-01 -6.260232666050E-01 -6.341770988069E-01
 -6.424341638424E-01 -6.507990304027E-01 -6.592701466143E-01 -6.678514834018E-01
 -6.765421375835E-01 -6.853454891763E-01 -6.942612710313E-01 -7.032922890890E-01
 -7.124388888379E-01 -7.217033301512E-01 -7.310865358100E-01 -7.405902600329E-01
 -7.502159543767E-01 -7.599649214497E-01 -7.698390786846E-01 -7.798393459654E-01
 -7.899680281368E-01 -8.002257472597E-01 -8.106151004357E-01 -8.211365139296E-01
 -8.317927642057E-01 -8.425842019058E-01 -8.535136512847E-01 -8.645815265837E-01
 -8.757905487945E-01 -8.871413547842E-01 -8.986363911126E-01 -9.102766966775E-01
 -9.220642518885E-01 -9.340006892994E-01 -9.460873362599E-01 -9.583265425150E-01
 -9.707189734428E-01 -9.832676334534E-01 -9.959726098823E-01 -1.008837460904E+00
 -1.021861803161E+00 -1.035049632094E+00 -1.048400216877E+00 -1.061917858190E+00
 -1.075601616704E+00 -1.089455951096E+00 -1.103479867855E+00 -1.117677821765E+00
 -1.132048934178E+00 -1.146597480261E+00 -1.161322879083E+00 -1.176229037760E+00
 -1.191315868540E+00 -1.206586710719E+00 -1.222042176317E+00 -1.237684827386E+00
 -1.253516191665E+00 -1.269537836834E+00 -1.285752429604E+00 -1.302160320663E+00
 -1.318765543944E+00 -1.335567007500E+00 -1.352570343165E+00 -1.369772790374E+00
 -1.387181809209E+00 -1.404792747037E+00 -1.422615119242E+00 -1.440642163239E+00
 -1.458885670373E+00 -1.477336558926E+00 -1.496009107280E+00 -1.514891717296E+00
 -1.534001352650E+00 -1.553323716586E+00 -1.572878640286E+00 -1.592648964416E+00
 -1.612657550689E+00 -1.632884234474E+00 -1.653355048852E+00 -1.674046705251E+00
 -1.694988523977E+00 -1.716154000509E+00 -1.737575830751E+00 -1.759224231095E+00
 -1.781135331766E+00 -1.803276037654E+00 -1.825685940644E+00 -1.848328633782E+00
 -1.871247165328E+00 -1.894401849065E+00 -1.917838427065E+00 -1.941516171452E+00
 -1.965480889090E+00 -1.989692788336E+00 -2.014196471889E+00 -2.038953625730E+00
 -2.064007489267E+00 -2.089321384848E+00 -2.114937047727E+00 -2.140819575447E+00
 -2.167009077853E+00 -2.193472545242E+00 -2.220248361412E+00 -2.247305504723E+00
 -2.274680553545E+00 -2.302344546743E+00 -2.330332199405E+00 -2.358616660268E+00
 -2.387230744656E+00 -2.416149737712E+00 -2.445404539320E+00 -2.474972575387E+00
 -2.504882834501E+00 -2.535114866635E+00 -2.565695771625E+00 -2.596607187302E+00
 -2.627874363901E+00 -2.659480973355E+00 -2.691450469849E+00 -2.723768490488E+00
 -2.756456758818E+00 -2.789502795736E+00 -2.822926668569E+00 -2.856717691213E+00
 -2.890894355085E+00 -2.925447670191E+00 -2.960394634923E+00 -2.995727855912E+00
 -3.031462920513E+00 -3.067593933571E+00 -3.104135148938E+00 -3.141082076056E+00
 -3.178447704806E+00 -3.216228864122E+00 -3.254437337927E+00 -3.293071201723E+00
 -3.332141076581E+00 -3.371646227332E+00 -3.411596137195E+00 -3.451991222084E+00
 -3.492839831305E+00 -3.534143515638E+00 -3.575909470690E+00 -3.618140390628E+00
 -3.660842271547E+00 -3.704018986599E+00 -3.747675258583E+00 -3.791816204240E+00
 -3.836445169808E+00 -3.881568610723E+00 -3.927188362800E+00 -3.973312346826E+00
 -4.019940723069E+00 -4.067083036450E+00 -4.114737575043E+00 -4.162915698968E+00
 -4.211613596065E+00 -4.260844664706E+00 -4.310602733544E+00 -4.360903493598E+00
 -4.411738125224E+00 -4.463124896836E+00 -4.515052022209E+00 -4.567540661008E+00
 -4.620575714049E+00 -4.674181573839E+00 -4.728339454810E+00 -4.783077350208E+00
 -4.838372388532E+00 -4.894256556646E+00 -4.950702471993E+00 -5.007746531887E+00
 -5.065356392047E+00 -5.123573300446E+00 -5.182359474147E+00 -5.241761475474E+00
 -5.301735577916E+00 -5.362334146369E+00 -5.423506974854E+00 -5.485312745816E+00
 -5.547694202423E+00 -5.610716890083E+00 -5.674315887890E+00 -5.738564185524E+00
 -5.803388534448E+00 -5.868869993323E+00 -5.934926261166E+00 -6.001647143603E+00
 -6.068940487398E+00 -6.136905588980E+00 -6.205439551183E+00 -6.274651986554E+00
 -6.344428249972E+00 -6.414889195961E+00 -6.485907290499E+00 -6.557615679468E+00
 -6.629872632692E+00 -6.702824787845E+00 -6.776314709983E+00 -6.850503912875E+00
 -6.925217504901E+00 -7.000633483328E+00 -7.076557454276E+00 -7.153185776047E+00
 -7.230302152327E+00 -7.308123506885E+00 -7.386408812193E+00 -7.465398157688E+00
 -7.544822436964E+00 -7.624947985076E+00 -7.705473640119E+00 -7.786695644974E+00
 -7.868276043097E+00 -7.950545354395E+00 -8.033123165798E+00 -8.116379500730E+00
 -8.199884716395E+00 -8.284054601599E+00 -8.368402183728E+00 -8.453396519637E+00
 -8.538483643891E+00 -8.624194852624E+00 -8.709897719715E+00 -8.796196458180E+00
 -8.882366686176E+00 -8.969098142835E+00 -9.055558805237E+00 -9.142538656327E+00
 -9.229080107363E+00 -9.316090288598E+00 -9.402466015245E+00 -9.489250566382E+00
 -9.575173418788E+00 -9.661434772215E+00 -9.746574033797E+00 -9.831970226122E+00
 -9.915950064521E+00 -1.000009342359E+01 -1.008249327865E+01 -1.016495114116E+01
 -1.024530852009E+01 -1.032560643161E+01 -1.040342237079E+01 -1.048104998960E+01
 -1.055579711124E+01 -1.063021668922E+01 -1.070134937580E+01 -1.077200627605E+01
 -1.083897209307E+01 -1.090530641893E+01 -1.096755765099E+01 -1.102901581841E+01
 -1.108601994516E+01 -1.114206502853E+01 -1.119331320407E+01 -1.124343316247E+01
 -1.128844624084E+01 -1.133215964099E+01 -1.137049189608E+01 -1.140735136707E+01
 -1.143859263170E+01 -1.146818685223E+01 -1.149196420071E+01 -1.151391959212E+01
 -1.152989982954E+01 -1.154388323060E+01 -1.155177732686E+01 -1.155750076844E+01
 -1.155707105169E+01 -1.155429940418E+01 -1.154536990796E+01 -1.153393174484E+01
 -1.151640168148E+01 -1.149620328322E+01 -1.147006325956E+01 -1.144110533403E+01
 -1.140645566048E+01 -1.136885210165E+01 -1.132592236862E+01 -1.127992020669E+01
 -1.122908918799E+01 -1.117508877507E+01 -1.111690363798E+01 -1.105547803465E+01
 -1.099067176298E+01 -1.092258421668E+01 -1.085209006783E+01 -1.077830838473E+01
 -1.070327009123E+01 -1.062497658800E+01 -1.054675287082E+01 -1.046534844377E+01
 -1.038551022378E+01 -1.030261088537E+01 -1.022292935710E+01 -1.014035336063E+01
 -1.006277682661E+01 -9.982520226048E+00 -9.909137284711E+00 -9.833335464063E+00
 -9.766321817745E+00 -9.697194191382E+00 -9.638740040631E+00 -9.578514823970E+00
 -9.530729640563E+00 -9.481545424779E+00 -9.446337036115E+00 -9.410118067714E+00
 -9.389043762039E+00 -9.367346664890E+00 -9.361435957508E+00 -9.355267679152E+00
 -9.364820244808E+00 -9.374431069384E+00 -9.398800253815E+00 -9.423462945683E+00
 -9.460846702392E+00 -9.498644753588E+00 -9.545923674283E+00 -9.593590137970E+00
 -9.646278673442E+00 -9.699154442088E+00 -9.751568989109E+00 -9.803788219393E+00
 -9.849587468956E+00 -9.894651226324E+00 -9.927973989351E+00 -9.959945164952E+00
 -9.977465057120E+00 -9.993114680505E+00 -9.997460422554E+00 -9.999828966050E+00
 -1.000066551424E+01 -1.000000955107E+01 -1.000068643583E+01 -1.000002505588E+01
 -1.000070160693E+01 -1.000003630444E+01 -1.000071299776E+01 -1.000004429575E+01
 -1.000072146970E+01 -1.000004979442E+01 -1.000072770943E+01 -1.000005340654E+01
 -1.000073225909E+01 -1.000005560774E+01 -1.000073554242E+01 -1.000005676754E+01
 -1.000073788726E+01 -1.000005716989E+01 -1.000073954458E+01 -1.000005703063E+01
 -1.000074070433E+01 -1.000005651183E+01 -1.000074150859E+01 -1.000005573367E+01
 -1.000074206234E+01 -1.000005478409E+01 -1.000074244210E+01 -1.000005372642E+01
 -1.000074270285E+01 -1.000005260557E+01 -1.000074288348E+01 -1.000005145280E+01
 -1.000074301106E+01 -1.000005028939E+01 -1.000074310409E+01 -1.000004912948E+01
 -1.000074317494E+01 -1.000004798219E+01 -1.000074323172E+01 -1.000004685315E+01
 -1.000000000000E+01 -1.000000000000E+01 -1.000000000000E+01 -1.000000000000E+01
 -1.000000000000E+01 -1.000000000000E+01 -1.000000000000E+01 -1.000000000000E+01
 -1.000000000000E+01 -1.000000000000E+01 -1.000000000000E+01 -1.000000000000E+01
 -1.000000000000E+01 -1.000000000000E+01 -1.000000000000E+01 -1.000000000000E+01
 -1.000000000000E+01 -1.000000000000E+01 -1.000000000000E+01 -1.000000000000E+01
 -1.000000000000E+01 -1.000000000000E+01 -1.000000000000E+01 -1.000000000000E+01
 -1.000000000000E+01 -1.000000000000E+01 -1.000000000000E+01 -1.000000000000E+01
 -1.000000000000E+01 -1.000000000000E+01 -1.000000000000E+01 -1.000000000000E+01
 -1.000000000000E+01 -1.000000000000E+01 -1.000000000000E+01 -1.000000000000E+01
 -1.000000000000E+01 -1.000000000000E+01 -1.000000000000E+01 -1.000000000000E+01
 -1.000000000000E+01 -1.000000000000E+01 -1.000000000000E+01 -1.000000000000E+01
 -1.000000000000E+01 -1.000000000000E+01 -1.000000000000E+01 -1.000000000000E+01
 -1.000000000000E+01 -1.000000000000E+01 -1.000000000000E+01 -1.000000000000E+01
 -1.000000000000E+01 -1.000000000000E+01 -1.000000000000E+01 -1.000000000000E+01
 -1.000000000000E+01 -1.000000000000E+01 -1.000000000000E+01 -1.000000000000E+01
 -1.000000000000E+01 -1.000000000000E+01 -1.000000000000E+01 -1.000000000000E+01
 -1.000000000000E+01 -1.000000000000E+01 -1.000000000000E+01 -1.000000000000E+01
 -1.000000000000E+01 -1.000000000000E+01 -1.000000000000E+01 -1.000000000000E+01
 -1.000000000000E+01 -1.000000000000E+01 -1.000000000000E+01 -1.000000000000E+01
 -1.000000000000E+01 -1.000000000000E+01 -1.000000000000E+01 -1.000000000000E+01
 -1.000000000000E+01 -1.000000000000E+01 -1.000000000000E+01 -1.000000000000E+01
 -1.000000000000E+01 -1.000000000000E+01 -1.000000000000E+01 -1.000000000000E+01
 -1.000000000000E+01 -1.000000000000E+01 -1.000000000000E+01 -1.000000000000E+01
 -1.000000000000E+01 -1.000000000000E+01 -1.000000000000E+01 -1.000000000000E+01
 -1.000000000000E+01 -1.000000000000E+01 -1.000000000000E+01 -1.000000000000E+01
 -1.000000000000E+01 -1.000000000000E+01 -1.000000000000E+01 -1.000000000000E+01
 -1.000000000000E+01 -1.000000000000E+01 -1.000000000000E+01 -1.000000000000E+01
 -1.000000000000E+01 -1.000000000000E+01 -1.000000000000E+01 -1.000000000000E+01
 -1.000000000000E+01 -1.000000000000E+01 -1.000000000000E+01 -1.000000000000E+01
 -1.000000000000E+01 -1.000000000000E+01 -1.000000000000E+01 -1.000000000000E+01
 -1.000000000000E+01 -1.000000000000E+01 -1.000000000000E+01 -1.000000000000E+01
 -1.000000000000E+01 -1.000000000000E+01 -1.000000000000E+01 -1.000000000000E+01
 -1.000000000000E+01 -1.000000000000E+01 -1.000000000000E+01 -1.000000000000E+01
 -1.000000000000E+01 -1.000000000000E+01 -1.000000000000E+01 -1.000000000000E+01
 -1.000000000000E+01 -1.000000000000E+01 -1.000000000000E+01 -1.000000000000E+01
 -1.000000000000E+01 -1.000000000000E+01 -1.000000000000E+01 -1.000000000000E+01
 -1.000000000000E+01 -1.000000000000E+01 -1.000000000000E+01 -1.000000000000E+01
 -1.000000000000E+01 -1.000000000000E+01 -1.000000000000E+01 -1.000000000000E+01
 -1.000000000000E+01 -1.000000000000E+01 -1.000000000000E+01 -1.000000000000E+01
 -1.000000000000E+01 -1.000000000000E+01 -1.000000000000E+01 -1.000000000000E+01
 -1.000000000000E+01 -1.000000000000E+01 -1.000000000000E+01 -1.000000000000E+01
 -1.000000000000E+01 -1.000000000000E+01 -1.000000000000E+01 -1.000000000000E+01
 -1.000000000000E+01 -1.000000000000E+01 -1.000000000000E+01 -1.000000000000E+01
 -1.000000000000E+01 -1.000000000000E+01 -1.000000000000E+01 -1.000000000000E+01
 -1.000000000000E+01 -1.000000000000E+01 -1.000000000000E+01 -1.000000000000E+01
 -1.000000000000E+01 -1.000000000000E+01 -1.000000000000E+01 -1.000000000000E+01
 -1.000000000000E+01 -1.000000000000E+01 -1.000000000000E+01 -1.000000000000E+01
 -1.000000000000E+01 -1.000000000000E+01 -1.000000000000E+01 -1.000000000000E+01
 -1.000000000000E+01 -1.000000000000E+01 -1.000000000000E+01 -1.000000000000E+01
 -1.000000000000E+01 -1.000000000000E+01 -1.000000000000E+01 -1.000000000000E+01
 -1.000000000000E+01 -1.000000000000E+01 -1.000000000000E+01 -1.000000000000E+01
 -1.000000000000E+01 -1.000000000000E+01 -1.000000000000E+01 -1.000000000000E+01
 -1.000000000000E+01 -1.000000000000E+01 -1.000000000000E+01 -1.000000000000E+01
 -1.000000000000E+01 -1.000000000000E+01 -1.000000000000E+01 -1.000000000000E+01
 -1.000000000000E+01 -1.000000000000E+01 -1.000000000000E+01 -1.000000000000E+01
 -1.000000000000E+01 -1.000000000000E+01 -1.000000000000E+01 -1.000000000000E+01
 -1.000000000000E+01 -1.000000000000E+01 -1.000000000000E+01 -1.000000000000E+01
 -1.000000000000E+01 -1.000000000000E+01 -1.000000000000E+01 -1.000000000000E+01
 -1.000000000000E+01 -1.000000000000E+01 -1.000000000000E+01 -1.000000000000E+01
 -1.000000000000E+01 -1.000000000000E+01 -1.000000000000E+01 -1.000000000000E+01
 -1.000000000000E+01 -1.000000000000E+01 -1.000000000000E+01 -1.000000000000E+01
 -1.000000000000E+01 -1.000000000000E+01 -1.000000000000E+01 -1.000000000000E+01
 -1.000000000000E+01 -1.000000000000E+01 -1.000000000000E+01 -1.000000000000E+01
 -1.000000000000E+01 -1.000000000000E+01 -1.000000000000E+01 -1.000000000000E+01
 -1.000000000000E+01 -1.000000000000E+01 -1.000000000000E+01 -1.000000000000E+01
 -1.000000000000E+01 -1.000000000000E+01 -1.000000000000E+01 -1.000000000000E+01
 -1.000000000000E+01 -1.000000000000E+01 -1.000000000000E+01 -1.000000000000E+01
 -1.000000000000E+01 -1.000000000000E+01 -1.000000000000E+01 -1.000000000000E+01
 -1.000000000000E+01 -1.000000000000E+01 -1.000000000000E+01 -1.000000000000E+01
 -1.000000000000E+01 -1.000000000000E+01 -1.000000000000E+01 -1.000000000000E+01
 -1.000000000000E+01 -1.000000000000E+01 -1.000000000000E+01 -1.000000000000E+01
 -1.000000000000E+01 -1.000000000000E+01 -1.000000000000E+01 -1.000000000000E+01
 -1.000000000000E+01
 Pseudopotential follows (l on next line)
 2
 -2.065032069196E-04 -4.155411785448E-04 -6.271450354109E-04 -8.413462804841E-04
 -1.058176803876E-03 -1.277668887617E-03 -1.499855210489E-03 -1.724768852920E-03
 -1.952443301936E-03 -2.182912456179E-03 -2.416210630984E-03 -2.652372563524E-03
 -2.891433418012E-03 -3.133428790977E-03 -3.378394716597E-03 -3.626367672109E-03
 -3.877384583273E-03 -4.131482829920E-03 -4.388700251558E-03 -4.649075153053E-03
 -4.912646310379E-03 -5.179452976446E-03 -5.449534886991E-03 -5.722932266554E-03
 -5.999685834523E-03 -6.279836811254E-03 -6.563426924272E-03 -6.850498414551E-03
 -7.141094042865E-03 -7.435257096231E-03 -7.733031394424E-03 -8.034461296576E-03
 -8.339591707866E-03 -8.648468086282E-03 -8.961136449480E-03 -9.277643381726E-03
 -9.598036040921E-03 -9.922362165725E-03 -1.025067008276E-02 -1.058300871393E-02
 -1.091942758377E-02 -1.125997682700E-02 -1.160470719606E-02 -1.195367006879E-02
 -1.230691745624E-02 -1.266450201054E-02 -1.302647703285E-02 -1.339289648147E-02
 -1.376381498005E-02 -1.413928782580E-02 -1.451937099799E-02 -1.490412116635E-02
 -1.529359569980E-02 -1.568785267506E-02 -1.608695088560E-02 -1.649094985049E-02
 -1.689990996023E-02 -1.731389208778E-02 -1.773295792274E-02 -1.815716997339E-02
 -1.858659151887E-02 -1.902128661871E-02 -1.946132019197E-02 -1.990675792000E-02
 -2.035766620736E-02 -2.081411233825E-02 -2.127616442659E-02 -2.174389142607E-02
 -2.221736314032E-02 -2.269665023312E-02 -2.318182423877E-02 -2.367295759035E-02
 -2.417012417200E-02 -2.467339771691E-02 -2.518285336118E-02 -2.569856716565E-02
 -2.622061612680E-02 -2.674907818768E-02 -2.728403336234E-02 -2.782556061220E-02
 -2.837374080162E-02 -2.892865579591E-02 -2.949038847069E-02 -3.005902443195E-02
 -3.063464715373E-02 -3.121734261984E-02 -3.180719786702E-02 -3.240430238718E-02
 -3.300874525311E-02 -3.362061586118E-02 -3.424000562161E-02 -3.486700877568E-02
 -3.550171911097E-02 -3.614423010766E-02 -3.679463776402E-02 -3.745304243338E-02
 -3.811954085532E-02 -3.879423168179E-02 -3.947721663136E-02 -4.016860148065E-02
 -4.086848565538E-02 -4.157697374335E-02 -4.229417662148E-02 -4.302019884509E-02
 -4.375514742673E-02 -4.449913590501E-02 -4.525227674976E-02 -4.601467859196E-02
 -4.678645808427E-02 -4.756773539859E-02 -4.835862101090E-02 -4.915923535164E-02
 -4.996970572220E-02 -5.079014483592E-02 -5.162067783769E-02 -5.246143811135E-02
 -5.331254121868E-02 -5.417411830421E-02 -5.504630717192E-02 -5.592922712731E-02
 -5.682301704053E-02 -5.772781668548E-02 -5.864375037134E-02 -5.957096697260E-02
 -6.050960478474E-02 -6.145979484342E-02 -6.242169899456E-02 -6.339544935362E-02
 -6.438118742093E-02 -6.537908753302E-02 -6.638927366191E-02 -6.741190842093E-02
 -6.844715635423E-02 -6.949515224478E-02 -7.055607957400E-02 -7.163008462483E-02
 -7.271732079402E-02 -7.381798756442E-02 -7.493221323694E-02 -7.606018828619E-02
 -7.720208526539E-02 -7.835805140837E-02 -7.952831219617E-02 -8.071299854668E-02
 -8.191230877978E-02 -8.312643831956E-02 -8.435553337851E-02 -8.559984105796E-02
 -8.685949760047E-02 -8.813471534533E-02 -8.942570453859E-02 -9.073261377972E-02
 -9.205572240533E-02 -9.339515694397E-02 -9.475116046319E-02 -9.612394317612E-02
 -9.751367020444E-02 -9.892064576764E-02 -1.003449856101E-01 -1.017869821029E-01
 -1.032468208856E-01 -1.047247149434E-01 -1.062209545148E-01 -1.077356693507E-01
 -1.092692201043E-01 -1.108217298265E-01 -1.123935000666E-01 -1.139847679902E-01
 -1.155957270682E-01 -1.172267424942E-01 -1.188779158393E-01 -1.205496645351E-01
 -1.222421140963E-01 -1.239555994328E-01 -1.256903826502E-01 -1.274466682665E-01
 -1.292248714377E-01 -1.310250732743E-01 -1.328477887403E-01 -1.346930882750E-01
 -1.365614029686E-01 -1.384529621402E-01 -1.403680445095E-01 -1.423070573496E-01
 -1.442701076388E-01 -1.462578012773E-01 -1.482701236874E-01 -1.503076882059E-01
 -1.523705852843E-01 -1.544592814102E-01 -1.565740669843E-01 -1.587152153125E-01
 -1.608832400698E-01 -1.630781977120E-01 -1.653008503678E-01 -1.675510903586E-01
 -1.698297205922E-01 -1.721367296165E-01 -1.744727527643E-01 -1.768380190203E-01
 -1.792329307106E-01 -1.816579847645E-01 -1.841133226413E-01 -1.865997387681E-01
 -1.891170838083E-01 -1.916664813723E-01 -1.942476017507E-01 -1.968615041188E-01
 -1.995080991378E-01 -2.021881926073E-01 -2.049019993167E-01 -2.076500294327E-01
 -2.104328350426E-01 -2.132505972003E-01 -2.161042406286E-01 -2.189935816166E-01
 -2.219199550702E-01 -2.248828427151E-01 -2.278838252411E-01 -2.309223510276E-01
 -2.339998091550E-01 -2.371160039049E-01 -2.402719792899E-01 -2.434679328189E-01
 -2.467045259678E-01 -2.499823887845E-01 -2.533017607830E-01 -2.566637458017E-01
 -2.600681200702E-01 -2.635165043332E-01 -2.670081684030E-01 -2.705452948046E-01
 -2.741267606268E-01 -2.777548811158E-01 -2.814286810338E-01 -2.851501641504E-01
 -2.889188112501E-01 -2.927361852659E-01 -2.966022644398E-01 -3.005181297478E-01
 -3.044842993381E-01 -3.085013302084E-01 -3.125703236005E-01 -3.166912699078E-01
 -3.208658970621E-01 -3.250935859741E-01 -3.293767348813E-01 -3.337140724962E-01
 -3.381087105414E-01 -3.425587560299E-01 -3.470678586806E-01 -3.516339330402E-01
 -3.562603777197E-01 -3.609456515883E-01 -3.656926322537E-01 -3.705003598013E-01
 -3.753711551728E-01 -3.803046748881E-01 -3.853026494752E-01 -3.903653847647E-01
 -3.954939897352E-01 -4.006894493141E-01 -4.059522231854E-01 -4.112840012402E-01
 -4.166845703754E-01 -4.221563464773E-01 -4.276984253651E-01 -4.333139641151E-01
 -4.390013554151E-01 -4.447645058008E-01 -4.506011001339E-01 -4.565157945808E-01
 -4.625056326117E-01 -4.685758231487E-01 -4.747232350569E-01 -4.809527514664E-01
 -4.872618809477E-01 -4.936549037335E-01 -5.001299732506E-01 -5.066907646812E-01
 -5.133360730688E-01 -5.200689751785E-01 -5.268888948890E-01 -5.337983271407E-01
 -5.407973011362E-01 -5.478877577453E-01 -5.550702960419E-01 -5.623463429655E-01
 -5.697170188466E-01 -5.771832904460E-01 -5.847467363659E-01 -5.924079317596E-01
 -6.001688349661E-01 -6.080297140929E-01 -6.159928120075E-01 -6.240581914299E-01
 -6.322282668304E-01 -6.405030153137E-01 -6.488848913737E-01 -6.573739252850E-01
 -6.659724605346E-01 -6.746807391139E-01 -6.835008223920E-01 -6.924333429553E-01
 -7.014798884352E-01 -7.106416732551E-01 -7.199196239560E-01 -7.293156607902E-01
 -7.388300387737E-01 -7.484653224405E-01 -7.582211784830E-01 -7.681007146998E-01
 -7.781031164208E-01 -7.882319181209E-01 -7.984859465623E-01 -8.088690308150E-01
 -8.193797775623E-01 -8.300221632105E-01 -8.407947281621E-01 -8.517014342934E-01
 -8.627409241852E-01 -8.739169695477E-01 -8.852284973386E-01 -8.966789008127E-01
 -9.082675860342E-01 -9.199973682617E-01 -9.318683384297E-01 -9.438825246945E-01
 -9.560409178745E-01 -9.683445423182E-01 -9.807955109270E-01 -9.933936221695E-01
 -1.006142338082E+00 -1.019040006301E+00 -1.032091667323E+00 -1.045293992825E+00
 -1.058653830572E+00 -1.072165953884E+00 -1.085839243088E+00 -1.099666356543E+00
 -1.113658425802E+00 -1.127805786615E+00 -1.142122030557E+00 -1.156594975323E+00
 -1.171240868158E+00 -1.186044828695E+00 -1.201025939090E+00 -1.216166459535E+00
 -1.231488466725E+00 -1.246971221736E+00 -1.262639932760E+00 -1.278470746684E+00
 -1.294492114618E+00 -1.310676981429E+00 -1.327057124441E+00 -1.343602228245E+00
 -1.360347449299E+00 -1.377259185171E+00 -1.394375992165E+00 -1.411660987068E+00
 -1.429156113162E+00 -1.446821246665E+00 -1.464700953409E+00 -1.482754095066E+00
 -1.501025246937E+00 -1.519474221124E+00 -1.538144341152E+00 -1.556996909072E+00
 -1.576073835972E+00 -1.595338073796E+00 -1.614829978897E+00 -1.634514293096E+00
 -1.654429695463E+00 -1.674542836326E+00 -1.694890615729E+00 -1.715441688765E+00
 -1.736231096215E+00 -1.757229571158E+00 -1.778470236709E+00 -1.799925953862E+00
 -1.821627891422E+00 -1.843551065104E+00 -1.865724674042E+00 -1.888125892942E+00
 -1.910781956307E+00 -1.933672180590E+00 -1.956821859815E+00 -1.980212414866E+00
 -2.003867240893E+00 -2.027769807664E+00 -2.051941668473E+00 -2.076368270423E+00
 -2.101069395037E+00 -2.126032381748E+00 -2.151275320834E+00 -2.176787348449E+00
 -2.202584951723E+00 -2.228658960400E+00 -2.255024351109E+00 -2.281673539775E+00
 -2.308620086599E+00 -2.335857885351E+00 -2.363399172130E+00 -2.391239212673E+00
 -2.419389006445E+00 -2.447845091045E+00 -2.476617308912E+00 -2.505703378368E+00
 -2.535112053775E+00 -2.564842154992E+00 -2.594901404040E+00 -2.625289657787E+00
 -2.656013646243E+00 -2.687074215748E+00 -2.718477127426E+00 -2.750224188477E+00
 -2.782320195708E+00 -2.814767908929E+00 -2.847571145827E+00 -2.880733631843E+00
 -2.914258171084E+00 -2.948149489260E+00 -2.982409323092E+00 -3.017043454543E+00
 -3.052052480714E+00 -3.087443316264E+00 -3.123215329539E+00 -3.159376663265E+00
 -3.195925353147E+00 -3.232870882119E+00 -3.270209837345E+00 -3.307953168097E+00
 -3.346095888390E+00 -3.384650550589E+00 -3.423610466044E+00 -3.462989933707E+00
 -3.502780432086E+00 -3.542998152570E+00 -3.583632614589E+00 -3.624702045432E+00
 -3.666193887969E+00 -3.708128541446E+00 -3.750491268362E+00 -3.793304763419E+00
 -3.836552023444E+00 -3.880258144398E+00 -3.924403795245E+00 -3.969016556383E+00
 -4.014074733943E+00 -4.059608448799E+00 -4.105593639939E+00 -4.152062993738E+00
 -4.198990110863E+00 -4.246410234214E+00 -4.294294689388E+00 -4.342681230983E+00
 -4.391539006980E+00 -4.440908202609E+00 -4.490755917892E+00 -4.541124652692E+00
 -4.591979616785E+00 -4.643365477125E+00 -4.695245732362E+00 -4.747667043229E+00
 -4.800591388131E+00 -4.854067231148E+00 -4.908055219879E+00 -4.962605426174E+00
 -5.017677337303E+00 -5.073322448216E+00 -5.129499214497E+00 -5.186260401429E+00
 -5.243563490146E+00 -5.301462422582E+00 -5.359913653181E+00 -5.418972300936E+00
 -5.478593582951E+00 -5.538833934756E+00 -5.599646904312E+00 -5.661090579965E+00
 -5.723116107421E+00 -5.785783834790E+00 -5.849041369438E+00 -5.912952290818E+00
 -5.977459001363E+00 -6.042629766494E+00 -6.108399429186E+00 -6.174843025481E+00
 -6.241884606492E+00 -6.309608872251E+00 -6.377924749425E+00 -6.446930515223E+00
 -6.516514289640E+00 -6.586793099827E+00 -6.657626963618E+00 -6.729158348081E+00
 -6.801210006077E+00 -6.873958306473E+00 -6.947177500017E+00 -7.021088308957E+00
 -7.095403063160E+00 -7.170399411571E+00 -7.245712221558E+00 -7.321690746972E+00
 -7.397875026672E+00 -7.474702464632E+00 -7.551599686721E+00 -7.629110130801E+00
 -7.706528161457E+00 -7.784521605833E+00 -7.862234747942E+00 -7.940477424145E+00
 -8.018228591438E+00 -8.096455502412E+00 -8.173960731258E+00 -8.251880550315E+00
 -8.328835720152E+00 -8.406137869659E+00 -8.482227093467E+00 -8.558590400677E+00
 -8.633495151955E+00 -8.708597091312E+00 -8.782004866819E+00 -8.855530154501E+00
 -8.927141434449E+00 -8.998788739848E+00 -9.068321248047E+00 -9.137807067693E+00
 -9.204996819966E+00 -9.272056076607E+00 -9.336655323633E+00 -9.401038883801E+00
 -9.462811647408E+00 -9.524281534508E+00 -9.582997859499E+00 -9.641321335588E+00
 -9.696751548188E+00 -9.751695371890E+00 -9.803605548501E+00 -9.854931597436E+00
 -9.903081170380E+00 -9.950544318681E+00 -9.994686379550E+00 -1.003803514742E+01
 -1.007791964947E+01 -1.011689978622E+01 -1.015227955993E+01 -1.018664044464E+01
 -1.021727975057E+01 -1.024678331621E+01 -1.027246855981E+01 -1.029690035663E+01
 -1.031745255284E+01 -1.033663453640E+01 -1.035192310613E+01 -1.036572773092E+01
 -1.037568520444E+01 -1.038405039649E+01 -1.038868756988E+01 -1.039163211842E+01
 -1.039105314183E+01 -1.038869197795E+01 -1.038310874234E+01 -1.037566745435E+01
 -1.036541248378E+01 -1.035324025284E+01 -1.033877710492E+01 -1.032235703354E+01
 -1.030428696753E+01 -1.028424252402E+01 -1.026330592610E+01 -1.024040195293E+01
 -1.021747273014E+01 -1.019260918167E+01 -1.016868007943E+01 -1.014287639650E+01
 -1.011903300384E+01 -1.009340084473E+01 -1.007078199502E+01 -1.004648399562E+01
 -1.002622645394E+01 -1.000441889333E+01 -9.987584804802E+00 -9.969342673326E+00
 -9.956829479047E+00 -9.943053741920E+00 -9.935488526471E+00 -9.926797737384E+00
 -9.924421818414E+00 -9.921034248637E+00 -9.923590076376E+00 -9.925209035730E+00
 -9.931851319772E+00 -9.937576576724E+00 -9.946844670362E+00 -9.955148555390E+00
 -9.965059853936E+00 -9.973890178020E+00 -9.982247905455E+00 -9.989354625960E+00
 -9.994412422265E+00 -9.998045709632E+00 -9.999742078858E+00 -9.999942456458E+00
 -1.000066551424E+01 -1.000000955107E+01 -1.000068643583E+01 -1.000002505588E+01
 -1.000070160693E+01 -1.000003630444E+01 -1.000071299776E+01 -1.000004429575E+01
 -1.000072146970E+01 -1.000004979442E+01 -1.000072770943E+01 -1.000005340654E+01
 -1.000073225909E+01 -1.000005560774E+01 -1.000073554242E+01 -1.000005676754E+01
 -1.000073788726E+01 -1.000005716989E+01 -1.000073954458E+01 -1.000005703063E+01
 -1.000074070433E+01 -1.000005651183E+01 -1.000074150859E+01 -1.000005573367E+01
 -1.000074206234E+01 -1.000005478409E+01 -1.000074244210E+01 -1.000005372642E+01
 -1.000074270285E+01 -1.000005260557E+01 -1.000074288348E+01 -1.000005145280E+01
 -1.000074301106E+01 -1.000005028939E+01 -1.000074310409E+01 -1.000004912948E+01
 -1.000074317494E+01 -1.000004798219E+01 -1.000074323172E+01 -1.000004685315E+01
 -1.000000000000E+01 -1.000000000000E+01 -1.000000000000E+01 -1.000000000000E+01
 -1.000000000000E+01 -1.000000000000E+01 -1.000000000000E+01 -1.000000000000E+01
 -1.000000000000E+01 -1.000000000000E+01 -1.000000000000E+01 -1.000000000000E+01
 -1.000000000000E+01 -1.000000000000E+01 -1.000000000000E+01 -1.000000000000E+01
 -1.000000000000E+01 -1.000000000000E+01 -1.000000000000E+01 -1.000000000000E+01
 -1.000000000000E+01 -1.000000000000E+01 -1.000000000000E+01 -1.000000000000E+01
 -1.000000000000E+01 -1.000000000000E+01 -1.000000000000E+01 -1.000000000000E+01
 -1.000000000000E+01 -1.000000000000E+01 -1.000000000000E+01 -1.000000000000E+01
 -1.000000000000E+01 -1.000000000000E+01 -1.000000000000E+01 -1.000000000000E+01
 -1.000000000000E+01 -1.000000000000E+01 -1.000000000000E+01 -1.000000000000E+01
 -1.000000000000E+01 -1.000000000000E+01 -1.000000000000E+01 -1.000000000000E+01
 -1.000000000000E+01 -1.000000000000E+01 -1.000000000000E+01 -1.000000000000E+01
 -1.000000000000E+01 -1.000000000000E+01 -1.000000000000E+01 -1.000000000000E+01
 -1.000000000000E+01 -1.000000000000E+01 -1.000000000000E+01 -1.000000000000E+01
 -1.000000000000E+01 -1.000000000000E+01 -1.000000000000E+01 -1.000000000000E+01
 -1.000000000000E+01 -1.000000000000E+01 -1.000000000000E+01 -1.000000000000E+01
 -1.000000000000E+01 -1.000000000000E+01 -1.000000000000E+01 -1.000000000000E+01
 -1.000000000000E+01 -1.000000000000E+01 -1.000000000000E+01 -1.000000000000E+01
 -1.000000000000E+01 -1.000000000000E+01 -1.000000000000E+01 -1.000000000000E+01
 -1.000000000000E+01 -1.000000000000E+01 -1.000000000000E+01 -1.000000000000E+01
 -1.000000000000E+01 -1.000000000000E+01 -1.000000000000E+01 -1.000000000000E+01
 -1.000000000000E+01 -1.000000000000E+01 -1.000000000000E+01 -1.000000000000E+01
 -1.000000000000E+01 -1.000000000000E+01 -1.000000000000E+01 -1.000000000000E+01
 -1.000000000000E+01 -1.000000000000E+01 -1.000000000000E+01 -1.000000000000E+01
 -1.000000000000E+01 -1.000000000000E+01 -1.000000000000E+01 -1.000000000000E+01
 -1.000000000000E+01 -1.000000000000E+01 -1.000000000000E+01 -1.000000000000E+01
 -1.000000000000E+01 -1.000000000000E+01 -1.000000000000E+01 -1.000000000000E+01
 -1.000000000000E+01 -1.000000000000E+01 -1.000000000000E+01 -1.000000000000E+01
 -1.000000000000E+01 -1.000000000000E+01 -1.000000000000E+01 -1.000000000000E+01
 -1.000000000000E+01 -1.000000000000E+01 -1.000000000000E+01 -1.000000000000E+01
 -1.000000000000E+01 -1.000000000000E+01 -1.000000000000E+01 -1.000000000000E+01
 -1.000000000000E+01 -1.000000000000E+01 -1.000000000000E+01 -1.000000000000E+01
 -1.000000000000E+01 -1.000000000000E+01 -1.000000000000E+01 -1.000000000000E+01
 -1.000000000000E+01 -1.000000000000E+01 -1.000000000000E+01 -1.000000000000E+01
 -1.000000000000E+01 -1.000000000000E+01 -1.000000000000E+01 -1.000000000000E+01
 -1.000000000000E+01 -1.000000000000E+01 -1.000000000000E+01 -1.000000000000E+01
 -1.000000000000E+01 -1.000000000000E+01 -1.000000000000E+01 -1.000000000000E+01
 -1.000000000000E+01 -1.000000000000E+01 -1.000000000000E+01 -1.000000000000E+01
 -1.000000000000E+01 -1.000000000000E+01 -1.000000000000E+01 -1.000000000000E+01
 -1.000000000000E+01 -1.000000000000E+01 -1.000000000000E+01 -1.000000000000E+01
 -1.000000000000E+01 -1.000000000000E+01 -1.000000000000E+01 -1.000000000000E+01
 -1.000000000000E+01 -1.000000000000E+01 -1.000000000000E+01 -1.000000000000E+01
 -1.000000000000E+01 -1.000000000000E+01 -1.000000000000E+01 -1.000000000000E+01
 -1.000000000000E+01 -1.000000000000E+01 -1.000000000000E+01 -1.000000000000E+01
 -1.000000000000E+01 -1.000000000000E+01 -1.000000000000E+01 -1.000000000000E+01
 -1.000000000000E+01 -1.000000000000E+01 -1.000000000000E+01 -1.000000000000E+01
 -1.000000000000E+01 -1.000000000000E+01 -1.000000000000E+01 -1.000000000000E+01
 -1.000000000000E+01 -1.000000000000E+01 -1.000000000000E+01 -1.000000000000E+01
 -1.000000000000E+01 -1.000000000000E+01 -1.000000000000E+01 -1.000000000000E+01
 -1.000000000000E+01 -1.000000000000E+01 -1.000000000000E+01 -1.000000000000E+01
 -1.000000000000E+01 -1.000000000000E+01 -1.000000000000E+01 -1.000000000000E+01
 -1.000000000000E+01 -1.000000000000E+01 -1.000000000000E+01 -1.000000000000E+01
 -1.000000000000E+01 -1.000000000000E+01 -1.000000000000E+01 -1.000000000000E+01
 -1.000000000000E+01 -1.000000000000E+01 -1.000000000000E+01 -1.000000000000E+01
 -1.000000000000E+01 -1.000000000000E+01 -1.000000000000E+01 -1.000000000000E+01
 -1.000000000000E+01 -1.000000000000E+01 -1.000000000000E+01 -1.000000000000E+01
 -1.000000000000E+01 -1.000000000000E+01 -1.000000000000E+01 -1.000000000000E+01
 -1.000000000000E+01 -1.000000000000E+01 -1.000000000000E+01 -1.000000000000E+01
 -1.000000000000E+01 -1.000000000000E+01 -1.000000000000E+01 -1.000000000000E+01
 -1.000000000000E+01 -1.000000000000E+01 -1.000000000000E+01 -1.000000000000E+01
 -1.000000000000E+01 -1.000000000000E+01 -1.000000000000E+01 -1.000000000000E+01
 -1.000000000000E+01 -1.000000000000E+01 -1.000000000000E+01 -1.000000000000E+01
 -1.000000000000E+01 -1.000000000000E+01 -1.000000000000E+01 -1.000000000000E+01
 -1.000000000000E+01 -1.000000000000E+01 -1.000000000000E+01 -1.000000000000E+01
 -1.000000000000E+01 -1.000000000000E+01 -1.000000000000E+01 -1.000000000000E+01
 -1.000000000000E+01 -1.000000000000E+01 -1.000000000000E+01 -1.000000000000E+01
 -1.000000000000E+01 -1.000000000000E+01 -1.000000000000E+01 -1.000000000000E+01
 -1.000000000000E+01 -1.000000000000E+01 -1.000000000000E+01 -1.000000000000E+01
 -1.000000000000E+01 -1.000000000000E+01 -1.000000000000E+01 -1.000000000000E+01
 -1.000000000000E+01 -1.000000000000E+01 -1.000000000000E+01 -1.000000000000E+01
 -1.000000000000E+01 -1.000000000000E+01 -1.000000000000E+01 -1.000000000000E+01
 -1.000000000000E+01 -1.000000000000E+01 -1.000000000000E+01 -1.000000000000E+01
 -1.000000000000E+01
 Core charge follows
  0.000000000000E+00  0.000000000000E+00  0.000000000000E+00  0.000000000000E+00
  0.000000000000E+00  0.000000000000E+00  0.000000000000E+00  0.000000000000E+00
  0.000000000000E+00  0.000000000000E+00  0.000000000000E+00  0.000000000000E+00
  0.000000000000E+00  0.000000000000E+00  0.000000000000E+00  0.000000000000E+00
  0.000000000000E+00  0.000000000000E+00  0.000000000000E+00  0.000000000000E+00
  0.000000000000E+00  0.000000000000E+00  0.000000000000E+00  0.000000000000E+00
  0.000000000000E+00  0.000000000000E+00  0.000000000000E+00  0.000000000000E+00
  0.000000000000E+00  0.000000000000E+00  0.000000000000E+00  0.000000000000E+00
  0.000000000000E+00  0.000000000000E+00  0.000000000000E+00  0.000000000000E+00
  0.000000000000E+00  0.000000000000E+00  0.000000000000E+00  0.000000000000E+00
  0.000000000000E+00  0.000000000000E+00  0.000000000000E+00  0.000000000000E+00
  0.000000000000E+00  0.000000000000E+00  0.000000000000E+00  0.000000000000E+00
  0.000000000000E+00  0.000000000000E+00  0.000000000000E+00  0.000000000000E+00
  0.000000000000E+00  0.000000000000E+00  0.000000000000E+00  0.000000000000E+00
  0.000000000000E+00  0.000000000000E+00  0.000000000000E+00  0.000000000000E+00
  0.000000000000E+00  0.000000000000E+00  0.000000000000E+00  0.000000000000E+00
  0.000000000000E+00  0.000000000000E+00  0.000000000000E+00  0.000000000000E+00
  0.000000000000E+00  0.000000000000E+00  0.000000000000E+00  0.000000000000E+00
  0.000000000000E+00  0.000000000000E+00  0.000000000000E+00  0.000000000000E+00
  0.000000000000E+00  0.000000000000E+00  0.000000000000E+00  0.000000000000E+00
  0.000000000000E+00  0.000000000000E+00  0.000000000000E+00  0.000000000000E+00
  0.000000000000E+00  0.000000000000E+00  0.000000000000E+00  0.000000000000E+00
  0.000000000000E+00  0.000000000000E+00  0.000000000000E+00  0.000000000000E+00
  0.000000000000E+00  0.000000000000E+00  0.000000000000E+00  0.000000000000E+00
  0.000000000000E+00  0.000000000000E+00  0.000000000000E+00  0.000000000000E+00
  0.000000000000E+00  0.000000000000E+00  0.000000000000E+00  0.000000000000E+00
  0.000000000000E+00  0.000000000000E+00  0.000000000000E+00  0.000000000000E+00
  0.000000000000E+00  0.000000000000E+00  0.000000000000E+00  0.000000000000E+00
  0.000000000000E+00  0.000000000000E+00  0.000000000000E+00  0.000000000000E+00
  0.000000000000E+00  0.000000000000E+00  0.000000000000E+00  0.000000000000E+00
  0.000000000000E+00  0.000000000000E+00  0.000000000000E+00  0.000000000000E+00
  0.000000000000E+00  0.000000000000E+00  0.000000000000E+00  0.000000000000E+00
  0.000000000000E+00  0.000000000000E+00  0.000000000000E+00  0.000000000000E+00
  0.000000000000E+00  0.000000000000E+00  0.000000000000E+00  0.000000000000E+00
  0.000000000000E+00  0.000000000000E+00  0.000000000000E+00  0.000000000000E+00
  0.000000000000E+00  0.000000000000E+00  0.000000000000E+00  0.000000000000E+00
  0.000000000000E+00  0.000000000000E+00  0.000000000000E+00  0.000000000000E+00
  0.000000000000E+00  0.000000000000E+00  0.000000000000E+00  0.000000000000E+00
  0.000000000000E+00  0.000000000000E+00  0.000000000000E+00  0.000000000000E+00
  0.000000000000E+00  0.000000000000E+00  0.000000000000E+00  0.000000000000E+00
  0.000000000000E+00  0.000000000000E+00  0.000000000000E+00  0.000000000000E+00
  0.000000000000E+00  0.000000000000E+00  0.000000000000E+00  0.000000000000E+00
  0.000000000000E+00  0.000000000000E+00  0.000000000000E+00  0.000000000000E+00
  0.000000000000E+00  0.000000000000E+00  0.000000000000E+00  0.000000000000E+00
  0.000000000000E+00  0.000000000000E+00  0.000000000000E+00  0.000000000000E+00
  0.000000000000E+00  0.000000000000E+00  0.000000000000E+00  0.000000000000E+00
  0.000000000000E+00  0.000000000000E+00  0.000000000000E+00  0.000000000000E+00
  0.000000000000E+00  0.000000000000E+00  0.000000000000E+00  0.000000000000E+00
  0.000000000000E+00  0.000000000000E+00  0.000000000000E+00  0.000000000000E+00
  0.000000000000E+00  0.000000000000E+00  0.000000000000E+00  0.000000000000E+00
  0.000000000000E+00  0.000000000000E+00  0.000000000000E+00  0.000000000000E+00
  0.000000000000E+00  0.000000000000E+00  0.000000000000E+00  0.000000000000E+00
  0.000000000000E+00  0.000000000000E+00  0.000000000000E+00  0.000000000000E+00
  0.000000000000E+00  0.000000000000E+00  0.000000000000E+00  0.000000000000E+00
  0.000000000000E+00  0.000000000000E+00  0.000000000000E+00  0.000000000000E+00
  0.000000000000E+00  0.000000000000E+00  0.000000000000E+00  0.000000000000E+00
  0.000000000000E+00  0.000000000000E+00  0.000000000000E+00  0.000000000000E+00
  0.000000000000E+00  0.000000000000E+00  0.000000000000E+00  0.000000000000E+00
  0.000000000000E+00  0.000000000000E+00  0.000000000000E+00  0.000000000000E+00
  0.000000000000E+00  0.000000000000E+00  0.000000000000E+00  0.000000000000E+00
  0.000000000000E+00  0.000000000000E+00  0.000000000000E+00  0.000000000000E+00
  0.000000000000E+00  0.000000000000E+00  0.000000000000E+00  0.000000000000E+00
  0.000000000000E+00  0.000000000000E+00  0.000000000000E+00  0.000000000000E+00
  0.000000000000E+00  0.000000000000E+00  0.000000000000E+00  0.000000000000E+00
  0.000000000000E+00  0.000000000000E+00  0.000000000000E+00  0.000000000000E+00
  0.000000000000E+00  0.000000000000E+00  0.000000000000E+00  0.000000000000E+00
  0.000000000000E+00  0.000000000000E+00  0.000000000000E+00  0.000000000000E+00
  0.000000000000E+00  0.000000000000E+00  0.000000000000E+00  0.000000000000E+00
  0.000000000000E+00  0.000000000000E+00  0.000000000000E+00  0.000000000000E+00
  0.000000000000E+00  0.000000000000E+00  0.000000000000E+00  0.000000000000E+00
  0.000000000000E+00  0.000000000000E+00  0.000000000000E+00  0.000000000000E+00
  0.000000000000E+00  0.000000000000E+00  0.000000000000E+00  0.000000000000E+00
  0.000000000000E+00  0.000000000000E+00  0.000000000000E+00  0.000000000000E+00
  0.000000000000E+00  0.000000000000E+00  0.000000000000E+00  0.000000000000E+00
  0.000000000000E+00  0.000000000000E+00  0.000000000000E+00  0.000000000000E+00
  0.000000000000E+00  0.000000000000E+00  0.000000000000E+00  0.000000000000E+00
  0.000000000000E+00  0.000000000000E+00  0.000000000000E+00  0.000000000000E+00
  0.000000000000E+00  0.000000000000E+00  0.000000000000E+00  0.000000000000E+00
  0.000000000000E+00  0.000000000000E+00  0.000000000000E+00  0.000000000000E+00
  0.000000000000E+00  0.000000000000E+00  0.000000000000E+00  0.000000000000E+00
  0.000000000000E+00  0.000000000000E+00  0.000000000000E+00  0.000000000000E+00
  0.000000000000E+00  0.000000000000E+00  0.000000000000E+00  0.000000000000E+00
  0.000000000000E+00  0.000000000000E+00  0.000000000000E+00  0.000000000000E+00
  0.000000000000E+00  0.000000000000E+00  0.000000000000E+00  0.000000000000E+00
  0.000000000000E+00  0.000000000000E+00  0.000000000000E+00  0.000000000000E+00
  0.000000000000E+00  0.000000000000E+00  0.000000000000E+00  0.000000000000E+00
  0.000000000000E+00  0.000000000000E+00  0.000000000000E+00  0.000000000000E+00
  0.000000000000E+00  0.000000000000E+00  0.000000000000E+00  0.000000000000E+00
  0.000000000000E+00  0.000000000000E+00  0.000000000000E+00  0.000000000000E+00
  0.000000000000E+00  0.000000000000E+00  0.000000000000E+00  0.000000000000E+00
  0.000000000000E+00  0.000000000000E+00  0.000000000000E+00  0.000000000000E+00
  0.000000000000E+00  0.000000000000E+00  0.000000000000E+00  0.000000000000E+00
  0.000000000000E+00  0.000000000000E+00  0.000000000000E+00  0.000000000000E+00
  0.000000000000E+00  0.000000000000E+00  0.000000000000E+00  0.000000000000E+00
  0.000000000000E+00  0.000000000000E+00  0.000000000000E+00  0.000000000000E+00
  0.000000000000E+00  0.000000000000E+00  0.000000000000E+00  0.000000000000E+00
  0.000000000000E+00  0.000000000000E+00  0.000000000000E+00  0.000000000000E+00
  0.000000000000E+00  0.000000000000E+00  0.000000000000E+00  0.000000000000E+00
  0.000000000000E+00  0.000000000000E+00  0.000000000000E+00  0.000000000000E+00
  0.000000000000E+00  0.000000000000E+00  0.000000000000E+00  0.000000000000E+00
  0.000000000000E+00  0.000000000000E+00  0.000000000000E+00  0.000000000000E+00
  0.000000000000E+00  0.000000000000E+00  0.000000000000E+00  0.000000000000E+00
  0.000000000000E+00  0.000000000000E+00  0.000000000000E+00  0.000000000000E+00
  0.000000000000E+00  0.000000000000E+00  0.000000000000E+00  0.000000000000E+00
  0.000000000000E+00  0.000000000000E+00  0.000000000000E+00  0.000000000000E+00
  0.000000000000E+00  0.000000000000E+00  0.000000000000E+00  0.000000000000E+00
  0.000000000000E+00  0.000000000000E+00  0.000000000000E+00  0.000000000000E+00
  0.000000000000E+00  0.000000000000E+00  0.000000000000E+00  0.000000000000E+00
  0.000000000000E+00  0.000000000000E+00  0.000000000000E+00  0.000000000000E+00
  0.000000000000E+00  0.000000000000E+00  0.000000000000E+00  0.000000000000E+00
  0.000000000000E+00  0.000000000000E+00  0.000000000000E+00  0.000000000000E+00
  0.000000000000E+00  0.000000000000E+00  0.000000000000E+00  0.000000000000E+00
  0.000000000000E+00  0.000000000000E+00  0.000000000000E+00  0.000000000000E+00
  0.000000000000E+00  0.000000000000E+00  0.000000000000E+00  0.000000000000E+00
  0.000000000000E+00  0.000000000000E+00  0.000000000000E+00  0.000000000000E+00
  0.000000000000E+00  0.000000000000E+00  0.000000000000E+00  0.000000000000E+00
  0.000000000000E+00  0.000000000000E+00  0.000000000000E+00  0.000000000000E+00
  0.000000000000E+00  0.000000000000E+00  0.000000000000E+00  0.000000000000E+00
  0.000000000000E+00  0.000000000000E+00  0.000000000000E+00  0.000000000000E+00
  0.000000000000E+00  0.000000000000E+00  0.000000000000E+00  0.000000000000E+00
  0.000000000000E+00  0.000000000000E+00  0.000000000000E+00  0.000000000000E+00
  0.000000000000E+00  0.000000000000E+00  0.000000000000E+00  0.000000000000E+00
  0.000000000000E+00  0.000000000000E+00  0.000000000000E+00  0.000000000000E+00
  0.000000000000E+00  0.000000000000E+00  0.000000000000E+00  0.000000000000E+00
  0.000000000000E+00  0.000000000000E+00  0.000000000000E+00  0.000000000000E+00
  0.000000000000E+00  0.000000000000E+00  0.000000000000E+00  0.000000000000E+00
  0.000000000000E+00  0.000000000000E+00  0.000000000000E+00  0.000000000000E+00
  0.000000000000E+00  0.000000000000E+00  0.000000000000E+00  0.000000000000E+00
  0.000000000000E+00  0.000000000000E+00  0.000000000000E+00  0.000000000000E+00
  0.000000000000E+00  0.000000000000E+00  0.000000000000E+00  0.000000000000E+00
  0.000000000000E+00  0.000000000000E+00  0.000000000000E+00  0.000000000000E+00
  0.000000000000E+00  0.000000000000E+00  0.000000000000E+00  0.000000000000E+00
  0.000000000000E+00  0.000000000000E+00  0.000000000000E+00  0.000000000000E+00
  0.000000000000E+00  0.000000000000E+00  0.000000000000E+00  0.000000000000E+00
  0.000000000000E+00  0.000000000000E+00  0.000000000000E+00  0.000000000000E+00
  0.000000000000E+00  0.000000000000E+00  0.000000000000E+00  0.000000000000E+00
  0.000000000000E+00  0.000000000000E+00  0.000000000000E+00  0.000000000000E+00
  0.000000000000E+00  0.000000000000E+00  0.000000000000E+00  0.000000000000E+00
  0.000000000000E+00  0.000000000000E+00  0.000000000000E+00  0.000000000000E+00
  0.000000000000E+00  0.000000000000E+00  0.000000000000E+00  0.000000000000E+00
  0.000000000000E+00  0.000000000000E+00  0.000000000000E+00  0.000000000000E+00
  0.000000000000E+00  0.000000000000E+00  0.000000000000E+00  0.000000000000E+00
  0.000000000000E+00  0.000000000000E+00  0.000000000000E+00  0.000000000000E+00
  0.000000000000E+00  0.000000000000E+00  0.000000000000E+00  0.000000000000E+00
  0.000000000000E+00  0.000000000000E+00  0.000000000000E+00  0.000000000000E+00
  0.000000000000E+00  0.000000000000E+00  0.000000000000E+00  0.000000000000E+00
  0.000000000000E+00  0.000000000000E+00  0.000000000000E+00  0.000000000000E+00
  0.000000000000E+00  0.000000000000E+00  0.000000000000E+00  0.000000000000E+00
  0.000000000000E+00  0.000000000000E+00  0.000000000000E+00  0.000000000000E+00
  0.000000000000E+00  0.000000000000E+00  0.000000000000E+00  0.000000000000E+00
  0.000000000000E+00  0.000000000000E+00  0.000000000000E+00  0.000000000000E+00
  0.000000000000E+00  0.000000000000E+00  0.000000000000E+00  0.000000000000E+00
  0.000000000000E+00  0.000000000000E+00  0.000000000000E+00  0.000000000000E+00
  0.000000000000E+00  0.000000000000E+00  0.000000000000E+00  0.000000000000E+00
  0.000000000000E+00  0.000000000000E+00  0.000000000000E+00  0.000000000000E+00
  0.000000000000E+00  0.000000000000E+00  0.000000000000E+00  0.000000000000E+00
  0.000000000000E+00  0.000000000000E+00  0.000000000000E+00  0.000000000000E+00
  0.000000000000E+00  0.000000000000E+00  0.000000000000E+00  0.000000000000E+00
  0.000000000000E+00  0.000000000000E+00  0.000000000000E+00  0.000000000000E+00
  0.000000000000E+00  0.000000000000E+00  0.000000000000E+00  0.000000000000E+00
  0.000000000000E+00  0.000000000000E+00  0.000000000000E+00  0.000000000000E+00
  0.000000000000E+00  0.000000000000E+00  0.000000000000E+00  0.000000000000E+00
  0.000000000000E+00  0.000000000000E+00  0.000000000000E+00  0.000000000000E+00
  0.000000000000E+00  0.000000000000E+00  0.000000000000E+00  0.000000000000E+00
  0.000000000000E+00  0.000000000000E+00  0.000000000000E+00  0.000000000000E+00
  0.000000000000E+00  0.000000000000E+00  0.000000000000E+00  0.000000000000E+00
  0.000000000000E+00  0.000000000000E+00  0.000000000000E+00  0.000000000000E+00
  0.000000000000E+00  0.000000000000E+00  0.000000000000E+00  0.000000000000E+00
  0.000000000000E+00  0.000000000000E+00  0.000000000000E+00  0.000000000000E+00
  0.000000000000E+00  0.000000000000E+00  0.000000000000E+00  0.000000000000E+00
  0.000000000000E+00  0.000000000000E+00  0.000000000000E+00  0.000000000000E+00
  0.000000000000E+00  0.000000000000E+00  0.000000000000E+00  0.000000000000E+00
  0.000000000000E+00  0.000000000000E+00  0.000000000000E+00  0.000000000000E+00
  0.000000000000E+00  0.000000000000E+00  0.000000000000E+00  0.000000000000E+00
  0.000000000000E+00  0.000000000000E+00  0.000000000000E+00  0.000000000000E+00
  0.000000000000E+00  0.000000000000E+00  0.000000000000E+00  0.000000000000E+00
  0.000000000000E+00  0.000000000000E+00  0.000000000000E+00  0.000000000000E+00
  0.000000000000E+00  0.000000000000E+00  0.000000000000E+00  0.000000000000E+00
  0.000000000000E+00  0.000000000000E+00  0.000000000000E+00  0.000000000000E+00
  0.000000000000E+00  0.000000000000E+00  0.000000000000E+00  0.000000000000E+00
  0.000000000000E+00  0.000000000000E+00  0.000000000000E+00  0.000000000000E+00
  0.000000000000E+00  0.000000000000E+00  0.000000000000E+00  0.000000000000E+00
  0.000000000000E+00  0.000000000000E+00  0.000000000000E+00  0.000000000000E+00
  0.000000000000E+00  0.000000000000E+00  0.000000000000E+00  0.000000000000E+00
  0.000000000000E+00  0.000000000000E+00  0.000000000000E+00  0.000000000000E+00
  0.000000000000E+00  0.000000000000E+00  0.000000000000E+00  0.000000000000E+00
  0.000000000000E+00  0.000000000000E+00  0.000000000000E+00  0.000000000000E+00
  0.000000000000E+00  0.000000000000E+00  0.000000000000E+00  0.000000000000E+00
  0.000000000000E+00  0.000000000000E+00  0.000000000000E+00  0.000000000000E+00
  0.000000000000E+00  0.000000000000E+00  0.000000000000E+00  0.000000000000E+00
  0.000000000000E+00  0.000000000000E+00  0.000000000000E+00  0.000000000000E+00
  0.000000000000E+00  0.000000000000E+00  0.000000000000E+00  0.000000000000E+00
  0.000000000000E+00  0.000000000000E+00  0.000000000000E+00  0.000000000000E+00
  0.000000000000E+00  0.000000000000E+00  0.000000000000E+00  0.000000000000E+00
  0.000000000000E+00  0.000000000000E+00  0.000000000000E+00  0.000000000000E+00
  0.000000000000E+00  0.000000000000E+00  0.000000000000E+00  0.000000000000E+00
  0.000000000000E+00  0.000000000000E+00  0.000000000000E+00  0.000000000000E+00
  0.000000000000E+00  0.000000000000E+00  0.000000000000E+00  0.000000000000E+00
  0.000000000000E+00  0.000000000000E+00  0.000000000000E+00  0.000000000000E+00
  0.000000000000E+00  0.000000000000E+00  0.000000000000E+00  0.000000000000E+00
  0.000000000000E+00  0.000000000000E+00  0.000000000000E+00  0.000000000000E+00
  0.000000000000E+00  0.000000000000E+00  0.000000000000E+00  0.000000000000E+00
  0.000000000000E+00  0.000000000000E+00  0.000000000000E+00  0.000000000000E+00
  0.000000000000E+00  0.000000000000E+00  0.000000000000E+00  0.000000000000E+00
  0.000000000000E+00  0.000000000000E+00  0.000000000000E+00  0.000000000000E+00
  0.000000000000E+00  0.000000000000E+00  0.000000000000E+00  0.000000000000E+00
  0.000000000000E+00  0.000000000000E+00  0.000000000000E+00  0.000000000000E+00
  0.000000000000E+00  0.000000000000E+00  0.000000000000E+00  0.000000000000E+00
  0.000000000000E+00  0.000000000000E+00  0.000000000000E+00  0.000000000000E+00
  0.000000000000E+00  0.000000000000E+00  0.000000000000E+00  0.000000000000E+00
  0.000000000000E+00  0.000000000000E+00  0.000000000000E+00  0.000000000000E+00
  0.000000000000E+00  0.000000000000E+00  0.000000000000E+00  0.000000000000E+00
  0.000000000000E+00  0.000000000000E+00  0.000000000000E+00  0.000000000000E+00
  0.000000000000E+00  0.000000000000E+00  0.000000000000E+00  0.000000000000E+00
  0.000000000000E+00  0.000000000000E+00  0.000000000000E+00  0.000000000000E+00
  0.000000000000E+00  0.000000000000E+00  0.000000000000E+00  0.000000000000E+00
  0.000000000000E+00  0.000000000000E+00  0.000000000000E+00  0.000000000000E+00
  0.000000000000E+00  0.000000000000E+00  0.000000000000E+00  0.000000000000E+00
  0.000000000000E+00  0.000000000000E+00  0.000000000000E+00  0.000000000000E+00
  0.000000000000E+00  0.000000000000E+00  0.000000000000E+00  0.000000000000E+00
  0.000000000000E+00  0.000000000000E+00  0.000000000000E+00  0.000000000000E+00
  0.000000000000E+00  0.000000000000E+00  0.000000000000E+00  0.000000000000E+00
  0.000000000000E+00  0.000000000000E+00  0.000000000000E+00  0.000000000000E+00
  0.000000000000E+00  0.000000000000E+00  0.000000000000E+00  0.000000000000E+00
  0.000000000000E+00  0.000000000000E+00  0.000000000000E+00  0.000000000000E+00
  0.000000000000E+00  0.000000000000E+00  0.000000000000E+00  0.000000000000E+00
  0.000000000000E+00  0.000000000000E+00  0.000000000000E+00  0.000000000000E+00
  0.000000000000E+00  0.000000000000E+00  0.000000000000E+00  0.000000000000E+00
  0.000000000000E+00  0.000000000000E+00  0.000000000000E+00  0.000000000000E+00
  0.000000000000E+00  0.000000000000E+00  0.000000000000E+00  0.000000000000E+00
  0.000000000000E+00  0.000000000000E+00  0.000000000000E+00  0.000000000000E+00
  0.000000000000E+00  0.000000000000E+00  0.000000000000E+00  0.000000000000E+00
  0.000000000000E+00  0.000000000000E+00  0.000000000000E+00  0.000000000000E+00
  0.000000000000E+00
 Valence charge follows
  2.818231855151E-10  1.141192353964E-09  2.599388266081E-09  4.678298195449E-09
  7.400435345349E-09  1.078895620186E-08  1.486767785146E-08  1.966109557291E-08
  2.519440080261E-08  3.149349951908E-08  3.858503107343E-08  4.649638748557E-08
  5.525573322264E-08  6.489202547435E-08  7.543503493962E-08  8.691536713832E-08
  9.936448426215E-08  1.128147275786E-07  1.272993404020E-07  1.428524916471E-07
  1.595092999782E-07  1.773058585704E-07  1.962792604986E-07  2.164676247676E-07
  2.379101230031E-07  2.606470068170E-07  2.847196358653E-07  3.101705066164E-07
  3.370432818462E-07  3.653828208790E-07  3.952352105941E-07  4.266477972136E-07
  4.596692188959E-07  4.943494391502E-07  5.307397810963E-07  5.688929625881E-07
  6.088631322246E-07  6.507059062685E-07  6.944784064966E-07  7.402392990047E-07
  7.880488339903E-07  8.379688865386E-07  8.900629984362E-07  9.443964210375E-07
  1.001036159212E-06  1.060051016396E-06  1.121511640781E-06  1.185490572666E-06
  1.252062292991E-06  1.321303273109E-06  1.393292025792E-06  1.468109157533E-06
  1.545837422153E-06  1.626561775763E-06  1.710369433103E-06  1.797349925296E-06
  1.887936400154E-06  1.981545194727E-06  2.078589387310E-06  2.179162491670E-06
  2.283357889526E-06  2.391268574055E-06  2.503181742393E-06  2.619264062776E-06
  2.739444044083E-06  2.863820751722E-06  2.992491994938E-06  3.125553937274E-06
  3.263100669794E-06  3.405223744324E-06  3.552011663785E-06  3.703590328360E-06
  3.861334684241E-06  4.024192933005E-06  4.192254043065E-06  4.365602032561E-06
  4.544315224269E-06  4.728465436969E-06  4.920330716188E-06  5.118068179985E-06
  5.321734513248E-06  5.531393857856E-06  5.747111629693E-06  5.972036178067E-06
  6.203476763523E-06  6.441485044431E-06  6.686100242128E-06  6.939676594571E-06
  7.201925210132E-06  7.471325459766E-06  7.747894399273E-06  8.034303960767E-06
  8.330600499819E-06  8.634628763261E-06  8.946374896394E-06  9.270428584701E-06
  9.604204455952E-06  9.946270601785E-06  1.029782427709E-05  1.066379390742E-05
  1.103864701912E-05  1.142230400248E-05  1.182112399889E-05  1.223139367238E-05
  1.265105006561E-05  1.308451330281E-05  1.353299800728E-05  1.399146164921E-05
  1.446291087195E-05  1.495258364018E-05  1.545283181490E-05  1.596593651582E-05
  1.649994991645E-05  1.704513311538E-05  1.760392246934E-05  1.818561265163E-05
  1.877905721013E-05  1.938795632035E-05  2.002084588493E-05  2.066605521885E-05
  2.132992501703E-05  2.201772442445E-05  2.271837854628E-05  2.344255972369E-05
  2.418916690480E-05  2.494911984672E-05  2.573948123204E-05  2.654897900905E-05
  2.737347948140E-05  2.823524556311E-05  2.911189642807E-05  3.001243136581E-05
  3.094538931205E-05  3.189362703771E-05  3.287762701588E-05  3.388647419121E-05
  3.491375313772E-05  3.598652659755E-05  3.707613011486E-05  3.819936281424E-05
  3.935771661894E-05  4.053309603923E-05  4.176169977296E-05  4.301095312310E-05
  4.429443593665E-05  4.562159026656E-05  4.696720156350E-05  4.837189743021E-05
  4.980113596607E-05  5.126911518250E-05  5.278652689102E-05  5.432375149607E-05
  5.593122038580E-05  5.756300623185E-05  5.924346178656E-05  6.097493584935E-05
  6.273191600134E-05  6.456847240636E-05  6.642777266198E-05  6.835300255697E-05
  7.032488023059E-05  7.233839065270E-05  7.442892332432E-05  7.654328732850E-05
  7.875058452565E-05  8.099193064636E-05  8.330109014819E-05  8.567625924807E-05
  8.809223788943E-05  9.060842664308E-05  9.315121086715E-05  9.580120507736E-05
  9.849473486411E-05  1.012680170293E-04  1.041203843752E-04  1.070229683196E-04
  1.100426857610E-04  1.130915428242E-04  1.162769051737E-04  1.195044430784E-04
  1.228390862746E-04  1.262548662046E-04  1.297460898914E-04  1.333601696805E-04
  1.370156357198E-04  1.408385954545E-04  1.446953455813E-04  1.487093151302E-04
  1.527888136006E-04  1.569924774882E-04  1.613065945216E-04  1.657092584695E-04
  1.702704806379E-04  1.748819137521E-04  1.797033758441E-04  1.845629617585E-04
  1.896293526139E-04  1.947661013675E-04  2.000737119469E-04  2.055023433564E-04
  2.110630464453E-04  2.167990448688E-04  2.226253066895E-04  2.286849607053E-04
  2.347898710928E-04  2.411903152765E-04  2.476357215503E-04  2.543468783388E-04
  2.611547573649E-04  2.681880447230E-04  2.753775777427E-04  2.827489182749E-04
  2.903402840035E-04  2.980664002410E-04  3.060808269614E-04  3.141792823481E-04
  3.226391027955E-04  3.311495817467E-04  3.400570540318E-04  3.490406141253E-04
  3.583787759266E-04  3.678603906691E-04  3.776506285548E-04  3.876565734761E-04
  3.979213549284E-04  4.084792761520E-04  4.192422054884E-04  4.303811920408E-04
  4.416670693376E-04  4.534177294117E-04  4.652526126027E-04  4.776471540082E-04
  4.901046043657E-04  5.031307393853E-04  5.162711774572E-04  5.299329254935E-04
  5.437923388566E-04  5.581214859960E-04  5.727377495890E-04  5.877677048340E-04
  6.031806819151E-04  6.189465625963E-04  6.351982113672E-04  6.517369332786E-04
  6.688714195213E-04  6.862217920632E-04  7.042856081586E-04  7.224884347886E-04
  7.415305255113E-04  7.606499447674E-04  7.807006053363E-04  8.008563656466E-04
  8.218952196139E-04  8.431419889564E-04  8.652189457204E-04  8.876142918078E-04
  9.107818489848E-04  9.343863982849E-04  9.586997816056E-04  9.835773876802E-04
  1.009094698971E-03  1.035312620738E-03  1.062094994500E-03  1.089724085069E-03
  1.117835854212E-03  1.146950760982E-03  1.176459632298E-03  1.207139009076E-03
  1.238116249097E-03  1.270442981034E-03  1.302963612945E-03  1.337025055150E-03
  1.371191705025E-03  1.407056298280E-03  1.443058829094E-03  1.480716955969E-03
  1.518653034680E-03  1.558196972712E-03  1.598169582547E-03  1.639696544399E-03
  1.681814290980E-03  1.725426705192E-03  1.769804141975E-03  1.815609951228E-03
  1.862367925647E-03  1.910480903752E-03  1.959746925535E-03  2.010287014479E-03
  2.062195647737E-03  2.115289316210E-03  2.169982597028E-03  2.225763221962E-03
  2.283391103355E-03  2.341999376141E-03  2.402720202400E-03  2.464304561579E-03
  2.528285574182E-03  2.593002666548E-03  2.660420544007E-03  2.728435716218E-03
  2.799477150421E-03  2.870964973383E-03  2.945827285199E-03  3.020972113690E-03
  3.099863910841E-03  3.178923770796E-03  3.262002361482E-03  3.345327561860E-03
  3.432681733612E-03  3.520506712780E-03  3.612366373576E-03  3.704939199222E-03
  3.801547469355E-03  3.899130707466E-03  4.000744754813E-03  4.103616400769E-03
  4.210508335262E-03  4.318962812002E-03  4.431420643955E-03  4.545769872569E-03
  4.664098539940E-03  4.784673088519E-03  4.909195558599E-03  5.036345875664E-03
  5.167404327148E-03  5.301502066539E-03  5.439459158470E-03  5.580898603140E-03
  5.726138837732E-03  5.875338430571E-03  6.028269617559E-03  6.185673608031E-03
  6.346728438810E-03  6.512808654981E-03  6.682446395543E-03  6.857704151874E-03
  7.036412464289E-03  7.221380616479E-03  7.409677519521E-03  7.604922678645E-03
  7.803358659067E-03  8.009483578312E-03  8.218643865238E-03  8.436290013670E-03
  8.656797029669E-03  8.886647368702E-03  9.119163372223E-03  9.361945351793E-03
  9.607175286910E-03  9.863664079795E-03  1.012235865055E-02  1.039338064483E-02
  1.066633963288E-02  1.095277620424E-02  1.124085205021E-02  1.154364363751E-02
  1.184774530787E-02  1.216789581747E-02  1.248899298098E-02  1.282757454733E-02
  1.316670208659E-02  1.352486021883E-02  1.388344859833E-02  1.426208225171E-02
  1.464151795401E-02  1.504173037932E-02  1.544332700052E-02  1.586646685031E-02
  1.629162983399E-02  1.673913962200E-02  1.718937333289E-02  1.766279662676E-02
  1.813971200165E-02  1.864070119889E-02  1.914602402190E-02  1.967634875624E-02
  2.021192860883E-02  2.077348483754E-02  2.134130477751E-02  2.193612460384E-02
  2.253831163124E-02  2.316857392007E-02  2.380741029209E-02  2.447545214062E-02
  2.515338760156E-02  2.586171673113E-02  2.658138172802E-02  2.733268986728E-02
  2.809690982585E-02  2.889408715986E-02  2.970589790029E-02  3.055204866445E-02
  3.141471304069E-02  3.231317234279E-02  3.323019819369E-02  3.418455015163E-02
  3.515970965653E-02  3.617380694359E-02  3.721115747918E-02  3.828914237255E-02
  3.939304897167E-02  4.053937600376E-02  4.171453552040E-02  4.293399583562E-02
  4.418546292302E-02  4.548321044536E-02  4.681642545673E-02  4.819800497533E-02
  4.961882389750E-02  5.109020117857E-02  5.260492770927E-02  5.417252174182E-02
  5.578794161982E-02  5.745865910156E-02  5.918207679553E-02  6.096334896105E-02
  6.280262681805E-02  6.470244870591E-02  6.666604865205E-02  6.869302089877E-02
  7.079004877391E-02  7.295342201098E-02  7.519367460445E-02  7.750339651967E-02
  7.989741135513E-02  8.236417645914E-02  8.492328435272E-02  8.755858646755E-02
  9.029496685357E-02  9.311115430873E-02  9.603789329107E-02  9.904822677582E-02
  1.021793778185E-01  1.053980907934E-01  1.087487379111E-01  1.121910994285E-01
  1.157774226758E-01  1.194598023938E-01  1.232991453756E-01  1.272390804770E-01
  1.313500195187E-01  1.355662831560E-01  1.399686976696E-01  1.444813684572E-01
  1.491965119230E-01  1.540270438804E-01  1.590776147332E-01  1.642489069470E-01
  1.696591185007E-01  1.751955836238E-01  1.809912320000E-01  1.869188625308E-01
  1.931273913620E-01  1.994738224550E-01  2.061243829184E-01  2.129189502625E-01
  2.200424547626E-01  2.273162458227E-01  2.349454133798E-01  2.427313100396E-01
  2.509007011533E-01  2.592334115104E-01  2.679794499636E-01  2.768955267242E-01
  2.862565054634E-01  2.957943480583E-01  3.058104159412E-01  3.160102531430E-01
  3.267233789877E-01  3.376272284598E-01  3.490811384666E-01  3.607327393126E-01
  3.729728235695E-01  3.854175376037E-01  3.984907210375E-01  4.117753981578E-01
  4.257299709779E-01  4.399027737138E-01  4.547881761181E-01  4.698983581701E-01
  4.857649138772E-01  5.018625472678E-01  5.187611403215E-01  5.358967856816E-01
  5.538784749771E-01  5.721027895145E-01  5.912183556484E-01  6.105816335210E-01
  6.308810529134E-01  6.514326930991E-01  6.729645349064E-01  6.947524322610E-01
  7.175631744418E-01  7.406330305058E-01  7.647662925610E-01  7.891608438623E-01
  8.146565352847E-01  8.404146984292E-01  8.673080838093E-01  8.944640185821E-01
  9.227847026556E-01  9.513667967203E-01  9.811376354292E-01  1.011167417013E+00
  1.042403363893E+00  1.073894352092E+00  1.106601252974E+00  1.139557758980E+00
  1.173731112049E+00  1.208147008652E+00  1.243770711290E+00  1.279628192329E+00
  1.316673300696E+00  1.353941656631E+00  1.392365188512E+00  1.430999628772E+00
  1.470743444540E+00  1.510684001518E+00  1.551673801935E+00  1.592844355245E+00
  1.634988837807E+00  1.677296300244E+00  1.720486517637E+00  1.763820225971E+00
  1.807929190415E+00  1.852160544160E+00  1.897043119682E+00  1.942025509022E+00
  1.987518629583E+00  2.033087689335E+00  2.079010933962E+00  2.124985153491E+00
  2.171141699989E+00  2.217323409244E+00  2.263501375679E+00  2.309678115026E+00
  2.355652283183E+00  2.401598549727E+00  2.447132447808E+00  2.492611793972E+00
  2.537460097638E+00  2.582227539851E+00  2.626138732651E+00  2.669943410187E+00
  2.712662627933E+00  2.755250635917E+00  2.796522606349E+00  2.837639914312E+00
  2.877211895466E+00  2.916607255515E+00  2.954231875143E+00  2.991659623474E+00
  3.027097529193E+00  3.062320192721E+00  3.095342439028E+00  3.128133075935E+00
  3.158523199523E+00  3.188667428302E+00  3.216223195835E+00  3.243520900285E+00
  3.268055749947E+00  3.292322484548E+00  3.313666719795E+00  3.334734876452E+00
  3.352736701799E+00  3.370456529289E+00  3.384983037083E+00  3.399223622307E+00
  3.410161839945E+00  3.420812158923E+00  3.428070242904E+00  3.435040364677E+00
  3.438548979144E+00  3.441771455488E+00  3.441485301021E+00  3.440916702027E+00
  3.436816073707E+00  3.432438542495E+00  3.424530709709E+00  3.416353324059E+00
  3.404673459019E+00  3.392733124729E+00  3.377344486861E+00  3.361706071487E+00
  3.342699204103E+00  3.323454673611E+00  3.300945502987E+00  3.278211962137E+00
  3.252338905593E+00  3.226255662841E+00  3.197176124026E+00  3.167901174130E+00
  3.135788069761E+00  3.103494650111E+00  3.068533778587E+00  3.033407812921E+00
  2.995796821689E+00  2.958035997495E+00  2.917985306220E+00  2.877800113984E+00
  2.835535293650E+00  2.793151478688E+00  2.748915186019E+00  2.704575642308E+00
  2.658625710760E+00  2.612588356837E+00  2.565190541129E+00  2.517720805861E+00
  2.469141998730E+00  2.420506116415E+00  2.371012465944E+00  2.321475870919E+00
  2.271330383509E+00  2.221155281331E+00  2.170615409552E+00  2.120058376222E+00
  2.069373903115E+00  2.018683792465E+00  1.968094861476E+00  1.917510848437E+00
  1.867246181296E+00  1.816995994161E+00  1.767271310146E+00  1.717569663300E+00
  1.668586311581E+00  1.619633550421E+00  1.571577361207E+00  1.523558324759E+00
  1.476598685924E+00  1.429681793926E+00  1.383970953669E+00  1.338307518505E+00
  1.293980112846E+00  1.249703875135E+00  1.206876676220E+00  1.164103560040E+00
  1.122875438783E+00  1.081703520049E+00  1.042155614267E+00  1.002665293455E+00
  9.648613704687E-01  9.271157386890E-01  8.911027391868E-01  8.551481244431E-01
  8.209568723149E-01  7.868235507064E-01  7.544696115313E-01  7.221726661290E-01
  6.916573350693E-01  6.611976432799E-01  6.325090414113E-01  6.038743699209E-01
  5.769886265943E-01  5.501548115594E-01  5.250373093711E-01  4.999694985146E-01
  4.765761569642E-01  4.532300897495E-01  4.315086637892E-01  4.098319659755E-01
  3.897233364373E-01  3.696568061133E-01  3.510962404463E-01  3.325751040909E-01
  3.154934679083E-01  2.984485870950E-01  2.827734896113E-01  2.671325015503E-01
  2.527893609578E-01  2.384777390369E-01  2.253907570860E-01  2.123327807702E-01
  2.004258191058E-01  1.885454458335E-01  1.777427998687E-01  1.669644347952E-01
  1.571915039345E-01  1.474406663868E-01  1.386245221437E-01  1.298284103665E-01
  1.218982662744E-01  1.139862243862E-01  1.068738135346E-01  9.977770652753E-02
  9.341757403224E-02  8.707207811953E-02  8.140179686881E-02  7.574461349811E-02
  7.070493210824E-02  6.567693454851E-02  6.121186665368E-02  5.675718824518E-02
  5.281405207853E-02  4.888012506432E-02  4.540954181496E-02  4.194709519824E-02
  3.890295391927E-02  3.586597808057E-02  3.320537404329E-02  3.055105897384E-02
  2.823421138857E-02  2.592286442353E-02  2.391301844608E-02  2.190796638435E-02
  2.017128336406E-02  1.843876290263E-02  1.694420195437E-02  1.545324149645E-02
  1.417243473252E-02  1.289472988721E-02  1.180185304678E-02  1.071163754437E-02
  9.783277312814E-03  8.857190618147E-03  8.072209627050E-03  7.289162235515E-03
  6.628562557128E-03  5.969599783038E-03  5.416385653467E-03  4.864550643088E-03
  4.403591138229E-03  3.943787830464E-03  3.561680248812E-03  3.180537037349E-03
  2.865471789639E-03  2.551206686390E-03  2.292834533469E-03  2.035122674470E-03
  1.824425177328E-03  1.614269534646E-03  1.443433575440E-03  1.273039733228E-03
  1.135336929477E-03  9.979927454486E-04  8.876645117711E-04  7.776254173470E-04
  6.897743335838E-04  6.021549303511E-04  5.326429572271E-04  4.633154496650E-04
  4.086694001314E-04  3.541692716144E-04  3.114938048022E-04  2.689330028531E-04
  2.358312651646E-04  2.028190197429E-04  1.773209202918E-04  1.518921818362E-04
  1.323901625134E-04  1.129415198003E-04  9.813356782747E-05  8.336639355612E-05
  7.220594938097E-05  6.107642664475E-05  5.272876411048E-05  4.440437121755E-05
  3.820897066285E-05  3.203094568221E-05  2.746934357428E-05  2.292061308028E-05
  1.958919272443E-05  1.626723026240E-05  1.385441522773E-05  1.144849218645E-05
  9.715815070994E-06  7.988117661787E-06  6.754659189574E-06  5.524767597036E-06
  4.654492213553E-06  3.786749124954E-06  3.178300721749E-06  2.571633852509E-06
  2.150196670176E-06  1.730001250120E-06  1.440874302124E-06  1.152604698582E-06
  9.561814597140E-07  7.603444266652E-07  6.282316094236E-07  4.965156413448E-07
  4.085645499552E-07  3.208793970653E-07  2.629398337822E-07  2.051766362707E-07
  1.674161612117E-07  1.297714088859E-07  1.054316973293E-07  8.116709360600E-08
  6.565417438449E-08  5.018946122809E-08  4.041589743400E-08  3.067292174255E-08
  2.458776706966E-08  1.852179550655E-08  1.477875831607E-08  1.104760830869E-08
  8.773654082381E-09  6.506976092056E-09  5.142983262351E-09  3.783388616770E-09
  2.975819967504E-09  2.170875816004E-09  1.699090516917E-09  1.228850788670E-09
  9.569791748460E-10  6.860055305092E-10  5.315188642316E-10  3.775467395545E-10
  2.910150552139E-10  2.047740528641E-10  1.570143341869E-10  1.094164619224E-10
  8.345122076422E-11  5.757476056344E-11  4.367511561122E-11  2.982343405339E-11
  2.249971660169E-11  1.520150885864E-11  1.140487469289E-11  7.621592678541E-12
  5.685938792192E-12  3.757159765786E-12  2.786996974364E-12  1.820314801171E-12
  1.342491180910E-12  8.663996015600E-13  6.352424212749E-13  4.049320568838E-13
  2.951402570653E-13  1.857550488515E-13  1.345802298798E-13  8.359704427251E-14
  6.019990218902E-14  3.689137915866E-14  2.640367186140E-14  1.595615486855E-14
  1.134939841235E-14  6.760508635661E-15  4.778580081380E-15  2.804433302018E-15
  1.969734799310E-15  1.138355311301E-15  5.695898459508E-16  1.570995121179E-18
  0.000000000000E+00  0.000000000000E+00  0.000000000000E+00  0.000000000000E+00
  0.000000000000E+00  0.000000000000E+00  0.000000000000E+00  0.000000000000E+00
  0.000000000000E+00  0.000000000000E+00  0.000000000000E+00  0.000000000000E+00
  0.000000000000E+00  0.000000000000E+00  0.000000000000E+00  0.000000000000E+00
  0.000000000000E+00  0.000000000000E+00  0.000000000000E+00  0.000000000000E+00
  0.000000000000E+00  0.000000000000E+00  0.000000000000E+00  0.000000000000E+00
  0.000000000000E+00  0.000000000000E+00  0.000000000000E+00  0.000000000000E+00
  0.000000000000E+00  0.000000000000E+00  0.000000000000E+00  0.000000000000E+00
  0.000000000000E+00  0.000000000000E+00  0.000000000000E+00  0.000000000000E+00
  0.000000000000E+00  0.000000000000E+00  0.000000000000E+00  0.000000000000E+00
  0.000000000000E+00  0.000000000000E+00  0.000000000000E+00  0.000000000000E+00
  0.000000000000E+00  0.000000000000E+00  0.000000000000E+00  0.000000000000E+00
  0.000000000000E+00  0.000000000000E+00  0.000000000000E+00  0.000000000000E+00
  0.000000000000E+00  0.000000000000E+00  0.000000000000E+00  0.000000000000E+00
  0.000000000000E+00  0.000000000000E+00  0.000000000000E+00  0.000000000000E+00
  0.000000000000E+00  0.000000000000E+00  0.000000000000E+00  0.000000000000E+00
  0.000000000000E+00  0.000000000000E+00  0.000000000000E+00  0.000000000000E+00
  0.000000000000E+00  0.000000000000E+00  0.000000000000E+00  0.000000000000E+00
  0.000000000000E+00  0.000000000000E+00  0.000000000000E+00  0.000000000000E+00
  0.000000000000E+00  0.000000000000E+00  0.000000000000E+00  0.000000000000E+00
  0.000000000000E+00  0.000000000000E+00  0.000000000000E+00  0.000000000000E+00
  0.000000000000E+00  0.000000000000E+00  0.000000000000E+00  0.000000000000E+00
  0.000000000000E+00
 Pseudo-wave-function follows (l, zelect, rc)
 0  2.000000000000E+00  1.415781756204E+00
  1.187120111978E-05  2.388811727170E-05  3.605253705914E-05  4.836627104000E-05
  6.083115199619E-05  7.344903520638E-05  8.622179872219E-05  9.915134364767E-05
  1.122395944223E-04  1.254884991075E-04  1.389000296762E-04  1.524761823071E-04
  1.662189776809E-04  1.801304612818E-04  1.942127037013E-04  2.084678009471E-04
  2.228978747544E-04  2.375050729022E-04  2.522915695326E-04  2.672595654746E-04
  2.824112885717E-04  2.977489940135E-04  3.132749646711E-04  3.289915114373E-04
  3.449009735702E-04  3.610057190415E-04  3.773081448890E-04  3.938106775735E-04
  4.105157733395E-04  4.274259185812E-04  4.445436302126E-04  4.618714560419E-04
  4.794119751506E-04  4.971677982778E-04  5.151415682085E-04  5.333359601669E-04
  5.517536822149E-04  5.703974756547E-04  5.892701154373E-04  6.083744105751E-04
  6.277132045603E-04  6.472893757880E-04  6.671058379846E-04  6.871655406416E-04
  7.074714694545E-04  7.280266467671E-04  7.488341320217E-04  7.698970222140E-04
  7.912184523543E-04  8.128015959343E-04  8.346496653992E-04  8.567659126256E-04
  8.791536294062E-04  9.018161479391E-04  9.247568413242E-04  9.479791240649E-04
  9.715301311939E-04  9.953255120730E-04  1.019410471192E-03  1.043788071418E-03
  1.068461155870E-03  1.093432345526E-03  1.118725789151E-03  1.144350287214E-03
  1.170288515393E-03  1.196542539274E-03  1.223114197866E-03  1.250005097796E-03
  1.277216606899E-03  1.304749847188E-03  1.332605687231E-03  1.360788498960E-03
  1.389414327233E-03  1.418375968949E-03  1.447673690863E-03  1.477307478802E-03
  1.507277027091E-03  1.537581727404E-03  1.568396234922E-03  1.599559608666E-03
  1.631069554602E-03  1.662924749707E-03  1.695124330713E-03  1.727889560982E-03
  1.761010702719E-03  1.794485652071E-03  1.828311925964E-03  1.862642355328E-03
  1.897442884700E-03  1.932604107116E-03  1.968122637207E-03  2.004160720525E-03
  2.040706093050E-03  2.077617190420E-03  2.114889623468E-03  2.152785666738E-03
  2.191138326995E-03  2.229859665500E-03  2.269013089766E-03  2.308856588253E-03
  2.349075562229E-03  2.389663820992E-03  2.430945353121E-03  2.472710951513E-03
  2.514851311443E-03  2.557581114589E-03  2.600942586766E-03  2.644683600776E-03
  2.688943721099E-03  2.733950564161E-03  2.779340968402E-03  2.825216587374E-03
  2.871918520031E-03  2.919007200208E-03  2.966586878196E-03  3.015033801697E-03
  3.063869746277E-03  3.113245667795E-03  3.163487614138E-03  3.214119854619E-03
  3.265388076829E-03  3.317475144301E-03  3.369952682520E-03  3.423213388411E-03
  3.477195664336E-03  3.531567386630E-03  3.586925144156E-03  3.642852614565E-03
  3.699208557559E-03  3.756731220826E-03  3.814653666663E-03  3.873272929333E-03
  3.932843887837E-03  3.992810767172E-03  4.053809983026E-03  4.115479845578E-03
  4.177625618270E-03  4.241041324555E-03  4.304860244243E-03  4.369571468968E-03
  4.435193161045E-03  4.501210682630E-03  4.568617893106E-03  4.636496295287E-03
  4.705215175890E-03  4.775001051465E-03  4.845186099430E-03  4.916808606467E-03
  4.988961817942E-03  5.062004508428E-03  5.136175040026E-03  5.210745727192E-03
  5.286914443568E-03  5.363565811079E-03  5.441270743274E-03  5.520054653792E-03
  5.599336748831E-03  5.680306317738E-03  5.761687294710E-03  5.844417052184E-03
  5.928051398315E-03  6.012485354032E-03  6.098429110837E-03  6.184779291876E-03
  6.272922600235E-03  6.361652803399E-03  6.451636442036E-03  6.542805787230E-03
  6.634677684303E-03  6.728346732204E-03  6.822426551710E-03  6.918386702741E-03
  7.015041598178E-03  7.113039407263E-03  7.212333256611E-03  7.312421268015E-03
  7.414419511251E-03  7.516828384174E-03  7.621421170997E-03  7.726614834181E-03
  7.833461943141E-03  7.941509406052E-03  8.050668508694E-03  8.161640472463E-03
  8.273170599381E-03  8.387139499342E-03  8.501526681508E-03  8.618141125577E-03
  8.735613024490E-03  8.854783244504E-03  8.975416227712E-03  9.097207087252E-03
  9.221079398628E-03  9.345557307990E-03  9.472749114636E-03  9.600360069893E-03
  9.730575511412E-03  9.861601716821E-03  9.994712373282E-03  1.012923832168E-02
  1.026531722571E-02  1.040342948912E-02  1.054255142993E-02  1.068433871133E-02
  1.082658027985E-02  1.097213346617E-02  1.111811144814E-02  1.126698531765E-02
  1.141683611476E-02  1.156907001869E-02  1.172288938888E-02  1.187856761646E-02
  1.203645367697E-02  1.219566256008E-02  1.235771584609E-02  1.252054381107E-02
  1.268686733560E-02  1.285360982014E-02  1.302410427172E-02  1.319523622026E-02
  1.336962758467E-02  1.354525748828E-02  1.372364312876E-02  1.390388215365E-02
  1.408636180531E-02  1.427132385908E-02  1.445799968859E-02  1.464780148810E-02
  1.483877815473E-02  1.503353929568E-02  1.522892401387E-02  1.542876704199E-02
  1.562903463935E-02  1.583372012949E-02  1.603920902724E-02  1.624863974325E-02
  1.645947894904E-02  1.667377299473E-02  1.689009469911E-02  1.710937306910E-02
  1.733131272420E-02  1.755569937604E-02  1.778339577625E-02  1.801301770436E-02
  1.824661306887E-02  1.848160038026E-02  1.872124043772E-02  1.896172642953E-02
  1.920756050478E-02  1.945381556178E-02  1.970586284657E-02  1.995847872179E-02
  2.021644416655E-02  2.047557798574E-02  2.073960847174E-02  2.100542123833E-02
  2.127566725358E-02  2.154832394442E-02  2.182493967329E-02  2.210460933679E-02
  2.238775275177E-02  2.267460860834E-02  2.296444156405E-02  2.325866110913E-02
  2.355534943862E-02  2.385711454814E-02  2.416082816154E-02  2.447032520005E-02
  2.478123818563E-02  2.509865811701E-02  2.541694884472E-02  2.574248734565E-02
  2.606844804046E-02  2.640219614937E-02  2.673648977491E-02  2.707817723607E-02
  2.742100958768E-02  2.777083299149E-02  2.812241494307E-02  2.848057571821E-02
  2.884112334742E-02  2.920782788053E-02  2.957756259709E-02  2.995302235535E-02
  3.033217103245E-02  3.071660268916E-02  3.110539779811E-02  3.149902336134E-02
  3.189770310948E-02  3.230075005388E-02  3.270955852592E-02  3.312225992770E-02
  3.354144723050E-02  3.396404190575E-02  3.439386431660E-02  3.482659696298E-02
  3.526731708155E-02  3.571043842341E-02  3.616232532742E-02  3.661609226451E-02
  3.707942166915E-02  3.754409742888E-02  3.801915185018E-02  3.849500614368E-02
  3.898207506581E-02  3.946956971072E-02  3.996876429446E-02  4.046858403837E-02
  4.097980663690E-02  4.149225576261E-02  4.201580366389E-02  4.254119395759E-02
  4.307737177211E-02  4.361602270789E-02  4.416514254893E-02  4.471738147760E-02
  4.527976314585E-02  4.584592548854E-02  4.642189666120E-02  4.700232610750E-02
  4.759222253194E-02  4.818727124296E-02  4.879143693513E-02  4.940146575142E-02
  5.002025319899E-02  5.064563185348E-02  5.127940222399E-02  5.192050956013E-02
  5.256963291406E-02  5.322685710920E-02  5.389171261827E-02  5.456545141242E-02
  5.524642758315E-02  5.593708851325E-02  5.663458341583E-02  5.734258405571E-02
  5.805700555846E-02  5.878277376446E-02  5.951453977390E-02  6.025851393651E-02
  6.100805264315E-02  6.177068194455E-02  6.253843207465E-02  6.332017675252E-02
  6.410658782578E-02  6.490791944331E-02  6.571345203679E-02  6.653485375920E-02
  6.735997977748E-02  6.820194665507E-02  6.904714960686E-02  6.991018886477E-02
  7.077596414609E-02  7.166059548094E-02  7.254745066500E-02  7.345420654852E-02
  7.436266168245E-02  7.529208767223E-02  7.622267558080E-02  7.717533063840E-02
  7.812859723487E-02  7.910505405130E-02  8.008194274890E-02  8.108240398441E-02
  8.208369531985E-02  8.310855464684E-02  8.413485012089E-02  8.518470906514E-02
  8.623662493877E-02  8.731209978101E-02  8.839026743222E-02  8.949198956491E-02
  9.059705585385E-02  9.172567214610E-02  9.285829978844E-02  9.401447295926E-02
  9.517534090807E-02  9.635974990802E-02  9.754955374423E-02  9.876289414566E-02
  9.998234647725E-02  1.012253308733E-01  1.024751617433E-01  1.037485201555E-01
  1.050294774591E-01  1.063339577545E-01  1.076468076649E-01  1.089831759814E-01
  1.103287033854E-01  1.116977445668E-01  1.130767535092E-01  1.144792715495E-01
  1.158925856869E-01  1.173294041835E-01  1.187778672476E-01  1.202498298644E-01
  1.217343061347E-01  1.232422770737E-01  1.247636518595E-01  1.263085163428E-01
  1.278676964748E-01  1.294503612350E-01  1.310482755659E-01  1.326696693464E-01
  1.343072692609E-01  1.359683433246E-01  1.376466032584E-01  1.393483319062E-01
  1.410682498738E-01  1.428116309709E-01  1.445742291020E-01  1.463602846131E-01
  1.481666096967E-01  1.499963862293E-01  1.518475102658E-01  1.537220796205E-01
  1.556191003810E-01  1.575395601083E-01  1.594836016996E-01  1.614510756642E-01
  1.634432890997E-01  1.654589280481E-01  1.675004918224E-01  1.695654739559E-01
  1.716575946229E-01  1.737731261723E-01  1.759170389246E-01  1.780843547261E-01
  1.802813239734E-01  1.825016880439E-01  1.847530079887E-01  1.870277140973E-01
  1.893347093058E-01  1.916650815395E-01  1.940291075027E-01  1.964165008225E-01
  1.988389445057E-01  2.012847452900E-01  2.037670256651E-01  2.062726522345E-01
  2.088162207901E-01  2.113831239098E-01  2.139894651330E-01  2.166191284856E-01
  2.192897603076E-01  2.219837009284E-01  2.247201751270E-01  2.274799437941E-01
  2.302838463405E-01  2.331110279087E-01  2.359839792489E-01  2.388801929153E-01
  2.418238481711E-01  2.447907476585E-01  2.478067967318E-01  2.508460703735E-01
  2.539362379353E-01  2.570496086406E-01  2.602156539821E-01  2.634048790615E-01
  2.666485957804E-01  2.699154666025E-01  2.732386820955E-01  2.765850235453E-01
  2.799895982690E-01  2.834172679704E-01  2.869050944310E-01  2.904159816925E-01
  2.939889831136E-01  2.975850075468E-01  3.012451361607E-01  3.049282459140E-01
  3.086774808089E-01  3.124496503512E-01  3.162899947988E-01  3.201532221736E-01
  3.240867003480E-01  3.280430038094E-01  3.320716567944E-01  3.361230707207E-01
  3.402489516854E-01  3.443975216493E-01  3.486226900566E-01  3.528704669126E-01
  3.571969815991E-01  3.615460144295E-01  3.659759253755E-01  3.704282531079E-01
  3.749635916880E-01  3.795212331743E-01  3.841640006461E-01  3.888289429600E-01
  3.935810969173E-01  3.983552815921E-01  4.032187200682E-01  4.081040269607E-01
  4.130805698255E-01  4.180787982457E-01  4.231701654935E-01  4.282830121953E-01
  4.334907986675E-01  4.387198322432E-01  4.440454782757E-01  4.493921094409E-01
  4.548368668659E-01  4.603023140641E-01  4.658672069331E-01  4.714524566234E-01
  4.771382359536E-01  4.828439968854E-01  4.886510886676E-01  4.944777393784E-01
  5.004061850198E-01  5.063537137318E-01  5.124031020522E-01  5.184710380877E-01
  5.246404279364E-01  5.308277637251E-01  5.371155962566E-01  5.434206989786E-01
  5.498246986133E-01  5.562452105142E-01  5.627622736342E-01  5.692950000751E-01
  5.759210705699E-01  5.825618549457E-01  5.892917858472E-01  5.960353706352E-01
  6.028627712795E-01  6.097026446847E-01  6.166197131318E-01  6.235479410968E-01
  6.305452819491E-01  6.375523257137E-01  6.446187540299E-01  6.516932739916E-01
  6.588156067186E-01  6.659442540783E-01  6.731070913506E-01  6.802742899691E-01
  6.874597897822E-01  6.946475118365E-01  7.018351630112E-01  7.090227034620E-01
  7.161891034974E-01  7.233528600669E-01  7.304715064361E-01  7.375847737556E-01
  7.446258794083E-01  7.516586682070E-01  7.585890144663E-01  7.655079090851E-01
  7.722907516690E-01  7.790588217117E-01  7.856538681332E-01  7.922306525610E-01
  7.985941314623E-01  8.049357156919E-01  8.110205604640E-01  8.170797687624E-01
  8.228359387232E-01  8.285626650292E-01  8.339376270390E-01  8.392793268381E-01
  8.442187179892E-01  8.491210814969E-01  8.535695688592E-01  8.579773909646E-01
  8.618797367270E-01  8.657379913497E-01  8.690403205729E-01  8.722954357997E-01
  8.749466890621E-01  8.775480043582E-01  8.795015388001E-01  8.814029067146E-01
  8.826181867778E-01  8.837796593205E-01  8.842239538202E-01  8.846134690962E-01
  8.842634458531E-01  8.838584053232E-01  8.827014909183E-01  8.814900943415E-01
  8.795254480063E-01  8.775076350875E-01  8.747465765383E-01  8.719344158161E-01
  8.684001521654E-01  8.648175238997E-01  8.605440469150E-01  8.562254939839E-01
  8.512555738240E-01  8.462442508494E-01  8.406265465595E-01  8.349712933056E-01
  8.287567488309E-01  8.225084645478E-01  8.157463839195E-01  8.089541070842E-01
  8.016886360019E-01  7.943960714422E-01  7.866642997809E-01  7.789080278888E-01
  7.707412902374E-01  7.625522443467E-01  7.539804470089E-01  7.453883824177E-01
  7.364429294643E-01  7.274792455570E-01  7.181923797545E-01  7.088892709178E-01
  6.992939601805E-01  6.896843427511E-01  6.798142017368E-01  6.699316357286E-01
  6.598207451982E-01  6.496992492674E-01  6.393819897832E-01  6.290558766240E-01
  6.185667603098E-01  6.080704689556E-01  5.974439715806E-01  5.868119001496E-01
  5.760822942870E-01  5.653486337842E-01  5.545498237726E-01  5.437483936806E-01
  5.329137531070E-01  5.220778394795E-01  5.112400519328E-01  5.004022487427E-01
  4.895931526611E-01  4.787852072253E-01  4.680356457485E-01  4.572883091426E-01
  4.466279859960E-01  4.359708694879E-01  4.254282120455E-01  4.148896506980E-01
  4.044916814954E-01  3.940986062075E-01  3.838708242689E-01  3.736486436245E-01
  3.636149170330E-01  3.535874103799E-01  3.437698815181E-01  3.339591047067E-01
  3.243781095285E-01  3.148043146628E-01  3.054783172102E-01  2.961598876200E-01
  2.871054307700E-01  2.780588321826E-01  2.692905053162E-01  2.605302539094E-01
  2.520606778377E-01  2.435993255039E-01  2.354391546082E-01  2.272872913761E-01
  2.194452325209E-01  2.116115056905E-01  2.040943530989E-01  1.965855022731E-01
  1.893981872181E-01  1.822190940839E-01  1.753647479747E-01  1.685184994137E-01
  1.619985286519E-01  1.554864915577E-01  1.493006624112E-01  1.431225684656E-01
  1.372691001533E-01  1.314231387624E-01  1.258988029640E-01  1.203817205751E-01
  1.151819456594E-01  1.099891497604E-01  1.051081281580E-01  1.002337943932E-01
  9.566459170804E-02  9.110177271456E-02  8.683643736600E-02  8.257717212929E-02
  7.860684452442E-02  7.464226725931E-02  7.095728770199E-02  6.727773547280E-02
  6.386775021299E-02  6.046286870048E-02  5.731693369785E-02  5.417578069116E-02
  5.128246280553E-02  4.839360913396E-02  4.574108455166E-02  4.309271226701E-02
  4.066886202440E-02  3.824885969534E-02  3.604136216782E-02  3.383741715418E-02
  3.183383734627E-02  2.983352488753E-02  2.802140029532E-02  2.621226918325E-02
  2.457919191766E-02  2.294884643978E-02  2.148254121109E-02  2.001871896403E-02
  1.870711644962E-02  1.739776154304E-02  1.622906660328E-02  1.506239771874E-02
  1.402515190044E-02  1.298972464449E-02  1.207286242224E-02  1.115762542428E-02
  1.035052367881E-02  9.544867933801E-03  8.837388250650E-03  8.131189290950E-03
  7.513712776385E-03  6.897365370974E-03  6.360819817602E-03  5.825265032291E-03
  5.361144414902E-03  4.897889015295E-03  4.498265449623E-03  4.099393780362E-03
  3.756922224828E-03  3.415100845806E-03  3.123016962027E-03  2.831492457597E-03
  2.583604163693E-03  2.336194658792E-03  2.126868006363E-03  1.917949019967E-03
  1.742089098538E-03  1.566574437494E-03  1.419602058465E-03  1.272920502682E-03
  1.150745438493E-03  1.028813992004E-03  9.278055470208E-04  8.270000300020E-04
  7.439556994486E-04  6.610794360948E-04  5.931923712573E-04  5.254436902232E-04
  4.702696350868E-04  4.152088461927E-04  3.706331460660E-04  3.261495924154E-04
  2.903548022475E-04  2.546345141528E-04  2.260690563843E-04  1.975634557578E-04
  1.749116976457E-04  1.523077217568E-04  1.344617628688E-04  1.166536972738E-04
  1.026870815582E-04  8.875031587920E-05  7.789381130729E-05  6.706066027989E-05
  5.868018400677E-05  5.031785131381E-05  4.389456069510E-05  3.748526563171E-05
  3.259778593647E-05  2.772102357629E-05  2.402974215293E-05  2.034660671015E-05
  1.757993066706E-05  1.481939914366E-05  1.276184898647E-05  1.070889764857E-05
  9.190892228104E-06  7.676301425369E-06  6.565479279168E-06  5.457171891633E-06
  4.651089762141E-06  3.846844288262E-06  3.266894361631E-06  2.688274437966E-06
  2.274666731914E-06  1.862013764988E-06  1.569678180352E-06  1.278021854547E-06
  1.073294823565E-06  8.690466574423E-07  7.270192778969E-07  5.853263426187E-07
  4.877436822369E-07  3.903923726444E-07  3.240066699152E-07  2.577794401779E-07
  2.130727346335E-07  1.684734959066E-07  1.386774205175E-07  1.089534763620E-07
  8.930526812078E-08  6.970496635932E-08  5.688902250713E-08  4.410455441489E-08
  3.583798629260E-08  2.759187109305E-08  2.232045766006E-08  1.706218481393E-08
  1.373992880083E-08  1.042601793992E-08  8.357224829322E-09  6.293668815114E-09
  5.021193156341E-09  3.751964307991E-09  2.979110782532E-09  2.208245199728E-09
  1.744878237400E-09  1.282712972970E-09  1.008561327120E-09  7.351266512792E-10
  5.751161286422E-10  4.155276695531E-10  3.234291205762E-10  2.315756318135E-10
  1.793175150649E-10  1.271996929506E-10  9.797865633597E-11  6.883678501261E-11
  5.274068702525E-11  3.668860343509E-11  2.795765496254E-11  1.925080936919E-11
  1.458872419731E-11  9.939633233189E-12  7.490251999718E-12  5.047766647295E-12
  2.527751192514E-12  7.499729654304E-15  0.000000000000E+00  0.000000000000E+00
  0.000000000000E+00  0.000000000000E+00  0.000000000000E+00  0.000000000000E+00
  0.000000000000E+00  0.000000000000E+00  0.000000000000E+00  0.000000000000E+00
  0.000000000000E+00  0.000000000000E+00  0.000000000000E+00  0.000000000000E+00
  0.000000000000E+00  0.000000000000E+00  0.000000000000E+00  0.000000000000E+00
  0.000000000000E+00  0.000000000000E+00  0.000000000000E+00  0.000000000000E+00
  0.000000000000E+00  0.000000000000E+00  0.000000000000E+00  0.000000000000E+00
  0.000000000000E+00  0.000000000000E+00  0.000000000000E+00  0.000000000000E+00
  0.000000000000E+00  0.000000000000E+00  0.000000000000E+00  0.000000000000E+00
  0.000000000000E+00  0.000000000000E+00  0.000000000000E+00  0.000000000000E+00
  0.000000000000E+00  0.000000000000E+00  0.000000000000E+00  0.000000000000E+00
  0.000000000000E+00  0.000000000000E+00  0.000000000000E+00  0.000000000000E+00
  0.000000000000E+00  0.000000000000E+00  0.000000000000E+00  0.000000000000E+00
  0.000000000000E+00  0.000000000000E+00  0.000000000000E+00  0.000000000000E+00
  0.000000000000E+00  0.000000000000E+00  0.000000000000E+00  0.000000000000E+00
  0.000000000000E+00  0.000000000000E+00  0.000000000000E+00  0.000000000000E+00
  0.000000000000E+00  0.000000000000E+00  0.000000000000E+00  0.000000000000E+00
  0.000000000000E+00  0.000000000000E+00  0.000000000000E+00  0.000000000000E+00
  0.000000000000E+00  0.000000000000E+00  0.000000000000E+00  0.000000000000E+00
  0.000000000000E+00  0.000000000000E+00  0.000000000000E+00  0.000000000000E+00
  0.000000000000E+00  0.000000000000E+00  0.000000000000E+00  0.000000000000E+00
  0.000000000000E+00  0.000000000000E+00  0.000000000000E+00  0.000000000000E+00
  0.000000000000E+00  0.000000000000E+00  0.000000000000E+00  0.000000000000E+00
  0.000000000000E+00  0.000000000000E+00  0.000000000000E+00  0.000000000000E+00
  0.000000000000E+00
 Pseudo-wave-function follows (l, zelect, rc)
 1  3.000000000000E+00  1.415781756204E+00
  4.161318654312E-10  1.685021678357E-09  3.838073714677E-09  6.907594870126E-09
  1.092681851306E-08  1.592992894553E-08  2.195208648791E-08  2.902945320270E-08
  3.719921927353E-08  4.649963005589E-08  5.697001381620E-08  6.865081017675E-08
  8.158359928398E-08  9.581113171832E-08  1.113773591642E-07  1.283274658589E-07
  1.467079008410E-07  1.665664110158E-07  1.879520750620E-07  2.109153381965E-07
  2.355080478227E-07  2.617834900807E-07  2.897964273258E-07  3.196031365549E-07
  3.512614488067E-07  3.848307895603E-07  4.203722201548E-07  4.579484802583E-07
  4.976240314107E-07  5.394651016674E-07  5.835397313721E-07  6.299178200862E-07
  6.786711747040E-07  7.298735587832E-07  7.836007431214E-07  8.399305576088E-07
  8.989429443900E-07  9.607200123674E-07  1.025346093079E-06  1.092907797986E-06
  1.163494077202E-06  1.237196279708E-06  1.314108215079E-06  1.394326216769E-06
  1.477949206989E-06  1.565078763219E-06  1.655819186392E-06  1.750277570798E-06
  1.848563875746E-06  1.950790999026E-06  2.057074852218E-06  2.167534437905E-06
  2.282291928809E-06  2.401472748936E-06  2.525205656741E-06  2.653622830400E-06
  2.787363753483E-06  2.925566703358E-06  3.068841457626E-06  3.217326060896E-06
  3.371158364957E-06  3.530475605234E-06  3.695701762810E-06  3.867082868637E-06
  4.044513353758E-06  4.228139444797E-06  4.418105512130E-06  4.614553494847E-06
  4.817622270763E-06  5.027446967446E-06  5.244158209947E-06  5.467941830517E-06
  5.700827580483E-06  5.941262672127E-06  6.189378406619E-06  6.445298775962E-06
  6.709139363458E-06  6.981006150468E-06  7.264261990150E-06  7.556186298619E-06
  7.856862704470E-06  8.166385844870E-06  8.484852238553E-06  8.816909347128E-06
  9.158585048499E-06  9.509955540062E-06  9.871078662898E-06  1.024542953214E-05
  1.063258156146E-05  1.103029001150E-05  1.143857999649E-05  1.186139546142E-05
  1.229880464845E-05  1.274762611079E-05  1.320783933398E-05  1.368621878332E-05
  1.417894811028E-05  1.468391367308E-05  1.520288254922E-05  1.574312881568E-05
  1.629648639823E-05  1.686283773255E-05  1.745156836685E-05  1.805719730848E-05
  1.867667968276E-05  1.931653897515E-05  1.997856739809E-05  2.065532264503E-05
  2.135124192540E-05  2.207405505143E-05  2.281247453815E-05  2.356986673115E-05
  2.435811412840E-05  2.516284421925E-05  2.598765229736E-05  2.684625374766E-05
  2.772219959740E-05  2.862094988736E-05  2.955509951083E-05  3.050742678353E-05
  3.148728762378E-05  3.250245583613E-05  3.353658987878E-05  3.460543617534E-05
  3.570736898358E-05  3.682899090745E-05  3.799547519057E-05  3.919019025329E-05
  4.040703760756E-05  4.167885993446E-05  4.297263872216E-05  4.430164971610E-05
  4.567848746215E-05  4.707786274998E-05  4.852998823591E-05  5.001876152293E-05
  5.153471982662E-05  5.311777758306E-05  5.472565522494E-05  5.638312902599E-05
  5.809239643055E-05  5.982677030430E-05  6.163963162553E-05  6.348294032080E-05
  6.537672153823E-05  6.733489451400E-05  6.932027929765E-05  7.139277700684E-05
  7.350145518480E-05  7.566724649776E-05  7.790590876905E-05  8.017377568006E-05
  8.254518692036E-05  8.495243699111E-05  8.743142201027E-05  8.998559756665E-05
  9.257736143156E-05  9.528639615505E-05  9.802894181861E-05  1.008686374299E-04
  1.037770618236E-04  1.067468255396E-04  1.098300625320E-04  1.129484036130E-04
  1.162036453312E-04  1.195090344750E-04  1.229143068036E-04  1.264167934683E-04
  1.299793787508E-04  1.336895320741E-04  1.374388408102E-04  1.413460054044E-04
  1.453172571626E-04  1.494059176580E-04  1.536109874311E-04  1.578899698498E-04
  1.623413454913E-04  1.668355973903E-04  1.715307232321E-04  1.762878932201E-04
  1.812026447396E-04  1.862367463882E-04  1.913818231894E-04  1.967075919486E-04
  2.020942205823E-04  2.077271503502E-04  2.134097486478E-04  2.193234919934E-04
  2.253335453264E-04  2.315261050122E-04  2.378809770639E-04  2.443659664414E-04
  2.510839130732E-04  2.578756169379E-04  2.649758313164E-04  2.721320170623E-04
  2.795918992183E-04  2.871550581584E-04  2.949690584075E-04  3.029606698411E-04
  3.111461136857E-04  3.195887579346E-04  3.281638264356E-04  3.370812404481E-04
  3.460650126852E-04  3.554821484221E-04  3.649651635858E-04  3.748377318013E-04
  3.848520050651E-04  3.951965705830E-04  4.057699837168E-04  4.166096915009E-04
  4.277715512961E-04  4.391306905192E-04  4.509118006063E-04  4.628158614223E-04
  4.752485976743E-04  4.877553893634E-04  5.008427204988E-04  5.140412157778E-04
  5.277580046979E-04  5.416843231487E-04  5.560614963950E-04  5.707535985235E-04
  5.858236126982E-04  6.013213925087E-04  6.171183101485E-04  6.334636923251E-04
  6.500232615262E-04  6.672603034470E-04  6.846200414275E-04  7.027950402488E-04
  7.210615550335E-04  7.401559260975E-04  7.594164903416E-04  7.794354033560E-04
  7.997415760581E-04  8.207305537797E-04  8.421365113853E-04  8.641433298144E-04
  8.867059973719E-04  9.097807973265E-04  9.335599861359E-04  9.577553903217E-04
  9.828139423915E-04  1.008185178236E-03  1.034589117878E-03  1.061194146406E-03
  1.089012839315E-03  1.116943171407E-03  1.146218810540E-03  1.175645937891E-03
  1.206347429513E-03  1.237348451504E-03  1.269546120905E-03  1.302202032944E-03
  1.335969685016E-03  1.370365572790E-03  1.405780663815E-03  1.442005907068E-03
  1.479149724917E-03  1.517298211225E-03  1.556256064352E-03  1.596426413361E-03
  1.637287829028E-03  1.679583627658E-03  1.722442559819E-03  1.766972608952E-03
  1.811927656262E-03  1.858806229452E-03  1.905960863878E-03  1.955307978655E-03
  2.004804365624E-03  2.056712487543E-03  2.108815728962E-03  2.163266078207E-03
  2.218109269177E-03  2.275227340073E-03  2.332950253119E-03  2.392867733989E-03
  2.453617148744E-03  2.516472225444E-03  2.580402274222E-03  2.646339948274E-03
  2.713612478262E-03  2.782784900256E-03  2.853569853085E-03  2.926136672046E-03
  3.000612481523E-03  3.076741210975E-03  3.155095219806E-03  3.234961621292E-03
  3.317390517636E-03  3.401179002474E-03  3.487889277229E-03  3.575793327323E-03
  3.667001753050E-03  3.759224361612E-03  3.855158494048E-03  3.951912627110E-03
  4.052811330263E-03  4.154320409880E-03  4.260434405722E-03  4.366932815835E-03
  4.478525259642E-03  4.590344602451E-03  4.707605958009E-03  4.825198443699E-03
  4.948224277646E-03  5.071880835291E-03  5.200954945015E-03  5.330980882318E-03
  5.466400931986E-03  5.603116626882E-03  5.745194810939E-03  5.888936434717E-03
  6.038000171592E-03  6.189120444801E-03  6.345513102025E-03  6.504382084435E-03
  6.668463736422E-03  6.835469652372E-03  7.007617872122E-03  7.183167972588E-03
  7.363778658616E-03  7.548300121364E-03  7.737788361171E-03  7.931729230381E-03
  8.130530201806E-03  8.334360368571E-03  8.542930280391E-03  8.757142505504E-03
  8.975959578650E-03  9.201070559093E-03  9.430636049868E-03  9.667187530438E-03
  9.908026797123E-03  1.015658672860E-02  1.040925034283E-02  1.067041408808E-02
  1.093547899239E-02  1.120987058181E-02  1.148794129464E-02  1.177621473227E-02
  1.206792460188E-02  1.237076522342E-02  1.267677773186E-02  1.299490361600E-02
  1.331591373453E-02  1.365007716855E-02  1.398681276554E-02  1.433780176638E-02
  1.469102506892E-02  1.505966496068E-02  1.543017407079E-02  1.581732911944E-02
  1.620595958589E-02  1.661253469184E-02  1.702016113818E-02  1.744710358736E-02
  1.787464139686E-02  1.832294267034E-02  1.877170044023E-02  1.924204737054E-02
  1.971323711395E-02  2.020650540963E-02  2.070121452973E-02  2.121850064275E-02
  2.173786658859E-02  2.228031701398E-02  2.282552932252E-02  2.339434262363E-02
  2.396664501678E-02  2.456307390416E-02  2.516376643926E-02  2.578911990106E-02
  2.641956117206E-02  2.707520665347E-02  2.773681603987E-02  2.842418166824E-02
  2.911844162798E-02  2.983901847978E-02  3.056747688150E-02  3.132282128640E-02
  3.208709377563E-02  3.287882965209E-02  3.368060204498E-02  3.451042326074E-02
  3.535145395781E-02  3.622112670766E-02  3.710324911884E-02  3.801461431069E-02
  3.893973928159E-02  3.989471492065E-02  4.086483314858E-02  4.186541670778E-02
  4.288260113416E-02  4.393087189756E-02  4.499728006187E-02  4.609540142557E-02
  4.721327776363E-02  4.836349947711E-02  4.953517754454E-02  5.073983787280E-02
  5.196774247194E-02  5.322927025648E-02  5.451591944233E-02  5.583683603640E-02
  5.718484297439E-02  5.856776402483E-02  5.997983866981E-02  6.142747571485E-02
  6.290642627735E-02  6.442158812588E-02  6.597032228785E-02  6.755591614219E-02
  6.917744198021E-02  7.083647426017E-02  7.253390082978E-02  7.426947765111E-02
  7.604601518088E-02  7.786134243680E-02  7.972030207568E-02  8.161868506441E-02
  8.356347812020E-02  8.554832065628E-02  8.758245725698E-02  8.965726019779E-02
  9.178434730123E-02  9.395270641395E-02  9.617644508408E-02  9.844204817123E-02
  1.007662300323E-01  1.031328532270E-01  1.055613559989E-01  1.080328591331E-01
  1.105696411440E-01  1.131499620851E-01  1.157990556464E-01  1.184922034891E-01
  1.212577070138E-01  1.240677540059E-01  1.269538227367E-01  1.298848948073E-01
  1.328957300162E-01  1.359519957681E-01  1.390918322778E-01  1.422774902947E-01
  1.455505821632E-01  1.488698464734E-01  1.522804506758E-01  1.557375342077E-01
  1.592898921383E-01  1.628889879925E-01  1.665873046044E-01  1.703325649604E-01
  1.741809853542E-01  1.780764978247E-01  1.820790810890E-01  1.861288423274E-01
  1.902895324348E-01  1.944974188016E-01  1.988200123598E-01  2.031897474506E-01
  2.076778581110E-01  2.122129769522E-01  2.168699962853E-01  2.215738060094E-01
  2.264028606639E-01  2.312783974879E-01  2.362823024669E-01  2.413322848112E-01
  2.465134927217E-01  2.517402703314E-01  2.571008164891E-01  2.625063154474E-01
  2.680477587596E-01  2.736334223231E-01  2.793567819187E-01  2.851235071513E-01
  2.910291947846E-01  2.969772650274E-01  3.030650133571E-01  3.091940266443E-01
  3.154628135726E-01  3.217716071898E-01  3.282195765504E-01  3.347061480365E-01
  3.413305270383E-01  3.479919520495E-01  3.547889660242E-01  3.616213136213E-01
  3.685860987778E-01  3.755843448541E-01  3.827108599246E-01  3.898687996721E-01
  3.971497375340E-01  4.044598980463E-01  4.118865986247E-01  4.193401529540E-01
  4.269025189503E-01  4.344892031761E-01  4.421756204253E-01  4.498836555489E-01
  4.576809200800E-01  4.654969408253E-01  4.733901949766E-01  4.812991878559E-01
  4.892718680780E-01  4.972571213558E-01  5.052909206071E-01  5.133339890620E-01
  5.214088369496E-01  5.294895245783E-01  5.375835886172E-01  5.456799526331E-01
  5.537696641566E-01  5.618580437926E-01  5.699181521403E-01  5.779732258427E-01
  5.859768844497E-01  5.939717590411E-01  6.018906469268E-01  6.097969821769E-01
  6.176014640652E-01  6.253896358295E-01  6.330489636911E-01  6.406882683229E-01
  6.481708264908E-01  6.556297285810E-01  6.629033237317E-01  6.701497483602E-01
  6.771819445555E-01  6.841836141306E-01  6.909421117688E-01  6.976669261772E-01
  7.041199821079E-01  7.105364393005E-01  7.166533235267E-01  7.227309758366E-01
  7.284824581937E-01  7.341923976525E-01  7.395512556566E-01  7.448666193965E-01
  7.498081561694E-01  7.547046407285E-01  7.592071996133E-01  7.636635707011E-01
  7.677090309924E-01  7.717076131156E-01  7.752818493579E-01  7.788089777813E-01
  7.819022634791E-01  7.849486794339E-01  7.875560148973E-01  7.901171838838E-01
  7.922385274516E-01  7.943148600557E-01  7.959552422077E-01  7.975521971789E-01
  7.987216981999E-01  7.998497487365E-01  8.005633226999E-01  8.012377690451E-01
  8.015149000376E-01  8.017555146798E-01  8.016196954474E-01  8.014501915132E-01
  8.009282201582E-01  8.003755390617E-01  7.994966361742E-01  7.985900573666E-01
  7.973848142157E-01  7.961548981460E-01  7.946540765679E-01  7.931314620152E-01
  7.913646788155E-01  7.895787679795E-01  7.875731114958E-01  7.855506911272E-01
  7.833293355556E-01  7.810932004356E-01  7.786741048504E-01  7.762417713172E-01
  7.736365746086E-01  7.710191961295E-01  7.682324446269E-01  7.654340668276E-01
  7.624629341233E-01  7.594802490555E-01  7.563149197662E-01  7.531376906046E-01
  7.497625683823E-01  7.463748828615E-01  7.427707275254E-01  7.391531805993E-01
  7.353001502937E-01  7.314329239496E-01  7.273142554678E-01  7.231808157670E-01
  7.187864667510E-01  7.143771818847E-01  7.097061139573E-01  7.050204434814E-01
  7.000796309432E-01  6.951249508170E-01  6.899249195509E-01  6.847118945108E-01
  6.792634141869E-01  6.738027834474E-01  6.681173407172E-01  6.624205938015E-01
  6.565103172734E-01  6.505895787593E-01  6.444671029265E-01  6.383349960192E-01
  6.320134337125E-01  6.256830584868E-01  6.191759558163E-01  6.126608432405E-01
  6.059821351349E-01  5.992962029200E-01  5.924601676943E-01  5.856176750254E-01
  5.786388878836E-01  5.716543890823E-01  5.645476737020E-01  5.574359699280E-01
  5.502163484510E-01  5.429924378215E-01  5.356750787562E-01  5.283541043539E-01
  5.209542682489E-01  5.135514638936E-01  5.060844466955E-01  4.986150803958E-01
  4.910961545334E-01  4.835754696652E-01  4.760198230770E-01  4.684629775110E-01
  4.608856510281E-01  4.533076546243E-01  4.457234783396E-01  4.381391294439E-01
  4.305626589068E-01  4.229864806926E-01  4.154319339587E-01  4.078781116468E-01
  4.003593083566E-01  3.928416284853E-01  3.853719322288E-01  3.779037252303E-01
  3.704959904591E-01  3.630900778000E-01  3.557566024768E-01  3.484252495452E-01
  3.411777345632E-01  3.339326103285E-01  3.267821265076E-01  3.196342707509E-01
  3.125912339382E-01  3.055510325729E-01  2.986251870580E-01  2.917023557419E-01
  2.849027658689E-01  2.781063417842E-01  2.714413913223E-01  2.647797326793E-01
  2.582571312192E-01  2.517379237470E-01  2.453647191395E-01  2.389949885793E-01
  2.327775842336E-01  2.265637136518E-01  2.205078893736E-01  2.144556399769E-01
  2.085665749543E-01  2.026811090179E-01  1.969634055565E-01  1.912493100721E-01
  1.857070167419E-01  1.801683264535E-01  1.748049594369E-01  1.694451780594E-01
  1.642637396755E-01  1.590858582796E-01  1.540888519036E-01  1.490953636917E-01
  1.442848045771E-01  1.394777155643E-01  1.348551373946E-01  1.302359728295E-01
  1.258024301627E-01  1.213722368552E-01  1.171283039531E-01  1.128876490061E-01
  1.088334158376E-01  1.047823825757E-01  1.009174490309E-01  9.705563116336E-02
  9.337910069017E-02  8.970559591973E-02  8.621606988141E-02  8.272947425645E-02
  7.942504830907E-02  7.612345261432E-02  7.300171631147E-02  6.988270570076E-02
  6.694074636584E-02  6.400140427238E-02  6.123581595150E-02  5.847273308371E-02
  5.587963112526E-02  5.328892008945E-02  5.086396161342E-02  4.844127742188E-02
  4.617968766193E-02  4.392025410602E-02  4.181685834936E-02  3.971549996003E-02
  3.776476058651E-02  3.581593968179E-02  3.401199762313E-02  3.220985576276E-02
  3.054657556922E-02  2.888497860391E-02  2.735599621942E-02  2.582858203631E-02
  2.442735434091E-02  2.302758236537E-02  2.174743754086E-02  2.046863905225E-02
  1.930282685774E-02  1.813825520758E-02  1.707999630875E-02  1.602287618707E-02
  1.506540976086E-02  1.410898473449E-02  1.324561366307E-02  1.238319130138E-02
  1.160732437063E-02  1.083231837582E-02  1.013750899934E-02  9.443477863692E-03
  8.823458960111E-03  8.204140779303E-03  7.652855534927E-03  7.102198710461E-03
  6.613827059019E-03  6.126016722372E-03  5.694997466698E-03  5.264477550664E-03
  4.885526136444E-03  4.507017104194E-03  4.175139132363E-03  3.843651451052E-03
  3.554152082515E-03  3.264995595165E-03  3.013485058865E-03  2.762274465518E-03
  2.544669928528E-03  2.327326635129E-03  2.139850731383E-03  1.952601362758E-03
  1.791777705680E-03  1.631149607483E-03  1.493795631410E-03  1.356609705549E-03
  1.239827192165E-03  1.123188421457E-03  1.024352070935E-03  9.256380922039E-04
  8.423824952353E-04  7.592305765467E-04  6.894359336061E-04  6.197287014866E-04
  5.615056203694E-04  5.033558675773E-04  4.550295503360E-04  4.067644348376E-04
  3.668585415308E-04  3.270034636627E-04  2.942239136895E-04  2.614863318760E-04
  2.347052749461E-04  2.079586916533E-04  1.861988504117E-04  1.644671700272E-04
  1.468867257858E-04  1.293291555870E-04  1.152073181989E-04  1.011039531992E-04
  8.982732648973E-05  7.856552936764E-05  6.961535524375E-05  6.067701430998E-05
  5.361735219868E-05  4.656707392054E-05  4.103394790134E-05  3.550821625423E-05
  3.119974045793E-05  2.689705361236E-05  2.356452735172E-05  2.023650312615E-05
  1.767645092092E-05  1.511987615287E-05  1.316699434771E-05  1.121677989252E-05
  9.737740867174E-06  8.260733252959E-06  7.148790301335E-06  6.038383159995E-06
  5.208713157928E-06  4.380195604220E-06  3.765915710183E-06  3.152493984438E-06
  2.701277632722E-06  2.250695293943E-06  1.921942319982E-06  1.593654013459E-06
  1.356117732440E-06  1.118919208989E-06  9.487502917045E-07  7.788248049458E-07
  6.579793533578E-07  5.373078315371E-07  4.522556993622E-07  3.673267406777E-07
  3.080140519778E-07  2.487878022133E-07  2.078129075604E-07  1.668981098487E-07
  1.388635432924E-07  1.108703619889E-07  9.187833440180E-08  7.291452868444E-08
  6.017821291834E-08  4.746095032083E-08  3.900807136232E-08  3.056792385513E-08
  2.501728234337E-08  1.947505892219E-08  9.756917010408E-09  2.691071326159E-11
  0.000000000000E+00  0.000000000000E+00  0.000000000000E+00  0.000000000000E+00
  0.000000000000E+00  0.000000000000E+00  0.000000000000E+00  0.000000000000E+00
  0.000000000000E+00  0.000000000000E+00  0.000000000000E+00  0.000000000000E+00
  0.000000000000E+00  0.000000000000E+00  0.000000000000E+00  0.000000000000E+00
  0.000000000000E+00  0.000000000000E+00  0.000000000000E+00  0.000000000000E+00
  0.000000000000E+00  0.000000000000E+00  0.000000000000E+00  0.000000000000E+00
  0.000000000000E+00  0.000000000000E+00  0.000000000000E+00  0.000000000000E+00
  0.000000000000E+00  0.000000000000E+00  0.000000000000E+00  0.000000000000E+00
  0.000000000000E+00  0.000000000000E+00  0.000000000000E+00  0.000000000000E+00
  0.000000000000E+00  0.000000000000E+00  0.000000000000E+00  0.000000000000E+00
  0.000000000000E+00  0.000000000000E+00  0.000000000000E+00  0.000000000000E+00
  0.000000000000E+00  0.000000000000E+00  0.000000000000E+00  0.000000000000E+00
  0.000000000000E+00  0.000000000000E+00  0.000000000000E+00  0.000000000000E+00
  0.000000000000E+00  0.000000000000E+00  0.000000000000E+00  0.000000000000E+00
  0.000000000000E+00  0.000000000000E+00  0.000000000000E+00  0.000000000000E+00
  0.000000000000E+00  0.000000000000E+00  0.000000000000E+00  0.000000000000E+00
  0.000000000000E+00  0.000000000000E+00  0.000000000000E+00  0.000000000000E+00
  0.000000000000E+00  0.000000000000E+00  0.000000000000E+00  0.000000000000E+00
  0.000000000000E+00  0.000000000000E+00  0.000000000000E+00  0.000000000000E+00
  0.000000000000E+00  0.000000000000E+00  0.000000000000E+00  0.000000000000E+00
  0.000000000000E+00  0.000000000000E+00  0.000000000000E+00  0.000000000000E+00
  0.000000000000E+00  0.000000000000E+00  0.000000000000E+00  0.000000000000E+00
  0.000000000000E+00
 Pseudo-wave-function follows (l, zelect, rc)
 2  0.000000000000E+00  1.415781756204E+00
  2.056568367856E-15  1.675733417835E-14  5.760585926682E-14  1.390871406892E-13
  2.767179211489E-13  4.870992374141E-13  7.879712993961E-13  1.198270796246E-12
  1.738190729659E-12  2.429242878540E-12  3.294323003351E-12  4.357778902703E-12
  5.645481439261E-12  7.184898656644E-12  9.005173113796E-12  1.113720256834E-11
  1.361372414560E-11  1.646940213531E-11  1.974091956378E-11  2.346707369490E-11
  2.768887561963E-11  3.244965409967E-11  3.779516383767E-11  4.377369835311E-11
  5.043620764997E-11  5.783642086942E-11  6.603097412885E-11  7.507954375582E-11
  8.504498513412E-11  9.599347738736E-11  1.079946741346E-10  1.211218605615E-10
  1.354521170594E-10  1.510664896966E-10  1.680501677933E-10  1.864926688850E-10
  2.064880313693E-10  2.281350151412E-10  2.515373105369E-10  2.768037559147E-10
  3.040485642184E-10  3.333915588783E-10  3.649584194211E-10  3.988809371743E-10
  4.352972814635E-10  4.743522767193E-10  5.161976909252E-10  5.609925358537E-10
  6.089033795572E-10  6.601046715967E-10  7.147790815108E-10  7.731178510462E-10
  8.353211606926E-10  9.015985110825E-10  9.721691198434E-10  1.047262334506E-09
  1.127578907368E-09  1.212465591261E-09  1.302599431956E-09  1.398244084207E-09
  1.499670674165E-09  1.607157131158E-09  1.721289512646E-09  1.842499466731E-09
  1.970850975616E-09  2.106674093200E-09  2.250304857877E-09  2.402084141781E-09
  2.562356281619E-09  2.731467464036E-09  2.909763835599E-09  3.097666486995E-09
  3.298016763383E-09  3.509108245849E-09  3.731334473055E-09  3.965082403841E-09
  4.210728907029E-09  4.468636742081E-09  4.743973701764E-09  5.033176955209E-09
  5.336620414074E-09  5.654688593775E-09  5.987761892660E-09  6.343619050836E-09
  6.716385930213E-09  7.106451794466E-09  7.514160618033E-09  7.945821355981E-09
  8.401311906240E-09  8.877079590961E-09  9.373423636978E-09  9.897995811422E-09
  1.045166093594E-08  1.102885315644E-08  1.162977587923E-08  1.226835931285E-08
  1.293784291799E-08  1.363430584017E-08  1.436171759955E-08  1.513637645810E-08
  1.594159423428E-08  1.677732171717E-08  1.766518585763E-08  1.859398073516E-08
  1.955709386537E-08  2.057032454628E-08  2.163928573394E-08  2.274668370790E-08
  2.390379927150E-08  2.513145052555E-08  2.640195688403E-08  2.772426528637E-08
  2.913123911633E-08  3.058576360608E-08  3.209778857424E-08  3.370700473669E-08
  3.536870566544E-08  3.709867851215E-08  3.893552353215E-08  4.082996644921E-08
  4.281039372743E-08  4.490289702050E-08  4.705820419494E-08  4.932652296078E-08
  5.170552367104E-08  5.415250714968E-08  5.675184143517E-08  5.945113829473E-08
  6.222967787194E-08  6.520344145038E-08  6.825991572527E-08  7.144634009859E-08
  7.481193356102E-08  7.826563238955E-08  8.192136020607E-08  8.572271161265E-08
  8.963341013494E-08  9.381270245970E-08  9.809727093485E-08  1.025868807493E-07
  1.072958292755E-07  1.121145639177E-07  1.172706658121E-07  1.225651796392E-07
  1.280844829299E-07  1.338959592307E-07  1.398356661584E-07  1.461779215664E-07
  1.526962099049E-07  1.594876824098E-07  1.666343888314E-07  1.739287437319E-07
  1.817369215527E-07  1.897333406815E-07  1.980973505940E-07  2.068560375306E-07
  2.158165724258E-07  2.254026373344E-07  2.351785024215E-07  2.454872570266E-07
  2.561857182946E-07  2.672329726105E-07  2.789325292831E-07  2.908431656158E-07
  3.035580372986E-07  3.165827848169E-07  3.302122506448E-07  3.444455714028E-07
  3.590569292288E-07  3.746009391594E-07  3.904054519487E-07  4.072315685997E-07
  4.244917227144E-07  4.425344342995E-07  4.613728491578E-07  4.807219112235E-07
  5.012711076259E-07  5.221333656166E-07  5.444261471762E-07  5.671842425955E-07
  5.910963332223E-07  6.159090400953E-07  6.415601944089E-07  6.685990678487E-07
  6.961179806128E-07  7.255683630751E-07  7.554323588163E-07  7.871554462745E-07
  8.196857452925E-07  8.537252118125E-07  8.891433313938E-07  9.256709636002E-07
  9.642161752734E-07  1.003416606960E-06  1.045347330665E-06  1.087803299667E-06
  1.133014314993E-06  1.179204474516E-06  1.227731766763E-06  1.277964182116E-06
  1.330054306697E-06  1.384661638263E-06  1.440579618166E-06  1.499921048223E-06
  1.559951763675E-06  1.624415072426E-06  1.689598207132E-06  1.758868557673E-06
  1.829686854739E-06  1.904062554168E-06  1.980977006520E-06  2.060838640137E-06
  2.144346870379E-06  2.230103577547E-06  2.320742699219E-06  2.412834324154E-06
  2.511184024127E-06  2.610457459173E-06  2.716769288029E-06  2.824502930956E-06
  2.938681910371E-06  3.055562861222E-06  3.178196815675E-06  3.304966542459E-06
  3.436687461340E-06  3.574146035753E-06  3.715633402707E-06  3.864644062621E-06
  4.016628436354E-06  4.178122500099E-06  4.341389365641E-06  4.516371525039E-06
  4.692749946519E-06  4.881319457035E-06  5.072455738227E-06  5.275043353205E-06
  5.482124511160E-06  5.699780412030E-06  5.924086852329E-06  6.157940247850E-06
  6.400853013580E-06  6.652118102231E-06  6.915126680703E-06  7.185109063505E-06
  7.469819793337E-06  7.759923371116E-06  8.068068495573E-06  8.379802887288E-06
  8.713250303241E-06  9.048798708746E-06  9.409002580340E-06  9.772151482218E-06
  1.015924242410E-05  1.055219101566E-05  1.096818806569E-05  1.139330756906E-05
  1.184038190169E-05  1.230022886934E-05  1.278071528016E-05  1.327804591669E-05
  1.379445517438E-05  1.433224075651E-05  1.488727288771E-05  1.546871636594E-05
  1.606527494342E-05  1.669382881559E-05  1.733503632536E-05  1.801442187874E-05
  1.870363624761E-05  1.943786427371E-05  2.017869664471E-05  2.097208973895E-05
  2.176924579592E-05  2.262564015527E-05  2.348712994582E-05  2.440771194607E-05
  2.533860529299E-05  2.632820600372E-05  2.733396650920E-05  2.839778140873E-05
  2.948429674543E-05  3.062791322872E-05  3.180152774389E-05  3.303095470555E-05
  3.429850451365E-05  3.562020416217E-05  3.698905491460E-05  3.840997698575E-05
  3.988806452050E-05  4.141568307028E-05  4.301155715953E-05  4.465391013051E-05
  4.637678156062E-05  4.814251333018E-05  5.000230456598E-05  5.190071170035E-05
  5.390811140459E-05  5.594919185941E-05  5.811571355854E-05  6.031021958446E-05
  6.264826479354E-05  6.500775982485E-05  6.753068596779E-05  7.006760579259E-05
  7.278979927915E-05  7.552070667461E-05  7.845447265937E-05  8.140131781086E-05
  8.455577507722E-05  8.773535866937E-05  9.112714356866E-05  9.455755936194E-05
  9.820456287283E-05  1.019052963921E-04  1.058267586180E-04  1.098187933119E-04
  1.140354050710E-04  1.183413365022E-04  1.228753485387E-04  1.275195072065E-04
  1.323948475909E-04  1.374034310306E-04  1.426458313580E-04  1.480470462120E-04
  1.536841772526E-04  1.595083920550E-04  1.655700095588E-04  1.718499190335E-04
  1.783680204416E-04  1.851388221698E-04  1.921478150409E-04  1.994473994177E-04
  2.069842824372E-04  2.148534369030E-04  2.229579944033E-04  2.314406230083E-04
  2.401556339982E-04  2.492989934337E-04  2.586704562061E-04  2.685254095194E-04
  2.786027829831E-04  2.892240722791E-04  3.000605352445E-04  3.115070747719E-04
  3.231598045052E-04  3.354949956237E-04  3.480254670830E-04  3.613175367164E-04
  3.747918439787E-04  3.891142082703E-04  4.036034097686E-04  4.190350647796E-04
  4.346155540834E-04  4.512414955016E-04  4.679953994943E-04  4.859070734610E-04
  5.039226799002E-04  5.232184672081E-04  5.425906837913E-04  5.633764198639E-04
  5.842072670703E-04  6.065968002999E-04  6.290229215676E-04  6.531117316331E-04
  6.772689646273E-04  7.031708025725E-04  7.291913291908E-04  7.570423675291E-04
  7.850683554869E-04  8.150149418020E-04  8.451992889174E-04  8.773986985760E-04
  9.099058313939E-04  9.445270749154E-04  9.795338054983E-04  1.016758494413E-03
  1.054454939377E-03  1.094478214657E-03  1.135068780793E-03  1.178100308202E-03
  1.221804749312E-03  1.268069786298E-03  1.315124336161E-03  1.364864875213E-03
  1.415523461904E-03  1.468999455606E-03  1.523535002722E-03  1.581025676043E-03
  1.639731496740E-03  1.701536752458E-03  1.764728042531E-03  1.831169966036E-03
  1.899185402677E-03  1.970609872758E-03  2.043813325995E-03  2.120591738620E-03
  2.199374102843E-03  2.281905215320E-03  2.366686368726E-03  2.455398272054E-03
  2.546629172265E-03  2.641981399914E-03  2.740146324465E-03  2.842632106249E-03
  2.948251047085E-03  3.058399717251E-03  3.172030938853E-03  3.290410507958E-03
  3.412653279159E-03  3.539873179761E-03  3.671370689809E-03  3.808084706468E-03
  3.949527176325E-03  4.096436570877E-03  4.248564571247E-03  4.406421414742E-03
  4.570029402745E-03  4.739640125923E-03  4.915580212765E-03  5.097809387335E-03
  5.286995349783E-03  5.482769713194E-03  5.686181261971E-03  5.896493998730E-03
  6.115181317371E-03  6.341096610286E-03  6.576185178215E-03  6.818843043230E-03
  7.071538757090E-03  7.332160175576E-03  7.603754782981E-03  7.883647145490E-03
  8.175524005414E-03  8.476086880941E-03  8.789727064909E-03  9.112458309628E-03
  9.449447057701E-03  9.795949276932E-03  1.015798282211E-02  1.052997019893E-02
  1.091886297312E-02  1.131816847644E-02  1.173586071033E-02  1.216444369462E-02
  1.261300942296E-02  1.307296363062E-02  1.355461911307E-02  1.404818108946E-02
  1.456529365565E-02  1.509485158493E-02  1.564994891057E-02  1.621805187884E-02
  1.681383169735E-02  1.742319938713E-02  1.806253963862E-02  1.871607245606E-02
  1.940204187230E-02  2.010283150529E-02  2.083870062555E-02  2.159004102713E-02
  2.237929363578E-02  2.318469242304E-02  2.403103739438E-02  2.489422764810E-02
  2.580161117895E-02  2.672656362362E-02  2.769918182744E-02  2.869011736511E-02
  2.973242919480E-02  3.079383175913E-02  3.191057221759E-02  3.304720190681E-02
  3.424339549601E-02  3.546030193480E-02  3.674127628472E-02  3.804381215603E-02
  3.941521176461E-02  4.080904644202E-02  4.227684644683E-02  4.376797964776E-02
  4.533849953831E-02  4.693327490673E-02  4.861319207489E-02  5.031831059086E-02
  5.211467360441E-02  5.393720670549E-02  5.585744817801E-02  5.780485046592E-02
  5.985679938423E-02  6.193692077843E-02  6.412881413791E-02  6.634991132726E-02
  6.869040491556E-02  7.106115194970E-02  7.355933011194E-02  7.608882796692E-02
  7.875421218025E-02  8.145199712854E-02  8.429455321333E-02  8.717060382792E-02
  9.020074762646E-02  9.326549025343E-02  9.649409161766E-02  9.975840416258E-02
  1.031967891106E-01  1.066720030036E-01  1.103319539326E-01  1.140298541655E-01
  1.179236080494E-01  1.218564312194E-01  1.259966757722E-01  1.301771061224E-01
  1.345769739792E-01  1.390181374957E-01  1.436911985536E-01  1.484066552716E-01
  1.533669074414E-01  1.583706422233E-01  1.636325009798E-01  1.689389131645E-01
  1.745172004432E-01  1.801410929290E-01  1.860510261080E-01  1.920075946212E-01
  1.982647765457E-01  2.045696000678E-01  2.111900113264E-01  2.178590449033E-01
  2.248590398427E-01  2.319086112792E-01  2.393049195554E-01  2.467517318043E-01
  2.545614675947E-01  2.624226089804E-01  2.706632903320E-01  2.789562550915E-01
  2.876458362312E-01  2.963885582055E-01  3.055454779859E-01  3.147563806373E-01
  3.243996306086E-01  3.340976968493E-01  3.442469127226E-01  3.544517783077E-01
  3.651273587643E-01  3.758594331814E-01  3.870826900681E-01  3.983633089306E-01
  4.101566528076E-01  4.220082656728E-01  4.343954304156E-01  4.468418276669E-01
  4.598481373024E-01  4.729147191995E-01  4.865673993366E-01  5.002814894996E-01
  5.146100245255E-01  5.290012289102E-01  5.440377645203E-01  5.591383753213E-01
  5.749181638687E-01  5.907636056896E-01  6.073254892582E-01  6.239548022871E-01
  6.413417252776E-01  6.587980770846E-01  6.770576164974E-01  6.953888304617E-01
  7.145737280439E-01  7.338328124098E-01  7.540014885972E-01  7.742471459458E-01
  7.954641713969E-01  8.167612642395E-01  8.390977612584E-01  8.615177060378E-01
  8.850516501220E-01  9.086727099771E-01  9.334891022609E-01  9.583965496346E-01
  9.845874357459E-01  1.010873560928E+00  1.038537882819E+00  1.066301835912E+00
  1.095545123080E+00  1.124892597160E+00  1.155826535020E+00  1.186869330154E+00
  1.219611288252E+00  1.252466841440E+00  1.287139502891E+00  1.321930528122E+00
  1.358661829509E+00  1.395516279911E+00  1.434439933983E+00  1.473491560311E+00
  1.514748460932E+00  1.556138265061E+00  1.599879003445E+00  1.643757809542E+00
  1.690146250407E+00  1.736678325252E+00  1.785895504532E+00  1.835262452304E+00
  1.887508964915E+00  1.939912014104E+00  1.019695507188E+00  4.783085022054E-02
  0.000000000000E+00  0.000000000000E+00  0.000000000000E+00  0.000000000000E+00
  0.000000000000E+00  0.000000000000E+00  0.000000000000E+00  0.000000000000E+00
  0.000000000000E+00  0.000000000000E+00  0.000000000000E+00  0.000000000000E+00
  0.000000000000E+00  0.000000000000E+00  0.000000000000E+00  0.000000000000E+00
  0.000000000000E+00  0.000000000000E+00  0.000000000000E+00  0.000000000000E+00
  0.000000000000E+00  0.000000000000E+00  0.000000000000E+00  0.000000000000E+00
  0.000000000000E+00  0.000000000000E+00  0.000000000000E+00  0.000000000000E+00
  0.000000000000E+00  0.000000000000E+00  0.000000000000E+00  0.000000000000E+00
  0.000000000000E+00  0.000000000000E+00  0.000000000000E+00  0.000000000000E+00
  0.000000000000E+00  0.000000000000E+00  0.000000000000E+00  0.000000000000E+00
  0.000000000000E+00  0.000000000000E+00  0.000000000000E+00  0.000000000000E+00
  0.000000000000E+00  0.000000000000E+00  0.000000000000E+00  0.000000000000E+00
  0.000000000000E+00  0.000000000000E+00  0.000000000000E+00  0.000000000000E+00
  0.000000000000E+00  0.000000000000E+00  0.000000000000E+00  0.000000000000E+00
  0.000000000000E+00  0.000000000000E+00  0.000000000000E+00  0.000000000000E+00
  0.000000000000E+00  0.000000000000E+00  0.000000000000E+00  0.000000000000E+00
  0.000000000000E+00  0.000000000000E+00  0.000000000000E+00  0.000000000000E+00
  0.000000000000E+00  0.000000000000E+00  0.000000000000E+00  0.000000000000E+00
  0.000000000000E+00  0.000000000000E+00  0.000000000000E+00  0.000000000000E+00
  0.000000000000E+00  0.000000000000E+00  0.000000000000E+00  0.000000000000E+00
  0.000000000000E+00  0.000000000000E+00  0.000000000000E+00  0.000000000000E+00
  0.000000000000E+00  0.000000000000E+00  0.000000000000E+00  0.000000000000E+00
  0.000000000000E+00  0.000000000000E+00  0.000000000000E+00  0.000000000000E+00
  0.000000000000E+00  0.000000000000E+00  0.000000000000E+00  0.000000000000E+00
  0.000000000000E+00  0.000000000000E+00  0.000000000000E+00  0.000000000000E+00
  0.000000000000E+00  0.000000000000E+00  0.000000000000E+00  0.000000000000E+00
  0.000000000000E+00  0.000000000000E+00  0.000000000000E+00  0.000000000000E+00
  0.000000000000E+00  0.000000000000E+00  0.000000000000E+00  0.000000000000E+00
  0.000000000000E+00  0.000000000000E+00  0.000000000000E+00  0.000000000000E+00
  0.000000000000E+00  0.000000000000E+00  0.000000000000E+00  0.000000000000E+00
  0.000000000000E+00  0.000000000000E+00  0.000000000000E+00  0.000000000000E+00
  0.000000000000E+00  0.000000000000E+00  0.000000000000E+00  0.000000000000E+00
  0.000000000000E+00  0.000000000000E+00  0.000000000000E+00  0.000000000000E+00
  0.000000000000E+00  0.000000000000E+00  0.000000000000E+00  0.000000000000E+00
  0.000000000000E+00  0.000000000000E+00  0.000000000000E+00  0.000000000000E+00
  0.000000000000E+00  0.000000000000E+00  0.000000000000E+00  0.000000000000E+00
  0.000000000000E+00  0.000000000000E+00  0.000000000000E+00  0.000000000000E+00
  0.000000000000E+00  0.000000000000E+00  0.000000000000E+00  0.000000000000E+00
  0.000000000000E+00  0.000000000000E+00  0.000000000000E+00  0.000000000000E+00
  0.000000000000E+00  0.000000000000E+00  0.000000000000E+00  0.000000000000E+00
  0.000000000000E+00  0.000000000000E+00  0.000000000000E+00  0.000000000000E+00
  0.000000000000E+00  0.000000000000E+00  0.000000000000E+00  0.000000000000E+00
  0.000000000000E+00  0.000000000000E+00  0.000000000000E+00  0.000000000000E+00
  0.000000000000E+00  0.000000000000E+00  0.000000000000E+00  0.000000000000E+00
  0.000000000000E+00  0.000000000000E+00  0.000000000000E+00  0.000000000000E+00
  0.000000000000E+00  0.000000000000E+00  0.000000000000E+00  0.000000000000E+00
  0.000000000000E+00  0.000000000000E+00  0.000000000000E+00  0.000000000000E+00
  0.000000000000E+00  0.000000000000E+00  0.000000000000E+00  0.000000000000E+00
  0.000000000000E+00  0.000000000000E+00  0.000000000000E+00  0.000000000000E+00
  0.000000000000E+00  0.000000000000E+00  0.000000000000E+00  0.000000000000E+00
  0.000000000000E+00  0.000000000000E+00  0.000000000000E+00  0.000000000000E+00
  0.000000000000E+00  0.000000000000E+00  0.000000000000E+00  0.000000000000E+00
  0.000000000000E+00  0.000000000000E+00  0.000000000000E+00  0.000000000000E+00
  0.000000000000E+00  0.000000000000E+00  0.000000000000E+00  0.000000000000E+00
  0.000000000000E+00  0.000000000000E+00  0.000000000000E+00  0.000000000000E+00
  0.000000000000E+00  0.000000000000E+00  0.000000000000E+00  0.000000000000E+00
  0.000000000000E+00  0.000000000000E+00  0.000000000000E+00  0.000000000000E+00
  0.000000000000E+00  0.000000000000E+00  0.000000000000E+00  0.000000000000E+00
  0.000000000000E+00  0.000000000000E+00  0.000000000000E+00  0.000000000000E+00
  0.000000000000E+00  0.000000000000E+00  0.000000000000E+00  0.000000000000E+00
  0.000000000000E+00  0.000000000000E+00  0.000000000000E+00  0.000000000000E+00
  0.000000000000E+00  0.000000000000E+00  0.000000000000E+00  0.000000000000E+00
  0.000000000000E+00  0.000000000000E+00  0.000000000000E+00  0.000000000000E+00
  0.000000000000E+00  0.000000000000E+00  0.000000000000E+00  0.000000000000E+00
  0.000000000000E+00  0.000000000000E+00  0.000000000000E+00  0.000000000000E+00
  0.000000000000E+00  0.000000000000E+00  0.000000000000E+00  0.000000000000E+00
  0.000000000000E+00  0.000000000000E+00  0.000000000000E+00  0.000000000000E+00
  0.000000000000E+00  0.000000000000E+00  0.000000000000E+00  0.000000000000E+00
  0.000000000000E+00  0.000000000000E+00  0.000000000000E+00  0.000000000000E+00
  0.000000000000E+00  0.000000000000E+00  0.000000000000E+00  0.000000000000E+00
  0.000000000000E+00  0.000000000000E+00  0.000000000000E+00  0.000000000000E+00
  0.000000000000E+00  0.000000000000E+00  0.000000000000E+00  0.000000000000E+00
  0.000000000000E+00  0.000000000000E+00  0.000000000000E+00  0.000000000000E+00
  0.000000000000E+00  0.000000000000E+00  0.000000000000E+00  0.000000000000E+00
  0.000000000000E+00  0.000000000000E+00  0.000000000000E+00  0.000000000000E+00
  0.000000000000E+00  0.000000000000E+00  0.000000000000E+00  0.000000000000E+00
  0.000000000000E+00  0.000000000000E+00  0.000000000000E+00  0.000000000000E+00
  0.000000000000E+00  0.000000000000E+00  0.000000000000E+00  0.000000000000E+00
  0.000000000000E+00  0.000000000000E+00  0.000000000000E+00  0.000000000000E+00
  0.000000000000E+00  0.000000000000E+00  0.000000000000E+00  0.000000000000E+00
  0.000000000000E+00  0.000000000000E+00  0.000000000000E+00  0.000000000000E+00
  0.000000000000E+00
