 O  pb nrl nc  
 converted from o_pbe_tm.UPF (UPF 2.0.1, semilocal norm-conserving)
 2s(  2.00) rc= 1.4341 2p(  4.00) rc= 1.4341 d(  0.00) rc= 1.4341
   3  0  945  7.812500000000E-04  1.219994341177E-02  6.000000000000E+00   nl nls nr a b zion
 Radial grid follows
  9.589583034227E-06  1.929687500000E-05  2.912332073517E-05  3.907038281250E-05
  4.913954175733E-05  5.933229626797E-05  6.965016343874E-05  8.009467898579E-05
  9.066739747567E-05  1.013698925567E-04  1.122037571933E-04  1.231706039029E-04
  1.342720649960E-04  1.455097928193E-04  1.568854600014E-04  1.684007597019E-04
  1.800574058634E-04  1.918571334666E-04  2.038016987883E-04  2.158928796632E-04
  2.281324757483E-04  2.405223087909E-04  2.530642228993E-04  2.657600848180E-04
  2.786117842049E-04  2.916212339130E-04  3.047903702748E-04  3.181211533907E-04
  3.316155674206E-04  3.452756208794E-04  3.591033469359E-04  3.731008037151E-04
  3.872700746052E-04  4.016132685669E-04  4.161325204479E-04  4.308299913005E-04
  4.457078687030E-04  4.607683670856E-04  4.760137280600E-04  4.914462207526E-04
  5.070681421430E-04  5.228818174052E-04  5.388896002540E-04  5.550938732951E-04
  5.714970483802E-04  5.881015669655E-04  6.049099004752E-04  6.219245506696E-04
  6.391480500170E-04  6.565829620711E-04  6.742318818524E-04  6.920974362343E-04
  7.101822843341E-04  7.284891179092E-04  7.470206617572E-04  7.657796741216E-04
  7.847689471026E-04  8.039913070724E-04  8.234496150960E-04  8.431467673571E-04
  8.630856955889E-04  8.832693675108E-04  9.037007872700E-04  9.243829958883E-04
  9.453190717155E-04  9.665121308868E-04  9.879653277869E-04  1.009681855520E-03
  1.031664946383E-03  1.053917872351E-03  1.076443945559E-03  1.099246518798E-03
  1.122328986014E-03  1.145694782812E-03  1.169347386969E-03  1.193290318948E-03
  1.217527142427E-03  1.242061464826E-03  1.266896937845E-03  1.292037258007E-03
  1.317486167210E-03  1.343247453280E-03  1.369324950540E-03  1.395722540376E-03
  1.422444151818E-03  1.449493762123E-03  1.476875397368E-03  1.504593133048E-03
  1.532651094683E-03  1.561053458434E-03  1.589804451722E-03  1.618908353857E-03
  1.648369496679E-03  1.678192265197E-03  1.708381098247E-03  1.738940489148E-03
  1.769874986374E-03  1.801189194230E-03  1.832887773537E-03  1.864975442327E-03
  1.897456976544E-03  1.930337210753E-03  1.963621038864E-03  1.997313414858E-03
  2.031419353524E-03  2.065943931205E-03  2.100892286556E-03  2.136269621306E-03
  2.172081201034E-03  2.208332355952E-03  2.245028481700E-03  2.282175040144E-03
  2.319777560198E-03  2.357841638636E-03  2.396372940935E-03  2.435377202110E-03
  2.474860227576E-03  2.514827894002E-03  2.555286150197E-03  2.596241017984E-03
  2.637698593107E-03  2.679665046128E-03  2.722146623356E-03  2.765149647768E-03
  2.808680519953E-03  2.852745719068E-03  2.897351803796E-03  2.942505413329E-03
  2.988213268350E-03  3.034482172038E-03  3.081319011078E-03  3.128730756687E-03
  3.176724465652E-03  3.225307281377E-03  3.274486434953E-03  3.324269246227E-03
  3.374663124897E-03  3.425675571609E-03  3.477314179082E-03  3.529586633228E-03
  3.582500714305E-03  3.636064298069E-03  3.690285356948E-03  3.745171961231E-03
  3.800732280265E-03  3.856974583673E-03  3.913907242587E-03  3.971538730890E-03
  4.029877626479E-03  4.088932612543E-03  4.148712478853E-03  4.209226123073E-03
  4.270482552081E-03  4.332490883313E-03  4.395260346117E-03  4.458800283131E-03
  4.523120151666E-03  4.588229525124E-03  4.654138094413E-03  4.720855669395E-03
  4.788392180345E-03  4.856757679429E-03  4.925962342199E-03  4.996016469110E-03
  5.066930487051E-03  5.138714950898E-03  5.211380545082E-03  5.284938085185E-03
  5.359398519545E-03  5.434772930889E-03  5.511072537978E-03  5.588308697282E-03
  5.666492904666E-03  5.745636797105E-03  5.825752154411E-03  5.906850900993E-03
  5.988945107625E-03  6.072046993248E-03  6.156168926784E-03  6.241323428981E-03
  6.327523174275E-03  6.414780992677E-03  6.503109871680E-03  6.592522958196E-03
  6.683033560510E-03  6.774655150263E-03  6.867401364455E-03  6.961286007475E-03
  7.056323053157E-03  7.152526646859E-03  7.249911107570E-03  7.348490930037E-03
  7.448280786927E-03  7.549295531009E-03  7.651550197364E-03  7.755060005625E-03
  7.859840362239E-03  7.965906862763E-03  8.073275294186E-03  8.181961637274E-03
  8.291982068952E-03  8.403352964714E-03  8.516090901056E-03  8.630212657943E-03
  8.745735221312E-03  8.862675785594E-03  8.981051756278E-03  9.100880752498E-03
  9.222180609658E-03  9.344969382085E-03  9.469265345717E-03  9.595087000822E-03
  9.722453074756E-03  9.851382524743E-03  9.981894540702E-03  1.011400854810E-02
  1.024774421086E-02  1.038312143424E-02  1.052016036787E-02  1.065888140867E-02
  1.079930520395E-02  1.094145265446E-02  1.108534491749E-02  1.123100341003E-02
  1.137844981195E-02  1.152770606925E-02  1.167879439731E-02  1.183173728417E-02
  1.198655749392E-02  1.214327807008E-02  1.230192233902E-02  1.246251391342E-02
  1.262507669579E-02  1.278963488208E-02  1.295621296518E-02  1.312483573866E-02
  1.329552830042E-02  1.346831605641E-02  1.364322472444E-02  1.382028033800E-02
  1.399950925013E-02  1.418093813735E-02  1.436459400361E-02  1.455050418434E-02
  1.473869635050E-02  1.492919851270E-02  1.512203902536E-02  1.531724659096E-02
  1.551485026429E-02  1.571487945676E-02  1.591736394081E-02  1.612233385434E-02
  1.632981970515E-02  1.653985237554E-02  1.675246312687E-02  1.696768360422E-02
  1.718554584110E-02  1.740608226424E-02  1.762932569838E-02  1.785530937117E-02
  1.808406691813E-02  1.831563238764E-02  1.855004024601E-02  1.878732538261E-02
  1.902752311508E-02  1.927066919456E-02  1.951679981102E-02  1.976595159867E-02
  2.001816164136E-02  2.027346747815E-02  2.053190710890E-02  2.079351899986E-02
  2.105834208949E-02  2.132641579416E-02  2.159778001410E-02  2.187247513928E-02
  2.215054205545E-02  2.243202215022E-02  2.271695731922E-02  2.300538997233E-02
  2.329736304000E-02  2.359291997964E-02  2.389210478209E-02  2.419496197814E-02
  2.450153664521E-02  2.481187441400E-02  2.512602147534E-02  2.544402458703E-02
  2.576593108078E-02  2.609178886933E-02  2.642164645348E-02  2.675555292940E-02
  2.709355799588E-02  2.743571196175E-02  2.778206575338E-02  2.813267092221E-02
  2.848757965249E-02  2.884684476899E-02  2.921051974490E-02  2.957865870978E-02
  2.995131645760E-02  3.032854845491E-02  3.071041084910E-02  3.109696047675E-02
  3.148825487208E-02  3.188435227553E-02  3.228531164242E-02  3.269119265173E-02
  3.310205571499E-02  3.351796198523E-02  3.393897336615E-02  3.436515252126E-02
  3.479656288329E-02  3.523326866354E-02  3.567533486151E-02  3.612282727453E-02
  3.657581250759E-02  3.703435798321E-02  3.749853195152E-02  3.796840350040E-02
  3.844404256573E-02  3.892551994186E-02  3.941290729210E-02  3.990627715942E-02
  4.040570297721E-02  4.091125908026E-02  4.142302071575E-02  4.194106405454E-02
  4.246546620243E-02  4.299630521169E-02  4.353366009263E-02  4.407761082541E-02
  4.462823837192E-02  4.518562468780E-02  4.574985273470E-02  4.632100649259E-02
  4.689917097225E-02  4.748443222796E-02  4.807687737027E-02  4.867659457899E-02
  4.928367311631E-02  4.989820334009E-02  5.052027671729E-02  5.114998583759E-02
  5.178742442720E-02  5.243268736278E-02  5.308587068555E-02  5.374707161564E-02
  5.441638856649E-02  5.509392115955E-02  5.577977023908E-02  5.647403788719E-02
  5.717682743898E-02  5.788824349800E-02  5.860839195173E-02  5.933737998740E-02
  6.007531610794E-02  6.082231014809E-02  6.157847329080E-02  6.234391808375E-02
  6.311875845608E-02  6.390310973542E-02  6.469708866495E-02  6.550081342088E-02
  6.631440362997E-02  6.713798038738E-02  6.797166627463E-02  6.881558537794E-02
  6.966986330662E-02  7.053462721178E-02  7.141000580529E-02  7.229612937891E-02
  7.319312982368E-02  7.410114064957E-02  7.502029700533E-02  7.595073569861E-02
  7.689259521636E-02  7.784601574537E-02  7.881113919320E-02  7.978810920928E-02
  8.077707120627E-02  8.177817238175E-02  8.279156174007E-02  8.381739011458E-02
  8.485581019005E-02  8.590697652541E-02  8.697104557674E-02  8.804817572059E-02
  8.913852727749E-02  9.024226253588E-02  9.135954577624E-02  9.249054329552E-02
  9.363542343192E-02  9.479435658992E-02  9.596751526568E-02  9.715507407269E-02
  9.835720976775E-02  9.957410127729E-02  1.008059297240E-01  1.020528784538E-01
  1.033151330632E-01  1.045928814266E-01  1.058863137249E-01  1.071956224729E-01
  1.085210025489E-01  1.098626512230E-01  1.112207681868E-01  1.125955555832E-01
  1.139872180360E-01  1.153959626811E-01  1.168219991965E-01  1.182655398343E-01
  1.197267994517E-01  1.212059955432E-01  1.227033482731E-01  1.242190805081E-01
  1.257534178505E-01  1.273065886717E-01  1.288788241464E-01  1.304703582869E-01
  1.320814279778E-01  1.337122730115E-01  1.353631361238E-01  1.370342630299E-01
  1.387259024611E-01  1.404383062018E-01  1.421717291269E-01  1.439264292400E-01
  1.457026677113E-01  1.475007089172E-01  1.493208204788E-01  1.511632733024E-01
  1.530283416196E-01  1.549163030280E-01  1.568274385326E-01  1.587620325878E-01
  1.607203731394E-01  1.627027516677E-01  1.647094632309E-01  1.667408065089E-01
  1.687970838477E-01  1.708786013047E-01  1.729856686938E-01  1.751185996319E-01
  1.772777115855E-01  1.794633259178E-01  1.816757679367E-01  1.839153669430E-01
  1.861824562797E-01  1.884773733815E-01  1.908004598248E-01  1.931520613790E-01
  1.955325280575E-01  1.979422141701E-01  2.003814783755E-01  2.028506837351E-01
  2.053501977664E-01  2.078803924983E-01  2.104416445262E-01  2.130343350680E-01
  2.156588500210E-01  2.183155800192E-01  2.210049204915E-01  2.237272717207E-01
  2.264830389027E-01  2.292726322072E-01  2.320964668386E-01  2.349549630977E-01
  2.378485464445E-01  2.407776475612E-01  2.437427024167E-01  2.467441523310E-01
  2.497824440414E-01  2.528580297685E-01  2.559713672842E-01  2.591229199788E-01
  2.623131569311E-01  2.655425529773E-01  2.688115887823E-01  2.721207509108E-01
  2.754705319002E-01  2.788614303333E-01  2.822939509131E-01  2.857686045376E-01
  2.892859083757E-01  2.928463859447E-01  2.964505671876E-01  3.000989885525E-01
  3.037921930721E-01  3.075307304447E-01  3.113151571160E-01  3.151460363617E-01
  3.190239383718E-01  3.229494403349E-01  3.269231265245E-01  3.309455883861E-01
  3.350174246247E-01  3.391392412943E-01  3.433116518879E-01  3.475352774292E-01
  3.518107465646E-01  3.561386956567E-01  3.605197688797E-01  3.649546183145E-01
  3.694439040460E-01  3.739882942618E-01  3.785884653510E-01  3.832451020051E-01
  3.879588973201E-01  3.927305528996E-01  3.975607789590E-01  4.024502944312E-01
  4.073998270742E-01  4.124101135787E-01  4.174818996780E-01  4.226159402591E-01
  4.278129994750E-01  4.330738508585E-01  4.383992774370E-01  4.437900718497E-01
  4.492470364647E-01  4.547709834994E-01  4.603627351404E-01  4.660231236668E-01
  4.717529915734E-01  4.775531916964E-01  4.834245873403E-01  4.893680524063E-01
  4.953844715226E-01  5.014747401757E-01  5.076397648442E-01  5.138804631331E-01
  5.201977639108E-01  5.265926074474E-01  5.330659455544E-01  5.396187417264E-01
  5.462519712846E-01  5.529666215220E-01  5.597636918503E-01  5.666441939486E-01
  5.736091519140E-01  5.806596024142E-01  5.877965948413E-01  5.950211914688E-01
  6.023344676089E-01  6.097375117731E-01  6.172314258338E-01  6.248173251889E-01
  6.324963389269E-01  6.402696099960E-01  6.481382953734E-01  6.561035662379E-01
  6.641666081442E-01  6.723286211990E-01  6.805908202403E-01  6.889544350176E-01
  6.974207103752E-01  7.059909064376E-01  7.146662987965E-01  7.234481787016E-01
  7.323378532518E-01  7.413366455905E-01  7.504458951021E-01  7.596669576116E-01
  7.690012055861E-01  7.784500283396E-01  7.880148322391E-01  7.976970409146E-01
  8.074980954704E-01  8.174194547002E-01  8.274625953035E-01  8.376290121063E-01
  8.479202182825E-01  8.583377455803E-01  8.688831445491E-01  8.795579847711E-01
  8.903638550945E-01  9.013023638700E-01  9.123751391903E-01  9.235838291325E-01
  9.349301020033E-01  9.464156465871E-01  9.580421723978E-01  9.698114099328E-01
  9.817251109310E-01  9.937850486332E-01  1.005993018046E+00  1.018350836209E+00
  1.030860342467E+00  1.043523398739E+00  1.056341889801E+00  1.069317723563E+00
  1.082452831354E+00  1.095749168210E+00  1.109208713163E+00  1.122833469539E+00
  1.136625465253E+00  1.150586753112E+00  1.164719411120E+00  1.179025542789E+00
  1.193507277450E+00  1.208166770571E+00  1.223006204078E+00  1.238027786679E+00
  1.253233754193E+00  1.268626369885E+00  1.284207924797E+00  1.299980738096E+00
  1.315947157415E+00  1.332109559202E+00  1.348470349078E+00  1.365031962189E+00
  1.381796863575E+00  1.398767548530E+00  1.415946542980E+00  1.433336403854E+00
  1.450939719467E+00  1.468759109904E+00  1.486797227413E+00  1.505056756794E+00
  1.523540415805E+00  1.542250955562E+00  1.561191160950E+00  1.580363851039E+00
  1.599771879501E+00  1.619418135035E+00  1.639305541799E+00  1.659437059845E+00
  1.679815685557E+00  1.700444452098E+00  1.721326429865E+00  1.742464726940E+00
  1.763862489558E+00  1.785522902570E+00  1.807449189925E+00  1.829644615139E+00
  1.852112481791E+00  1.874856134008E+00  1.897878956966E+00  1.921184377393E+00
  1.944775864078E+00  1.968656928389E+00  1.992831124796E+00  2.017302051396E+00
  2.042073350453E+00  2.067148708940E+00  2.092531859084E+00  2.118226578926E+00
  2.144236692879E+00  2.170566072300E+00  2.197218636068E+00  2.224198351161E+00
  2.251509233254E+00  2.279155347310E+00  2.307140808190E+00  2.335469781264E+00
  2.364146483028E+00  2.393175181736E+00  2.422560198033E+00  2.452305905600E+00
  2.482416731800E+00  2.512897158343E+00  2.543751721950E+00  2.574985015029E+00
  2.606601686357E+00  2.638606441775E+00  2.671004044885E+00  2.703799317762E+00
  2.736997141669E+00  2.770602457786E+00  2.804620267943E+00  2.839055635368E+00
  2.873913685436E+00  2.909199606437E+00  2.944918650342E+00  2.981076133591E+00
  3.017677437880E+00  3.054728010965E+00  3.092233367471E+00  3.130199089711E+00
  3.168630828522E+00  3.207534304102E+00  3.246915306862E+00  3.286779698288E+00
  3.327133411816E+00  3.367982453711E+00  3.409332903963E+00  3.451190917193E+00
  3.493562723566E+00  3.536454629722E+00  3.579873019713E+00  3.623824355952E+00
  3.668315180175E+00  3.713352114419E+00  3.758941862000E+00  3.805091208520E+00
  3.851807022867E+00  3.899096258245E+00  3.946965953207E+00  3.995423232699E+00
  4.044475309126E+00  4.094129483422E+00  4.144393146136E+00  4.195273778537E+00
  4.246778953721E+00  4.298916337742E+00  4.351693690753E+00  4.405118868159E+00
  4.459199821789E+00  4.513944601078E+00  4.569361354263E+00  4.625458329599E+00
  4.682243876588E+00  4.739726447215E+00  4.797914597215E+00  4.856816987337E+00
  4.916442384641E+00  4.976799663799E+00  5.037897808416E+00  5.099745912370E+00
  5.162353181159E+00  5.225728933280E+00  5.289882601609E+00  5.354823734807E+00
  5.420561998744E+00  5.487107177932E+00  5.554469176988E+00  5.622658022102E+00
  5.691683862534E+00  5.761556972123E+00  5.832287750814E+00  5.903886726209E+00
  5.976364555134E+00  6.049732025222E+00  6.124000056521E+00  6.199179703120E+00
  6.275282154792E+00  6.352318738662E+00  6.430300920890E+00  6.509240308381E+00
  6.589148650511E+00  6.670037840874E+00  6.751919919054E+00  6.834807072418E+00
  6.918711637929E+00  7.003646103982E+00  7.089623112261E+00  7.176655459625E+00
  7.264756100009E+00  7.353938146353E+00  7.444214872554E+00  7.535599715443E+00
  7.628106276781E+00  7.721748325289E+00  7.816539798693E+00  7.912494805799E+00
  8.009627628596E+00  8.107952724377E+00  8.207484727897E+00  8.308238453544E+00
  8.410228897551E+00  8.513471240222E+00  8.617980848195E+00  8.723773276730E+00
  8.830864272021E+00  8.939269773541E+00  9.049005916415E+00  9.160089033822E+00
  9.272535659425E+00  9.386362529832E+00  9.501586587088E+00  9.618224981194E+00
  9.736295072664E+00  9.855814435105E+00  9.976800857834E+00  1.009927234853E+01
  1.022324713590E+01  1.034874367241E+01  1.047578063703E+01  1.060437693799E+01
  1.073455171564E+01  1.086632434524E+01  1.099971443989E+01  1.113474185344E+01
  1.127142668343E+01  1.140978927409E+01  1.154985021939E+01  1.169163036604E+01
  1.183515081668E+01  1.198043293296E+01  1.212749833873E+01  1.227636892328E+01
  1.242706684457E+01  1.257961453255E+01  1.273403469250E+01  1.289035030838E+01
  1.304858464628E+01  1.320876125788E+01  1.337090398392E+01  1.353503695782E+01
  1.370118460920E+01  1.386937166755E+01  1.403962316592E+01  1.421196444462E+01
  1.438642115500E+01  1.456301926327E+01  1.474178505440E+01  1.492274513595E+01
  1.510592644212E+01  1.529135623769E+01  1.547906212211E+01  1.566907203363E+01
  1.586141425340E+01  1.605611740974E+01  1.625321048234E+01  1.645272280663E+01
  1.665468407813E+01  1.685912435683E+01  1.706607407173E+01  1.727556402532E+01
  1.748762539818E+01  1.770228975362E+01  1.791958904239E+01  1.813955560741E+01
  1.836222218861E+01  1.858762192779E+01  1.881578837354E+01  1.904675548628E+01
  1.928055764325E+01  1.951722964367E+01  1.975680671391E+01  1.999932451274E+01
  2.024481913662E+01  2.049332712508E+01  2.074488546617E+01  2.099953160194E+01
  2.125730343406E+01  2.151823932939E+01  2.178237812575E+01  2.204975913770E+01
  2.232042216233E+01  2.259440748527E+01  2.287175588662E+01  2.315250864703E+01
  2.343670755389E+01  2.372439490749E+01  2.401561352735E+01  2.431040675858E+01
  2.460881847835E+01  2.491089310239E+01  2.521667559164E+01  2.552621145890E+01
  2.583954677563E+01  2.615672817881E+01  2.647780287786E+01  2.680281866170E+01
  2.713182390582E+01  2.746486757952E+01  2.780199925317E+01  2.814326910561E+01
  2.848872793160E+01  2.883842714939E+01  2.919241880838E+01  2.955075559685E+01
  2.991349084982E+01  3.028067855697E+01  3.065237337069E+01  3.102863061420E+01
  3.140950628982E+01  3.179505708725E+01  3.218534039205E+01  3.258041429418E+01
  3.298033759661E+01  3.338516982412E+01  3.379497123212E+01  3.420980281565E+01
  3.462972631843E+01  3.505480424207E+01  3.548509985537E+01  3.592067720373E+01
  3.636160111868E+01  3.680793722753E+01  3.725975196318E+01  3.771711257393E+01
  3.818008713355E+01  3.864874455138E+01  3.912315458262E+01  3.960338783868E+01
  4.008951579769E+01  4.058161081517E+01  4.107974613476E+01  4.158399589918E+01
  4.209443516117E+01  4.261113989476E+01  4.313418700652E+01  4.366365434704E+01
  4.419962072246E+01  4.474216590628E+01  4.529137065118E+01  4.584731670104E+01
  4.641008680314E+01  4.697976472043E+01  4.755643524405E+01  4.814018420590E+01
  4.873109849145E+01  4.932926605266E+01  4.993477592107E+01  5.054771822104E+01
  5.116818418319E+01  5.179626615797E+01  5.243205762939E+01  5.307565322895E+01
  5.372714874971E+01  5.438664116058E+01  5.505422862071E+01  5.573001049412E+01
  5.641408736451E+01  5.710656105020E+01  5.780753461929E+01  5.851711240502E+01
  5.923540002126E+01  5.996250437830E+01  6.069853369866E+01  6.144359753331E+01
  6.219780677790E+01  6.296127368926E+01  6.373411190219E+01  6.451643644626E+01
  6.530836376304E+01  6.611001172336E+01  6.692149964487E+01  6.774294830980E+01
  6.857447998297E+01  6.941621842993E+01  7.026828893542E+01  7.113081832202E+01
  7.200393496900E+01  7.288776883145E+01  7.378245145961E+01  7.468811601846E+01
  7.560489730754E+01  7.653293178100E+01  7.747235756791E+01  7.842331449286E+01
  7.938594409671E+01
 Pseudopotential follows (l on next line)
 0
 -1.456759687377E-04 -2.931400664862E-04 -4.424142473368E-04 -5.935207351902E-04
 -7.464820270835E-04 -9.013208965597E-04 -1.058060397078E-03 -1.216723865467E-03
 -1.377334925422E-03 -1.539917491046E-03 -1.704495770430E-03 -1.871094269289E-03
 -2.039737794630E-03 -2.210451458478E-03 -2.383260681640E-03 -2.558191197521E-03
 -2.735269055987E-03 -2.914520627273E-03 -3.095972605946E-03 -3.279652014914E-03
 -3.465586209486E-03 -3.653802881481E-03 -3.844330063395E-03 -4.037196132612E-03
 -4.232429815675E-03 -4.430060192610E-03 -4.630116701296E-03 -4.832629141906E-03
 -5.037627681388E-03 -5.245142858013E-03 -5.455205585979E-03 -5.667847160066E-03
 -5.883099260363E-03 -6.100993957041E-03 -6.321563715198E-03 -6.544841399759E-03
 -6.770860280441E-03 -6.999654036779E-03 -7.231256763218E-03 -7.465702974272E-03
 -7.703027609741E-03 -7.943266040008E-03 -8.186454071385E-03 -8.432627951551E-03
 -8.681824375035E-03 -8.934080488791E-03 -9.189433897827E-03 -9.447922670922E-03
 -9.709585346404E-03 -9.974460938010E-03 -1.024258894082E-02 -1.051400933726E-02
 -1.078876260320E-02 -1.106688971412E-02 -1.134843215134E-02 -1.163343190838E-02
 -1.192193160827E-02 -1.221397421823E-02 -1.250960321700E-02 -1.280886270702E-02
 -1.311179733477E-02 -1.341845229751E-02 -1.372887340209E-02 -1.404310699181E-02
 -1.436119991668E-02 -1.468319965010E-02 -1.500915425104E-02 -1.533911237120E-02
 -1.567312326209E-02 -1.601123678232E-02 -1.635350340483E-02 -1.669997423764E-02
 -1.705070143750E-02 -1.740573700830E-02 -1.776513396547E-02 -1.812894597701E-02
 -1.849722737124E-02 -1.887003314442E-02 -1.924741980387E-02 -1.962944302410E-02
 -2.001615986338E-02 -2.040762808662E-02 -2.080390617187E-02 -2.120505460078E-02
 -2.161113220876E-02 -2.202219966792E-02 -2.243831839323E-02 -2.285955159467E-02
 -2.328596211895E-02 -2.371761300624E-02 -2.415456875848E-02 -2.459689595272E-02
 -2.504466077416E-02 -2.549792912490E-02 -2.595676874516E-02 -2.642125059267E-02
 -2.689144285704E-02 -2.736741510907E-02 -2.784923916738E-02 -2.833698984296E-02
 -2.883073711882E-02 -2.933055479779E-02 -2.983652134942E-02 -3.034871043462E-02
 -3.086719749997E-02 -3.139206283494E-02 -3.192338586473E-02 -3.246124306682E-02
 -3.300571688355E-02 -3.355689233883E-02 -3.411484710381E-02 -3.467966626541E-02
 -3.525144000963E-02 -3.583024748840E-02 -3.641617713003E-02 -3.700932348884E-02
 -3.760976764890E-02 -3.821760233879E-02 -3.883292522403E-02 -3.945581998566E-02
 -4.008638494325E-02 -4.072471902275E-02 -4.137090944122E-02 -4.202506181625E-02
 -4.268727373107E-02 -4.335763722612E-02 -4.403626744291E-02 -4.472325707349E-02
 -4.541870578614E-02 -4.612273787890E-02 -4.683543966153E-02 -4.755692643821E-02
 -4.828731488367E-02 -4.902669917847E-02 -4.977521007622E-02 -5.053295023620E-02
 -5.130002757699E-02 -5.207658463454E-02 -5.286271024132E-02 -5.365853995899E-02
 -5.446419575926E-02 -5.527978043451E-02 -5.610545563653E-02 -5.694131166346E-02
 -5.778748949687E-02 -5.864412784211E-02 -5.951132819656E-02 -6.038926801269E-02
 -6.127804105555E-02 -6.217779835010E-02 -6.308868924544E-02 -6.401081646802E-02
 -6.494438126211E-02 -6.588946947032E-02 -6.684625474068E-02 -6.781488582591E-02
 -6.879547730264E-02 -6.978824865162E-02 -7.079327691749E-02 -7.181077239072E-02
 -7.284086464074E-02 -7.388370373714E-02 -7.493949801747E-02 -7.600833438150E-02
 -7.709047413275E-02 -7.818599882054E-02 -7.929512479500E-02 -8.041801961088E-02
 -8.155481758193E-02 -8.270578285009E-02 -8.387097987350E-02 -8.505071206241E-02
 -8.624506167429E-02 -8.745426934302E-02 -8.867852045743E-02 -8.991795654406E-02
 -9.117287868072E-02 -9.244333448635E-02 -9.372970043895E-02 -9.503201568121E-02
 -9.635059276255E-02 -9.768559100724E-02 -9.903720696387E-02 -1.004057347439E-01
 -1.017912400329E-01 -1.031941675858E-01 -1.046144902378E-01 -1.060526581160E-01
 -1.075087234559E-01 -1.089830243343E-01 -1.104757647366E-01 -1.119871352399E-01
 -1.135175095508E-01 -1.150669124715E-01 -1.166359068725E-01 -1.182243917684E-01
 -1.198329609080E-01 -1.214615861192E-01 -1.231107328870E-01 -1.247805561661E-01
 -1.264713429145E-01 -1.281834525730E-01 -1.299169718879E-01 -1.316724877988E-01
 -1.334498634774E-01 -1.352499381110E-01 -1.370724356251E-01 -1.389181456647E-01
 -1.407869757377E-01 -1.426795206490E-01 -1.445959209163E-01 -1.465365434981E-01
 -1.485017880176E-01 -1.504917671700E-01 -1.525071676004E-01 -1.545478194906E-01
 -1.566147263009E-01 -1.587074582587E-01 -1.608272092702E-01 -1.629735221344E-01
 -1.651474426738E-01 -1.673487879803E-01 -1.695783362502E-01 -1.718362087419E-01
 -1.741228859244E-01 -1.764388248791E-01 -1.787841764731E-01 -1.811597670512E-01
 -1.835653842363E-01 -1.860022588438E-01 -1.884697798686E-01 -1.909696195329E-01
 -1.935008557918E-01 -1.960652668758E-01 -1.986620432973E-01 -2.012927199221E-01
 -2.039568433564E-01 -2.066556018330E-01 -2.093889325662E-01 -2.121576426971E-01
 -2.149620958178E-01 -2.178026823304E-01 -2.206802290736E-01 -2.235946730437E-01
 -2.265473421022E-01 -2.295376823622E-01 -2.325675611557E-01 -2.356358956779E-01
 -2.387451315679E-01 -2.418936775554E-01 -2.450844202533E-01 -2.483156036591E-01
 -2.515899180831E-01 -2.549060398900E-01 -2.582662421122E-01 -2.616696670815E-01
 -2.651181376316E-01 -2.686112951462E-01 -2.721504800153E-01 -2.757358647948E-01
 -2.793682763324E-01 -2.830484490009E-01 -2.867766666915E-01 -2.905542541829E-01
 -2.943809252831E-01 -2.982586210640E-01 -3.021864610867E-01 -3.061670251797E-01
 -3.101988182050E-01 -3.142850769932E-01 -3.184236757907E-01 -3.226185215858E-01
 -3.268669024396E-01 -3.311732378850E-01 -3.355346273014E-01 -3.399552373971E-01
 -3.444326942513E-01 -3.489706624108E-01 -3.535673088185E-01 -3.582257836416E-01
 -3.629448033399E-01 -3.677269972904E-01 -3.725716337030E-01 -3.774808214936E-01
 -3.824543754737E-01 -3.874938921464E-01 -3.925997193920E-01 -3.977729580891E-01
 -4.030144662308E-01 -4.083248756516E-01 -4.137055210170E-01 -4.191566025615E-01
 -4.246798866254E-01 -4.302751912293E-01 -4.359446567652E-01 -4.416877814355E-01
 -4.475070083899E-01 -4.534015924566E-01 -4.593741935738E-01 -4.654239146789E-01
 -4.715535309114E-01 -4.777621007610E-01 -4.840523965097E-01 -4.904235564245E-01
 -4.968782146558E-01 -5.034157511144E-01 -5.100384482602E-01 -5.167461526159E-01
 -5.235405891867E-01 -5.304222001336E-01 -5.373921485959E-01 -5.444514076574E-01
 -5.516006474431E-01 -5.588412942340E-01 -5.661736072816E-01 -5.735993750222E-01
 -5.811185415365E-01 -5.887331529086E-01 -5.964429474193E-01 -6.042501108585E-01
 -6.121542986654E-01 -6.201577051843E-01 -6.282600392768E-01 -6.364633599159E-01
 -6.447675784559E-01 -6.531744624578E-01 -6.616842869159E-01 -6.702983607134E-01
 -6.790174947461E-01 -6.878423618531E-01 -6.967744910028E-01 -7.058137328879E-01
 -7.149625251860E-01 -7.242197032005E-01 -7.335888107437E-01 -7.430674691653E-01
 -7.526605307277E-01 -7.623642009691E-01 -7.721848457012E-01 -7.821170517183E-01
 -7.921689039738E-01 -8.023331688922E-01 -8.126198542072E-01 -8.230197081693E-01
 -8.335448604054E-01 -8.441838496237E-01 -8.549511192694E-01 -8.658328162499E-01
 -8.768458798578E-01 -8.879738947403E-01 -8.992364654608E-01 -9.106144584030E-01
 -9.221302975536E-01 -9.337619920659E-01 -9.455349216618E-01 -9.574241187797E-01
 -9.694580349270E-01 -9.816086280910E-01 -9.939075151299E-01 -1.006323505623E+00
 -1.018891450889E+00 -1.031576963667E+00 -1.044417555553E+00 -1.057377472449E+00
 -1.070494701835E+00 -1.083733791717E+00 -1.097132114909E+00 -1.110655002264E+00
 -1.124339050322E+00 -1.138150536963E+00 -1.152125131319E+00 -1.166230210904E+00
 -1.180500378313E+00 -1.194904250191E+00 -1.209475236791E+00 -1.224183318938E+00
 -1.239060603193E+00 -1.254078544041E+00 -1.269267848344E+00 -1.284601537277E+00
 -1.300108837989E+00 -1.315764414321E+00 -1.331595950054E+00 -1.347579810289E+00
 -1.363742088239E+00 -1.380060891453E+00 -1.396560691637E+00 -1.413221362834E+00
 -1.430065740101E+00 -1.447075471438E+00 -1.464271755147E+00 -1.481638004946E+00
 -1.499193796291E+00 -1.516924285807E+00 -1.534847452765E+00 -1.552950160728E+00
 -1.571248830693E+00 -1.589731985683E+00 -1.608414535900E+00 -1.627286606686E+00
 -1.646361652657E+00 -1.665631336677E+00 -1.685107718778E+00 -1.704783929017E+00
 -1.724670697633E+00 -1.744762548210E+00 -1.765068947767E+00 -1.785585738599E+00
 -1.806321190930E+00 -1.827272391940E+00 -1.848446479507E+00 -1.869841714862E+00
 -1.891464164386E+00 -1.913313197350E+00 -1.935393864507E+00 -1.957706583531E+00
 -1.980255439377E+00 -2.003041846103E+00 -2.026068965973E+00 -2.049339165878E+00
 -2.072854721532E+00 -2.096618917979E+00 -2.120633173800E+00 -2.144901666284E+00
 -2.169424980355E+00 -2.194208167766E+00 -2.219250998675E+00 -2.244559388407E+00
 -2.270132308621E+00 -2.295976532359E+00 -2.322090249004E+00 -2.348481086011E+00
 -2.375146469881E+00 -2.402094878595E+00 -2.429323002170E+00 -2.456840160869E+00
 -2.484642346084E+00 -2.512739703352E+00 -2.541127579789E+00 -2.569816915448E+00
 -2.598802489565E+00 -2.628095986653E+00 -2.657691722562E+00 -2.687602050877E+00
 -2.717820963100E+00 -2.748361374704E+00 -2.779217133210E+00 -2.810401570209E+00
 -2.841908617943E+00 -2.873751832714E+00 -2.905925515678E+00 -2.938443203623E+00
 -2.971299913467E+00 -3.004508858233E+00 -3.038066187182E+00 -3.071984418158E+00
 -3.106261325952E+00 -3.140908287743E+00 -3.175925280157E+00 -3.211322013570E+00
 -3.247101331908E+00 -3.283270665844E+00 -3.319836486619E+00 -3.356803240066E+00
 -3.394181883822E+00 -3.431973076859E+00 -3.470193224756E+00 -3.508838297108E+00
 -3.547931213348E+00 -3.587462248472E+00 -3.627462005906E+00 -3.667913957755E+00
 -3.708857662892E+00 -3.750268581318E+00 -3.792196593384E+00 -3.834607842448E+00
 -3.877563978923E+00 -3.921020440028E+00 -3.965052158096E+00 -4.009602406664E+00
 -4.054760945990E+00 -4.100457386241E+00 -4.146797853419E+00 -4.193696790442E+00
 -4.241278159083E+00 -4.289439780866E+00 -4.338324773841E+00 -4.387813008230E+00
 -4.438067820234E+00 -4.488950023361E+00 -4.540643833503E+00 -4.592990257831E+00
 -4.646194474675E+00 -4.700077457840E+00 -4.754864635356E+00 -4.810357447850E+00
 -4.866799813277E+00 -4.923975106852E+00 -4.982142654752E+00 -5.041070468931E+00
 -5.101028604954E+00 -5.161773921197E+00 -5.223580689637E+00 -5.286200577130E+00
 -5.349903582224E+00 -5.414444059411E+00 -5.480077291913E+00 -5.546570133402E+00
 -5.614151034142E+00 -5.682610875167E+00 -5.752138088531E+00 -5.822560299348E+00
 -5.894012661161E+00 -5.966372548884E+00 -6.039709872959E+00 -6.113963775041E+00
 -6.189129905149E+00 -6.265218621573E+00 -6.342146967568E+00 -6.420001707388E+00
 -6.498623085657E+00 -6.578173683609E+00 -6.658425784491E+00 -6.739610434477E+00
 -6.821447750350E+00 -6.904223019532E+00 -6.987625729399E+00 -7.071975305328E+00
 -7.156955556847E+00 -7.242896168112E+00 -7.329500490273E+00 -7.417083781608E+00
 -7.505390957899E+00 -7.594700735242E+00 -7.684815220196E+00 -7.775960249288E+00
 -7.868001917418E+00 -7.961105153362E+00 -8.055196645620E+00 -8.150382213158E+00
 -8.246635295068E+00 -8.344014645906E+00 -8.442516826397E+00 -8.542175297747E+00
 -8.642977579828E+00 -8.744962178067E+00 -8.848068359984E+00 -8.952377135565E+00
 -9.057734677512E+00 -9.164307662004E+00 -9.271799855759E+00 -9.380511269777E+00
 -9.489950321110E+00 -9.600601651222E+00 -9.711722292024E+00 -9.824035856007E+00
 -9.936489208894E+00 -1.005010194451E+01 -1.016344952848E+01 -1.027790691271E+01
 -1.039161487287E+01 -1.050636507617E+01 -1.061979892353E+01 -1.073418750817E+01
 -1.084660785715E+01 -1.095987353158E+01 -1.107043351944E+01 -1.118170565807E+01
 -1.128945092225E+01 -1.139774975359E+01 -1.150162202833E+01 -1.160586258103E+01
 -1.170470815010E+01 -1.180370922371E+01 -1.189629362223E+01 -1.198879320590E+01
 -1.207382368534E+01 -1.215850236791E+01 -1.223465969946E+01 -1.231017367233E+01
 -1.237615483183E+01 -1.244118004669E+01 -1.249575315293E+01 -1.254904201311E+01
 -1.259111452128E+01 -1.263156609693E+01 -1.266026660457E+01 -1.268701068967E+01
 -1.270178369403E+01 -1.271427796571E+01 -1.271498938813E+01 -1.271312735028E+01
 -1.270017643366E+01 -1.268440154105E+01 -1.265883157045E+01 -1.263024966639E+01
 -1.259384547282E+01 -1.255432303285E+01 -1.250967683678E+01 -1.246190589157E+01
 -1.241242386797E+01 -1.235992499580E+01 -1.230973378540E+01 -1.225675496650E+01
 -1.221044860279E+01 -1.216169835455E+01 -1.212383973175E+01 -1.208396575345E+01
 -1.205822055468E+01 -1.203090778321E+01 -1.201864026903E+01 -1.200515228529E+01
 -1.200324883764E+01 -1.200017123966E+01 -1.200087924219E+01 -1.200006980770E+01
 -1.200088358712E+01 -1.200007071357E+01 -1.200088600113E+01 -1.200007083400E+01
 -1.200088773065E+01 -1.200007042066E+01 -1.200088895975E+01 -1.200006963113E+01
 -1.200088982731E+01 -1.200006858325E+01 -1.200089043686E+01 -1.200006736400E+01
 -1.200089086462E+01 -1.200006603669E+01 -1.200089116597E+01 -1.200006464670E+01
 -1.200089138059E+01 -1.200006322601E+01 -1.200089153650E+01 -1.200006179670E+01
 -1.200089165314E+01 -1.200006037369E+01 -1.200089174381E+01 -1.200005896678E+01
 -1.200089181740E+01 -1.200005758219E+01 -1.200000000000E+01 -1.200000000000E+01
 -1.200000000000E+01 -1.200000000000E+01 -1.200000000000E+01 -1.200000000000E+01
 -1.200000000000E+01 -1.200000000000E+01 -1.200000000000E+01 -1.200000000000E+01
 -1.200000000000E+01 -1.200000000000E+01 -1.200000000000E+01 -1.200000000000E+01
 -1.200000000000E+01 -1.200000000000E+01 -1.200000000000E+01 -1.200000000000E+01
 -1.200000000000E+01 -1.200000000000E+01 -1.200000000000E+01 -1.200000000000E+01
 -1.200000000000E+01 -1.200000000000E+01 -1.200000000000E+01 -1.200000000000E+01
 -1.200000000000E+01 -1.200000000000E+01 -1.200000000000E+01 -1.200000000000E+01
 -1.200000000000E+01 -1.200000000000E+01 -1.200000000000E+01 -1.200000000000E+01
 -1.200000000000E+01 -1.200000000000E+01 -1.200000000000E+01 -1.200000000000E+01
 -1.200000000000E+01 -1.200000000000E+01 -1.200000000000E+01 -1.200000000000E+01
 -1.200000000000E+01 -1.200000000000E+01 -1.200000000000E+01 -1.200000000000E+01
 -1.200000000000E+01 -1.200000000000E+01 -1.200000000000E+01 -1.200000000000E+01
 -1.200000000000E+01 -1.200000000000E+01 -1.200000000000E+01 -1.200000000000E+01
 -1.200000000000E+01 -1.200000000000E+01 -1.200000000000E+01 -1.200000000000E+01
 -1.200000000000E+01 -1.200000000000E+01 -1.200000000000E+01 -1.200000000000E+01
 -1.200000000000E+01 -1.200000000000E+01 -1.200000000000E+01 -1.200000000000E+01
 -1.200000000000E+01 -1.200000000000E+01 -1.200000000000E+01 -1.200000000000E+01
 -1.200000000000E+01 -1.200000000000E+01 -1.200000000000E+01 -1.200000000000E+01
 -1.200000000000E+01 -1.200000000000E+01 -1.200000000000E+01 -1.200000000000E+01
 -1.200000000000E+01 -1.200000000000E+01 -1.200000000000E+01 -1.200000000000E+01
 -1.200000000000E+01 -1.200000000000E+01 -1.200000000000E+01 -1.200000000000E+01
 -1.200000000000E+01 -1.200000000000E+01 -1.200000000000E+01 -1.200000000000E+01
 -1.200000000000E+01 -1.200000000000E+01 -1.200000000000E+01 -1.200000000000E+01
 -1.200000000000E+01 -1.200000000000E+01 -1.200000000000E+01 -1.200000000000E+01
 -1.200000000000E+01 -1.200000000000E+01 -1.200000000000E+01 -1.200000000000E+01
 -1.200000000000E+01 -1.200000000000E+01 -1.200000000000E+01 -1.200000000000E+01
 -1.200000000000E+01 -1.200000000000E+01 -1.200000000000E+01 -1.200000000000E+01
 -1.200000000000E+01 -1.200000000000E+01 -1.200000000000E+01 -1.200000000000E+01
 -1.200000000000E+01 -1.200000000000E+01 -1.200000000000E+01 -1.200000000000E+01
 -1.200000000000E+01 -1.200000000000E+01 -1.200000000000E+01 -1.200000000000E+01
 -1.200000000000E+01 -1.200000000000E+01 -1.200000000000E+01 -1.200000000000E+01
 -1.200000000000E+01 -1.200000000000E+01 -1.200000000000E+01 -1.200000000000E+01
 -1.200000000000E+01 -1.200000000000E+01 -1.200000000000E+01 -1.200000000000E+01
 -1.200000000000E+01 -1.200000000000E+01 -1.200000000000E+01 -1.200000000000E+01
 -1.200000000000E+01 -1.200000000000E+01 -1.200000000000E+01 -1.200000000000E+01
 -1.200000000000E+01 -1.200000000000E+01 -1.200000000000E+01 -1.200000000000E+01
 -1.200000000000E+01 -1.200000000000E+01 -1.200000000000E+01 -1.200000000000E+01
 -1.200000000000E+01 -1.200000000000E+01 -1.200000000000E+01 -1.200000000000E+01
 -1.200000000000E+01 -1.200000000000E+01 -1.200000000000E+01 -1.200000000000E+01
 -1.200000000000E+01 -1.200000000000E+01 -1.200000000000E+01 -1.200000000000E+01
 -1.200000000000E+01 -1.200000000000E+01 -1.200000000000E+01 -1.200000000000E+01
 -1.200000000000E+01 -1.200000000000E+01 -1.200000000000E+01 -1.200000000000E+01
 -1.200000000000E+01 -1.200000000000E+01 -1.200000000000E+01 -1.200000000000E+01
 -1.200000000000E+01 -1.200000000000E+01 -1.200000000000E+01 -1.200000000000E+01
 -1.200000000000E+01 -1.200000000000E+01 -1.200000000000E+01 -1.200000000000E+01
 -1.200000000000E+01 -1.200000000000E+01 -1.200000000000E+01 -1.200000000000E+01
 -1.200000000000E+01 -1.200000000000E+01 -1.200000000000E+01 -1.200000000000E+01
 -1.200000000000E+01 -1.200000000000E+01 -1.200000000000E+01 -1.200000000000E+01
 -1.200000000000E+01 -1.200000000000E+01 -1.200000000000E+01 -1.200000000000E+01
 -1.200000000000E+01 -1.200000000000E+01 -1.200000000000E+01 -1.200000000000E+01
 -1.200000000000E+01 -1.200000000000E+01 -1.200000000000E+01 -1.200000000000E+01
 -1.200000000000E+01 -1.200000000000E+01 -1.200000000000E+01 -1.200000000000E+01
 -1.200000000000E+01 -1.200000000000E+01 -1.200000000000E+01 -1.200000000000E+01
 -1.200000000000E+01 -1.200000000000E+01 -1.200000000000E+01 -1.200000000000E+01
 -1.200000000000E+01 -1.200000000000E+01 -1.200000000000E+01 -1.200000000000E+01
 -1.200000000000E+01 -1.200000000000E+01 -1.200000000000E+01 -1.200000000000E+01
 -1.200000000000E+01 -1.200000000000E+01 -1.200000000000E+01 -1.200000000000E+01
 -1.200000000000E+01 -1.200000000000E+01 -1.200000000000E+01 -1.200000000000E+01
 -1.200000000000E+01 -1.200000000000E+01 -1.200000000000E+01 -1.200000000000E+01
 -1.200000000000E+01 -1.200000000000E+01 -1.200000000000E+01 -1.200000000000E+01
 -1.200000000000E+01 -1.200000000000E+01 -1.200000000000E+01 -1.200000000000E+01
 -1.200000000000E+01 -1.200000000000E+01 -1.200000000000E+01 -1.200000000000E+01
 -1.200000000000E+01 -1.200000000000E+01 -1.200000000000E+01 -1.200000000000E+01
 -1.200000000000E+01 -1.200000000000E+01 -1.200000000000E+01 -1.200000000000E+01
 -1.200000000000E+01 -1.200000000000E+01 -1.200000000000E+01 -1.200000000000E+01
 -1.200000000000E+01 -1.200000000000E+01 -1.200000000000E+01 -1.200000000000E+01
 -1.200000000000E+01 -1.200000000000E+01 -1.200000000000E+01 -1.200000000000E+01
 -1.200000000000E+01 -1.200000000000E+01 -1.200000000000E+01 -1.200000000000E+01
 -1.200000000000E+01 -1.200000000000E+01 -1.200000000000E+01 -1.200000000000E+01
 -1.200000000000E+01 -1.200000000000E+01 -1.200000000000E+01 -1.200000000000E+01
 -1.200000000000E+01 -1.200000000000E+01 -1.200000000000E+01 -1.200000000000E+01
 -1.200000000000E+01 -1.200000000000E+01 -1.200000000000E+01 -1.200000000000E+01
 -1.200000000000E+01 -1.200000000000E+01 -1.200000000000E+01 -1.200000000000E+01
 -1.200000000000E+01 -1.200000000000E+01 -1.200000000000E+01 -1.200000000000E+01
 -1.200000000000E+01 -1.200000000000E+01 -1.200000000000E+01 -1.200000000000E+01
 -1.200000000000E+01
 Pseudopotential follows (l on next line)
 1
 -2.976144771414E-04 -5.988820777799E-04 -9.038476481918E-04 -1.212556585456E-03
 -1.525054844233E-03 -1.841388943621E-03 -2.161605974105E-03 -2.485753604585E-03
 -2.813880089496E-03 -3.146034276013E-03 -3.482265611350E-03 -3.822624150139E-03
 -4.167160561914E-03 -4.515926138678E-03 -4.868972802569E-03 -5.226353113616E-03
 -5.588120277596E-03 -5.954328153988E-03 -6.325031264022E-03 -6.700284798833E-03
 -7.080144627710E-03 -7.464667306456E-03 -7.853910085842E-03 -8.247930920176E-03
 -8.646788475970E-03 -9.050542140720E-03 -9.459252031793E-03 -9.872979005427E-03
 -1.029178466584E-02 -1.071573137446E-02 -1.114488225924E-02 -1.157930122416E-02
 -1.201905295875E-02 -1.246420294781E-02 -1.291481748122E-02 -1.337096366389E-02
 -1.383270942578E-02 -1.430012353212E-02 -1.477327559374E-02 -1.525223607744E-02
 -1.573707631666E-02 -1.622786852212E-02 -1.672468579266E-02 -1.722760212626E-02
 -1.773669243111E-02 -1.825203253690E-02 -1.877369920618E-02 -1.930177014591E-02
 -1.983632401916E-02 -2.037744045692E-02 -2.092520007008E-02 -2.147968446157E-02
 -2.204097623864E-02 -2.260915902529E-02 -2.318431747486E-02 -2.376653728283E-02
 -2.435590531057E-02 -2.495250930671E-02 -2.555643808103E-02 -2.616778162346E-02
 -2.678663103123E-02 -2.741307852248E-02 -2.804721750213E-02 -2.868914249582E-02
 -2.933894912728E-02 -2.999673424233E-02 -3.066259587841E-02 -3.133663327913E-02
 -3.201894690893E-02 -3.270963846795E-02 -3.340881090701E-02 -3.411656845617E-02
 -3.483301704625E-02 -3.555826311529E-02 -3.629241478101E-02 -3.703558149010E-02
 -3.778787403418E-02 -3.854940456592E-02 -3.932028745062E-02 -4.010063693095E-02
 -4.089056935223E-02 -4.169020249419E-02 -4.249965558632E-02 -4.331905060743E-02
 -4.414850864495E-02 -4.498815338713E-02 -4.583811003858E-02 -4.669850638192E-02
 -4.756947062911E-02 -4.845113198790E-02 -4.934362193999E-02 -5.024707486435E-02
 -5.116162558036E-02 -5.208740946675E-02 -5.302456459317E-02 -5.397323311003E-02
 -5.493355527353E-02 -5.590567360564E-02 -5.688973377157E-02 -5.788588533538E-02
 -5.889427395069E-02 -5.991505001980E-02 -6.094836955194E-02 -6.199438469948E-02
 -6.305325036391E-02 -6.412512726492E-02 -6.521017624516E-02 -6.630855619892E-02
 -6.742043299704E-02 -6.854597611591E-02 -6.968534871585E-02 -7.083872242227E-02
 -7.200627502190E-02 -7.318817434269E-02 -7.438459857739E-02 -7.559573314663E-02
 -7.682175111612E-02 -7.806283832515E-02 -7.931918669282E-02 -8.059097531070E-02
 -8.187839908002E-02 -8.318165469388E-02 -8.450092833660E-02 -8.583642580777E-02
 -8.718834610231E-02 -8.855688391721E-02 -8.994225831052E-02 -9.134466716645E-02
 -9.276431663661E-02 -9.420143880934E-02 -9.565622910794E-02 -9.712891328935E-02
 -9.861971983682E-02 -1.001288561120E-01 -1.016565674386E-01 -1.032030724524E-01
 -1.047685964723E-01 -1.063534008753E-01 -1.079576947937E-01 -1.095817355658E-01
 -1.112257684345E-01 -1.128900209767E-01 -1.145747811602E-01 -1.162802671498E-01
 -1.180067493632E-01 -1.197544975305E-01 -1.215237457824E-01 -1.233148058324E-01
 -1.251279073549E-01 -1.269633389523E-01 -1.288213892397E-01 -1.307023019196E-01
 -1.326064209416E-01 -1.345339766066E-01 -1.364852887932E-01 -1.384606542800E-01
 -1.404603374866E-01 -1.424847095752E-01 -1.445340011350E-01 -1.466085778845E-01
 -1.487087267298E-01 -1.508347570082E-01 -1.529870382795E-01 -1.551658206457E-01
 -1.573715306140E-01 -1.596044169674E-01 -1.618648653409E-01 -1.641532146523E-01
 -1.664697726828E-01 -1.688149791690E-01 -1.711890763218E-01 -1.735925474829E-01
 -1.760256570530E-01 -1.784888300426E-01 -1.809824384812E-01 -1.835068128276E-01
 -1.860624454086E-01 -1.886495774436E-01 -1.912687813822E-01 -1.939202947498E-01
 -1.966046309090E-01 -1.993221524648E-01 -2.020732617413E-01 -2.048584611493E-01
 -2.076780272349E-01 -2.105326181945E-01 -2.134224229345E-01 -2.163481102948E-01
 -2.193099539178E-01 -2.223085159981E-01 -2.253442273928E-01 -2.284175083366E-01
 -2.315289650073E-01 -2.346788575414E-01 -2.378679870179E-01 -2.410964936022E-01
 -2.443652151343E-01 -2.476743705475E-01 -2.510246754509E-01 -2.544165380027E-01
 -2.578505014690E-01 -2.613271847414E-01 -2.648469372121E-01 -2.684106116723E-01
 -2.720183404353E-01 -2.756712350968E-01 -2.793692953778E-01 -2.831135900617E-01
 -2.869043092571E-01 -2.907423338104E-01 -2.946280938105E-01 -2.985622493328E-01
 -3.025454967124E-01 -3.065782490140E-01 -3.106614969089E-01 -3.147953783828E-01
 -3.189812084146E-01 -3.232188726535E-01 -3.275098842071E-01 -3.318541090903E-01
 -3.362529202192E-01 -3.407064658696E-01 -3.452158594271E-01 -3.497815614951E-01
 -3.544043960313E-01 -3.590851678207E-01 -3.638243797278E-01 -3.686232143609E-01
 -3.734818200650E-01 -3.784017926846E-01 -3.833828908819E-01 -3.884271608843E-01
 -3.935340594761E-01 -3.987057481176E-01 -4.039418055014E-01 -4.092441592094E-01
 -4.146127535840E-01 -4.200491793075E-01 -4.255537811152E-01 -4.311277785800E-01
 -4.367719528318E-01 -4.424871169429E-01 -4.482745255439E-01 -4.541345488033E-01
 -4.600689528695E-01 -4.660776278021E-01 -4.721628899600E-01 -4.783241115407E-01
 -4.845641981984E-01 -4.908820250010E-01 -4.972809498481E-01 -5.037596946396E-01
 -5.103214326327E-01 -5.169653298353E-01 -5.236941542211E-01 -5.305075497789E-01
 -5.374078465923E-01 -5.443951999929E-01 -5.514714702529E-01 -5.586373564478E-01
 -5.658942182766E-01 -5.732433294863E-01 -5.806855201365E-01 -5.882226675213E-01
 -5.958550452963E-01 -6.035851604768E-01 -6.114127065273E-01 -6.193408429364E-01
 -6.273686629179E-01 -6.354999969671E-01 -6.437333225401E-01 -6.520731545817E-01
 -6.605173996217E-01 -6.690710998086E-01 -6.777319884771E-01 -6.865048703331E-01
 -6.953880209168E-01 -7.043857586822E-01 -7.134969158758E-01 -7.227253129216E-01
 -7.320703477619E-01 -7.415353368409E-01 -7.511202463637E-01 -7.608278896060E-01
 -7.706587962178E-01 -7.806152848613E-01 -7.906984354238E-01 -8.009100892751E-01
 -8.112518539009E-01 -8.217251205218E-01 -8.323319910885E-01 -8.430734447117E-01
 -8.539520331024E-01 -8.649683732799E-01 -8.761254093687E-01 -8.874234593645E-01
 -8.988657887665E-01 -9.104524937094E-01 -9.221870753263E-01 -9.340695001442E-01
 -9.461034035401E-01 -9.582887307031E-01 -9.706291333549E-01 -9.831246604641E-01
 -9.957788449365E-01 -1.008592002106E+00 -1.021567333300E+00 -1.034705644861E+00
 -1.048009602925E+00 -1.061480632899E+00 -1.075120862480E+00 -1.088932271828E+00
 -1.102916519800E+00 -1.117076063961E+00 -1.131412177270E+00 -1.145927703996E+00
 -1.160623627772E+00 -1.175503075365E+00 -1.190566851389E+00 -1.205818247413E+00
 -1.221258013014E+00 -1.236889473600E+00 -1.252713461086E+00 -1.268733190905E+00
 -1.284949727601E+00 -1.301366020617E+00 -1.317983529618E+00 -1.334804770704E+00
 -1.351831772406E+00 -1.369066439912E+00 -1.386511554433E+00 -1.404168223785E+00
 -1.422040174325E+00 -1.440127522728E+00 -1.458435139960E+00 -1.476961952262E+00
 -1.495714179803E+00 -1.514689355568E+00 -1.533895256585E+00 -1.553327818413E+00
 -1.572996583401E+00 -1.592895686501E+00 -1.613036642253E+00 -1.633411585276E+00
 -1.654034205061E+00 -1.674894442174E+00 -1.696008357104E+00 -1.717363511262E+00
 -1.738978522827E+00 -1.760838400189E+00 -1.782964493918E+00 -1.805339099316E+00
 -1.827986459490E+00 -1.850886012874E+00 -1.874065038220E+00 -1.897499991929E+00
 -1.921221312177E+00 -1.945202368923E+00 -1.969476862113E+00 -1.994014993497E+00
 -2.018853803890E+00 -2.043960269288E+00 -2.069374200034E+00 -2.095061191329E+00
 -2.121061619210E+00 -2.147341383672E+00 -2.173940326747E+00 -2.200825136808E+00
 -2.228034962738E+00 -2.255537444440E+00 -2.283370888871E+00 -2.311504039125E+00
 -2.339974223290E+00 -2.368751426317E+00 -2.397871873584E+00 -2.427306916281E+00
 -2.457091567400E+00 -2.487198653392E+00 -2.517661880165E+00 -2.548455642297E+00
 -2.579612259426E+00 -2.611107770438E+00 -2.642973045293E+00 -2.675185826459E+00
 -2.707775486542E+00 -2.740721514034E+00 -2.774051751908E+00 -2.807747460693E+00
 -2.841834936189E+00 -2.876297221275E+00 -2.911159060804E+00 -2.946405275671E+00
 -2.982059068518E+00 -3.018107020624E+00 -3.054570812110E+00 -3.091438755376E+00
 -3.128731036844E+00 -3.166437661081E+00 -3.204577356697E+00 -3.243141773956E+00
 -3.282148224350E+00 -3.321589952261E+00 -3.361482895101E+00 -3.401821837261E+00
 -3.442621384893E+00 -3.483877808459E+00 -3.525604422786E+00 -3.567798933434E+00
 -3.610473398267E+00 -3.653626912748E+00 -3.697270303879E+00 -3.741404020422E+00
 -3.786037673734E+00 -3.831173040573E+00 -3.876818518496E+00 -3.922977200847E+00
 -3.969656257506E+00 -4.016860103308E+00 -4.064594648710E+00 -4.112865653458E+00
 -4.161677717070E+00 -4.211037988059E+00 -4.260949682089E+00 -4.311421402382E+00
 -4.362454885075E+00 -4.414060277456E+00 -4.466237716639E+00 -4.518999007763E+00
 -4.572342544836E+00 -4.626281929749E+00 -4.680813644221E+00 -4.735953251302E+00
 -4.791695125877E+00 -4.848056982183E+00 -4.905030868280E+00 -4.962636865137E+00
 -5.020864448589E+00 -5.079736307126E+00 -5.139239073631E+00 -5.199398309806E+00
 -5.260197509529E+00 -5.321665397984E+00 -5.383782008492E+00 -5.446579544385E+00
 -5.510034230871E+00 -5.574182088587E+00 -5.638995160092E+00 -5.704513647503E+00
 -5.770705007576E+00 -5.837614014225E+00 -5.905203104179E+00 -5.973522041519E+00
 -6.042527774155E+00 -6.112275505642E+00 -6.182716186992E+00 -6.253910945556E+00
 -6.325804181917E+00 -6.398463472007E+00 -6.471826059168E+00 -6.545966540244E+00
 -6.620814331519E+00 -6.696451679516E+00 -6.772799428769E+00 -6.849948171676E+00
 -6.927809347141E+00 -7.006482670379E+00 -7.085869234527E+00 -7.166078751269E+00
 -7.247000901315E+00 -7.328756382182E+00 -7.411222244953E+00 -7.494531300575E+00
 -7.578546574252E+00 -7.663414282910E+00 -7.748981816566E+00 -7.835410287426E+00
 -7.922529587071E+00 -8.010517447186E+00 -8.099184094172E+00 -8.188725884414E+00
 -8.278930848263E+00 -8.370016309350E+00 -8.461745132322E+00 -8.554358357203E+00
 -8.647590182094E+00 -8.741708604903E+00 -8.836415010821E+00 -8.932008195705E+00
 -9.028151799153E+00 -9.125179984844E+00 -9.222712756247E+00 -9.321125105103E+00
 -9.419986345185E+00 -9.519718840160E+00 -9.619832758583E+00 -9.720805690393E+00
 -9.822078534044E+00 -9.924193527233E+00 -1.002651022177E+01 -1.012964676685E+01
 -1.023286706791E+01 -1.033687856266E+01 -1.044083276797E+01 -1.054554212966E+01
 -1.065002648409E+01 -1.075522147982E+01 -1.085999351305E+01 -1.096542206685E+01
 -1.107019622995E+01 -1.117556209483E+01 -1.128000619154E+01 -1.138496550277E+01
 -1.148869851123E+01 -1.159285783156E+01 -1.169544974225E+01 -1.179836622631E+01
 -1.189934043527E+01 -1.200052463479E+01 -1.209936319554E+01 -1.219828476770E+01
 -1.229443641939E+01 -1.239053259413E+01 -1.248342299994E+01 -1.257610916692E+01
 -1.266515232182E+01 -1.275383362923E+01 -1.283844307292E+01 -1.292252563330E+01
 -1.300212406257E+01 -1.308102436284E+01 -1.315505054284E+01 -1.322820200861E+01
 -1.329611448906E+01 -1.336297079800E+01 -1.342424870062E+01 -1.348428421447E+01
 -1.353842606595E+01 -1.359113444621E+01 -1.363765650280E+01 -1.368254901223E+01
 -1.372098465785E+01 -1.375758974262E+01 -1.378749135385E+01 -1.381535687393E+01
 -1.383630112973E+01 -1.385500016600E+01 -1.386659727495E+01 -1.387573792877E+01
 -1.387764477082E+01 -1.387688390225E+01 -1.386882071142E+01 -1.385788120392E+01
 -1.383965117370E+01 -1.381834208223E+01 -1.378985313939E+01 -1.375809195314E+01
 -1.371937988144E+01 -1.367721607367E+01 -1.362846813659E+01 -1.357610714311E+01
 -1.351768532359E+01 -1.345551205869E+01 -1.338797498627E+01 -1.331657595338E+01
 -1.324069851696E+01 -1.316088149538E+01 -1.307767104462E+01 -1.299048123400E+01
 -1.290118915804E+01 -1.280792054445E+01 -1.271404788727E+01 -1.261624846155E+01
 -1.251954408934E+01 -1.241901340127E+01 -1.232146307470E+01 -1.222024043914E+01
 -1.212404494997E+01 -1.202438642251E+01 -1.193192671595E+01 -1.183626871002E+01
 -1.175005561661E+01 -1.166096272703E+01 -1.158356857048E+01 -1.150366280169E+01
 -1.143763176669E+01 -1.136949997387E+01 -1.131723381242E+01 -1.126330986043E+01
 -1.122692550802E+01 -1.118934366714E+01 -1.117050003477E+01 -1.115091688664E+01
 -1.115061015614E+01 -1.114999446830E+01 -1.116832565692E+01 -1.118672034469E+01
 -1.122264713816E+01 -1.125891603203E+01 -1.131001477258E+01 -1.136160135674E+01
 -1.142388688114E+01 -1.148663478761E+01 -1.155451813833E+01 -1.162263662308E+01
 -1.168914637007E+01 -1.175545118741E+01 -1.181290648819E+01 -1.186953087981E+01
 -1.191093788836E+01 -1.195079436730E+01 -1.197234946969E+01 -1.199173827790E+01
 -1.199697512194E+01 -1.199989344572E+01 -1.200087924219E+01 -1.200006980770E+01
 -1.200088358712E+01 -1.200007071357E+01 -1.200088600113E+01 -1.200007083400E+01
 -1.200088773065E+01 -1.200007042066E+01 -1.200088895975E+01 -1.200006963113E+01
 -1.200088982731E+01 -1.200006858325E+01 -1.200089043686E+01 -1.200006736400E+01
 -1.200089086462E+01 -1.200006603669E+01 -1.200089116597E+01 -1.200006464670E+01
 -1.200089138059E+01 -1.200006322601E+01 -1.200089153650E+01 -1.200006179670E+01
 -1.200089165314E+01 -1.200006037369E+01 -1.200089174381E+01 -1.200005896678E+01
 -1.200089181740E+01 -1.200005758219E+01 -1.200000000000E+01 -1.200000000000E+01
 -1.200000000000E+01 -1.200000000000E+01 -1.200000000000E+01 -1.200000000000E+01
 -1.200000000000E+01 -1.200000000000E+01 -1.200000000000E+01 -1.200000000000E+01
 -1.200000000000E+01 -1.200000000000E+01 -1.200000000000E+01 -1.200000000000E+01
 -1.200000000000E+01 -1.200000000000E+01 -1.200000000000E+01 -1.200000000000E+01
 -1.200000000000E+01 -1.200000000000E+01 -1.200000000000E+01 -1.200000000000E+01
 -1.200000000000E+01 -1.200000000000E+01 -1.200000000000E+01 -1.200000000000E+01
 -1.200000000000E+01 -1.200000000000E+01 -1.200000000000E+01 -1.200000000000E+01
 -1.200000000000E+01 -1.200000000000E+01 -1.200000000000E+01 -1.200000000000E+01
 -1.200000000000E+01 -1.200000000000E+01 -1.200000000000E+01 -1.200000000000E+01
 -1.200000000000E+01 -1.200000000000E+01 -1.200000000000E+01 -1.200000000000E+01
 -1.200000000000E+01 -1.200000000000E+01 -1.200000000000E+01 -1.200000000000E+01
 -1.200000000000E+01 -1.200000000000E+01 -1.200000000000E+01 -1.200000000000E+01
 -1.200000000000E+01 -1.200000000000E+01 -1.200000000000E+01 -1.200000000000E+01
 -1.200000000000E+01 -1.200000000000E+01 -1.200000000000E+01 -1.200000000000E+01
 -1.200000000000E+01 -1.200000000000E+01 -1.200000000000E+01 -1.200000000000E+01
 -1.200000000000E+01 -1.200000000000E+01 -1.200000000000E+01 -1.200000000000E+01
 -1.200000000000E+01 -1.200000000000E+01 -1.200000000000E+01 -1.200000000000E+01
 -1.200000000000E+01 -1.200000000000E+01 -1.200000000000E+01 -1.200000000000E+01
 -1.200000000000E+01 -1.200000000000E+01 -1.200000000000E+01 -1.200000000000E+01
 -1.200000000000E+01 -1.200000000000E+01 -1.200000000000E+01 -1.200000000000E+01
 -1.200000000000E+01 -1.200000000000E+01 -1.200000000000E+01 -1.200000000000E+01
 -1.200000000000E+01 -1.200000000000E+01 -1.200000000000E+01 -1.200000000000E+01
 -1.200000000000E+01 -1.200000000000E+01 -1.200000000000E+01 -1.200000000000E+01
 -1.200000000000E+01 -1.200000000000E+01 -1.200000000000E+01 -1.200000000000E+01
 -1.200000000000E+01 -1.200000000000E+01 -1.200000000000E+01 -1.200000000000E+01
 -1.200000000000E+01 -1.200000000000E+01 -1.200000000000E+01 -1.200000000000E+01
 -1.200000000000E+01 -1.200000000000E+01 -1.200000000000E+01 -1.200000000000E+01
 -1.200000000000E+01 -1.200000000000E+01 -1.200000000000E+01 -1.200000000000E+01
 -1.200000000000E+01 -1.200000000000E+01 -1.200000000000E+01 -1.200000000000E+01
 -1.200000000000E+01 -1.200000000000E+01 -1.200000000000E+01 -1.200000000000E+01
 -1.200000000000E+01 -1.200000000000E+01 -1.200000000000E+01 -1.200000000000E+01
 -1.200000000000E+01 -1.200000000000E+01 -1.200000000000E+01 -1.200000000000E+01
 -1.200000000000E+01 -1.200000000000E+01 -1.200000000000E+01 -1.200000000000E+01
 -1.200000000000E+01 -1.200000000000E+01 -1.200000000000E+01 -1.200000000000E+01
 -1.200000000000E+01 -1.200000000000E+01 -1.200000000000E+01 -1.200000000000E+01
 -1.200000000000E+01 -1.200000000000E+01 -1.200000000000E+01 -1.200000000000E+01
 -1.200000000000E+01 -1.200000000000E+01 -1.200000000000E+01 -1.200000000000E+01
 -1.200000000000E+01 -1.200000000000E+01 -1.200000000000E+01 -1.200000000000E+01
 -1.200000000000E+01 -1.200000000000E+01 -1.200000000000E+01 -1.200000000000E+01
 -1.200000000000E+01 -1.200000000000E+01 -1.200000000000E+01 -1.200000000000E+01
 -1.200000000000E+01 -1.200000000000E+01 -1.200000000000E+01 -1.200000000000E+01
 -1.200000000000E+01 -1.200000000000E+01 -1.200000000000E+01 -1.200000000000E+01
 -1.200000000000E+01 -1.200000000000E+01 -1.200000000000E+01 -1.200000000000E+01
 -1.200000000000E+01 -1.200000000000E+01 -1.200000000000E+01 -1.200000000000E+01
 -1.200000000000E+01 -1.200000000000E+01 -1.200000000000E+01 -1.200000000000E+01
 -1.200000000000E+01 -1.200000000000E+01 -1.200000000000E+01 -1.200000000000E+01
 -1.200000000000E+01 -1.200000000000E+01 -1.200000000000E+01 -1.200000000000E+01
 -1.200000000000E+01 -1.200000000000E+01 -1.200000000000E+01 -1.200000000000E+01
 -1.200000000000E+01 -1.200000000000E+01 -1.200000000000E+01 -1.200000000000E+01
 -1.200000000000E+01 -1.200000000000E+01 -1.200000000000E+01 -1.200000000000E+01
 -1.200000000000E+01 -1.200000000000E+01 -1.200000000000E+01 -1.200000000000E+01
 -1.200000000000E+01 -1.200000000000E+01 -1.200000000000E+01 -1.200000000000E+01
 -1.200000000000E+01 -1.200000000000E+01 -1.200000000000E+01 -1.200000000000E+01
 -1.200000000000E+01 -1.200000000000E+01 -1.200000000000E+01 -1.200000000000E+01
 -1.200000000000E+01 -1.200000000000E+01 -1.200000000000E+01 -1.200000000000E+01
 -1.200000000000E+01 -1.200000000000E+01 -1.200000000000E+01 -1.200000000000E+01
 -1.200000000000E+01 -1.200000000000E+01 -1.200000000000E+01 -1.200000000000E+01
 -1.200000000000E+01 -1.200000000000E+01 -1.200000000000E+01 -1.200000000000E+01
 -1.200000000000E+01 -1.200000000000E+01 -1.200000000000E+01 -1.200000000000E+01
 -1.200000000000E+01 -1.200000000000E+01 -1.200000000000E+01 -1.200000000000E+01
 -1.200000000000E+01 -1.200000000000E+01 -1.200000000000E+01 -1.200000000000E+01
 -1.200000000000E+01 -1.200000000000E+01 -1.200000000000E+01 -1.200000000000E+01
 -1.200000000000E+01 -1.200000000000E+01 -1.200000000000E+01 -1.200000000000E+01
 -1.200000000000E+01 -1.200000000000E+01 -1.200000000000E+01 -1.200000000000E+01
 -1.200000000000E+01 -1.200000000000E+01 -1.200000000000E+01 -1.200000000000E+01
 -1.200000000000E+01 -1.200000000000E+01 -1.200000000000E+01 -1.200000000000E+01
 -1.200000000000E+01 -1.200000000000E+01 -1.200000000000E+01 -1.200000000000E+01
 -1.200000000000E+01 -1.200000000000E+01 -1.200000000000E+01 -1.200000000000E+01
 -1.200000000000E+01 -1.200000000000E+01 -1.200000000000E+01 -1.200000000000E+01
 -1.200000000000E+01 -1.200000000000E+01 -1.200000000000E+01 -1.200000000000E+01
 -1.200000000000E+01 -1.200000000000E+01 -1.200000000000E+01 -1.200000000000E+01
 -1.200000000000E+01 -1.200000000000E+01 -1.200000000000E+01 -1.200000000000E+01
 -1.200000000000E+01 -1.200000000000E+01 -1.200000000000E+01 -1.200000000000E+01
 -1.200000000000E+01 -1.200000000000E+01 -1.200000000000E+01 -1.200000000000E+01
 -1.200000000000E+01 -1.200000000000E+01 -1.200000000000E+01 -1.200000000000E+01
 -1.200000000000E+01
 Pseudopotential follows (l on next line)
 2
 -2.218039724654E-04 -4.463305197823E-04 -6.736130660528E-04 -9.036854459788E-04
 -1.136581909918E-03 -1.372337129001E-03 -1.610986200314E-03 -1.852564652146E-03
 -2.097108449295E-03 -2.344653998452E-03 -2.595238153639E-03 -2.848898221724E-03
 -3.105671968000E-03 -3.365597621834E-03 -3.628713882388E-03 -3.895059924408E-03
 -4.164675404089E-03 -4.437600465009E-03 -4.713875744142E-03 -4.993542377939E-03
 -5.276642008492E-03 -5.563216789769E-03 -5.853309393932E-03 -6.146963017730E-03
 -6.444221388973E-03 -6.745128773086E-03 -7.049729979749E-03 -7.358070369615E-03
 -7.670195861114E-03 -7.986152937343E-03 -8.305988653040E-03 -8.629750641651E-03
 -8.957487122476E-03 -9.289246907916E-03 -9.625079410801E-03 -9.965034651817E-03
 -1.030916326702E-02 -1.065751651546E-02 -1.101014628686E-02 -1.136710510947E-02
 -1.172844615791E-02 -1.209422326124E-02 -1.246449091099E-02 -1.283930426944E-02
 -1.321871917788E-02 -1.360279216503E-02 -1.399158045559E-02 -1.438514197886E-02
 -1.478353537744E-02 -1.518682001614E-02 -1.559505599091E-02 -1.600830413791E-02
 -1.642662604272E-02 -1.685008404964E-02 -1.727874127112E-02 -1.771266159729E-02
 -1.815190981660E-02 -1.859655133374E-02 -1.904665234037E-02 -1.950227993058E-02
 -1.996350202478E-02 -2.043038737979E-02 -2.090300565123E-02 -2.138142732391E-02
 -2.186572368567E-02 -2.235596694769E-02 -2.285223021041E-02 -2.335458747433E-02
 -2.386311365094E-02 -2.437788457378E-02 -2.489897700957E-02 -2.542646868283E-02
 -2.596043869356E-02 -2.650096631958E-02 -2.704813218503E-02 -2.760201790556E-02
 -2.816270610011E-02 -2.873028040287E-02 -2.930482631061E-02 -2.988642884311E-02
 -3.047517476411E-02 -3.107115190862E-02 -3.167444919392E-02 -3.228515791445E-02
 -3.290336809670E-02 -3.352917198669E-02 -3.416266296086E-02 -3.480393658296E-02
 -3.545308845065E-02 -3.611021475699E-02 -3.677541356380E-02 -3.744878541994E-02
 -3.813043089939E-02 -3.882045071517E-02 -3.951894784570E-02 -4.022602891942E-02
 -4.094179823455E-02 -4.166636191368E-02 -4.239982877590E-02 -4.314231108681E-02
 -4.389391674382E-02 -4.465475792951E-02 -4.542495196429E-02 -4.620461183681E-02
 -4.699385280412E-02 -4.779279545484E-02 -4.860156000797E-02 -4.942026423548E-02
 -5.024903238115E-02 -5.108799178338E-02 -5.193726294719E-02 -5.279697431919E-02
 -5.366725997727E-02 -5.454824350401E-02 -5.544005830375E-02 -5.634284445888E-02
 -5.725672914041E-02 -5.818185172956E-02 -5.911835711711E-02 -6.006637678906E-02
 -6.102605745671E-02 -6.199754703176E-02 -6.298098231829E-02 -6.397651912955E-02
 -6.498430586059E-02 -6.600448598739E-02 -6.703722671828E-02 -6.808267345133E-02
 -6.914097920772E-02 -7.021232229327E-02 -7.129684368851E-02 -7.239471403942E-02
 -7.350610604180E-02 -7.463117058498E-02 -7.577009582739E-02 -7.692304253774E-02
 -7.809017745736E-02 -7.927170266691E-02 -8.046776727454E-02 -8.167856785739E-02
 -8.290428815161E-02 -8.414509347223E-02 -8.540120876095E-02 -8.667278838293E-02
 -8.796003817297E-02 -8.926316248574E-02 -9.058232927388E-02 -9.191778326061E-02
 -9.326968630769E-02 -9.463825837253E-02 -9.602371858278E-02 -9.742624030010E-02
 -9.884609627069E-02 -1.002834447171E-01 -1.017385325556E-01 -1.032115827064E-01
 -1.047027848241E-01 -1.062124343889E-01 -1.077406853779E-01 -1.092878259582E-01
 -1.108540645318E-01 -1.124396309686E-01 -1.140448143857E-01 -1.156697834546E-01
 -1.173148822534E-01 -1.189802761227E-01 -1.206662662320E-01 -1.223731059969E-01
 -1.241010166458E-01 -1.258503503016E-01 -1.276212604846E-01 -1.294141407588E-01
 -1.312291646434E-01 -1.330666651534E-01 -1.349269211930E-01 -1.368101689522E-01
 -1.387168053333E-01 -1.406469749576E-01 -1.426011524938E-01 -1.445794764832E-01
 -1.465823600916E-01 -1.486100644961E-01 -1.506628893480E-01 -1.527412331263E-01
 -1.548452671668E-01 -1.569755431687E-01 -1.591321422282E-01 -1.613156240576E-01
 -1.635261518269E-01 -1.657641759064E-01 -1.680300139542E-01 -1.703239716161E-01
 -1.726465390776E-01 -1.749978590534E-01 -1.773786137681E-01 -1.797888230627E-01
 -1.822292029876E-01 -1.846998491810E-01 -1.872013524517E-01 -1.897339946206E-01
 -1.922981910677E-01 -1.948944312305E-01 -1.975229334524E-01 -2.001844178774E-01
 -2.028788825280E-01 -2.056073030822E-01 -2.083695416498E-01 -2.111665277383E-01
 -2.139983104501E-01 -2.168656279107E-01 -2.197687657257E-01 -2.227082377183E-01
 -2.256845921786E-01 -2.286980922995E-01 -2.317495770585E-01 -2.348390308590E-01
 -2.379676132494E-01 -2.411350524940E-01 -2.443427024377E-01 -2.475902678214E-01
 -2.508789583598E-01 -2.542087570803E-01 -2.575806101266E-01 -2.609948087832E-01
 -2.644520056230E-01 -2.679528319436E-01 -2.714976149773E-01 -2.750873595763E-01
 -2.787220340975E-01 -2.824030522586E-01 -2.861299882677E-01 -2.899047017499E-01
 -2.937264604613E-01 -2.975972346588E-01 -3.015164093411E-01 -3.054857161522E-01
 -3.095049009749E-01 -3.135753536945E-01 -3.176972157078E-01 -3.218715008067E-01
 -3.260987817885E-01 -3.303796608317E-01 -3.347151791231E-01 -3.391054906922E-01
 -3.435521430131E-01 -3.480548046241E-01 -3.526155678583E-01 -3.572335778680E-01
 -3.619115108079E-01 -3.666480090358E-01 -3.714461953364E-01 -3.763045531248E-01
 -3.812260147245E-01 -3.862095018051E-01 -3.912575354173E-01 -3.963695092233E-01
 -4.015475002360E-01 -4.067914073355E-01 -4.121028314124E-01 -4.174822088280E-01
 -4.229306334183E-01 -4.284491098146E-01 -4.340381955562E-01 -4.396994922796E-01
 -4.454329942794E-01 -4.512409262318E-01 -4.571226952075E-01 -4.630811715352E-01
 -4.691151548017E-01 -4.752281793824E-01 -4.814184216646E-01 -4.876900933750E-01
 -4.940407923289E-01 -5.004752501755E-01 -5.069908837872E-01 -5.135921796990E-01
 -5.202770892614E-01 -5.270496048109E-01 -5.339082265125E-01 -5.408564405024E-01
 -5.478933045868E-01 -5.550217925169E-01 -5.622415221464E-01 -5.695549554059E-01
 -5.769622652211E-01 -5.844654099973E-01 -5.920651043701E-01 -5.997628202661E-01
 -6.075597912440E-01 -6.154570296040E-01 -6.234562545526E-01 -6.315580564942E-01
 -6.397645954460E-01 -6.480760896052E-01 -6.564950823312E-01 -6.650214823303E-01
 -6.736581451563E-01 -6.824047468094E-01 -6.912643692051E-01 -7.002365474841E-01
 -7.093244884606E-01 -7.185276942471E-01 -7.278493786071E-01 -7.372891352661E-01
 -7.468500497547E-01 -7.565319696232E-01 -7.663376389880E-01 -7.762673841024E-01
 -7.863234028493E-01 -7.965066288527E-01 -8.068187098854E-01 -8.172611224423E-01
 -8.278350333986E-01 -8.385423846014E-01 -8.493839445545E-01 -8.603620296083E-01
 -8.714771060110E-01 -8.827317602863E-01 -8.941262662419E-01 -9.056633627891E-01
 -9.173432547336E-01 -9.291687023550E-01 -9.411399782417E-01 -9.532597202183E-01
 -9.655284182923E-01 -9.779484318589E-01 -9.905206301117E-01 -1.003246926774E+00
 -1.016128743166E+00 -1.029167369946E+00 -1.042364963480E+00 -1.055722005171E+00
 -1.069241577894E+00 -1.082923160395E+00 -1.096770960399E+00 -1.110783255191E+00
 -1.124965580680E+00 -1.139314810494E+00 -1.153838014960E+00 -1.168530460665E+00
 -1.183400959216E+00 -1.198442967952E+00 -1.213667244820E+00 -1.229065239374E+00
 -1.244649856608E+00 -1.260410346012E+00 -1.276361953352E+00 -1.292491544678E+00
 -1.308816890584E+00 -1.325322301867E+00 -1.342028245663E+00 -1.358916319888E+00
 -1.376009844956E+00 -1.393287565004E+00 -1.410775792959E+00 -1.428450297398E+00
 -1.446340503129E+00 -1.464419102723E+00 -1.482718730195E+00 -1.501208924967E+00
 -1.519925603642E+00 -1.538835100330E+00 -1.557976041319E+00 -1.577313391758E+00
 -1.596886295184E+00 -1.616660023781E+00 -1.636673144052E+00 -1.656891717240E+00
 -1.677353572336E+00 -1.698025723482E+00 -1.718945112110E+00 -1.740079857573E+00
 -1.761465875629E+00 -1.783072530087E+00 -1.804934586156E+00 -1.827022776969E+00
 -1.849370606646E+00 -1.871950287034E+00 -1.894793965816E+00 -1.917875426619E+00
 -1.941225381132E+00 -1.964819260933E+00 -1.988686278283E+00 -2.012803571695E+00
 -2.037198806722E+00 -2.061850870638E+00 -2.086785850910E+00 -2.111984408553E+00
 -2.137471036926E+00 -2.163228179562E+00 -2.189278734196E+00 -2.215606920390E+00
 -2.242234052128E+00 -2.269146104483E+00 -2.296362831558E+00 -2.323871930904E+00
 -2.351691630980E+00 -2.379811308031E+00 -2.408247707632E+00 -2.436991832188E+00
 -2.466058993647E+00 -2.495441761454E+00 -2.525154067538E+00 -2.555189984995E+00
 -2.585562121452E+00 -2.616265988405E+00 -2.647312924720E+00 -2.678699815625E+00
 -2.710436784333E+00 -2.742522028148E+00 -2.774964503122E+00 -2.807763662326E+00
 -2.840927336477E+00 -2.874456185660E+00 -2.908356948566E+00 -2.942631453087E+00
 -2.977285369080E+00 -3.012321664325E+00 -3.047744951608E+00 -3.083559323389E+00
 -3.119768334778E+00 -3.156377201461E+00 -3.193388407343E+00 -3.230808304283E+00
 -3.268638278399E+00 -3.306885845264E+00 -3.345551253901E+00 -3.384643225454E+00
 -3.424160820608E+00 -3.464114021481E+00 -3.504500638511E+00 -3.545331982482E+00
 -3.586604542725E+00 -3.628331036923E+00 -3.670506555655E+00 -3.713145310075E+00
 -3.756240910136E+00 -3.799809152737E+00 -3.843842083999E+00 -3.888357181562E+00
 -3.933344846335E+00 -3.978824331112E+00 -4.024784315407E+00 -4.071245917487E+00
 -4.118196027912E+00 -4.165657713034E+00 -4.213616018930E+00 -4.262096031316E+00
 -4.311080911542E+00 -4.360597821146E+00 -4.410628014726E+00 -4.461200768072E+00
 -4.512295427727E+00 -4.563943401338E+00 -4.616122148679E+00 -4.668865203850E+00
 -4.722148184830E+00 -4.776006722297E+00 -4.830414661247E+00 -4.885409674074E+00
 -4.940963924417E+00 -4.997117047136E+00 -5.053839636585E+00 -5.111173188354E+00
 -5.169086856026E+00 -5.227623875174E+00 -5.286752097622E+00 -5.346516364471E+00
 -5.406883367000E+00 -5.467899411192E+00 -5.529530159973E+00 -5.591823247607E+00
 -5.654743416914E+00 -5.718339511530E+00 -5.782575418768E+00 -5.847501108427E+00
 -5.913079607346E+00 -5.979361987679E+00 -6.046310307133E+00 -6.113976806989E+00
 -6.182322318616E+00 -6.251400450787E+00 -6.321170343897E+00 -6.391687358085E+00
 -6.462908193840E+00 -6.534890602608E+00 -6.607587712224E+00 -6.681060653159E+00
 -6.755257336797E+00 -6.830243725940E+00 -6.905960200831E+00 -6.982479624394E+00
 -7.059731663934E+00 -7.137798948887E+00 -7.216596151094E+00 -7.296219552649E+00
 -7.376563179722E+00 -7.457742128496E+00 -7.539622473490E+00 -7.622344841590E+00
 -7.705738108734E+00 -7.789976987532E+00 -7.874841724798E+00 -7.960551763146E+00
 -8.046824963455E+00 -8.133938397190E+00 -8.221531488449E+00 -8.309954099863E+00
 -8.398749166915E+00 -8.488356538222E+00 -8.578203244212E+00 -8.668837792452E+00
 -8.759551562383E+00 -8.851020932247E+00 -8.942382985617E+00 -9.034460387770E+00
 -9.126220114696E+00 -9.218647085185E+00 -9.310527018101E+00 -9.403018808869E+00
 -9.494722049760E+00 -9.586975446945E+00 -9.678194919811E+00 -9.769897784980E+00
 -9.860326202193E+00 -9.951167556728E+00 -1.004050665882E+01 -1.013018582917E+01
 -1.021815341192E+01 -1.030638675104E+01 -1.039272029577E+01 -1.047924434624E+01
 -1.056370067589E+01 -1.064827128499E+01 -1.073062243124E+01 -1.081301010626E+01
 -1.089303628835E+01 -1.097301878329E+01 -1.105049988335E+01 -1.112785345854E+01
 -1.120256053275E+01 -1.127705144110E+01 -1.134873964377E+01 -1.142011719737E+01
 -1.148852111493E+01 -1.155651328325E+01 -1.162134521461E+01 -1.168565723866E+01
 -1.174660853822E+01 -1.180692463267E+01 -1.186366992787E+01 -1.191965785247E+01
 -1.197186177937E+01 -1.202317990845E+01 -1.207050595939E+01 -1.211681244034E+01
 -1.215893354649E+01 -1.219989717443E+01 -1.223650771098E+01 -1.227182021457E+01
 -1.230264918280E+01 -1.233203868175E+01 -1.235686386544E+01 -1.238010930061E+01
 -1.239877220164E+01 -1.241571854196E+01 -1.242813986551E+01 -1.243871385664E+01
 -1.244490923919E+01 -1.244913537675E+01 -1.244923092995E+01 -1.244724721491E+01
 -1.244149429766E+01 -1.243356716515E+01 -1.242235559399E+01 -1.240889319917E+01
 -1.239276186546E+01 -1.237432466183E+01 -1.235396824427E+01 -1.233127550369E+01
 -1.230754565131E+01 -1.228147625489E+01 -1.225537528162E+01 -1.222696077025E+01
 -1.219962557006E+01 -1.217003310740E+01 -1.214270671406E+01 -1.211320932875E+01
 -1.208719738338E+01 -1.205912870278E+01 -1.203573818194E+01 -1.201042897775E+01
 -1.199088707683E+01 -1.196958152254E+01 -1.195493389106E+01 -1.193868480174E+01
 -1.192967484690E+01 -1.191921980615E+01 -1.191615518664E+01 -1.191178005438E+01
 -1.191439974542E+01 -1.191580358304E+01 -1.192317041036E+01 -1.192935780593E+01
 -1.193981916906E+01 -1.194906441216E+01 -1.196035103283E+01 -1.197030665849E+01
 -1.197987985623E+01 -1.198794414427E+01 -1.199376218596E+01 -1.199788226303E+01
 -1.199984337340E+01 -1.200002044906E+01 -1.200087924219E+01 -1.200006980770E+01
 -1.200088358712E+01 -1.200007071357E+01 -1.200088600113E+01 -1.200007083400E+01
 -1.200088773065E+01 -1.200007042066E+01 -1.200088895975E+01 -1.200006963113E+01
 -1.200088982731E+01 -1.200006858325E+01 -1.200089043686E+01 -1.200006736400E+01
 -1.200089086462E+01 -1.200006603669E+01 -1.200089116597E+01 -1.200006464670E+01
 -1.200089138059E+01 -1.200006322601E+01 -1.200089153650E+01 -1.200006179670E+01
 -1.200089165314E+01 -1.200006037369E+01 -1.200089174381E+01 -1.200005896678E+01
 -1.200089181740E+01 -1.200005758219E+01 -1.200000000000E+01 -1.200000000000E+01
 -1.200000000000E+01 -1.200000000000E+01 -1.200000000000E+01 -1.200000000000E+01
 -1.200000000000E+01 -1.200000000000E+01 -1.200000000000E+01 -1.200000000000E+01
 -1.200000000000E+01 -1.200000000000E+01 -1.200000000000E+01 -1.200000000000E+01
 -1.200000000000E+01 -1.200000000000E+01 -1.200000000000E+01 -1.200000000000E+01
 -1.200000000000E+01 -1.200000000000E+01 -1.200000000000E+01 -1.200000000000E+01
 -1.200000000000E+01 -1.200000000000E+01 -1.200000000000E+01 -1.200000000000E+01
 -1.200000000000E+01 -1.200000000000E+01 -1.200000000000E+01 -1.200000000000E+01
 -1.200000000000E+01 -1.200000000000E+01 -1.200000000000E+01 -1.200000000000E+01
 -1.200000000000E+01 -1.200000000000E+01 -1.200000000000E+01 -1.200000000000E+01
 -1.200000000000E+01 -1.200000000000E+01 -1.200000000000E+01 -1.200000000000E+01
 -1.200000000000E+01 -1.200000000000E+01 -1.200000000000E+01 -1.200000000000E+01
 -1.200000000000E+01 -1.200000000000E+01 -1.200000000000E+01 -1.200000000000E+01
 -1.200000000000E+01 -1.200000000000E+01 -1.200000000000E+01 -1.200000000000E+01
 -1.200000000000E+01 -1.200000000000E+01 -1.200000000000E+01 -1.200000000000E+01
 -1.200000000000E+01 -1.200000000000E+01 -1.200000000000E+01 -1.200000000000E+01
 -1.200000000000E+01 -1.200000000000E+01 -1.200000000000E+01 -1.200000000000E+01
 -1.200000000000E+01 -1.200000000000E+01 -1.200000000000E+01 -1.200000000000E+01
 -1.200000000000E+01 -1.200000000000E+01 -1.200000000000E+01 -1.200000000000E+01
 -1.200000000000E+01 -1.200000000000E+01 -1.200000000000E+01 -1.200000000000E+01
 -1.200000000000E+01 -1.200000000000E+01 -1.200000000000E+01 -1.200000000000E+01
 -1.200000000000E+01 -1.200000000000E+01 -1.200000000000E+01 -1.200000000000E+01
 -1.200000000000E+01 -1.200000000000E+01 -1.200000000000E+01 -1.200000000000E+01
 -1.200000000000E+01 -1.200000000000E+01 -1.200000000000E+01 -1.200000000000E+01
 -1.200000000000E+01 -1.200000000000E+01 -1.200000000000E+01 -1.200000000000E+01
 -1.200000000000E+01 -1.200000000000E+01 -1.200000000000E+01 -1.200000000000E+01
 -1.200000000000E+01 -1.200000000000E+01 -1.200000000000E+01 -1.200000000000E+01
 -1.200000000000E+01 -1.200000000000E+01 -1.200000000000E+01 -1.200000000000E+01
 -1.200000000000E+01 -1.200000000000E+01 -1.200000000000E+01 -1.200000000000E+01
 -1.200000000000E+01 -1.200000000000E+01 -1.200000000000E+01 -1.200000000000E+01
 -1.200000000000E+01 -1.200000000000E+01 -1.200000000000E+01 -1.200000000000E+01
 -1.200000000000E+01 -1.200000000000E+01 -1.200000000000E+01 -1.200000000000E+01
 -1.200000000000E+01 -1.200000000000E+01 -1.200000000000E+01 -1.200000000000E+01
 -1.200000000000E+01 -1.200000000000E+01 -1.200000000000E+01 -1.200000000000E+01
 -1.200000000000E+01 -1.200000000000E+01 -1.200000000000E+01 -1.200000000000E+01
 -1.200000000000E+01 -1.200000000000E+01 -1.200000000000E+01 -1.200000000000E+01
 -1.200000000000E+01 -1.200000000000E+01 -1.200000000000E+01 -1.200000000000E+01
 -1.200000000000E+01 -1.200000000000E+01 -1.200000000000E+01 -1.200000000000E+01
 -1.200000000000E+01 -1.200000000000E+01 -1.200000000000E+01 -1.200000000000E+01
 -1.200000000000E+01 -1.200000000000E+01 -1.200000000000E+01 -1.200000000000E+01
 -1.200000000000E+01 -1.200000000000E+01 -1.200000000000E+01 -1.200000000000E+01
 -1.200000000000E+01 -1.200000000000E+01 -1.200000000000E+01 -1.200000000000E+01
 -1.200000000000E+01 -1.200000000000E+01 -1.200000000000E+01 -1.200000000000E+01
 -1.200000000000E+01 -1.200000000000E+01 -1.200000000000E+01 -1.200000000000E+01
 -1.200000000000E+01 -1.200000000000E+01 -1.200000000000E+01 -1.200000000000E+01
 -1.200000000000E+01 -1.200000000000E+01 -1.200000000000E+01 -1.200000000000E+01
 -1.200000000000E+01 -1.200000000000E+01 -1.200000000000E+01 -1.200000000000E+01
 -1.200000000000E+01 -1.200000000000E+01 -1.200000000000E+01 -1.200000000000E+01
 -1.200000000000E+01 -1.200000000000E+01 -1.200000000000E+01 -1.200000000000E+01
 -1.200000000000E+01 -1.200000000000E+01 -1.200000000000E+01 -1.200000000000E+01
 -1.200000000000E+01 -1.200000000000E+01 -1.200000000000E+01 -1.200000000000E+01
 -1.200000000000E+01 -1.200000000000E+01 -1.200000000000E+01 -1.200000000000E+01
 -1.200000000000E+01 -1.200000000000E+01 -1.200000000000E+01 -1.200000000000E+01
 -1.200000000000E+01 -1.200000000000E+01 -1.200000000000E+01 -1.200000000000E+01
 -1.200000000000E+01 -1.200000000000E+01 -1.200000000000E+01 -1.200000000000E+01
 -1.200000000000E+01 -1.200000000000E+01 -1.200000000000E+01 -1.200000000000E+01
 -1.200000000000E+01 -1.200000000000E+01 -1.200000000000E+01 -1.200000000000E+01
 -1.200000000000E+01 -1.200000000000E+01 -1.200000000000E+01 -1.200000000000E+01
 -1.200000000000E+01 -1.200000000000E+01 -1.200000000000E+01 -1.200000000000E+01
 -1.200000000000E+01 -1.200000000000E+01 -1.200000000000E+01 -1.200000000000E+01
 -1.200000000000E+01 -1.200000000000E+01 -1.200000000000E+01 -1.200000000000E+01
 -1.200000000000E+01 -1.200000000000E+01 -1.200000000000E+01 -1.200000000000E+01
 -1.200000000000E+01 -1.200000000000E+01 -1.200000000000E+01 -1.200000000000E+01
 -1.200000000000E+01 -1.200000000000E+01 -1.200000000000E+01 -1.200000000000E+01
 -1.200000000000E+01 -1.200000000000E+01 -1.200000000000E+01 -1.200000000000E+01
 -1.200000000000E+01 -1.200000000000E+01 -1.200000000000E+01 -1.200000000000E+01
 -1.200000000000E+01 -1.200000000000E+01 -1.200000000000E+01 -1.200000000000E+01
 -1.200000000000E+01 -1.200000000000E+01 -1.200000000000E+01 -1.200000000000E+01
 -1.200000000000E+01 -1.200000000000E+01 -1.200000000000E+01 -1.200000000000E+01
 -1.200000000000E+01 -1.200000000000E+01 -1.200000000000E+01 -1.200000000000E+01
 -1.200000000000E+01 -1.200000000000E+01 -1.200000000000E+01 -1.200000000000E+01
 -1.200000000000E+01 -1.200000000000E+01 -1.200000000000E+01 -1.200000000000E+01
 -1.200000000000E+01 -1.200000000000E+01 -1.200000000000E+01 -1.200000000000E+01
 -1.200000000000E+01 -1.200000000000E+01 -1.200000000000E+01 -1.200000000000E+01
 -1.200000000000E+01 -1.200000000000E+01 -1.200000000000E+01 -1.200000000000E+01
 -1.200000000000E+01 -1.200000000000E+01 -1.200000000000E+01 -1.200000000000E+01
 -1.200000000000E+01
 Core charge follows
  0.000000000000E+00  0.000000000000E+00  0.000000000000E+00  0.000000000000E+00
  0.000000000000E+00  0.000000000000E+00  0.000000000000E+00  0.000000000000E+00
  0.000000000000E+00  0.000000000000E+00  0.000000000000E+00  0.000000000000E+00
  0.000000000000E+00  0.000000000000E+00  0.000000000000E+00  0.000000000000E+00
  0.000000000000E+00  0.000000000000E+00  0.000000000000E+00  0.000000000000E+00
  0.000000000000E+00  0.000000000000E+00  0.000000000000E+00  0.000000000000E+00
  0.000000000000E+00  0.000000000000E+00  0.000000000000E+00  0.000000000000E+00
  0.000000000000E+00  0.000000000000E+00  0.000000000000E+00  0.000000000000E+00
  0.000000000000E+00  0.000000000000E+00  0.000000000000E+00  0.000000000000E+00
  0.000000000000E+00  0.000000000000E+00  0.000000000000E+00  0.000000000000E+00
  0.000000000000E+00  0.000000000000E+00  0.000000000000E+00  0.000000000000E+00
  0.000000000000E+00  0.000000000000E+00  0.000000000000E+00  0.000000000000E+00
  0.000000000000E+00  0.000000000000E+00  0.000000000000E+00  0.000000000000E+00
  0.000000000000E+00  0.000000000000E+00  0.000000000000E+00  0.000000000000E+00
  0.000000000000E+00  0.000000000000E+00  0.000000000000E+00  0.000000000000E+00
  0.000000000000E+00  0.000000000000E+00  0.000000000000E+00  0.000000000000E+00
  0.000000000000E+00  0.000000000000E+00  0.000000000000E+00  0.000000000000E+00
  0.000000000000E+00  0.000000000000E+00  0.000000000000E+00  0.000000000000E+00
  0.000000000000E+00  0.000000000000E+00  0.000000000000E+00  0.000000000000E+00
  0.000000000000E+00  0.000000000000E+00  0.000000000000E+00  0.000000000000E+00
  0.000000000000E+00  0.000000000000E+00  0.000000000000E+00  0.000000000000E+00
  0.000000000000E+00  0.000000000000E+00  0.000000000000E+00  0.000000000000E+00
  0.000000000000E+00  0.000000000000E+00  0.000000000000E+00  0.000000000000E+00
  0.000000000000E+00  0.000000000000E+00  0.000000000000E+00  0.000000000000E+00
  0.000000000000E+00  0.000000000000E+00  0.000000000000E+00  0.000000000000E+00
  0.000000000000E+00  0.000000000000E+00  0.000000000000E+00  0.000000000000E+00
  0.000000000000E+00  0.000000000000E+00  0.000000000000E+00  0.000000000000E+00
  0.000000000000E+00  0.000000000000E+00  0.000000000000E+00  0.000000000000E+00
  0.000000000000E+00  0.000000000000E+00  0.000000000000E+00  0.000000000000E+00
  0.000000000000E+00  0.000000000000E+00  0.000000000000E+00  0.000000000000E+00
  0.000000000000E+00  0.000000000000E+00  0.000000000000E+00  0.000000000000E+00
  0.000000000000E+00  0.000000000000E+00  0.000000000000E+00  0.000000000000E+00
  0.000000000000E+00  0.000000000000E+00  0.000000000000E+00  0.000000000000E+00
  0.000000000000E+00  0.000000000000E+00  0.000000000000E+00  0.000000000000E+00
  0.000000000000E+00  0.000000000000E+00  0.000000000000E+00  0.000000000000E+00
  0.000000000000E+00  0.000000000000E+00  0.000000000000E+00  0.000000000000E+00
  0.000000000000E+00  0.000000000000E+00  0.000000000000E+00  0.000000000000E+00
  0.000000000000E+00  0.000000000000E+00  0.000000000000E+00  0.000000000000E+00
  0.000000000000E+00  0.000000000000E+00  0.000000000000E+00  0.000000000000E+00
  0.000000000000E+00  0.000000000000E+00  0.000000000000E+00  0.000000000000E+00
  0.000000000000E+00  0.000000000000E+00  0.000000000000E+00  0.000000000000E+00
  0.000000000000E+00  0.000000000000E+00  0.000000000000E+00  0.000000000000E+00
  0.000000000000E+00  0.000000000000E+00  0.000000000000E+00  0.000000000000E+00
  0.000000000000E+00  0.000000000000E+00  0.000000000000E+00  0.000000000000E+00
  0.000000000000E+00  0.000000000000E+00  0.000000000000E+00  0.000000000000E+00
  0.000000000000E+00  0.000000000000E+00  0.000000000000E+00  0.000000000000E+00
  0.000000000000E+00  0.000000000000E+00  0.000000000000E+00  0.000000000000E+00
  0.000000000000E+00  0.000000000000E+00  0.000000000000E+00  0.000000000000E+00
  0.000000000000E+00  0.000000000000E+00  0.000000000000E+00  0.000000000000E+00
  0.000000000000E+00  0.000000000000E+00  0.000000000000E+00  0.000000000000E+00
  0.000000000000E+00  0.000000000000E+00  0.000000000000E+00  0.000000000000E+00
  0.000000000000E+00  0.000000000000E+00  0.000000000000E+00  0.000000000000E+00
  0.000000000000E+00  0.000000000000E+00  0.000000000000E+00  0.000000000000E+00
  0.000000000000E+00  0.000000000000E+00  0.000000000000E+00  0.000000000000E+00
  0.000000000000E+00  0.000000000000E+00  0.000000000000E+00  0.000000000000E+00
  0.000000000000E+00  0.000000000000E+00  0.000000000000E+00  0.000000000000E+00
  0.000000000000E+00  0.000000000000E+00  0.000000000000E+00  0.000000000000E+00
  0.000000000000E+00  0.000000000000E+00  0.000000000000E+00  0.000000000000E+00
  0.000000000000E+00  0.000000000000E+00  0.000000000000E+00  0.000000000000E+00
  0.000000000000E+00  0.000000000000E+00  0.000000000000E+00  0.000000000000E+00
  0.000000000000E+00  0.000000000000E+00  0.000000000000E+00  0.000000000000E+00
  0.000000000000E+00  0.000000000000E+00  0.000000000000E+00  0.000000000000E+00
  0.000000000000E+00  0.000000000000E+00  0.000000000000E+00  0.000000000000E+00
  0.000000000000E+00  0.000000000000E+00  0.000000000000E+00  0.000000000000E+00
  0.000000000000E+00  0.000000000000E+00  0.000000000000E+00  0.000000000000E+00
  0.000000000000E+00  0.000000000000E+00  0.000000000000E+00  0.000000000000E+00
  0.000000000000E+00  0.000000000000E+00  0.000000000000E+00  0.000000000000E+00
  0.000000000000E+00  0.000000000000E+00  0.000000000000E+00  0.000000000000E+00
  0.000000000000E+00  0.000000000000E+00  0.000000000000E+00  0.000000000000E+00
  0.000000000000E+00  0.000000000000E+00  0.000000000000E+00  0.000000000000E+00
  0.000000000000E+00  0.000000000000E+00  0.000000000000E+00  0.000000000000E+00
  0.000000000000E+00  0.000000000000E+00  0.000000000000E+00  0.000000000000E+00
  0.000000000000E+00  0.000000000000E+00  0.000000000000E+00  0.000000000000E+00
  0.000000000000E+00  0.000000000000E+00  0.000000000000E+00  0.000000000000E+00
  0.000000000000E+00  0.000000000000E+00  0.000000000000E+00  0.000000000000E+00
  0.000000000000E+00  0.000000000000E+00  0.000000000000E+00  0.000000000000E+00
  0.000000000000E+00  0.000000000000E+00  0.000000000000E+00  0.000000000000E+00
  0.000000000000E+00  0.000000000000E+00  0.000000000000E+00  0.000000000000E+00
  0.000000000000E+00  0.000000000000E+00  0.000000000000E+00  0.000000000000E+00
  0.000000000000E+00  0.000000000000E+00  0.000000000000E+00  0.000000000000E+00
  0.000000000000E+00  0.000000000000E+00  0.000000000000E+00  0.000000000000E+00
  0.000000000000E+00  0.000000000000E+00  0.000000000000E+00  0.000000000000E+00
  0.000000000000E+00  0.000000000000E+00  0.000000000000E+00  0.000000000000E+00
  0.000000000000E+00  0.000000000000E+00  0.000000000000E+00  0.000000000000E+00
  0.000000000000E+00  0.000000000000E+00  0.000000000000E+00  0.000000000000E+00
  0.000000000000E+00  0.000000000000E+00  0.000000000000E+00  0.000000000000E+00
  0.000000000000E+00  0.000000000000E+00  0.000000000000E+00  0.000000000000E+00
  0.000000000000E+00  0.000000000000E+00  0.000000000000E+00  0.000000000000E+00
  0.000000000000E+00  0.000000000000E+00  0.000000000000E+00  0.000000000000E+00
  0.000000000000E+00  0.000000000000E+00  0.000000000000E+00  0.000000000000E+00
  0.000000000000E+00  0.000000000000E+00  0.000000000000E+00  0.000000000000E+00
  0.000000000000E+00  0.000000000000E+00  0.000000000000E+00  0.000000000000E+00
  0.000000000000E+00  0.000000000000E+00  0.000000000000E+00  0.000000000000E+00
  0.000000000000E+00  0.000000000000E+00  0.000000000000E+00  0.000000000000E+00
  0.000000000000E+00  0.000000000000E+00  0.000000000000E+00  0.000000000000E+00
  0.000000000000E+00  0.000000000000E+00  0.000000000000E+00  0.000000000000E+00
  0.000000000000E+00  0.000000000000E+00  0.000000000000E+00  0.000000000000E+00
  0.000000000000E+00  0.000000000000E+00  0.000000000000E+00  0.000000000000E+00
  0.000000000000E+00  0.000000000000E+00  0.000000000000E+00  0.000000000000E+00
  0.000000000000E+00  0.000000000000E+00  0.000000000000E+00  0.000000000000E+00
  0.000000000000E+00  0.000000000000E+00  0.000000000000E+00  0.000000000000E+00
  0.000000000000E+00  0.000000000000E+00  0.000000000000E+00  0.000000000000E+00
  0.000000000000E+00  0.000000000000E+00  0.000000000000E+00  0.000000000000E+00
  0.000000000000E+00  0.000000000000E+00  0.000000000000E+00  0.000000000000E+00
  0.000000000000E+00  0.000000000000E+00  0.000000000000E+00  0.000000000000E+00
  0.000000000000E+00  0.000000000000E+00  0.000000000000E+00  0.000000000000E+00
  0.000000000000E+00  0.000000000000E+00  0.000000000000E+00  0.000000000000E+00
  0.000000000000E+00  0.000000000000E+00  0.000000000000E+00  0.000000000000E+00
  0.000000000000E+00  0.000000000000E+00  0.000000000000E+00  0.000000000000E+00
  0.000000000000E+00  0.000000000000E+00  0.000000000000E+00  0.000000000000E+00
  0.000000000000E+00  0.000000000000E+00  0.000000000000E+00  0.000000000000E+00
  0.000000000000E+00  0.000000000000E+00  0.000000000000E+00  0.000000000000E+00
  0.000000000000E+00  0.000000000000E+00  0.000000000000E+00  0.000000000000E+00
  0.000000000000E+00  0.000000000000E+00  0.000000000000E+00  0.000000000000E+00
  0.000000000000E+00  0.000000000000E+00  0.000000000000E+00  0.000000000000E+00
  0.000000000000E+00  0.000000000000E+00  0.000000000000E+00  0.000000000000E+00
  0.000000000000E+00  0.000000000000E+00  0.000000000000E+00  0.000000000000E+00
  0.000000000000E+00  0.000000000000E+00  0.000000000000E+00  0.000000000000E+00
  0.000000000000E+00  0.000000000000E+00  0.000000000000E+00  0.000000000000E+00
  0.000000000000E+00  0.000000000000E+00  0.000000000000E+00  0.000000000000E+00
  0.000000000000E+00  0.000000000000E+00  0.000000000000E+00  0.000000000000E+00
  0.000000000000E+00  0.000000000000E+00  0.000000000000E+00  0.000000000000E+00
  0.000000000000E+00  0.000000000000E+00  0.000000000000E+00  0.000000000000E+00
  0.000000000000E+00  0.000000000000E+00  0.000000000000E+00  0.000000000000E+00
  0.000000000000E+00  0.000000000000E+00  0.000000000000E+00  0.000000000000E+00
  0.000000000000E+00  0.000000000000E+00  0.000000000000E+00  0.000000000000E+00
  0.000000000000E+00  0.000000000000E+00  0.000000000000E+00  0.000000000000E+00
  0.000000000000E+00  0.000000000000E+00  0.000000000000E+00  0.000000000000E+00
  0.000000000000E+00  0.000000000000E+00  0.000000000000E+00  0.000000000000E+00
  0.000000000000E+00  0.000000000000E+00  0.000000000000E+00  0.000000000000E+00
  0.000000000000E+00  0.000000000000E+00  0.000000000000E+00  0.000000000000E+00
  0.000000000000E+00  0.000000000000E+00  0.000000000000E+00  0.000000000000E+00
  0.000000000000E+00  0.000000000000E+00  0.000000000000E+00  0.000000000000E+00
  0.000000000000E+00  0.000000000000E+00  0.000000000000E+00  0.000000000000E+00
  0.000000000000E+00  0.000000000000E+00  0.000000000000E+00  0.000000000000E+00
  0.000000000000E+00  0.000000000000E+00  0.000000000000E+00  0.000000000000E+00
  0.000000000000E+00  0.000000000000E+00  0.000000000000E+00  0.000000000000E+00
  0.000000000000E+00  0.000000000000E+00  0.000000000000E+00  0.000000000000E+00
  0.000000000000E+00  0.000000000000E+00  0.000000000000E+00  0.000000000000E+00
  0.000000000000E+00  0.000000000000E+00  0.000000000000E+00  0.000000000000E+00
  0.000000000000E+00  0.000000000000E+00  0.000000000000E+00  0.000000000000E+00
  0.000000000000E+00  0.000000000000E+00  0.000000000000E+00  0.000000000000E+00
  0.000000000000E+00  0.000000000000E+00  0.000000000000E+00  0.000000000000E+00
  0.000000000000E+00  0.000000000000E+00  0.000000000000E+00  0.000000000000E+00
  0.000000000000E+00  0.000000000000E+00  0.000000000000E+00  0.000000000000E+00
  0.000000000000E+00  0.000000000000E+00  0.000000000000E+00  0.000000000000E+00
  0.000000000000E+00  0.000000000000E+00  0.000000000000E+00  0.000000000000E+00
  0.000000000000E+00  0.000000000000E+00  0.000000000000E+00  0.000000000000E+00
  0.000000000000E+00  0.000000000000E+00  0.000000000000E+00  0.000000000000E+00
  0.000000000000E+00  0.000000000000E+00  0.000000000000E+00  0.000000000000E+00
  0.000000000000E+00  0.000000000000E+00  0.000000000000E+00  0.000000000000E+00
  0.000000000000E+00  0.000000000000E+00  0.000000000000E+00  0.000000000000E+00
  0.000000000000E+00  0.000000000000E+00  0.000000000000E+00  0.000000000000E+00
  0.000000000000E+00  0.000000000000E+00  0.000000000000E+00  0.000000000000E+00
  0.000000000000E+00  0.000000000000E+00  0.000000000000E+00  0.000000000000E+00
  0.000000000000E+00  0.000000000000E+00  0.000000000000E+00  0.000000000000E+00
  0.000000000000E+00  0.000000000000E+00  0.000000000000E+00  0.000000000000E+00
  0.000000000000E+00  0.000000000000E+00  0.000000000000E+00  0.000000000000E+00
  0.000000000000E+00  0.000000000000E+00  0.000000000000E+00  0.000000000000E+00
  0.000000000000E+00  0.000000000000E+00  0.000000000000E+00  0.000000000000E+00
  0.000000000000E+00  0.000000000000E+00  0.000000000000E+00  0.000000000000E+00
  0.000000000000E+00  0.000000000000E+00  0.000000000000E+00  0.000000000000E+00
  0.000000000000E+00  0.000000000000E+00  0.000000000000E+00  0.000000000000E+00
  0.000000000000E+00  0.000000000000E+00  0.000000000000E+00  0.000000000000E+00
  0.000000000000E+00  0.000000000000E+00  0.000000000000E+00  0.000000000000E+00
  0.000000000000E+00  0.000000000000E+00  0.000000000000E+00  0.000000000000E+00
  0.000000000000E+00  0.000000000000E+00  0.000000000000E+00  0.000000000000E+00
  0.000000000000E+00  0.000000000000E+00  0.000000000000E+00  0.000000000000E+00
  0.000000000000E+00  0.000000000000E+00  0.000000000000E+00  0.000000000000E+00
  0.000000000000E+00  0.000000000000E+00  0.000000000000E+00  0.000000000000E+00
  0.000000000000E+00  0.000000000000E+00  0.000000000000E+00  0.000000000000E+00
  0.000000000000E+00  0.000000000000E+00  0.000000000000E+00  0.000000000000E+00
  0.000000000000E+00  0.000000000000E+00  0.000000000000E+00  0.000000000000E+00
  0.000000000000E+00  0.000000000000E+00  0.000000000000E+00  0.000000000000E+00
  0.000000000000E+00  0.000000000000E+00  0.000000000000E+00  0.000000000000E+00
  0.000000000000E+00  0.000000000000E+00  0.000000000000E+00  0.000000000000E+00
  0.000000000000E+00  0.000000000000E+00  0.000000000000E+00  0.000000000000E+00
  0.000000000000E+00  0.000000000000E+00  0.000000000000E+00  0.000000000000E+00
  0.000000000000E+00  0.000000000000E+00  0.000000000000E+00  0.000000000000E+00
  0.000000000000E+00  0.000000000000E+00  0.000000000000E+00  0.000000000000E+00
  0.000000000000E+00  0.000000000000E+00  0.000000000000E+00  0.000000000000E+00
  0.000000000000E+00  0.000000000000E+00  0.000000000000E+00  0.000000000000E+00
  0.000000000000E+00  0.000000000000E+00  0.000000000000E+00  0.000000000000E+00
  0.000000000000E+00  0.000000000000E+00  0.000000000000E+00  0.000000000000E+00
  0.000000000000E+00  0.000000000000E+00  0.000000000000E+00  0.000000000000E+00
  0.000000000000E+00  0.000000000000E+00  0.000000000000E+00  0.000000000000E+00
  0.000000000000E+00  0.000000000000E+00  0.000000000000E+00  0.000000000000E+00
  0.000000000000E+00  0.000000000000E+00  0.000000000000E+00  0.000000000000E+00
  0.000000000000E+00  0.000000000000E+00  0.000000000000E+00  0.000000000000E+00
  0.000000000000E+00  0.000000000000E+00  0.000000000000E+00  0.000000000000E+00
  0.000000000000E+00  0.000000000000E+00  0.000000000000E+00  0.000000000000E+00
  0.000000000000E+00  0.000000000000E+00  0.000000000000E+00  0.000000000000E+00
  0.000000000000E+00  0.000000000000E+00  0.000000000000E+00  0.000000000000E+00
  0.000000000000E+00  0.000000000000E+00  0.000000000000E+00  0.000000000000E+00
  0.000000000000E+00  0.000000000000E+00  0.000000000000E+00  0.000000000000E+00
  0.000000000000E+00  0.000000000000E+00  0.000000000000E+00  0.000000000000E+00
  0.000000000000E+00  0.000000000000E+00  0.000000000000E+00  0.000000000000E+00
  0.000000000000E+00  0.000000000000E+00  0.000000000000E+00  0.000000000000E+00
  0.000000000000E+00  0.000000000000E+00  0.000000000000E+00  0.000000000000E+00
  0.000000000000E+00  0.000000000000E+00  0.000000000000E+00  0.000000000000E+00
  0.000000000000E+00  0.000000000000E+00  0.000000000000E+00  0.000000000000E+00
  0.000000000000E+00  0.000000000000E+00  0.000000000000E+00  0.000000000000E+00
  0.000000000000E+00  0.000000000000E+00  0.000000000000E+00  0.000000000000E+00
  0.000000000000E+00  0.000000000000E+00  0.000000000000E+00  0.000000000000E+00
  0.000000000000E+00  0.000000000000E+00  0.000000000000E+00  0.000000000000E+00
  0.000000000000E+00  0.000000000000E+00  0.000000000000E+00  0.000000000000E+00
  0.000000000000E+00  0.000000000000E+00  0.000000000000E+00  0.000000000000E+00
  0.000000000000E+00  0.000000000000E+00  0.000000000000E+00  0.000000000000E+00
  0.000000000000E+00  0.000000000000E+00  0.000000000000E+00  0.000000000000E+00
  0.000000000000E+00  0.000000000000E+00  0.000000000000E+00  0.000000000000E+00
  0.000000000000E+00  0.000000000000E+00  0.000000000000E+00  0.000000000000E+00
  0.000000000000E+00  0.000000000000E+00  0.000000000000E+00  0.000000000000E+00
  0.000000000000E+00  0.000000000000E+00  0.000000000000E+00  0.000000000000E+00
  0.000000000000E+00  0.000000000000E+00  0.000000000000E+00  0.000000000000E+00
  0.000000000000E+00  0.000000000000E+00  0.000000000000E+00  0.000000000000E+00
  0.000000000000E+00  0.000000000000E+00  0.000000000000E+00  0.000000000000E+00
  0.000000000000E+00  0.000000000000E+00  0.000000000000E+00  0.000000000000E+00
  0.000000000000E+00  0.000000000000E+00  0.000000000000E+00  0.000000000000E+00
  0.000000000000E+00  0.000000000000E+00  0.000000000000E+00  0.000000000000E+00
  0.000000000000E+00  0.000000000000E+00  0.000000000000E+00  0.000000000000E+00
  0.000000000000E+00  0.000000000000E+00  0.000000000000E+00  0.000000000000E+00
  0.000000000000E+00  0.000000000000E+00  0.000000000000E+00  0.000000000000E+00
  0.000000000000E+00  0.000000000000E+00  0.000000000000E+00  0.000000000000E+00
  0.000000000000E+00  0.000000000000E+00  0.000000000000E+00  0.000000000000E+00
  0.000000000000E+00  0.000000000000E+00  0.000000000000E+00  0.000000000000E+00
  0.000000000000E+00  0.000000000000E+00  0.000000000000E+00  0.000000000000E+00
  0.000000000000E+00  0.000000000000E+00  0.000000000000E+00  0.000000000000E+00
  0.000000000000E+00  0.000000000000E+00  0.000000000000E+00  0.000000000000E+00
  0.000000000000E+00  0.000000000000E+00  0.000000000000E+00  0.000000000000E+00
  0.000000000000E+00  0.000000000000E+00  0.000000000000E+00  0.000000000000E+00
  0.000000000000E+00  0.000000000000E+00  0.000000000000E+00  0.000000000000E+00
  0.000000000000E+00  0.000000000000E+00  0.000000000000E+00  0.000000000000E+00
  0.000000000000E+00  0.000000000000E+00  0.000000000000E+00  0.000000000000E+00
  0.000000000000E+00  0.000000000000E+00  0.000000000000E+00  0.000000000000E+00
  0.000000000000E+00  0.000000000000E+00  0.000000000000E+00  0.000000000000E+00
  0.000000000000E+00  0.000000000000E+00  0.000000000000E+00  0.000000000000E+00
  0.000000000000E+00
 Valence charge follows
  4.113879029273E-10  1.665839570570E-09  3.794418199457E-09  6.829072772474E-09
  1.080266610438E-08  1.574900010089E-08  2.170284100780E-08  2.869994507489E-08
  3.677708477153E-08  4.597207561725E-08  5.632380366527E-08  6.787225366698E-08
  8.065853794100E-08  9.472492596815E-08  1.101148747331E-07  1.268730598325E-07
  1.450454073710E-07  1.646791266637E-07  1.858227437676E-07  2.085261358621E-07
  2.328405665004E-07  2.588187217541E-07  2.865147472723E-07  3.159842862801E-07
  3.472845185383E-07  3.804742002898E-07  4.156137052161E-07  4.527650664303E-07
  4.919920195322E-07  5.333600467522E-07  5.769364222102E-07  6.227902583192E-07
  6.709925533605E-07  7.216162402615E-07  7.747362366037E-07  8.304294958946E-07
  8.887750601325E-07  9.498541136981E-07  1.013750038605E-06  1.080548471145E-06
  1.150337359957E-06  1.223207025568E-06  1.299250221424E-06  1.378562196466E-06
  1.461240759282E-06  1.547386343866E-06  1.637102077044E-06  1.730493847590E-06
  1.827670377081E-06  1.928743292537E-06  2.033827200887E-06  2.143039765308E-06
  2.256501783482E-06  2.374337267821E-06  2.496673527706E-06  2.623641253794E-06
  2.755872722682E-06  2.892515945607E-06  3.034173898494E-06  3.180983084398E-06
  3.333079811810E-06  3.490599820192E-06  3.653962336588E-06  3.823410647973E-06
  3.998840395137E-06  4.180396183804E-06  4.368220785899E-06  4.562454570939E-06
  4.763234883064E-06  4.970695359706E-06  5.184965187632E-06  5.406228142921E-06
  5.636491254391E-06  5.874219189974E-06  6.119541814994E-06  6.372581768677E-06
  6.633453376561E-06  6.902261470170E-06  7.182331337929E-06  7.470972894517E-06
  7.768268879328E-06  8.074312916856E-06  8.389200491345E-06  8.717527272050E-06
  9.055365552438E-06  9.402790733707E-06  9.759860062855E-06  1.013001002937E-05
  1.051281892450E-05  1.090606707032E-05  1.130977935803E-05  1.172785600618E-05
  1.216036466476E-05  1.260415929843E-05  1.305921967811E-05  1.353224534896E-05
  1.401946242946E-05  1.451878075899E-05  1.503194795771E-05  1.556615799679E-05
  1.611333514405E-05  1.667336318857E-05  1.725552448694E-05  1.785439869476E-05
  1.846697452923E-05  1.909970396848E-05  1.975435994323E-05  2.042358194077E-05
  2.111175869116E-05  2.182653590188E-05  2.255674972629E-05  2.330572985248E-05
  2.408522978123E-05  2.488103387085E-05  2.569669839276E-05  2.654579042999E-05
  2.741203983808E-05  2.830084762294E-05  2.922467324849E-05  3.016648143928E-05
  3.113552742381E-05  3.213950225276E-05  3.316224038572E-05  3.421931967808E-05
  3.530913288108E-05  3.641842603976E-05  3.757210450696E-05  3.875371503467E-05
  3.995722392923E-05  4.121512677869E-05  4.249475572872E-05  4.380924638538E-05
  4.517106223453E-05  4.655518059542E-05  4.799149798063E-05  4.946408243731E-05
  5.096356994126E-05  5.252946128724E-05  5.411991758395E-05  5.575945880125E-05
  5.745026230154E-05  5.916591603445E-05  6.095925497360E-05  6.278273339623E-05
  6.465617215547E-05  6.659335231375E-05  6.855747142362E-05  7.060782788347E-05
  7.269400539679E-05  7.483672673658E-05  7.705159672172E-05  7.929538418490E-05
  8.164169538027E-05  8.402349744414E-05  8.647633387035E-05  8.900363224344E-05
  9.156815677796E-05  9.424882287723E-05  9.696268308842E-05  9.977276678639E-05
  1.026509316151E-04  1.055898582329E-04  1.086411960087E-04  1.117273142811E-04
  1.149490640184E-04  1.182205056326E-04  1.215909164568E-04  1.250576629760E-04
  1.285839674981E-04  1.322565194002E-04  1.359678841965E-04  1.398357103513E-04
  1.437670707387E-04  1.478148195207E-04  1.519779815594E-04  1.562144270796E-04
  1.606218100290E-04  1.650717166717E-04  1.697208282185E-04  1.744314857892E-04
  1.792984418299E-04  1.842837984374E-04  1.893792479464E-04  1.946539757178E-04
  1.999890957510E-04  2.055686281012E-04  2.111974667756E-04  2.170557212045E-04
  2.230095933144E-04  2.291446449597E-04  2.354408642262E-04  2.418662863556E-04
  2.485230647110E-04  2.552531059410E-04  2.622895998815E-04  2.693817177913E-04
  2.767755776490E-04  2.842720905123E-04  2.920178959135E-04  2.999402694013E-04
  3.080553342897E-04  3.164261477656E-04  3.249286506123E-04  3.337716548032E-04
  3.426806824795E-04  3.520208601822E-04  3.614266280779E-04  3.712200840961E-04
  3.811546362174E-04  3.914180130955E-04  4.019093121011E-04  4.126658220106E-04
  4.237432826008E-04  4.350173023002E-04  4.467118668322E-04  4.585289971806E-04
  4.708732153134E-04  4.832913191921E-04  4.962884565054E-04  5.093965628891E-04
  5.230218511458E-04  5.368563514873E-04  5.511409548109E-04  5.657401343355E-04
  5.807167891708E-04  5.961209262464E-04  6.118240224288E-04  6.280754933144E-04
  6.445411594654E-04  6.616845487498E-04  6.789507422433E-04  6.970329593015E-04
  7.152068918945E-04  7.342099628793E-04  7.533796699836E-04  7.733093980242E-04
  7.935272797445E-04  8.144299459162E-04  8.357511432278E-04  8.576753856559E-04
  8.801579262781E-04  9.031548636002E-04  9.268598159862E-04  9.509831775880E-04
  9.759748135181E-04  1.001281076941E-03  1.027627043243E-03  1.054175579194E-03
  1.081947079142E-03  1.109831245562E-03  1.139072289545E-03  1.168466441783E-03
  1.199147201324E-03  1.230130837068E-03  1.262323884727E-03  1.294980702279E-03
  1.328762360143E-03  1.363180487168E-03  1.398631028162E-03  1.434903263687E-03
  1.472107124396E-03  1.510331194907E-03  1.549377200630E-03  1.589656031175E-03
  1.630637633976E-03  1.673079635251E-03  1.716095165849E-03  1.760814538295E-03
  1.805967472672E-03  1.853084528721E-03  1.900483770400E-03  1.950125276067E-03
  1.999919849057E-03  2.052184992198E-03  2.104650772335E-03  2.159525132326E-03
  2.214803759209E-03  2.272421138530E-03  2.330661914508E-03  2.391163228648E-03
  2.452523555546E-03  2.516057233635E-03  2.580703076647E-03  2.647425486725E-03
  2.715531867378E-03  2.785607767987E-03  2.857359288218E-03  2.930962308149E-03
  3.006553707695E-03  3.083866855867E-03  3.163503605355E-03  3.244719812932E-03
  3.328618745244E-03  3.413941442297E-03  3.502331424984E-03  3.591975154163E-03
  3.685097805909E-03  3.779288875793E-03  3.877399330190E-03  3.976376511205E-03
  4.079744231336E-03  4.183759497358E-03  4.292669145005E-03  4.401988464018E-03
  4.516740827601E-03  4.631736748142E-03  4.752557990774E-03  4.873736471452E-03
  5.000753260586E-03  5.128451941907E-03  5.261995270865E-03  5.396571216051E-03
  5.536990901044E-03  5.678821816475E-03  5.826487669639E-03  5.975973211187E-03
  6.131276295490E-03  6.288839467493E-03  6.452193439882E-03  6.618282094080E-03
  6.790124643784E-03  6.965213086171E-03  7.146007475668E-03  7.330598189890E-03
  7.520834906657E-03  7.715460403315E-03  7.915658931221E-03  8.120883733260E-03
  8.331594453149E-03  8.548017228371E-03  8.769823458263E-03  8.998079310968E-03
  9.231599497148E-03  9.472362431919E-03  9.718252503176E-03  9.972238074969E-03
  1.023119397328E-02  1.049916213918E-02  1.077192254129E-02  1.105468073063E-02
  1.134202997616E-02  1.164043639710E-02  1.194320764032E-02  1.225817484262E-02
  1.257725344612E-02  1.290975216142E-02  1.324607935202E-02  1.359714263482E-02
  1.395171944321E-02  1.432244713778E-02  1.469633864561E-02  1.508790220603E-02
  1.548224212604E-02  1.589588981913E-02  1.631188543597E-02  1.674894795902E-02
  1.718788546096E-02  1.764978200930E-02  1.811303224332E-02  1.860127706517E-02
  1.909030175074E-02  1.960651123034E-02  2.012333429130E-02  2.066876998323E-02
  2.121534888790E-02  2.179156170147E-02  2.236974648248E-02  2.297863444106E-02
  2.359040266867E-02  2.423399407413E-02  2.488146057855E-02  2.556192389763E-02
  2.624735128294E-02  2.696700583379E-02  2.769281584855E-02  2.845414335288E-02
  2.922292918746E-02  3.002858625847E-02  3.084312584434E-02  3.169595748588E-02
  3.255922787778E-02  3.346228207563E-02  3.437747500328E-02  3.533401849534E-02
  3.630455717741E-02  3.731809249555E-02  3.834764981507E-02  3.942193369762E-02
  4.051445184461E-02  4.165351512499E-02  4.281322681879E-02  4.402139590252E-02
  4.525284731330E-02  4.653476736233E-02  4.784284285831E-02  4.920350280855E-02
  5.059345166243E-02  5.203821120711E-02  5.351567640235E-02  5.505029508079E-02
  5.662134436494E-02  5.825201290258E-02  5.992317224142E-02  6.165654629330E-02
  6.343483588558E-02  6.527807234102E-02  6.717104535850E-02  6.913184136952E-02
  7.114762559170E-02  7.323426049155E-02  7.538160300712E-02  7.760298328796E-02
  7.989129843646E-02  8.225700595584E-02  8.469642668280E-02  8.721677026770E-02
  8.981820306290E-02  9.250427367622E-02  9.527945725916E-02  9.814318688656E-02
  1.011047547932E-01  1.041589791980E-01  1.073205264090E-01  1.105790518879E-01
  1.139552056188E-01  1.174328798700E-01  1.210393746198E-01  1.247521618101E-01
  1.286059187296E-01  1.325709788124E-01  1.366901894153E-01  1.409259617083E-01
  1.453301758957E-01  1.498564668769E-01  1.545666851842E-01  1.594047603988E-01
  1.644435302985E-01  1.696162101957E-01  1.750077262011E-01  1.805394856239E-01
  1.863096928299E-01  1.922267637783E-01  1.984034643515E-01  2.047339415054E-01
  2.113469034891E-01  2.181208518340E-01  2.252019194597E-01  2.324514831820E-01
  2.400346876856E-01  2.477941993063E-01  2.559158690166E-01  2.642219575033E-01
  2.729208257163E-01  2.818125220533E-01  2.911298309085E-01  3.006486693109E-01
  3.106282675575E-01  3.208183801828E-01  3.315068123557E-01  3.424150149973E-01
  3.538615991096E-01  3.655374649451E-01  3.777943553534E-01  3.902902733690E-01
  4.034125049709E-01  4.167837191897E-01  4.308292285787E-01  4.451338536848E-01
  4.601634723093E-01  4.754624806911E-01  4.915398944571E-01  5.078970690845E-01
  5.250887382016E-01  5.425705851244E-01  5.609456173408E-01  5.796212309475E-01
  5.992512006590E-01  6.191920741884E-01  6.401507792608E-01  6.614305524263E-01
  6.837936999604E-01  7.064878349552E-01  7.303326466790E-01  7.545180233064E-01
  7.799227508315E-01  8.056771710843E-01  8.327205109639E-01  8.601221031021E-01
  8.888825015107E-01  9.180090136085E-01  9.485638506071E-01  9.794918237160E-01
  1.011916467514E+00  1.044720279085E+00  1.079087001561E+00  1.113837770655E+00
  1.150214516708E+00  1.186978863896E+00  1.225427869070E+00  1.264266525844E+00
  1.304842779200E+00  1.345809044277E+00  1.388558596729E+00  1.431696639967E+00
  1.476654762380E+00  1.521997781112E+00  1.569186981422E+00  1.616755219041E+00
  1.666183133548E+00  1.715981776103E+00  1.767638956960E+00  1.819655930375E+00
  1.873513559060E+00  1.927717257397E+00  1.983724822597E+00  2.040061806368E+00
  2.098144794050E+00  2.156537506851E+00  2.216595160059E+00  2.276939721518E+00
  2.338842937374E+00  2.401007080146E+00  2.464596521133E+00  2.528417749121E+00
  2.593502254442E+00  2.658786307878E+00  2.725141697853E+00  2.791661417766E+00
  2.859029789071E+00  2.926524478160E+00  2.994614089362E+00  3.062789467552E+00
  3.131275311925E+00  3.199804162021E+00  3.268329317216E+00  3.336852908227E+00
  3.405030739186E+00  3.473161101265E+00  3.540578373163E+00  3.607901478182E+00
  3.674122409957E+00  3.740202285176E+00  3.804773541329E+00  3.869157310589E+00
  3.931613890162E+00  3.993837698209E+00  4.053709636272E+00  4.113305368462E+00
  4.170125119140E+00  4.226627782823E+00  4.279938106339E+00  4.332893694353E+00
  4.382255827028E+00  4.431229441063E+00  4.476231290342E+00  4.520815266188E+00
  4.561079346354E+00  4.600901097927E+00  4.636091909870E+00  4.670821197957E+00
  4.700651761151E+00  4.730007099017E+00  4.754244367563E+00  4.777998300447E+00
  4.796467237950E+00  4.814450277372E+00  4.827036425746E+00  4.839139480393E+00
  4.845789931555E+00  4.851965150421E+00  4.852687911231E+00  4.852947935529E+00
  4.847809757570E+00  4.842225458012E+00  4.831348276316E+00  4.820045123235E+00
  4.803601303580E+00  4.786754570849E+00  4.764961197244E+00  4.742790230779E+00
  4.715902669930E+00  4.688664454808E+00  4.656969414361E+00  4.624951653077E+00
  4.588759912597E+00  4.552273788507E+00  4.511912739999E+00  4.471285498283E+00
  4.427091605404E+00  4.382659057754E+00  4.334970351041E+00  4.287069421178E+00
  4.236218210559E+00  4.185179704902E+00  4.131485821961E+00  4.077627744340E+00
  4.021392820286E+00  3.965014745371E+00  3.906518255086E+00  3.847897499507E+00
  3.787395490513E+00  3.726786005238E+00  3.664513475172E+00  3.602148418299E+00
  3.538326058875E+00  3.474424747361E+00  3.409270066614E+00  3.344049278564E+00
  3.277790780906E+00  3.211479023312E+00  3.144370041225E+00  3.077221287312E+00
  3.009547143393E+00  2.941847605984E+00  2.873917628098E+00  2.805977039112E+00
  2.738101602222E+00  2.670229634411E+00  2.602703235983E+00  2.535192990699E+00
  2.468294729635E+00  2.401424041767E+00  2.335415681562E+00  2.269445033350E+00
  2.204569301208E+00  2.139740143217E+00  2.076219569837E+00  2.012753185603E+00
  1.950789228332E+00  1.888885868967E+00  1.828658302699E+00  1.768496587706E+00
  1.710163156637E+00  1.651899734045E+00  1.595596054545E+00  1.539365510678E+00
  1.485205213137E+00  1.431120219896E+00  1.379195315249E+00  1.327347000697E+00
  1.277728455544E+00  1.228186981783E+00  1.180925484443E+00  1.133740815204E+00
  1.088867713639E+00  1.044070552626E+00  1.001598943956E+00  9.592018237519E-01
  9.191277739683E-01  8.791262741883E-01  8.414301456738E-01  8.038042180973E-01
  7.684520817783E-01  7.331674593543E-01  7.001125677170E-01  6.671222337792E-01
  6.363065307244E-01  6.055522244845E-01  5.769078681281E-01  5.483216026559E-01
  5.217724777980E-01  4.952780473122E-01  4.707412454343E-01  4.462556998714E-01
  4.236429462022E-01  4.010780127112E-01  3.802970220973E-01  3.595604553032E-01
  3.405162012618E-01  3.215130467777E-01  3.041089310936E-01  2.867426897410E-01
  2.708816031740E-01  2.550552865634E-01  2.406405545160E-01  2.262576259096E-01
  2.131938361301E-01  2.001590337243E-01  1.883527461681E-01  1.765727889584E-01
  1.659331306874E-01  1.553173098265E-01  1.457564602149E-01  1.362171211425E-01
  1.276506946187E-01  1.191036171927E-01  1.114509522431E-01  1.038156375824E-01
  9.700000176750E-02  9.019987553277E-02  8.414859682090E-02  7.811113920541E-02
  7.275567404456E-02  6.741248685498E-02  6.268843512001E-02  5.797525604159E-02
  5.382233237140E-02  4.967900588627E-02  4.604097603582E-02  4.241138957375E-02
  3.923597933067E-02  3.606797215852E-02  3.330675520101E-02  3.055200638740E-02
  2.816027627423E-02  2.577417688479E-02  2.371080724693E-02  2.165232080963E-02
  1.987961681903E-02  1.811113111069E-02  1.659467447743E-02  1.508184686415E-02
  1.379033598124E-02  1.250193391848E-02  1.140702033405E-02  1.031475819707E-02
  9.390880330365E-03  8.469253486137E-03  7.693468386496E-03  6.919585303496E-03
  6.271399243868E-03  5.624812430234E-03  5.086011188861E-03  4.548547812543E-03
  4.103027592074E-03  3.658620732560E-03  3.292220763424E-03  2.926742342091E-03
  2.627080292652E-03  2.328176804195E-03  2.084488158091E-03  1.841420362890E-03
  1.644402915625E-03  1.447890644110E-03  1.289555214601E-03  1.131628377958E-03
  1.005156729691E-03  8.790135299324E-04  7.786243577614E-04  6.784975514588E-04
  5.993212231517E-04  5.203531262198E-04  4.583156829971E-04  3.964424192309E-04
  3.481591471176E-04  3.000044509911E-04  2.626831443456E-04  2.254618384568E-04
  1.968156968528E-04  1.682467845718E-04  1.464167209185E-04  1.246458718735E-04
  1.081318681376E-04  9.166293301580E-05  7.926396326581E-05  6.689903809510E-05
  5.766098827759E-05  4.844845832787E-05  4.161940820082E-05  3.480933789892E-05
  2.980153166891E-05  2.480772821855E-05  2.116554448045E-05  1.753360705530E-05
  1.490684276763E-05  1.228751334958E-05  1.040931752950E-05  8.536470436388E-06
  7.205297578450E-06  5.877939026753E-06  4.942936518371E-06  4.010629781849E-06
  3.359924570537E-06  2.711107198901E-06  2.262511738964E-06  1.815225976193E-06
  1.508939516404E-06  1.203552983530E-06  9.964894628888E-07  7.900382619146E-07
  6.514648206674E-07  5.133038424393E-07  4.215230312402E-07  3.300172157945E-07
  2.698706011997E-07  2.099054113276E-07  1.709159892484E-07  1.320449772691E-07
  1.070504720266E-07  8.213240173478E-08  6.629123757353E-08  5.049885906959E-08
  4.057560998492E-08  3.068314113747E-08  2.454098158275E-08  1.841801360968E-08
  1.466256782966E-08  1.091894387545E-08  8.651458608538E-09  6.391165609437E-09
  5.039603804629E-09  3.692362396824E-09  2.897305649464E-09  2.104810573375E-09
  1.643397580842E-09  1.183483330232E-09  9.193848049784E-10  6.561512319165E-10
  5.071198209804E-10  3.585806461209E-10  2.756962657064E-10  1.930880202060E-10
  1.476735716903E-10  1.024117680784E-10  7.790526424703E-11  5.348187913621E-11
  4.046312488784E-11  2.748893731277E-11  2.068294462935E-11  1.390047248611E-11
  1.040046291139E-11  6.912667121157E-12  5.142870496741E-12  3.379311733516E-12
  2.499728804768E-12  1.623277837681E-12  1.193795839574E-12  7.658591588042E-13
  5.599212511492E-13  3.547322991205E-13  2.578031385322E-13  1.612303788790E-13
  1.164695508648E-13  7.187516697614E-14  5.160482316654E-14  3.141072979087E-14
  2.241305551662E-14  1.344963076618E-14  6.731209231521E-15  1.949121406584E-17
  0.000000000000E+00  0.000000000000E+00  0.000000000000E+00  0.000000000000E+00
  0.000000000000E+00  0.000000000000E+00  0.000000000000E+00  0.000000000000E+00
  0.000000000000E+00  0.000000000000E+00  0.000000000000E+00  0.000000000000E+00
  0.000000000000E+00  0.000000000000E+00  0.000000000000E+00  0.000000000000E+00
  0.000000000000E+00  0.000000000000E+00  0.000000000000E+00  0.000000000000E+00
  0.000000000000E+00  0.000000000000E+00  0.000000000000E+00  0.000000000000E+00
  0.000000000000E+00  0.000000000000E+00  0.000000000000E+00  0.000000000000E+00
  0.000000000000E+00  0.000000000000E+00  0.000000000000E+00  0.000000000000E+00
  0.000000000000E+00  0.000000000000E+00  0.000000000000E+00  0.000000000000E+00
  0.000000000000E+00  0.000000000000E+00  0.000000000000E+00  0.000000000000E+00
  0.000000000000E+00  0.000000000000E+00  0.000000000000E+00  0.000000000000E+00
  0.000000000000E+00  0.000000000000E+00  0.000000000000E+00  0.000000000000E+00
  0.000000000000E+00  0.000000000000E+00  0.000000000000E+00  0.000000000000E+00
  0.000000000000E+00  0.000000000000E+00  0.000000000000E+00  0.000000000000E+00
  0.000000000000E+00  0.000000000000E+00  0.000000000000E+00  0.000000000000E+00
  0.000000000000E+00  0.000000000000E+00  0.000000000000E+00  0.000000000000E+00
  0.000000000000E+00  0.000000000000E+00  0.000000000000E+00  0.000000000000E+00
  0.000000000000E+00  0.000000000000E+00  0.000000000000E+00  0.000000000000E+00
  0.000000000000E+00  0.000000000000E+00  0.000000000000E+00  0.000000000000E+00
  0.000000000000E+00  0.000000000000E+00  0.000000000000E+00  0.000000000000E+00
  0.000000000000E+00  0.000000000000E+00  0.000000000000E+00  0.000000000000E+00
  0.000000000000E+00  0.000000000000E+00  0.000000000000E+00  0.000000000000E+00
  0.000000000000E+00  0.000000000000E+00  0.000000000000E+00  0.000000000000E+00
  0.000000000000E+00  0.000000000000E+00  0.000000000000E+00  0.000000000000E+00
  0.000000000000E+00  0.000000000000E+00  0.000000000000E+00  0.000000000000E+00
  0.000000000000E+00  0.000000000000E+00  0.000000000000E+00  0.000000000000E+00
  0.000000000000E+00
 Pseudo-wave-function follows (l, zelect, rc)
 0  2.000000000000E+00  1.434117653854E+00
  1.434269386338E-05  2.886143950748E-05  4.355839790921E-05  5.843575657069E-05
  7.349572984491E-05  8.874055926530E-05  1.041725138794E-04  1.197938905864E-04
  1.356070144795E-04  1.516142391912E-04  1.678179472444E-04  1.842205504065E-04
  2.008244900486E-04  2.176322375087E-04  2.346462944600E-04  2.518691932824E-04
  2.693034974404E-04  2.869518018637E-04  3.048167333343E-04  3.229009508769E-04
  3.412071461549E-04  3.597380438708E-04  3.784964021721E-04  3.974850130615E-04
  4.167067028129E-04  4.361643323913E-04  4.558607978795E-04  4.757990309085E-04
  4.959819990943E-04  5.164127064791E-04  5.370941939790E-04  5.580295398363E-04
  5.792218600774E-04  6.006743089773E-04  6.223900795285E-04  6.443724039162E-04
  6.666245539999E-04  6.891498418000E-04  7.119516199908E-04  7.350332823996E-04
  7.583982645117E-04  7.820500439819E-04  8.059921411522E-04  8.302281195753E-04
  8.547615865457E-04  8.795961936359E-04  9.047356372405E-04  9.301836591258E-04
  9.559440469874E-04  9.820206350132E-04  1.008417304455E-03  1.035137984205E-03
  1.062186651382E-03  1.089567331922E-03  1.117284101178E-03  1.145341084528E-03
  1.173795230154E-03  1.202544626265E-03  1.231643888578E-03  1.261096717576E-03
  1.290906547912E-03  1.321076545542E-03  1.351635886894E-03  1.382595204511E-03
  1.413933567254E-03  1.445653470683E-03  1.477757136607E-03  1.510246506077E-03
  1.543123231628E-03  1.576388668800E-03  1.610043866922E-03  1.644094108047E-03
  1.678679596200E-03  1.713670809678E-03  1.749068070690E-03  1.784871362037E-03
  1.821080314330E-03  1.857694192517E-03  1.894924012745E-03  1.932575327951E-03
  1.970645366420E-03  2.009132529611E-03  2.048035774451E-03  2.087622428242E-03
  2.127639088409E-03  2.168083213014E-03  2.208951801954E-03  2.250429503234E-03
  2.292475171301E-03  2.334956622136E-03  2.377869765493E-03  2.421410623792E-03
  2.465564379554E-03  2.510159996814E-03  2.555192172566E-03  2.600977782306E-03
  2.647315067315E-03  2.694097781407E-03  2.741402532302E-03  2.789541016595E-03
  2.838133141629E-03  2.887171427851E-03  2.937047311671E-03  2.987508032766E-03
  3.038421531255E-03  3.090047180877E-03  3.142435997438E-03  3.195283366082E-03
  3.248757905379E-03  3.303134615729E-03  3.357974733417E-03  3.413401073761E-03
  3.469825743545E-03  3.526717669437E-03  3.584202803912E-03  3.642735718856E-03
  3.701738635811E-03  3.761393935423E-03  3.822095538725E-03  3.883268681109E-03
  3.945210194908E-03  4.008141009327E-03  4.071543575155E-03  4.135892335994E-03
  4.201112870472E-03  4.266803917670E-03  4.333686255140E-03  4.401256895644E-03
  4.469345197806E-03  4.538843084019E-03  4.608823968113E-03  4.679646715313E-03
  4.751619258757E-03  4.824070133267E-03  4.897768228932E-03  4.972276565969E-03
  5.047359872324E-03  5.123977449568E-03  5.201082165250E-03  5.279264916410E-03
  5.358547643748E-03  5.438308587446E-03  5.519748475700E-03  5.601757626630E-03
  5.684782192498E-03  5.769095835460E-03  5.853891729910E-03  5.940424271383E-03
  6.027597970825E-03  6.115846277625E-03  6.205457162697E-03  6.295551483213E-03
  6.387576428059E-03  6.480184470745E-03  6.574065348943E-03  6.669249761776E-03
  6.765036037037E-03  6.862860980534E-03  6.961182946170E-03  7.061134391721E-03
  7.162178676517E-03  7.264188973812E-03  7.368023270917E-03  7.472348564443E-03
  7.578840139961E-03  7.686040735287E-03  7.794755600844E-03  7.904902907196E-03
  8.015898955699E-03  8.129066121486E-03  8.242729526197E-03  8.358664528608E-03
  8.475438828949E-03  8.593835470592E-03  8.713797818785E-03  8.834719565188E-03
  8.957948998653E-03  9.081674488982E-03  9.208038280731E-03  9.335127953377E-03
  9.464215075240E-03  9.594752274963E-03  9.726632381166E-03  9.860702494007E-03
  9.995446878970E-03  1.013313738344E-02  1.027133317023E-02  1.041221954481E-02
  1.055414172774E-02  1.069811550634E-02  1.084385630750E-02  1.099099582324E-02
  1.114064972811E-02  1.129103518023E-02  1.144469899405E-02  1.159886911448E-02
  1.175618540198E-02  1.191448105147E-02  1.207529464930E-02  1.223781784942E-02
  1.240221694540E-02  1.256907222482E-02  1.273714712535E-02  1.290844158197E-02
  1.308028476625E-02  1.325612813089E-02  1.343248458562E-02  1.361233900789E-02
  1.379337343535E-02  1.397728639900E-02  1.416311440033E-02  1.435118766629E-02
  1.454192768577E-02  1.473426547716E-02  1.493003887238E-02  1.512674793662E-02
  1.532767905036E-02  1.552911616249E-02  1.573508495658E-02  1.594182368350E-02
  1.615249911498E-02  1.636467039632E-02  1.658016998024E-02  1.679790797676E-02
  1.701835208500E-02  1.724179425774E-02  1.746730619036E-02  1.769659338179E-02
  1.792729944009E-02  1.816257595710E-02  1.839860551845E-02  1.864001921738E-02
  1.888194559644E-02  1.912920718540E-02  1.937743892842E-02  1.963043084046E-02
  1.988512357421E-02  2.014398828978E-02  2.040530146776E-02  2.067018494397E-02
  2.093828194000E-02  2.120933369666E-02  2.148438190074E-02  2.176175510831E-02
  2.204392602471E-02  2.232777759442E-02  2.261724694213E-02  2.290773761816E-02
  2.320468543363E-02  2.350214145269E-02  2.380659062988E-02  2.411172618023E-02
  2.442332021579E-02  2.473632469203E-02  2.505524063956E-02  2.537630808656E-02
  2.570272732662E-02  2.603205655249E-02  2.636616489851E-02  2.670395959024E-02
  2.704594739689E-02  2.739241623865E-02  2.774247851276E-02  2.809783530699E-02
  2.845617182096E-02  2.882063561218E-02  2.918745102012E-02  2.956124622165E-02
  2.993675017811E-02  3.032010670166E-02  3.070451398311E-02  3.109766737137E-02
  3.149133009225E-02  3.189438956269E-02  3.229810709456E-02  3.271074588603E-02
  3.312476584583E-02  3.354722050208E-02  3.397179656303E-02  3.440430939970E-02
  3.483970143645E-02  3.528252068012E-02  3.572899491709E-02  3.618237484735E-02
  3.664020401044E-02  3.710440510521E-02  3.757386857676E-02  3.804915766075E-02
  3.853054163802E-02  3.901719203450E-02  3.951078969145E-02  4.000908137737E-02
  4.051519303006E-02  4.102541279447E-02  4.154434606996E-02  4.206678767590E-02
  4.259885768471E-02  4.313382203462E-02  4.367935154690E-02  4.422714685144E-02
  4.478646647675E-02  4.534740842727E-02  4.592085679813E-02  4.649526874275E-02
  4.708319270193E-02  4.767162925614E-02  4.827416061680E-02  4.887744464909E-02
  4.949446358749E-02  5.011295933044E-02  5.074482166074E-02  5.137890215002E-02
  5.202597227873E-02  5.267601955585E-02  5.333867068031E-02  5.400507599918E-02
  5.468369030988E-02  5.536685434728E-02  5.606182323401E-02  5.676215630396E-02
  5.747388056578E-02  5.819180283778E-02  5.892069289693E-02  5.965663461813E-02
  6.040311073769E-02  6.115751245885E-02  6.192200496433E-02  6.269531776968E-02
  6.347826727432E-02  6.427095301517E-02  6.507281064912E-02  6.588534218125E-02
  6.670656982447E-02  6.753943124919E-02  6.838050176798E-02  6.923418867679E-02
  7.009558616404E-02  7.097060588682E-02  7.185282590576E-02  7.274969776243E-02
  7.365324759383E-02  7.457250314919E-02  7.549790204195E-02  7.644008536382E-02
  7.738786478874E-02  7.835353270897E-02  7.932423661567E-02  8.031395899404E-02
  8.130814407071E-02  8.232250406144E-02  8.334073999737E-02  8.438033431795E-02
  8.542320406863E-02  8.648864327080E-02  8.755674332518E-02  8.864865206779E-02
  8.974259271765E-02  9.086161004092E-02  9.198201565194E-02  9.312879525293E-02
  9.427630453716E-02  9.545151504594E-02  9.662723990366E-02  9.783110659141E-02
  9.903596226696E-02  1.002689374406E-01  1.015036235780E-01  1.027664060743E-01
  1.040316380804E-01  1.053249424513E-01  1.066214517695E-01  1.079460085534E-01
  1.092745429353E-01  1.106310989269E-01  1.119924227016E-01  1.133817412183E-01
  1.147766355577E-01  1.161994967027E-01  1.176287598829E-01  1.190859608034E-01
  1.205504084603E-01  1.220427636010E-01  1.235432289798E-01  1.250715703293E-01
  1.266089045269E-01  1.281740818564E-01  1.297491540546E-01  1.313520351482E-01
  1.329657328370E-01  1.346072037120E-01  1.362604329019E-01  1.379413980167E-01
  1.396350834374E-01  1.413564658870E-01  1.430915511718E-01  1.448542928680E-01
  1.466317407215E-01  1.484368025563E-01  1.502575949034E-01  1.521059568939E-01
  1.539710950085E-01  1.558637564202E-01  1.577742610298E-01  1.597122404773E-01
  1.616691518429E-01  1.636534873641E-01  1.656578653306E-01  1.676896144318E-01
  1.697425384477E-01  1.718227781176E-01  1.739253472191E-01  1.760551739068E-01
  1.782085066636E-01  1.803890362185E-01  1.825942706374E-01  1.848266382056E-01
  1.870849315876E-01  1.893702914621E-01  1.916828202074E-01  1.940223456263E-01
  1.963903049848E-01  1.987851878731E-01  2.012097916316E-01  2.036612422809E-01
  2.061437223841E-01  2.086529690647E-01  2.111945751621E-01  2.137628636605E-01
  2.163648625727E-01  2.189934556483E-01  2.216571307447E-01  2.243473074977E-01
  2.270739579786E-01  2.298270131208E-01  2.326179531940E-01  2.354351962138E-01
  2.382917541565E-01  2.411745083686E-01  2.440980254635E-01  2.470476269327E-01
  2.500394562681E-01  2.530572525948E-01  2.561187577149E-01  2.592061066713E-01
  2.623386600637E-01  2.654969280657E-01  2.687019094715E-01  2.719324698719E-01
  2.752112644017E-01  2.785154955885E-01  2.818694916261E-01  2.852487749078E-01
  2.886793617836E-01  2.921350790417E-01  2.956436444529E-01  2.991771755408E-01
  3.027651026958E-01  3.063778225596E-01  3.100464870211E-01  3.137397625178E-01
  3.174905287151E-01  3.212657150984E-01  3.250999324796E-01  3.289583695224E-01
  3.328773683108E-01  3.368203760308E-01  3.408254625482E-01  3.448543364974E-01
  3.489467880124E-01  3.530627940886E-01  3.572438531445E-01  3.614482218796E-01
  3.657190900491E-01  3.700130103216E-01  3.743748413342E-01  3.787594534493E-01
  3.832133456268E-01  3.876897337015E-01  3.922367216335E-01  3.968059052172E-01
  4.014469505988E-01  4.061098754515E-01  4.108458569986E-01  4.156033849407E-01
  4.204350872884E-01  4.252879850283E-01  4.302160865062E-01  4.351650133387E-01
  4.401900725083E-01  4.452355667681E-01  4.503580075928E-01  4.555004717326E-01
  4.607205672371E-01  4.659602513880E-01  4.712781056498E-01  4.766150895053E-01
  4.820306178045E-01  4.874647906530E-01  4.929776975882E-01  4.985087363020E-01
  5.041184916619E-01  5.097458364321E-01  5.154516485922E-01  5.211744761787E-01
  5.269752627721E-01  5.327924570154E-01  5.386868126049E-01  5.445969319296E-01
  5.505830923869E-01  5.565843340012E-01  5.626601372785E-01  5.687502977559E-01
  5.749131407156E-01  5.810895726254E-01  5.873363635771E-01  5.935959278141E-01
  5.999230343962E-01  6.062620478492E-01  6.126652398844E-01  6.190794180761E-01
  6.255538050354E-01  6.320381993719E-01  6.385781620945E-01  6.451270913761E-01
  6.517262077232E-01  6.583331836027E-01  6.649841477739E-01  6.716417938988E-01
  6.783363292179E-01  6.850362938728E-01  6.917650589581E-01  6.984979211369E-01
  7.052504095237E-01  7.120055785133E-01  7.187700119952E-01  7.255356207571E-01
  7.322988369751E-01  7.390616298746E-01  7.458089650142E-01  7.525541807844E-01
  7.592693486557E-01  7.659805999000E-01  7.726455691883E-01  7.793047202426E-01
  7.858995923324E-01  7.924866379275E-01  7.989895284398E-01  8.054824763448E-01
  8.118694043858E-01  8.182441660736E-01  8.244889561775E-01  8.307192505418E-01
  8.367934533967E-01  8.428507296516E-01  8.487235689025E-01  8.545769560027E-01
  8.602153097038E-01  8.658316008915E-01  8.712000274722E-01  8.765437098380E-01
  8.816045296811E-01  8.866378698449E-01  8.913513146341E-01  8.960345126868E-01
  9.003589554378E-01  9.046503800057E-01  9.085426589443E-01  9.123991764513E-01
  9.158150254492E-01  9.191924361459E-01  9.220870329972E-01  9.249406248383E-01
  9.272692659833E-01  9.295544946930E-01  9.312734007905E-01  9.329467001742E-01
  9.340139509133E-01  9.350336713944E-01  9.354102599359E-01  9.357377252256E-01
  9.353887125707E-01  9.349893742342E-01  9.338851117389E-01  9.327297693155E-01
  9.308471438241E-01  9.289131844256E-01  9.262368257514E-01  9.235094223769E-01
  9.200327981160E-01  9.165059913077E-01  9.122323006797E-01  9.079098750528E-01
  9.028526434735E-01  8.977487009438E-01  8.919319726421E-01  8.860711001547E-01
  8.795291300599E-01  8.729460639856E-01  8.657224255121E-01  8.584611308169E-01
  8.506071868567E-01  8.427193004650E-01  8.342920356825E-01  8.258346749761E-01
  8.168939648811E-01  8.079269805649E-01  7.985324861560E-01  7.891153531955E-01
  7.793233927689E-01  7.695120974515E-01  7.593730787792E-01  7.492175936604E-01
  7.387749161016E-01  7.283181837545E-01  7.176097104576E-01  7.068892385320E-01
  6.959510019018E-01  6.850026584663E-01  6.738711254650E-01  6.627313164962E-01
  6.514427437020E-01  6.401476329029E-01  6.287380552502E-01  6.173235893973E-01
  6.058286626674E-01  5.943304061458E-01  5.827852446094E-01  5.712382177303E-01
  5.596772362489E-01  5.481157579985E-01  5.365725192245E-01  5.250300550823E-01
  5.135371224026E-01  5.020461378740E-01  4.906349347742E-01  4.792267553153E-01
  4.679274318861E-01  4.566321099444E-01  4.454734173217E-01  4.343196072852E-01
  4.233287808867E-01  4.123436228064E-01  4.015462753049E-01  3.907552883331E-01
  3.801753133708E-01  3.696022999190E-01  3.592617876016E-01  3.489287492593E-01
  3.388479144712E-01  3.287749807239E-01  3.189721052509E-01  3.091774759811E-01
  2.996688653151E-01  2.901687679594E-01  2.809687234883E-01  2.717773855461E-01
  2.628981925980E-01  2.540278299577E-01  2.454797618910E-01  2.369405831595E-01
  2.287319213759E-01  2.205321480818E-01  2.126692175128E-01  2.048151197311E-01
  1.973023390254E-01  1.897982856482E-01  1.826382309933E-01  1.754867535765E-01
  1.686802348304E-01  1.618821036951E-01  1.554282513063E-01  1.489825623742E-01
  1.428789234305E-01  1.367831941366E-01  1.310258358104E-01  1.252761083686E-01
  1.198597270206E-01  1.144506773079E-01  1.093687115624E-01  1.042937619439E-01
  9.953850815447E-02  9.478994267360E-02  9.035267134170E-02  8.592175184806E-02
  8.179282373965E-02  7.766990570409E-02  7.383888660216E-02  7.001353356586E-02
  6.646930680448E-02  6.293040261220E-02  5.966127873432E-02  5.639713689949E-02
  5.339095996125E-02  5.038942968929E-02  4.763367988371E-02  4.488224842918E-02
  4.236414081439E-02  3.985003195865E-02  3.755661114446E-02  3.526687964828E-02
  3.318511031983E-02  3.110673222913E-02  2.922358537111E-02  2.734354403839E-02
  2.564607867733E-02  2.395144631492E-02  2.242688653159E-02  2.090490104709E-02
  1.954070794087E-02  1.817884473528E-02  1.696278296084E-02  1.574882130843E-02
  1.466901976401E-02  1.359110335273E-02  1.263610958813E-02  1.168280078825E-02
  1.084162872304E-02  1.000195617473E-02  9.264126774189E-03  8.527625942189E-03
  7.883200586561E-03  7.239947018379E-03  6.679553414088E-03  6.120188551242E-03
  5.635039162943E-03  5.150788685027E-03  4.732691805661E-03  4.315376625244E-03
  3.956740339692E-03  3.598780504132E-03  3.292609932489E-03  2.987021818977E-03
  2.726910141871E-03  2.467297448044E-03  2.247411313935E-03  2.027950443622E-03
  1.843010433625E-03  1.658430952587E-03  1.503687830438E-03  1.349248718779E-03
  1.220456221994E-03  1.091918678148E-03  9.853036120814E-04  8.789011687899E-04
  7.911315501703E-04  7.035382476102E-04  6.316902105745E-04  5.599875382451E-04
  5.015116670433E-04  4.431549371401E-04  3.958426286098E-04  3.486273826135E-04
  3.105777715612E-04  2.726067518909E-04  2.421946568392E-04  2.118457998550E-04
  1.876910682185E-04  1.635868965972E-04  1.445254499537E-04  1.255041642143E-04
  1.105609683225E-04  9.564946141202E-05  8.401357396824E-05  7.240252131263E-05
  6.340430472494E-05  5.442541658094E-05  4.751594442871E-05  4.062140889722E-05
  3.535404400688E-05  3.009813845505E-05  2.611221805012E-05  2.213502432417E-05
  1.914155355389E-05  1.615467830349E-05  1.392390738201E-05  1.169808282067E-05
  1.004882453839E-05  8.403246553305E-06  7.193779382864E-06  5.987028413793E-06
  5.107425022076E-06  4.229809747824E-06  3.595530552696E-06  2.962694269366E-06
  2.509289819672E-06  2.056923542190E-06  1.735697033565E-06  1.415210884318E-06
  1.189702171710E-06  9.647166599882E-07  8.078808824653E-07  6.514114190178E-07
  5.433780937469E-07  4.355988083448E-07  3.619103628509E-07  2.883963848338E-07
  2.386380730759E-07  1.889983900380E-07  1.557439813202E-07  1.225694131672E-07
  1.005786607927E-07  7.864108354259E-08  6.425557536028E-08  4.990510478409E-08
  4.059855720623E-08  3.131484395380E-08  2.536218199751E-08  1.942423481520E-08
  1.566091716352E-08  1.190697321795E-08  9.556029811339E-09  7.210987584910E-09
  5.760224801778E-09  4.313132393741E-09  3.429032092712E-09  2.547186533516E-09
  2.015296506252E-09  1.484774100160E-09  1.168968892348E-09  8.539824873270E-10
  6.689920354349E-10  4.844853134207E-10  3.776134268760E-10  2.710234379155E-10
  2.101520409659E-10  1.494426347671E-10  1.152726044412E-10  8.119433375960E-11
  6.229689122758E-11  4.345066651582E-11  3.315818067518E-11  2.289385577592E-11
  1.737486989352E-11  1.187112892268E-11  8.959056190544E-12  6.055108104164E-12
  3.032233505061E-12  8.996507094758E-15  0.000000000000E+00  0.000000000000E+00
  0.000000000000E+00  0.000000000000E+00  0.000000000000E+00  0.000000000000E+00
  0.000000000000E+00  0.000000000000E+00  0.000000000000E+00  0.000000000000E+00
  0.000000000000E+00  0.000000000000E+00  0.000000000000E+00  0.000000000000E+00
  0.000000000000E+00  0.000000000000E+00  0.000000000000E+00  0.000000000000E+00
  0.000000000000E+00  0.000000000000E+00  0.000000000000E+00  0.000000000000E+00
  0.000000000000E+00  0.000000000000E+00  0.000000000000E+00  0.000000000000E+00
  0.000000000000E+00  0.000000000000E+00  0.000000000000E+00  0.000000000000E+00
  0.000000000000E+00  0.000000000000E+00  0.000000000000E+00  0.000000000000E+00
  0.000000000000E+00  0.000000000000E+00  0.000000000000E+00  0.000000000000E+00
  0.000000000000E+00  0.000000000000E+00  0.000000000000E+00  0.000000000000E+00
  0.000000000000E+00  0.000000000000E+00  0.000000000000E+00  0.000000000000E+00
  0.000000000000E+00  0.000000000000E+00  0.000000000000E+00  0.000000000000E+00
  0.000000000000E+00  0.000000000000E+00  0.000000000000E+00  0.000000000000E+00
  0.000000000000E+00  0.000000000000E+00  0.000000000000E+00  0.000000000000E+00
  0.000000000000E+00  0.000000000000E+00  0.000000000000E+00  0.000000000000E+00
  0.000000000000E+00  0.000000000000E+00  0.000000000000E+00  0.000000000000E+00
  0.000000000000E+00  0.000000000000E+00  0.000000000000E+00  0.000000000000E+00
  0.000000000000E+00  0.000000000000E+00  0.000000000000E+00  0.000000000000E+00
  0.000000000000E+00  0.000000000000E+00  0.000000000000E+00  0.000000000000E+00
  0.000000000000E+00  0.000000000000E+00  0.000000000000E+00  0.000000000000E+00
  0.000000000000E+00  0.000000000000E+00  0.000000000000E+00  0.000000000000E+00
  0.000000000000E+00  0.000000000000E+00  0.000000000000E+00  0.000000000000E+00
  0.000000000000E+00  0.000000000000E+00  0.000000000000E+00  0.000000000000E+00
  0.000000000000E+00  0.000000000000E+00  0.000000000000E+00  0.000000000000E+00
  0.000000000000E+00  0.000000000000E+00  0.000000000000E+00  0.000000000000E+00
  0.000000000000E+00  0.000000000000E+00  0.000000000000E+00  0.000000000000E+00
  0.000000000000E+00
 Pseudo-wave-function follows (l, zelect, rc)
 1  4.000000000000E+00  1.434117653854E+00
  4.215680413248E-10  1.707034109967E-09  3.888212734397E-09  6.997832854377E-09
  1.106956198535E-08  1.613803099905E-08  2.223885953585E-08  2.940868206459E-08
  3.768517460621E-08  4.710708213780E-08  5.771424669414E-08  6.954763618413E-08
  8.264937394018E-08  9.706276901876E-08  1.128323472710E-07  1.300038832027E-07
  1.486244326434E-07  1.687423662445E-07  1.904074038284E-07  2.136706496076E-07
  2.385846282986E-07  2.652033221499E-07  2.935822089097E-07  3.237783007544E-07
  3.558501842038E-07  3.898580610470E-07  4.258637903033E-07  4.639309312462E-07
  5.041247875146E-07  5.465124523401E-07  5.911628549175E-07  6.381468079474E-07
  6.875370563798E-07  7.394083273895E-07  7.938373816124E-07  8.509030656764E-07
  9.106863660578E-07  9.732704642959E-07  1.038740793601E-06  1.107185096891E-06
  1.178693486288E-06  1.253358504117E-06  1.331275185445E-06  1.412541122185E-06
  1.497256528828E-06  1.585524309819E-06  1.677450128637E-06  1.773142478608E-06
  1.872712755504E-06  1.976275331965E-06  2.083947633793E-06  2.195850218170E-06
  2.312106853836E-06  2.432844603280E-06  2.558193907009E-06  2.688288669918E-06
  2.823776729528E-06  2.963785106017E-06  3.108931542870E-06  3.259355888221E-06
  3.415197796002E-06  3.576596296810E-06  3.743980910298E-06  3.917600881972E-06
  4.097349263977E-06  4.283374193539E-06  4.475821927407E-06  4.674836259302E-06
  4.880557881695E-06  5.093123687835E-06  5.312666009647E-06  5.539373107527E-06
  5.775301250998E-06  6.018877366445E-06  6.270234470872E-06  6.529498176641E-06
  6.796785577564E-06  7.072204040075E-06  7.359160353179E-06  7.654898389761E-06
  7.959502871585E-06  8.273069672804E-06  8.595696573718E-06  8.932091756775E-06
  9.278231204458E-06  9.634192110365E-06  1.000003307192E-05  1.037927460922E-05
  1.077148456395E-05  1.117438886895E-05  1.158801296729E-05  1.201635233591E-05
  1.245947611066E-05  1.291416127740E-05  1.338038705436E-05  1.386501642495E-05
  1.436418317783E-05  1.487574605477E-05  1.540149522373E-05  1.594879981218E-05
  1.650938704482E-05  1.708313782182E-05  1.767956033461E-05  1.829310197391E-05
  1.892067807835E-05  1.956889738004E-05  2.023957551598E-05  2.092517292878E-05
  2.163018481380E-05  2.236244200157E-05  2.311050950505E-05  2.387779766311E-05
  2.467634426570E-05  2.549158897877E-05  2.632717408284E-05  2.719699421619E-05
  2.808438543816E-05  2.899487914962E-05  2.994123486237E-05  3.090600581559E-05
  3.189867021077E-05  3.292710346851E-05  3.397475046241E-05  3.505756343522E-05
  3.617389540846E-05  3.731017387097E-05  3.849190112195E-05  3.970222819644E-05
  4.093497688783E-05  4.222341921503E-05  4.353410505111E-05  4.488048369149E-05
  4.627531435045E-05  4.769297721382E-05  4.916407993394E-05  5.067230961764E-05
  5.220807976220E-05  5.381182668952E-05  5.544071805358E-05  5.711985408644E-05
  5.885146099785E-05  6.060850269766E-05  6.244505821632E-05  6.431245930726E-05
  6.623099299000E-05  6.821476057211E-05  7.022609587368E-05  7.232568345150E-05
  7.446192475560E-05  7.665602623698E-05  7.892395188277E-05  8.122146421552E-05
  8.362387538584E-05  8.606259427585E-05  8.857398659102E-05  9.116155319978E-05
  9.378719993014E-05  9.653165192180E-05  9.931005339277E-05  1.021868760600E-04
  1.051333269523E-04  1.081419199106E-04  1.112654712412E-04  1.144245861519E-04
  1.177223935567E-04  1.210710048706E-04  1.245208068643E-04  1.280690958893E-04
  1.316782703537E-04  1.354369449302E-04  1.392352876700E-04  1.431935532623E-04
  1.472167453530E-04  1.513588837631E-04  1.556189561394E-04  1.599539092842E-04
  1.644635138385E-04  1.690165564071E-04  1.737731045156E-04  1.785925098115E-04
  1.835715614012E-04  1.886715272201E-04  1.938839225451E-04  1.992793781198E-04
  2.047364913532E-04  2.104431344147E-04  2.162000973303E-04  2.221912358509E-04
  2.282799474374E-04  2.345535587103E-04  2.409916113046E-04  2.475614879372E-04
  2.543673779107E-04  2.612479928694E-04  2.684411663653E-04  2.756910459628E-04
  2.832486077158E-04  2.909108021787E-04  2.988271308374E-04  3.069234029164E-04
  3.152160526123E-04  3.237692807773E-04  3.324566726091E-04  3.414909074128E-04
  3.505923724856E-04  3.601328957498E-04  3.697401647309E-04  3.797421073133E-04
  3.898876184779E-04  4.003677649013E-04  4.110797691917E-04  4.220615708746E-04
  4.333697634081E-04  4.448778313413E-04  4.568134242245E-04  4.688735865264E-04
  4.814693853064E-04  4.941402152652E-04  5.073992315662E-04  5.207708774353E-04
  5.346676468423E-04  5.487767085363E-04  5.633425689240E-04  5.782275122498E-04
  5.934953522856E-04  6.091966028242E-04  6.252009389078E-04  6.417609805736E-04
  6.585380375864E-04  6.760015160937E-04  6.935893121435E-04  7.120031436217E-04
  7.305097019721E-04  7.498550639916E-04  7.693688192103E-04  7.896509576530E-04
  8.102241600515E-04  8.314892082484E-04  8.531767616893E-04  8.754731372652E-04
  8.983327322347E-04  9.217112503039E-04  9.458035035819E-04  9.703174955295E-04
  9.957060967812E-04  1.021411534901E-03  1.048163400525E-03  1.075119028799E-03
  1.103304463388E-03  1.131603024126E-03  1.161264800486E-03  1.191080085621E-03
  1.222186715259E-03  1.253596872201E-03  1.286219637102E-03  1.319306764545E-03
  1.353520475622E-03  1.388370820790E-03  1.424253992305E-03  1.460958157903E-03
  1.498593190458E-03  1.537246351798E-03  1.576719724276E-03  1.617421857064E-03
  1.658824327970E-03  1.701680447268E-03  1.745107265909E-03  1.790227676797E-03
  1.835778804785E-03  1.883279365289E-03  1.931059708834E-03  1.981062105693E-03
  2.031215793255E-03  2.083813797119E-03  2.136609565932E-03  2.191784203612E-03
  2.247357013179E-03  2.305235540096E-03  2.363727127871E-03  2.424443086756E-03
  2.486002303529E-03  2.549695833188E-03  2.614478994706E-03  2.681297153704E-03
  2.749468409296E-03  2.819565515246E-03  2.891297234221E-03  2.964835219408E-03
  3.040308396051E-03  3.117457180145E-03  3.196861858167E-03  3.277799738798E-03
  3.361335456113E-03  3.446249518144E-03  3.534125772904E-03  3.623212317230E-03
  3.715649056074E-03  3.809114048850E-03  3.906342178352E-03  4.004401721558E-03
  4.106663643916E-03  4.209544468209E-03  4.317094642237E-03  4.425034623096E-03
  4.538140151629E-03  4.651475784106E-03  4.770330094664E-03  4.889520235227E-03
  5.014220547711E-03  5.139560554228E-03  5.270395006926E-03  5.402194869427E-03
  5.539465713096E-03  5.678050761228E-03  5.822075037833E-03  5.967786680947E-03
  6.118896933661E-03  6.272093434885E-03  6.430638450657E-03  6.591695736322E-03
  6.758041322338E-03  6.927353828198E-03  7.101883623602E-03  7.279865179281E-03
  7.462981503562E-03  7.650066256733E-03  7.842190996211E-03  8.038834378018E-03
  8.240409911899E-03  8.447089645173E-03  8.658579812672E-03  8.875796964511E-03
  9.097688074566E-03  9.325968154882E-03  9.558770039998E-03  9.798664147629E-03
  1.004291126343E-02  1.029499728145E-02  1.055124985353E-02  1.081613369537E-02
  1.108497891495E-02  1.136329582297E-02  1.164534909311E-02  1.193776499121E-02
  1.223367122496E-02  1.254088412684E-02  1.285131909905E-02  1.317406057368E-02
  1.349973232794E-02  1.383876902370E-02  1.418041933593E-02  1.453655456496E-02
  1.489496046509E-02  1.526903584912E-02  1.564501120228E-02  1.603790838133E-02
  1.643230552979E-02  1.684494793479E-02  1.725865940196E-02  1.769201409242E-02
  1.812597434990E-02  1.858105391740E-02  1.903659800925E-02  1.951410575428E-02
  1.999247127062E-02  2.049330316184E-02  2.099560167993E-02  2.152087897840E-02
  2.204827379676E-02  2.259916951985E-02  2.315287783045E-02  2.373061890988E-02
  2.431191403661E-02  2.491778354134E-02  2.552799724380E-02  2.616333666664E-02
  2.680386150791E-02  2.747007311453E-02  2.814236489091E-02  2.884091412897E-02
  2.954649435931E-02  3.027891232527E-02  3.101937079657E-02  3.178725675678E-02
  3.256425412223E-02  3.336927808421E-02  3.418454850887E-02  3.502845383779E-02
  3.588380768616E-02  3.676841376081E-02  3.766574031947E-02  3.859294522053E-02
  3.953421544795E-02  4.050599867048E-02  4.149326796467E-02  4.251169314545E-02
  4.354710411866E-02  4.461432176711E-02  4.570010701524E-02  4.681835723568E-02
  4.795684208815E-02  4.912845727866E-02  5.032206251261E-02  5.154947002421E-02
  5.280071452462E-02  5.408643926210E-02  5.539794260692E-02  5.674460955023E-02
  5.811909449720E-02  5.952943111957E-02  6.096972596806E-02  6.244656452422E-02
  6.395560532266E-02  6.550188497704E-02  6.708271754256E-02  6.870148630419E-02
  7.035726801750E-02  7.205168444401E-02  7.378568577829E-02  7.555902040761E-02
  7.737462614540E-02  7.923026260880E-02  8.113097269627E-02  8.307240846182E-02
  8.506183844398E-02  8.709268513354E-02  8.917456610846E-02  9.129854932613E-02
  9.347672734967E-02  9.569768595278E-02  9.797612081873E-02  1.002980055559E-01
  1.026807688690E-01  1.051076403029E-01  1.075989127547E-01  1.101349383782E-01
  1.127390061269E-01  1.153884565750E-01  1.181097066224E-01  1.208769508715E-01
  1.237198653200E-01  1.266093647585E-01  1.295785138222E-01  1.325948150653E-01
  1.356948486986E-01  1.388425750117E-01  1.420782130078E-01  1.453620541905E-01
  1.487380745927E-01  1.521627751671E-01  1.556840008229E-01  1.592543463559E-01
  1.629256294345E-01  1.666464308156E-01  1.704726350971E-01  1.743487105808E-01
  1.783346913149E-01  1.823708461266E-01  1.865214272491E-01  1.907224305437E-01
  1.950423790276E-01  1.994129379799E-01  2.039069350935E-01  2.084516658934E-01
  2.131242751260E-01  2.178476706428E-01  2.227033020592E-01  2.276096959377E-01
  2.326525667176E-01  2.377460936665E-01  2.429801845879E-01  2.482647366219E-01
  2.536937442540E-01  2.591729226607E-01  2.648002070416E-01  2.704772698532E-01
  2.763057974467E-01  2.821836022163E-01  2.882158839665E-01  2.942968256739E-01
  3.005348500086E-01  3.068207939555E-01  3.132659546363E-01  3.197581642348E-01
  3.264111830043E-01  3.331102424200E-01  3.399710864683E-01  3.468768181508E-01
  3.539446125068E-01  3.610559897224E-01  3.683289247795E-01  3.756439793695E-01
  3.831192138736E-01  3.906349395791E-01  3.983084995531E-01  4.060207513935E-01
  4.138874256354E-01  4.217908159939E-01  4.298440489764E-01  4.379318412352E-01
  4.461636244512E-01  4.544276252358E-01  4.628283882749E-01  4.712588396099E-01
  4.798173425208E-01  4.884028154651E-01  4.971060442497E-01  5.058333358745E-01
  5.146664032785E-01  5.235204391622E-01  5.324664932594E-01  5.414302380097E-01
  5.504703814261E-01  5.595247600817E-01  5.686379830591E-01  5.777618165729E-01
  5.869249474172E-01  5.960949057652E-01  6.052825825526E-01  6.144731593321E-01
  6.236578270399E-01  6.328413397052E-01  6.419932771646E-01  6.511398972734E-01
  6.602272784991E-01  6.693050964853E-01  6.782940909817E-01  6.872692200047E-01
  6.961241365572E-01  7.049608598732E-01  7.136443380701E-01  7.223053040950E-01
  7.307785573628E-01  7.392250261147E-01  7.474481393440E-01  7.556402832382E-01
  7.635725671121E-01  7.714698280976E-01  7.790702309719E-01  7.866317347275E-01
  7.938593113451E-01  8.010443376735E-01  8.078587721154E-01  8.146272787901E-01
  8.209894568832E-01  8.273026520192E-01  8.331752759705E-01  8.389962315456E-01
  8.443444669062E-01  8.496387634048E-01  8.544309056590E-01  8.591672950274E-01
  8.633754402673E-01  8.675265115608E-01  8.711272129649E-01  8.746700423695E-01
  8.776449317171E-01  8.805616961864E-01  8.828980475693E-01  8.851765793064E-01
  8.868677907299E-01  8.885020483352E-01  8.895480161990E-01  8.905384476689E-01
  8.909458093489E-01  8.912995824031E-01  8.910818034320E-01  8.908128799890E-01
  8.899901647595E-01  8.891191988500E-01  8.877182073506E-01  8.862722493927E-01
  8.843256072352E-01  8.823376023638E-01  8.798831971997E-01  8.773912711922E-01
  8.744713354657E-01  8.715178686510E-01  8.681778564283E-01  8.648083537419E-01
  8.610956280790E-01  8.573574021269E-01  8.533197591913E-01  8.492604529222E-01
  8.449445201307E-01  8.406105067576E-01  8.360600649739E-01  8.314947755857E-01
  8.267490705445E-01  8.219913150135E-01  8.170834412141E-01  8.121658061489E-01
  8.071212678596E-01  8.020686968094E-01  7.969042750958E-01  7.917329604978E-01
  7.864560402773E-01  7.811727815967E-01  7.757813137106E-01  7.703835168171E-01
  7.648667976654E-01  7.593432971961E-01  7.536837269963E-01  7.480165904362E-01
  7.421924968851E-01  7.363598923518E-01  7.303493460292E-01  7.243293916514E-01
  7.181146489905E-01  7.118898662085E-01  7.054616001538E-01  6.990231109823E-01
  6.923828599599E-01  6.857327304380E-01  6.788913705114E-01  6.720408877640E-01
  6.650130771362E-01  6.579770246788E-01  6.507772281459E-01  6.435700173185E-01
  6.362131531428E-01  6.288496879741E-01  6.213509563369E-01  6.138464133388E-01
  6.062211928051E-01  5.985909233147E-01  5.908547215666E-01  5.831142048696E-01
  5.752826113590E-01  5.674474074957E-01  5.595360455800E-01  5.516217476173E-01
  5.436462259629E-01  5.356684115183E-01  5.276442745880E-01  5.196184564250E-01
  5.115611339270E-01  5.035027095015E-01  4.954274647715E-01  4.873516647068E-01
  4.792735421202E-01  4.711953777104E-01  4.631291493731E-01  4.550633593681E-01
  4.470234715000E-01  4.389844685916E-01  4.309849881912E-01  4.229868057912E-01
  4.150413683294E-01  4.070976083911E-01  3.992193674184E-01  3.913431501854E-01
  3.835447298268E-01  3.757486464857E-01  3.680420978367E-01  3.603381670811E-01
  3.527349294895E-01  3.451345589798E-01  3.376454271064E-01  3.301593807109E-01
  3.227944781058E-01  3.154328496550E-01  3.082016093776E-01  3.009738034521E-01
  2.938849560134E-01  2.867996760390E-01  2.798612446716E-01  2.729264883199E-01
  2.661457913046E-01  2.593688529231E-01  2.527525124288E-01  2.461399919545E-01
  2.396939486091E-01  2.332517661796E-01  2.269812983821E-01  2.207147136552E-01
  2.146244604826E-01  2.085380955179E-01  2.026320819794E-01  1.967299464359E-01
  1.910116097839E-01  1.852971271485E-01  1.797693429799E-01  1.742453765634E-01
  1.689104835352E-01  1.635793610647E-01  1.584391831987E-01  1.533027189883E-01
  1.483585847583E-01  1.434180986576E-01  1.386708563178E-01  1.339271889030E-01
  1.293772178244E-01  1.248307416050E-01  1.204779597115E-01  1.161285864501E-01
  1.119724541734E-01  1.078196387413E-01  1.038591602069E-01  9.990190169179E-02
  9.613562409675E-02  9.237246512467E-02  8.879847743988E-02  8.522750284375E-02
  8.184343506058E-02  7.846227111396E-02  7.526529525104E-02  7.207111067997E-02
  6.905794467431E-02  6.604745456726E-02  6.321437000609E-02  6.038384357426E-02
  5.772667799987E-02  5.507195091500E-02  5.258612517489E-02  5.010261695261E-02
  4.778315779443E-02  4.546589441856E-02  4.330746226460E-02  4.115110398381E-02
  3.914802557867E-02  3.714689956688E-02  3.529320498817E-02  3.344134235700E-02
  3.173080571821E-02  3.002198221008E-02  2.844816527055E-02  2.687594484753E-02
  2.543224267581E-02  2.399002315122E-02  2.266971096075E-02  2.135077079381E-02
  2.014705107912E-02  1.894459646237E-02  1.785064560305E-02  1.675785701139E-02
  1.576687057352E-02  1.477694800663E-02  1.388218405129E-02  1.298839028062E-02
  1.218321008053E-02  1.137891130350E-02  1.065681696677E-02  9.935520368907E-03
  9.290188969853E-03  8.645576795815E-03  8.070890712722E-03  7.496850547333E-03
  6.986923803542E-03  6.477574860131E-03  6.026775356349E-03  5.576490660866E-03
  5.179458270814E-03  4.782882714364E-03  4.434543292452E-03  4.086607601225E-03
  3.782183018765E-03  3.478113758035E-03  3.213128143385E-03  2.948453930936E-03
  2.718736338606E-03  2.489290492541E-03  2.290974266828E-03  2.092894153075E-03
  1.922413283329E-03  1.752136659679E-03  1.606219447256E-03  1.460478123604E-03
  1.336138495291E-03  1.211949644469E-03  1.106476454271E-03  1.001131914934E-03
  9.120765761940E-04  8.231304892655E-04  7.482932728221E-04  6.735483867397E-04
  6.109637089513E-04  5.484566770981E-04  4.963776848514E-04  4.443636618416E-04
  4.012464009090E-04  3.581832236719E-04  3.226706527891E-04  2.872028684297E-04
  2.581089550052E-04  2.290519309925E-04  2.053460362588E-04  1.816703604220E-04
  1.624620927785E-04  1.432784415728E-04  1.278031275976E-04  1.123477518642E-04
  9.995264560236E-05  8.757359421791E-05  7.770491747027E-05  6.784909143263E-05
  6.003997137026E-05  5.224107450748E-05  4.610042044405E-05  3.996784847273E-05
  3.517018737114E-05  3.037887480716E-05  2.665514532773E-05  2.293637001118E-05
  2.006565778467E-05  1.719878568274E-05  1.500096809077E-05  1.280610666304E-05
  1.113536373080E-05  9.466880482812E-06  8.206019443214E-06  6.946873263369E-06
  6.002407890586E-06  5.059234316294E-06  4.357155611397E-06  3.656042662580E-06
  3.138217005475E-06  2.621107768841E-06  2.242231600554E-06  1.863882668068E-06
  1.588944140375E-06  1.314390484062E-06  1.116553717423E-06  9.189955641168E-07
  7.778639847347E-07  6.369323709115E-07  5.371404157148E-07  4.374907241397E-07
  3.675669127186E-07  2.977434081440E-07  2.492017173415E-07  2.007301023553E-07
  1.673517363101E-07  1.340218663751E-07  1.112931458506E-07  8.859766392584E-08
  7.327469110485E-08  5.797427477798E-08  2.904952172977E-08  8.411719604463E-11
  0.000000000000E+00  0.000000000000E+00  0.000000000000E+00  0.000000000000E+00
  0.000000000000E+00  0.000000000000E+00  0.000000000000E+00  0.000000000000E+00
  0.000000000000E+00  0.000000000000E+00  0.000000000000E+00  0.000000000000E+00
  0.000000000000E+00  0.000000000000E+00  0.000000000000E+00  0.000000000000E+00
  0.000000000000E+00  0.000000000000E+00  0.000000000000E+00  0.000000000000E+00
  0.000000000000E+00  0.000000000000E+00  0.000000000000E+00  0.000000000000E+00
  0.000000000000E+00  0.000000000000E+00  0.000000000000E+00  0.000000000000E+00
  0.000000000000E+00  0.000000000000E+00  0.000000000000E+00  0.000000000000E+00
  0.000000000000E+00  0.000000000000E+00  0.000000000000E+00  0.000000000000E+00
  0.000000000000E+00  0.000000000000E+00  0.000000000000E+00  0.000000000000E+00
  0.000000000000E+00  0.000000000000E+00  0.000000000000E+00  0.000000000000E+00
  0.000000000000E+00  0.000000000000E+00  0.000000000000E+00  0.000000000000E+00
  0.000000000000E+00  0.000000000000E+00  0.000000000000E+00  0.000000000000E+00
  0.000000000000E+00  0.000000000000E+00  0.000000000000E+00  0.000000000000E+00
  0.000000000000E+00  0.000000000000E+00  0.000000000000E+00  0.000000000000E+00
  0.000000000000E+00  0.000000000000E+00  0.000000000000E+00  0.000000000000E+00
  0.000000000000E+00  0.000000000000E+00  0.000000000000E+00  0.000000000000E+00
  0.000000000000E+00  0.000000000000E+00  0.000000000000E+00  0.000000000000E+00
  0.000000000000E+00  0.000000000000E+00  0.000000000000E+00  0.000000000000E+00
  0.000000000000E+00  0.000000000000E+00  0.000000000000E+00  0.000000000000E+00
  0.000000000000E+00  0.000000000000E+00  0.000000000000E+00  0.000000000000E+00
  0.000000000000E+00  0.000000000000E+00  0.000000000000E+00  0.000000000000E+00
  0.000000000000E+00  0.000000000000E+00  0.000000000000E+00  0.000000000000E+00
  0.000000000000E+00  0.000000000000E+00  0.000000000000E+00  0.000000000000E+00
  0.000000000000E+00  0.000000000000E+00  0.000000000000E+00  0.000000000000E+00
  0.000000000000E+00  0.000000000000E+00  0.000000000000E+00  0.000000000000E+00
  0.000000000000E+00
 Pseudo-wave-function follows (l, zelect, rc)
 2  0.000000000000E+00  1.434117653854E+00
  1.450832701784E-15  1.182167770384E-14  4.063879701015E-14  9.812081876972E-14
  1.952142294165E-13  3.436304446289E-13  5.558845244837E-13  8.453356007824E-13
  1.226229087226E-12  1.713740745924E-12  2.324022686636E-12  3.074251378181E-12
  3.982677754574E-12  5.068679501749E-12  6.352815614093E-12  7.856883313560E-12
  9.603977427781E-12  1.161855232741E-11  1.392648652686E-11  1.655515005677E-11
  1.953347472062E-11  2.289202735265E-11  2.666308619847E-11  3.088072054477E-11
  3.558087372953E-11  4.080144966895E-11  4.658240304311E-11  5.296583328761E-11
  5.999608254428E-11  6.771983773014E-11  7.618623688988E-11  8.544698000363E-11
  9.555644442854E-11  1.065718051596E-10  1.185531601024E-10  1.315636605579E-10
  1.456696471274E-10  1.609407912539E-10  1.774502426233E-10  1.952747826605E-10
  2.144949843610E-10  2.351953787104E-10  2.574646279531E-10  2.813957059822E-10
  3.070860861321E-10  3.346379366668E-10  3.641583242692E-10  3.957594258468E-10
  4.295587489823E-10  4.656793613704E-10  5.042501295949E-10  5.454059676148E-10
  5.892880953404E-10  6.360443076973E-10  6.858292545903E-10  7.388047321957E-10
  7.954650952672E-10  8.553495021577E-10  9.189355835454E-10  9.864093381293E-10
  1.057962035736E-09  1.133789745905E-09  1.214305910431E-09  1.299815041227E-09
  1.390362275470E-09  1.486180454101E-09  1.587506639914E-09  1.694581305742E-09
  1.807647368558E-09  1.926949050412E-09  2.052730545091E-09  2.185288916715E-09
  2.326628629915E-09  2.475545869188E-09  2.632318261786E-09  2.797218793151E-09
  2.970513330603E-09  3.152457787833E-09  3.346697853329E-09  3.550720081048E-09
  3.764788252249E-09  3.989173628758E-09  4.224144567964E-09  4.475188686900E-09
  4.738161996648E-09  5.013339108883E-09  5.300962685367E-09  5.605483464228E-09
  5.926815307842E-09  6.262451932120E-09  6.612604431134E-09  6.982670848923E-09
  7.373261287011E-09  7.780449238393E-09  8.204378199322E-09  8.654875428025E-09
  9.127171610703E-09  9.618500727248E-09  1.013166313131E-08  1.067815666025E-08
  1.124620840601E-08  1.183578365260E-08  1.246213943734E-08  1.311737038923E-08
  1.379681163908E-08  1.451160902656E-08  1.526572229493E-08  1.604695134519E-08
  1.686325438227E-08  1.772931783838E-08  1.862561404940E-08  1.955845476377E-08
  2.055102393745E-08  2.157713842221E-08  2.264381746370E-08  2.377906146649E-08
  2.495133162832E-08  2.617176522983E-08  2.746759340346E-08  2.880405488197E-08
  3.020117532396E-08  3.167736149094E-08  3.319785361631E-08  3.479807149697E-08
  3.647637166229E-08  3.820263132599E-08  4.003636923305E-08  4.194062730834E-08
  4.390078840555E-08  4.599867336017E-08  4.815490790170E-08  5.040281781801E-08
  5.277712545775E-08  5.521358846283E-08  5.779257610812E-08  6.047429631745E-08
  6.323315725717E-08  6.618150216235E-08  6.920411590804E-08  7.237137952133E-08
  7.569337936888E-08  7.909282971694E-08  8.273028160653E-08  8.646537862540E-08
  9.035905730372E-08  9.445885460564E-08  9.864911449643E-08  1.031233594298E-07
  1.077217900149E-07  1.125129433498E-07  1.175547030144E-07  1.227006240532E-07
  1.282090310948E-07  1.338502365780E-07  1.397507659873E-07  1.459297279506E-07
  1.522510874903E-07  1.590137394765E-07  1.659102898259E-07  1.731827777567E-07
  1.807301922175E-07  1.885236698682E-07  1.967773277544E-07  2.051798962422E-07
  2.141498295552E-07  2.233383715096E-07  2.329535250521E-07  2.429946813643E-07
  2.533025322918E-07  2.642683435843E-07  2.754179326058E-07  2.872882354941E-07
  2.994647403575E-07  3.121933187599E-07  3.254832451472E-07  3.391334199185E-07
  3.536302588888E-07  3.683479550066E-07  3.840748498731E-07  4.001300124915E-07
  4.169992907380E-07  4.345039325376E-07  4.526000792726E-07  4.716752300152E-07
  4.910890376289E-07  5.118654541023E-07  5.329336659701E-07  5.553134270535E-07
  5.782626593358E-07  6.022765780766E-07  6.272631092215E-07  6.530323795866E-07
  6.802250138811E-07  7.078798936629E-07  7.374609448892E-07  7.674125478058E-07
  7.993077885199E-07  8.318937999191E-07  8.661286206849E-07  9.015663802031E-07
  9.383147256374E-07  9.768389253681E-07  1.016287769422E-06  1.058151813430E-06
  1.100502139889E-06  1.145979609011E-06  1.191964908410E-06  1.240833696016E-06
  1.290794546390E-06  1.343265111990E-06  1.397526748721E-06  1.453867599549E-06
  1.512781101962E-06  1.573280891450E-06  1.637225201745E-06  1.702194247128E-06
  1.771578345372E-06  1.841614137554E-06  1.916615507038E-06  1.992619968184E-06
  2.073171617238E-06  2.155629514489E-06  2.242146169553E-06  2.331580630669E-06
  2.424508179786E-06  2.521483682117E-06  2.621301524294E-06  2.726427114372E-06
  2.833650686419E-06  2.947583447869E-06  3.062766942121E-06  3.186215730892E-06
  3.310649605755E-06  3.443684485679E-06  3.578530272068E-06  3.721455185204E-06
  3.867550390350E-06  4.021106301081E-06  4.179354329570E-06  4.344337966049E-06
  4.515713235773E-06  4.692981297837E-06  4.878534749671E-06  5.069008434730E-06
  5.269873466071E-06  5.474543336999E-06  5.691942191564E-06  5.911873412449E-06
  6.147124061206E-06  6.383857051895E-06  6.637985579525E-06  6.894191976989E-06
  7.167290656126E-06  7.444522225721E-06  7.738015711509E-06  8.037945621603E-06
  8.353365934435E-06  8.677798145907E-06  9.016792778323E-06  9.367672154653E-06
  9.732012790813E-06  1.011143598372E-05  1.050302787772E-05  1.091325504747E-05
  1.133414711028E-05  1.177761454438E-05  1.223001019286E-05  1.270934389141E-05
  1.319561271702E-05  1.371364301860E-05  1.423633333761E-05  1.479611066465E-05
  1.535854317380E-05  1.596277482555E-05  1.657060192491E-05  1.722012551910E-05
  1.787692508184E-05  1.857515004120E-05  1.928477791265E-05  2.003537090234E-05
  2.080198229266E-05  2.160888664748E-05  2.243695915919E-05  2.330441577738E-05
  2.419877419196E-05  2.513134400633E-05  2.609718696336E-05  2.709977510833E-05
  2.814270382087E-05  2.922058562333E-05  3.034663478384E-05  3.150548371503E-05
  3.272115475798E-05  3.396707249408E-05  3.527936939358E-05  3.661891814357E-05
  3.803538593819E-05  3.947562320964E-05  4.100438946055E-05  4.255290544642E-05
  4.420272485080E-05  4.586768263444E-05  4.764798503252E-05  4.943816382244E-05
  5.135910585443E-05  5.328619817517E-05  5.535646816487E-05  5.743596977602E-05
  5.966200760931E-05  6.190578060828E-05  6.429933273187E-05  6.672015274346E-05
  6.929385200475E-05  7.190547797565E-05  7.467291045615E-05  7.749015974266E-05
  8.046593661685E-05  8.350476576392E-05  8.670460055934E-05  8.998219219832E-05
  9.342298386048E-05  9.695784018493E-05  1.006577623805E-04  1.044698056932E-04
  1.084484028166E-04  1.125590836775E-04  1.168373740614E-04  1.212697876050E-04
  1.258703744700E-04  1.306493855035E-04  1.355965762239E-04  1.407489537606E-04
  1.460688880640E-04  1.516234499968E-04  1.573442377608E-04  1.633320064299E-04
  1.694838757883E-04  1.759382452544E-04  1.825537017757E-04  1.895106176673E-04
  1.966246154262E-04  2.041227682948E-04  2.117728937142E-04  2.198539268961E-04
  2.280805963033E-04  2.367893293629E-04  2.456360012699E-04  2.550206701729E-04
  2.645340733640E-04  2.746465886145E-04  2.848769672041E-04  2.957731912661E-04
  3.067745679691E-04  3.185146133891E-04  3.303450723392E-04  3.429936220859E-04
  3.557156126287E-04  3.693422642745E-04  3.830229272662E-04  3.977025627491E-04
  4.124140809980E-04  4.282272638259E-04  4.440663102085E-04  4.610806403187E-04
  4.781433425284E-04  4.964393538521E-04  5.148192804042E-04  5.344933807957E-04
  5.542911866682E-04  5.754470064046E-04  5.967709635612E-04  6.195198920605E-04
  6.424864590183E-04  6.669482208482E-04  6.916826540789E-04  7.179859270562E-04
  7.446229372018E-04  7.729060155656E-04  8.015904716497E-04  8.320019774973E-04
  8.628896625231E-04  8.955893089043E-04  9.288477304583E-04  9.640071397516E-04
  9.998163994662E-04  1.037619980894E-03  1.076173706875E-03  1.116819597266E-03
  1.158325943854E-03  1.202027016026E-03  1.246709735539E-03  1.293694678953E-03
  1.341794270347E-03  1.392308748961E-03  1.444083688668E-03  1.498391581250E-03
  1.554119641740E-03  1.612504370202E-03  1.672484032193E-03  1.735249983838E-03
  1.799801948405E-03  1.867275998343E-03  1.936744805537E-03  2.009277945885E-03
  2.084033706875E-03  2.162002789711E-03  2.242443039832E-03  2.326252641312E-03
  2.412804321820E-03  2.502888735197E-03  2.596010311946E-03  2.692835677720E-03
  2.793019405389E-03  2.897085987172E-03  3.004860328125E-03  3.116704943278E-03
  3.232637150568E-03  3.352835765078E-03  3.477534639533E-03  3.606705137043E-03
  3.740823968840E-03  3.879629104177E-03  4.023868809730E-03  4.173019357698E-03
  4.328131823104E-03  4.488389933745E-03  4.655181576459E-03  4.827364348359E-03
  5.006699909152E-03  5.191683192780E-03  5.384489770381E-03  5.583212213764E-03
  5.790483554914E-03  6.003950904289E-03  6.226751962220E-03  6.456041630536E-03
  6.695513405059E-03  6.941779321425E-03  7.199143993990E-03  7.463621747256E-03
  7.740188124362E-03  8.024200414080E-03  8.321369692370E-03  8.626332100287E-03
  8.945603966464E-03  9.273031061504E-03  9.616010139897E-03  9.967521929236E-03
  1.033592458930E-02  1.071325332762E-02  1.110891486303E-02  1.151391223131E-02
  1.193879442125E-02  1.237343908556E-02  1.282963814784E-02  1.329604370725E-02
  1.378579865121E-02  1.428622198265E-02  1.481192336808E-02  1.534877337403E-02
  1.591297248021E-02  1.648881924285E-02  1.709423764926E-02  1.771182199228E-02
  1.836136156933E-02  1.902360502545E-02  1.972035833025E-02  2.043037350889E-02
  2.117763457695E-02  2.193873592254E-02  2.274001144156E-02  2.355572636821E-02
  2.441474721486E-02  2.528882759775E-02  2.620956071247E-02  2.714599471057E-02
  2.813265527856E-02  2.913567945625E-02  3.019274335561E-02  3.126685506376E-02
  3.239907153339E-02  3.354904150204E-02  3.476144597322E-02  3.599233105921E-02
  3.729025808495E-02  3.860741410837E-02  3.999651031456E-02  4.140560490759E-02
  4.289184187890E-02  4.439886725975E-02  4.598855426212E-02  4.759983983583E-02
  4.929963626572E-02  5.102186094191E-02  5.283878838087E-02  5.467899248730E-02
  5.662044622933E-02  5.858604288897E-02  6.065980279737E-02  6.275858862652E-02
  6.497282916798E-02  6.721299414396E-02  6.957629344001E-02  7.196642978016E-02
  7.448777751172E-02  7.703688740096E-02  7.972569140081E-02  8.244319340500E-02
  8.530928477670E-02  8.820501878325E-02  9.125865539538E-02  9.434288593349E-02
  9.759475415583E-02  1.008781719670E-01  1.043393865425E-01  1.078331083008E-01
  1.115152102858E-01  1.152307764057E-01  1.191457291648E-01  1.230950996901E-01
  1.272552829976E-01  1.314508316318E-01  1.358690340231E-01  1.403235404530E-01
  1.450129500751E-01  1.497395908468E-01  1.547137851900E-01  1.597261235318E-01
  1.649990585867E-01  1.703110337328E-01  1.758970333020E-01  1.815229500616E-01
  1.874366961762E-01  1.933912157106E-01  1.996477413526E-01  2.059458743757E-01
  2.125605599903E-01  2.192176638903E-01  2.262062394856E-01  2.332380211793E-01
  2.406165761514E-01  2.480391028219E-01  2.558241060086E-01  2.636538262386E-01
  2.718621590783E-01  2.801159372659E-01  2.887649433199E-01  2.974601106376E-01
  3.065676650964E-01  3.157220906141E-01  3.253066937415E-01  3.349388796594E-01
  3.450197783961E-01  3.551489835953E-01  3.657463257273E-01  3.763927220193E-01
  3.875277473671E-01  3.987126128637E-01  4.104078858343E-01  4.221538397316E-01
  4.344335272355E-01  4.467648099550E-01  4.596550080850E-01  4.725978100909E-01
  4.861269220156E-01  4.997097636695E-01  5.139089298633E-01  5.281630933280E-01
  5.430666734703E-01  5.580266858702E-01  5.736727894525E-01  5.893769541849E-01
  6.058080140165E-01  6.222989842490E-01  6.395623636311E-01  6.568877485889E-01
  6.750363689598E-01  6.932493596346E-01  7.123423310523E-01  7.315023275369E-01
  7.516055596599E-01  7.717787776275E-01  7.929655442162E-01  8.142255734735E-01
  8.365769994419E-01  8.590052835687E-01  8.826107211597E-01  9.062969249138E-01
  9.312541859619E-01  9.562964177092E-01  9.827118340605E-01  1.009216695854E+00
  1.037204992284E+00  1.065287442851E+00  1.094971429305E+00  1.124754468132E+00
  1.156264594100E+00  1.187878811357E+00  1.221352677495E+00  1.254935767378E+00
  1.290517758656E+00  1.326214163374E+00  1.364055449255E+00  1.402016382144E+00
  1.442275606574E+00  1.482659779226E+00  1.525504799797E+00  1.568480212037E+00
  1.614091170092E+00  1.659838238174E+00  1.708411914121E+00  1.757127873607E+00
  1.808882464689E+00  1.860786147031E+00  1.915964290184E+00  1.971299041361E+00
  1.030429003303E+00  4.301624888199E-02  0.000000000000E+00  0.000000000000E+00
  0.000000000000E+00  0.000000000000E+00  0.000000000000E+00  0.000000000000E+00
  0.000000000000E+00  0.000000000000E+00  0.000000000000E+00  0.000000000000E+00
  0.000000000000E+00  0.000000000000E+00  0.000000000000E+00  0.000000000000E+00
  0.000000000000E+00  0.000000000000E+00  0.000000000000E+00  0.000000000000E+00
  0.000000000000E+00  0.000000000000E+00  0.000000000000E+00  0.000000000000E+00
  0.000000000000E+00  0.000000000000E+00  0.000000000000E+00  0.000000000000E+00
  0.000000000000E+00  0.000000000000E+00  0.000000000000E+00  0.000000000000E+00
  0.000000000000E+00  0.000000000000E+00  0.000000000000E+00  0.000000000000E+00
  0.000000000000E+00  0.000000000000E+00  0.000000000000E+00  0.000000000000E+00
  0.000000000000E+00  0.000000000000E+00  0.000000000000E+00  0.000000000000E+00
  0.000000000000E+00  0.000000000000E+00  0.000000000000E+00  0.000000000000E+00
  0.000000000000E+00  0.000000000000E+00  0.000000000000E+00  0.000000000000E+00
  0.000000000000E+00  0.000000000000E+00  0.000000000000E+00  0.000000000000E+00
  0.000000000000E+00  0.000000000000E+00  0.000000000000E+00  0.000000000000E+00
  0.000000000000E+00  0.000000000000E+00  0.000000000000E+00  0.000000000000E+00
  0.000000000000E+00  0.000000000000E+00  0.000000000000E+00  0.000000000000E+00
  0.000000000000E+00  0.000000000000E+00  0.000000000000E+00  0.000000000000E+00
  0.000000000000E+00  0.000000000000E+00  0.000000000000E+00  0.000000000000E+00
  0.000000000000E+00  0.000000000000E+00  0.000000000000E+00  0.000000000000E+00
  0.000000000000E+00  0.000000000000E+00  0.000000000000E+00  0.000000000000E+00
  0.000000000000E+00  0.000000000000E+00  0.000000000000E+00  0.000000000000E+00
  0.000000000000E+00  0.000000000000E+00  0.000000000000E+00  0.000000000000E+00
  0.000000000000E+00  0.000000000000E+00  0.000000000000E+00  0.000000000000E+00
  0.000000000000E+00  0.000000000000E+00  0.000000000000E+00  0.000000000000E+00
  0.000000000000E+00  0.000000000000E+00  0.000000000000E+00  0.000000000000E+00
  0.000000000000E+00  0.000000000000E+00  0.000000000000E+00  0.000000000000E+00
  0.000000000000E+00  0.000000000000E+00  0.000000000000E+00  0.000000000000E+00
  0.000000000000E+00  0.000000000000E+00  0.000000000000E+00  0.000000000000E+00
  0.000000000000E+00  0.000000000000E+00  0.000000000000E+00  0.000000000000E+00
  0.000000000000E+00  0.000000000000E+00  0.000000000000E+00  0.000000000000E+00
  0.000000000000E+00  0.000000000000E+00  0.000000000000E+00  0.000000000000E+00
  0.000000000000E+00  0.000000000000E+00  0.000000000000E+00  0.000000000000E+00
  0.000000000000E+00  0.000000000000E+00  0.000000000000E+00  0.000000000000E+00
  0.000000000000E+00  0.000000000000E+00  0.000000000000E+00  0.000000000000E+00
  0.000000000000E+00  0.000000000000E+00  0.000000000000E+00  0.000000000000E+00
  0.000000000000E+00  0.000000000000E+00  0.000000000000E+00  0.000000000000E+00
  0.000000000000E+00  0.000000000000E+00  0.000000000000E+00  0.000000000000E+00
  0.000000000000E+00  0.000000000000E+00  0.000000000000E+00  0.000000000000E+00
  0.000000000000E+00  0.000000000000E+00  0.000000000000E+00  0.000000000000E+00
  0.000000000000E+00  0.000000000000E+00  0.000000000000E+00  0.000000000000E+00
  0.000000000000E+00  0.000000000000E+00  0.000000000000E+00  0.000000000000E+00
  0.000000000000E+00  0.000000000000E+00  0.000000000000E+00  0.000000000000E+00
  0.000000000000E+00  0.000000000000E+00  0.000000000000E+00  0.000000000000E+00
  0.000000000000E+00  0.000000000000E+00  0.000000000000E+00  0.000000000000E+00
  0.000000000000E+00  0.000000000000E+00  0.000000000000E+00  0.000000000000E+00
  0.000000000000E+00  0.000000000000E+00  0.000000000000E+00  0.000000000000E+00
  0.000000000000E+00  0.000000000000E+00  0.000000000000E+00  0.000000000000E+00
  0.000000000000E+00  0.000000000000E+00  0.000000000000E+00  0.000000000000E+00
  0.000000000000E+00  0.000000000000E+00  0.000000000000E+00  0.000000000000E+00
  0.000000000000E+00  0.000000000000E+00  0.000000000000E+00  0.000000000000E+00
  0.000000000000E+00  0.000000000000E+00  0.000000000000E+00  0.000000000000E+00
  0.000000000000E+00  0.000000000000E+00  0.000000000000E+00  0.000000000000E+00
  0.000000000000E+00  0.000000000000E+00  0.000000000000E+00  0.000000000000E+00
  0.000000000000E+00  0.000000000000E+00  0.000000000000E+00  0.000000000000E+00
  0.000000000000E+00  0.000000000000E+00  0.000000000000E+00  0.000000000000E+00
  0.000000000000E+00  0.000000000000E+00  0.000000000000E+00  0.000000000000E+00
  0.000000000000E+00  0.000000000000E+00  0.000000000000E+00  0.000000000000E+00
  0.000000000000E+00  0.000000000000E+00  0.000000000000E+00  0.000000000000E+00
  0.000000000000E+00  0.000000000000E+00  0.000000000000E+00  0.000000000000E+00
  0.000000000000E+00  0.000000000000E+00  0.000000000000E+00  0.000000000000E+00
  0.000000000000E+00  0.000000000000E+00  0.000000000000E+00  0.000000000000E+00
  0.000000000000E+00  0.000000000000E+00  0.000000000000E+00  0.000000000000E+00
  0.000000000000E+00  0.000000000000E+00  0.000000000000E+00  0.000000000000E+00
  0.000000000000E+00  0.000000000000E+00  0.000000000000E+00  0.000000000000E+00
  0.000000000000E+00  0.000000000000E+00  0.000000000000E+00  0.000000000000E+00
  0.000000000000E+00  0.000000000000E+00  0.000000000000E+00  0.000000000000E+00
  0.000000000000E+00  0.000000000000E+00  0.000000000000E+00  0.000000000000E+00
  0.000000000000E+00  0.000000000000E+00  0.000000000000E+00  0.000000000000E+00
  0.000000000000E+00  0.000000000000E+00  0.000000000000E+00  0.000000000000E+00
  0.000000000000E+00  0.000000000000E+00  0.000000000000E+00  0.000000000000E+00
  0.000000000000E+00  0.000000000000E+00  0.000000000000E+00  0.000000000000E+00
  0.000000000000E+00  0.000000000000E+00  0.000000000000E+00  0.000000000000E+00
  0.000000000000E+00  0.000000000000E+00  0.000000000000E+00  0.000000000000E+00
  0.000000000000E+00  0.000000000000E+00  0.000000000000E+00  0.000000000000E+00
  0.000000000000E+00  0.000000000000E+00  0.000000000000E+00  0.000000000000E+00
  0.000000000000E+00  0.000000000000E+00  0.000000000000E+00  0.000000000000E+00
  0.000000000000E+00  0.000000000000E+00  0.000000000000E+00  0.000000000000E+00
  0.000000000000E+00  0.000000000000E+00  0.000000000000E+00  0.000000000000E+00
  0.000000000000E+00  0.000000000000E+00  0.000000000000E+00  0.000000000000E+00
  0.000000000000E+00  0.000000000000E+00  0.000000000000E+00  0.000000000000E+00
  0.000000000000E+00  0.000000000000E+00  0.000000000000E+00  0.000000000000E+00
  0.000000000000E+00
