 H  ca nrl nc  
 atom converted from parsec_python src/V_ion/splineData.mat
 1s(  1.00)  rc= 2.000p(  0.00)  rc= 2.000
   2  0  861  2.478752176670E-03  1.250000000000E-02   1.00000000000
 Radial grid follows
  3.117886413549E-05  6.274991010259E-05  9.471807094148E-05  1.270883417423E-04
  1.598657804258E-04  1.930555085334E-04  2.266627120276E-04  2.606926421024E-04
  2.951506160036E-04  3.300420178596E-04  3.653722995231E-04  4.011469814225E-04
  4.373716534245E-04  4.740519757078E-04  5.111936796475E-04  5.488025687103E-04
  5.868845193616E-04  6.254454819839E-04  6.644914818058E-04  7.040286198443E-04
  7.440630738578E-04  7.846010993109E-04  8.256490303528E-04  8.672132808062E-04
  9.093003451697E-04  9.519167996328E-04  9.950693031032E-04  1.038764598247E-03
  1.083009512544E-03  1.127810959351E-03  1.173175938986E-03  1.219111539818E-03
  1.265624939380E-03  1.312723405484E-03  1.360414297362E-03  1.408705066812E-03
  1.457603259365E-03  1.507116515464E-03  1.557252571655E-03  1.608019261800E-03
  1.659424518297E-03  1.711476373321E-03  1.764182960081E-03  1.817552514089E-03
  1.871593374445E-03  1.926313985145E-03  1.981722896395E-03  2.037828765949E-03
  2.094640360465E-03  2.152166556870E-03  2.210416343748E-03  2.269398822748E-03
  2.329123210002E-03  2.389598837567E-03  2.450835154882E-03  2.512841730248E-03
  2.575628252316E-03  2.639204531610E-03  2.703580502052E-03  2.768766222519E-03
  2.834771878412E-03  2.901607783249E-03  2.969284380276E-03  3.037812244099E-03
  3.107202082336E-03  3.177464737291E-03  3.248611187647E-03  3.320652550181E-03
  3.393600081502E-03  3.467465179811E-03  3.542259386679E-03  3.617994388855E-03
  3.694682020085E-03  3.772334262968E-03  3.850963250825E-03  3.930581269596E-03
  4.011200759757E-03  4.092834318269E-03  4.175494700541E-03  4.259194822425E-03
  4.343947762237E-03  4.429766762795E-03  4.516665233492E-03  4.604656752393E-03
  4.693755068349E-03  4.783974103156E-03  4.875327953719E-03  4.967830894265E-03
  5.061497378566E-03  5.156342042201E-03  5.252379704841E-03  5.349625372567E-03
  5.448094240212E-03  5.547801693737E-03  5.648763312634E-03  5.750994872362E-03
  5.854512346810E-03  5.959331910794E-03  6.065469942584E-03  6.172943026463E-03
  6.281767955320E-03  6.391961733271E-03  6.503541578318E-03  6.616524925039E-03
  6.730929427312E-03  6.846772961072E-03  6.964073627108E-03  7.082849753888E-03
  7.203119900422E-03  7.324902859166E-03  7.448217658956E-03  7.573083567978E-03
  7.699520096787E-03  7.827547001346E-03  7.957184286120E-03  8.088452207198E-03
  8.221371275461E-03  8.355962259782E-03  8.492246190278E-03  8.630244361589E-03
  8.769978336210E-03  8.911469947860E-03  9.054741304891E-03  9.199814793743E-03
  9.346713082444E-03  9.495459124151E-03  9.646076160736E-03  9.798587726416E-03
  9.953017651435E-03  1.010939006578E-02  1.026772940297E-02  1.042806040383E-02
  1.059040812042E-02  1.075479791989E-02  1.092125548849E-02  1.108980683555E-02
  1.126047829756E-02  1.143329654229E-02  1.160828857293E-02  1.178548173235E-02
  1.196490370734E-02  1.214658253295E-02  1.233054659686E-02  1.251682464383E-02
  1.270544578019E-02  1.289643947837E-02  1.308983558153E-02  1.328566430821E-02
  1.348395625703E-02  1.368474241152E-02  1.388805414492E-02  1.409392322512E-02
  1.430238181956E-02  1.451346250032E-02  1.472719824921E-02  1.494362246285E-02
  1.516276895798E-02  1.538467197667E-02  1.560936619173E-02  1.583688671209E-02
  1.606726908829E-02  1.630054931804E-02  1.653676385186E-02  1.677594959875E-02
  1.701814393196E-02  1.726338469485E-02  1.751171020680E-02  1.776315926916E-02
  1.801777117138E-02  1.827558569706E-02  1.853664313026E-02  1.880098426174E-02
  1.906865039533E-02  1.933968335440E-02  1.961412548842E-02  1.989201967953E-02
  2.017340934925E-02  2.045833846529E-02  2.074685154842E-02  2.103899367937E-02
  2.133481050597E-02  2.163434825018E-02  2.193765371540E-02  2.224477429371E-02
  2.255575797333E-02  2.287065334609E-02  2.318950961504E-02  2.351237660212E-02
  2.383930475595E-02  2.417034515972E-02  2.450554953917E-02  2.484497027066E-02
  2.518866038938E-02  2.553667359759E-02  2.588906427308E-02  2.624588747761E-02
  2.660719896553E-02  2.697305519248E-02  2.734351332426E-02  2.771863124569E-02
  2.809846756973E-02  2.848308164655E-02  2.887253357291E-02  2.926688420144E-02
  2.966619515025E-02  3.007052881248E-02  3.047994836609E-02  3.089451778371E-02
  3.131430184265E-02  3.173936613505E-02  3.216977707804E-02  3.260560192423E-02
  3.304690877212E-02  3.349376657681E-02  3.394624516075E-02  3.440441522462E-02
  3.486834835845E-02  3.533811705271E-02  3.581379470973E-02  3.629545565511E-02
  3.678317514935E-02  3.727702939961E-02  3.777709557163E-02  3.828345180176E-02
  3.879617720919E-02  3.931535190831E-02  3.984105702123E-02  4.037337469043E-02
  4.091238809164E-02  4.145818144680E-02  4.201084003723E-02  4.257045021695E-02
  4.313709942621E-02  4.371087620508E-02  4.429187020736E-02  4.488017221454E-02
  4.547587415001E-02  4.607906909341E-02  4.668985129518E-02  4.730831619127E-02
  4.793456041808E-02  4.856868182756E-02  4.921077950246E-02  4.986095377184E-02
  5.051930622676E-02  5.118593973614E-02  5.186095846281E-02  5.254446787982E-02
  5.323657478691E-02  5.393738732719E-02  5.464701500405E-02  5.536556869825E-02
  5.609316068528E-02  5.682990465286E-02  5.757591571873E-02  5.833131044864E-02
  5.909620687455E-02  5.987072451310E-02  6.065498438422E-02  6.144910903013E-02
  6.225322253442E-02  6.306745054145E-02  6.389192027601E-02  6.472676056318E-02
  6.557210184844E-02  6.642807621809E-02  6.729481741988E-02  6.817246088386E-02
  6.906114374363E-02  6.996100485769E-02  7.087218483116E-02  7.179482603777E-02
  7.272907264209E-02  7.367507062205E-02  7.463296779176E-02  7.560291382460E-02
  7.658506027661E-02  7.757956061017E-02  7.858657021798E-02  7.960624644735E-02
  8.063874862475E-02  8.168423808076E-02  8.274287817523E-02  8.381483432283E-02
  8.490027401888E-02  8.599936686555E-02  8.711228459833E-02  8.823920111288E-02
  8.938029249219E-02  9.053573703413E-02  9.170571527925E-02  9.289041003902E-02
  9.409000642442E-02  9.530469187482E-02  9.653465618730E-02  9.778009154628E-02
  9.904119255357E-02  1.003181562588E-01  1.016111821900E-01  1.029204723853E-01
  1.042462314239E-01  1.055886664583E-01  1.069479872467E-01  1.083244061858E-01
  1.097181383438E-01  1.111294014943E-01  1.125584161498E-01  1.140054055970E-01
  1.154705959308E-01  1.169542160902E-01  1.184564978939E-01  1.199776760765E-01
  1.215179883251E-01  1.230776753167E-01  1.246569807556E-01  1.262561514113E-01
  1.278754371577E-01  1.295150910114E-01  1.311753691716E-01  1.328565310601E-01
  1.345588393621E-01  1.362825600665E-01  1.380279625083E-01  1.397953194101E-01
  1.415849069250E-01  1.433970046798E-01  1.452318958183E-01  1.470898670462E-01
  1.489712086751E-01  1.508762146685E-01  1.528051826875E-01  1.547584141372E-01
  1.567362142141E-01  1.587388919533E-01  1.607667602775E-01  1.628201360452E-01
  1.648993401004E-01  1.670046973230E-01  1.691365366795E-01  1.712951912740E-01
  1.734809984008E-01  1.756942995965E-01  1.779354406941E-01  1.802047718763E-01
  1.825026477309E-01  1.848294273056E-01  1.871854741643E-01  1.895711564444E-01
  1.919868469133E-01  1.944329230278E-01  1.969097669922E-01  1.994177658183E-01
  2.019573113861E-01  2.045288005048E-01  2.071326349747E-01  2.097692216504E-01
  2.124389725038E-01  2.151423046889E-01  2.178796406069E-01  2.206514079721E-01
  2.234580398788E-01  2.262999748689E-01  2.291776570006E-01  2.320915359175E-01
  2.350420669191E-01  2.380297110320E-01  2.410549350816E-01  2.441182117653E-01
  2.472200197263E-01  2.503608436284E-01  2.535411742318E-01  2.567615084696E-01
  2.600223495255E-01  2.633242069126E-01  2.666675965529E-01  2.700530408577E-01
  2.734810688097E-01  2.769522160451E-01  2.804670249379E-01  2.840260446839E-01
  2.876298313874E-01  2.912789481473E-01  2.949739651455E-01  2.987154597360E-01
  3.025040165348E-01  3.063402275118E-01  3.102246920826E-01  3.141580172028E-01
  3.181408174625E-01  3.221737151822E-01  3.262573405104E-01  3.303923315219E-01
  3.345793343175E-01  3.388190031248E-01  3.431120004008E-01  3.474589969350E-01
  3.518606719544E-01  3.563177132298E-01  3.608308171829E-01  3.654006889953E-01
  3.700280427189E-01  3.747136013870E-01  3.794580971278E-01  3.842622712784E-01
  3.891268745007E-01  3.940526668989E-01  3.990404181381E-01  4.040909075645E-01
  4.092049243275E-01  4.143832675025E-01  4.196267462161E-01  4.249361797727E-01
  4.303123977820E-01  4.357562402889E-01  4.412685579051E-01  4.468502119412E-01
  4.525020745422E-01  4.582250288230E-01  4.640199690069E-01  4.698878005650E-01
  4.758294403581E-01  4.818458167794E-01  4.879378699000E-01  4.941065516155E-01
  5.003528257950E-01  5.066776684316E-01  5.130820677949E-01  5.195670245851E-01
  5.261335520901E-01  5.327826763431E-01  5.395154362833E-01  5.463328839182E-01
  5.532360844877E-01  5.602261166311E-01  5.673040725551E-01  5.744710582047E-01
  5.817281934359E-01  5.890766121910E-01  5.965174626753E-01  6.040519075369E-01
  6.116811240480E-01  6.194063042893E-01  6.272286553359E-01  6.351493994460E-01
  6.431697742522E-01  6.512910329541E-01  6.595144445151E-01  6.678412938600E-01
  6.762728820757E-01  6.848105266153E-01  6.934555615030E-01  7.022093375431E-01
  7.110732225309E-01  7.200486014665E-01  7.291368767710E-01  7.383394685061E-01
  7.476578145954E-01  7.570933710494E-01  7.666476121930E-01  7.763220308959E-01
  7.861181388056E-01  7.960374665839E-01  8.060815641460E-01  8.162520009025E-01
  8.265503660049E-01  8.369782685938E-01  8.475373380500E-01  8.582292242497E-01
  8.690555978218E-01  8.800181504092E-01  8.911185949332E-01  9.023586658606E-01
  9.137401194756E-01  9.252647341532E-01  9.369343106382E-01  9.487506723254E-01
  9.607156655456E-01  9.728311598531E-01  9.850990483187E-01  9.975212478248E-01
  1.010099699365E+00  1.022836368349E+00  1.035733244907E+00  1.048792344201E+00
  1.062015706743E+00  1.075405398710E+00  1.088963512268E+00  1.102692165901E+00
  1.116593504738E+00  1.130669700892E+00  1.144922953797E+00  1.159355490553E+00
  1.173969566274E+00  1.188767464437E+00  1.203751497246E+00  1.218924005985E+00
  1.234287361390E+00  1.249843964017E+00  1.265596244616E+00  1.281546664513E+00
  1.297697715994E+00  1.314051922693E+00  1.330611839988E+00  1.347380055401E+00
  1.364359188999E+00  1.381551893806E+00  1.398960856217E+00  1.416588796419E+00
  1.434438468812E+00  1.452512662444E+00  1.470814201445E+00  1.489345945467E+00
  1.508110790133E+00  1.527111667489E+00  1.546351546460E+00  1.565833433316E+00
  1.585560372142E+00  1.605535445311E+00  1.625761773971E+00  1.646242518526E+00
  1.666980879133E+00  1.687980096205E+00  1.709243450911E+00  1.730774265693E+00
  1.752575904786E+00  1.774651774740E+00  1.797005324954E+00  1.819640048217E+00
  1.842559481249E+00  1.865767205258E+00  1.889266846500E+00  1.913062076840E+00
  1.937156614332E+00  1.961554223796E+00  1.986258717409E+00  2.011273955297E+00
  2.036603846143E+00  2.062252347793E+00  2.088223467878E+00  2.114521264439E+00
  2.141149846560E+00  2.168113375010E+00  2.195416062896E+00  2.223062176319E+00
  2.251056035040E+00  2.279402013156E+00  2.308104539784E+00  2.337168099753E+00
  2.366597234302E+00  2.396396541794E+00  2.426570678431E+00  2.457124358984E+00
  2.488062357527E+00  2.519389508185E+00  2.551110705890E+00  2.583230907143E+00
  2.615755130791E+00  2.648688458810E+00  2.682036037099E+00  2.715803076286E+00
  2.749994852539E+00  2.784616708393E+00  2.819674053583E+00  2.855172365891E+00
  2.891117191999E+00  2.927514148361E+00  2.964368922075E+00  3.001687271774E+00
  3.039475028526E+00  3.077738096746E+00  3.116482455115E+00  3.155714157518E+00
  3.195439333988E+00  3.235664191666E+00  3.276395015767E+00  3.317638170565E+00
  3.359400100387E+00  3.401687330619E+00  3.444506468728E+00  3.487864205290E+00
  3.531767315041E+00  3.576222657930E+00  3.621237180196E+00  3.666817915448E+00
  3.712971985770E+00  3.759706602829E+00  3.807029069004E+00  3.854946778526E+00
  3.903467218636E+00  3.952597970750E+00  4.002346711649E+00  4.052721214674E+00
  4.103729350945E+00  4.155379090585E+00  4.207678503973E+00  4.260635762998E+00
  4.314259142340E+00  4.368557020760E+00  4.423537882412E+00  4.479210318168E+00
  4.535583026960E+00  4.592664817137E+00  4.650464607846E+00  4.708991430421E+00
  4.768254429798E+00  4.828262865941E+00  4.889026115290E+00  4.950553672226E+00
  5.012855150555E+00  5.075940285011E+00  5.139818932773E+00  5.204501075011E+00
  5.269996818440E+00  5.336316396904E+00  5.403470172972E+00  5.471468639559E+00
  5.540322421561E+00  5.610042277525E+00  5.680639101318E+00  5.752123923838E+00
  5.824507914733E+00  5.897802384151E+00  5.972018784500E+00  6.047168712245E+00
  6.123263909714E+00  6.200316266937E+00  6.278337823502E+00  6.357340770435E+00
  6.437337452107E+00  6.518340368163E+00  6.600362175473E+00  6.683415690112E+00
  6.767513889361E+00  6.852669913733E+00  6.938897069031E+00  7.026208828423E+00
  7.114618834550E+00  7.204140901654E+00  7.294789017742E+00  7.386577346765E+00
  7.479520230836E+00  7.573632192471E+00  7.668927936855E+00  7.765422354142E+00
  7.863130521780E+00  7.962067706870E+00  8.062249368548E+00  8.163691160403E+00
  8.266408932921E+00  8.370418735963E+00  8.475736821272E+00  8.582379645014E+00
  8.690363870346E+00  8.799706370024E+00  8.910424229035E+00  9.022534747271E+00
  9.136055442227E+00  9.251004051744E+00  9.367398536775E+00  9.485257084196E+00
  9.604598109644E+00  9.725440260398E+00  9.847802418288E+00  9.971703702653E+00
  1.009716347332E+01  1.022420133363E+01  1.035283713351E+01  1.048309097257E+01
  1.061498320322E+01  1.074853443392E+01  1.088376553229E+01  1.102069762848E+01
  1.115935211841E+01  1.129975066712E+01  1.144191521217E+01  1.158586796706E+01
  1.173163142471E+01  1.187922836094E+01  1.202868183808E+01  1.218001520854E+01
  1.233325211847E+01  1.248841651145E+01  1.264553263222E+01  1.280462503051E+01
  1.296571856481E+01  1.312883840633E+01  1.329401004288E+01  1.346125928284E+01
  1.363061225927E+01  1.380209543391E+01  1.397573560135E+01  1.415155989322E+01
  1.432959578243E+01  1.450987108744E+01  1.469241397663E+01  1.487725297272E+01
  1.506441695716E+01  1.525393517470E+01  1.544583723797E+01  1.564015313203E+01
  1.583691321916E+01  1.603614824350E+01  1.623788933595E+01  1.644216801894E+01
  1.664901621146E+01  1.685846623394E+01  1.707055081337E+01  1.728530308842E+01
  1.750275661454E+01  1.772294536931E+01  1.794590375766E+01  1.817166661729E+01
  1.840026922412E+01  1.863174729775E+01  1.886613700712E+01  1.910347497608E+01
  1.934379828919E+01  1.958714449745E+01  1.983355162419E+01  2.008305817104E+01
  2.033570312390E+01  2.059152595905E+01  2.085056664934E+01  2.111286567039E+01
  2.137846400698E+01  2.164740315937E+01  2.191972514985E+01  2.219547252930E+01
  2.247468838379E+01  2.275741634138E+01  2.304370057889E+01  2.333358582880E+01
  2.362711738628E+01  2.392434111623E+01  2.422530346047E+01  2.453005144497E+01
  2.483863268722E+01  2.515109540368E+01  2.546748841727E+01  2.578786116505E+01
  2.611226370592E+01  2.644074672842E+01  2.677336155871E+01  2.711016016852E+01
  2.745119518332E+01  2.779651989053E+01  2.814618824784E+01  2.850025489163E+01
  2.885877514555E+01  2.922180502910E+01  2.958940126645E+01  2.996162129526E+01
  3.033852327567E+01  3.072016609937E+01  3.110660939884E+01  3.149791355662E+01
  3.189413971478E+01  3.229534978448E+01  3.270160645560E+01  3.311297320656E+01
  3.352951431427E+01  3.395129486412E+01  3.437838076018E+01  3.481083873548E+01
  3.524873636246E+01  3.569214206353E+01  3.614112512172E+01  3.659575569156E+01
  3.705610480998E+01  3.752224440748E+01  3.799424731932E+01  3.847218729691E+01
  3.895613901935E+01  3.944617810508E+01  3.994238112370E+01  4.044482560795E+01
  4.095359006579E+01  4.146875399272E+01  4.199039788413E+01  4.251860324795E+01
  4.305345261734E+01  4.359502956361E+01  4.414341870925E+01  4.469870574119E+01
  4.526097742415E+01  4.583032161422E+01  4.640682727260E+01  4.699058447947E+01
  4.758168444808E+01  4.818021953899E+01  4.878628327455E+01  4.939997035343E+01
  5.002137666549E+01  5.065059930674E+01  5.128773659448E+01  5.193288808273E+01
  5.258615457771E+01  5.324763815364E+01  5.391744216867E+01  5.459567128105E+01
  5.528243146545E+01  5.597783002955E+01  5.668197563079E+01  5.739497829335E+01
  5.811694942536E+01  5.884800183626E+01  5.958824975448E+01  6.033780884527E+01
  6.109679622877E+01  6.186533049828E+01  6.264353173886E+01  6.343152154604E+01
  6.422942304482E+01  6.503736090894E+01  6.585546138032E+01  6.668385228885E+01
  6.752266307227E+01  6.837202479648E+01  6.923207017598E+01  7.010293359461E+01
  7.098475112655E+01  7.187766055759E+01  7.278180140663E+01  7.369731494753E+01
  7.462434423113E+01  7.556303410766E+01  7.651353124931E+01  7.747598417320E+01
  7.845054326455E+01  7.943736080020E+01  8.043659097241E+01  8.144838991291E+01
  8.247291571736E+01  8.351032846999E+01  8.456079026865E+01  8.562446525015E+01
  8.670151961586E+01  8.779212165771E+01  8.889644178449E+01  9.001465254848E+01
  9.114692867237E+01  9.229344707662E+01  9.345438690705E+01  9.462992956289E+01
  9.582025872505E+01  9.702556038490E+01  9.824602287327E+01  9.948183688990E+01
  1.007331955333E+02  1.020002943307E+02  1.032833312689E+02  1.045825068251E+02
  1.058980239981E+02  1.072300883400E+02  1.085789079888E+02  1.099446937001E+02
  1.113276588808E+02  1.127280196221E+02  1.141459947330E+02  1.155818057752E+02
  1.170356770970E+02
 Pseudopotential follows (l on next line)
 0
 -1.329279693552E-04 -2.675279667314E-04 -4.038210236519E-04 -5.418284361842E-04
 -6.815717682673E-04 -8.230728550812E-04 -9.663538064585E-04 -1.111437010339E-03
 -1.258345136270E-03 -1.407101138943E-03 -1.557728261787E-03 -1.710250040597E-03
 -1.864690307210E-03 -2.021073193233E-03 -2.179423133809E-03 -2.339764871439E-03
 -2.502123459846E-03 -2.666524267890E-03 -2.832992983531E-03 -3.001555617844E-03
 -3.172238509085E-03 -3.345068326802E-03 -3.520072076006E-03 -3.697277101389E-03
 -3.876711091596E-03 -4.058402083554E-03 -4.242378466850E-03 -4.428668988168E-03
 -4.617302755780E-03 -4.808309244097E-03 -5.001718298272E-03 -5.197560138862E-03
 -5.395865366553E-03 -5.596664966941E-03 -5.799990315372E-03 -6.005873181846E-03
 -6.214345735978E-03 -6.425440552030E-03 -6.639190613996E-03 -6.855629320758E-03
 -7.074790491305E-03 -7.296708370016E-03 -7.521417632009E-03 -7.748953388566E-03
 -7.979351192609E-03 -8.212647044267E-03 -8.448877396489E-03 -8.688079160748E-03
 -8.930289712808E-03 -9.175546898560E-03 -9.423889039937E-03 -9.675354940906E-03
 -9.929983893524E-03 -1.018781568408E-02 -1.044889059933E-02 -1.071324943274E-02
 -1.098093349093E-02 -1.125198460007E-02 -1.152644511245E-02 -1.180435791309E-02
 -1.208576642642E-02 -1.237071462310E-02 -1.265924702687E-02 -1.295140872149E-02
 -1.324724535783E-02 -1.354680316097E-02 -1.385012893741E-02 -1.415727008244E-02
 -1.446827458748E-02 -1.478319104761E-02 -1.510206866917E-02 -1.542495727744E-02
 -1.575190732443E-02 -1.608296989674E-02 -1.641819672357E-02 -1.675764018479E-02
 -1.710135331915E-02 -1.744938983251E-02 -1.780180410629E-02 -1.815865120593E-02
 -1.851998688952E-02 -1.888586761650E-02 -1.925635055647E-02 -1.963149359815E-02
 -2.001135535840E-02 -2.039599519139E-02 -2.078547319789E-02 -2.117985023461E-02
 -2.157918792378E-02 -2.198354866272E-02 -2.239299563362E-02 -2.280759281340E-02
 -2.322740498372E-02 -2.365249774108E-02 -2.408293750708E-02 -2.451879153883E-02
 -2.496012793939E-02 -2.540701566848E-02 -2.585952455321E-02 -2.631772529902E-02
 -2.678168950071E-02 -2.725148965363E-02 -2.772719916500E-02 -2.820889236541E-02
 -2.869664452040E-02 -2.919053184223E-02 -2.969063150181E-02 -3.019702164072E-02
 -3.070978138346E-02 -3.122899084977E-02 -3.175473116719E-02 -3.228708448372E-02
 -3.282613398064E-02 -3.337196388554E-02 -3.392465948544E-02 -3.448430714017E-02
 -3.505099429580E-02 -3.562480949835E-02 -3.620584240763E-02 -3.679418381120E-02
 -3.738992563860E-02 -3.799316097571E-02 -3.860398407927E-02 -3.922249039164E-02
 -3.984877655569E-02 -4.048294042991E-02 -4.112508110368E-02 -4.177529891280E-02
 -4.243369545513E-02 -4.310037360646E-02 -4.377543753660E-02 -4.445899272568E-02
 -4.515114598058E-02 -4.585200545166E-02 -4.656168064963E-02 -4.728028246269E-02
 -4.800792317383E-02 -4.874471647839E-02 -4.949077750183E-02 -5.024622281770E-02
 -5.101117046587E-02 -5.178573997096E-02 -5.257005236104E-02 -5.336423018650E-02
 -5.416839753926E-02 -5.498268007210E-02 -5.580720501832E-02 -5.664210121161E-02
 -5.748749910622E-02 -5.834353079727E-02 -5.921033004147E-02 -6.008803227796E-02
 -6.097677464949E-02 -6.187669602388E-02 -6.278793701567E-02 -6.371064000811E-02
 -6.464494917543E-02 -6.559101050534E-02 -6.654897182183E-02 -6.751898280833E-02
 -6.850119503101E-02 -6.949576196254E-02 -7.050283900602E-02 -7.152258351929E-02
 -7.255515483950E-02 -7.360071430803E-02 -7.465942529567E-02 -7.573145322815E-02
 -7.681696561204E-02 -7.791613206085E-02 -7.902912432156E-02 -8.015611630150E-02
 -8.129728409543E-02 -8.245280601317E-02 -8.362286260735E-02 -8.480763670170E-02
 -8.600731341958E-02 -8.722208021293E-02 -8.845212689152E-02 -8.969764565264E-02
 -9.095883111115E-02 -9.223588032983E-02 -9.352899285022E-02 -9.483837072378E-02
 -9.616421854348E-02 -9.750674347573E-02 -9.886615529278E-02 -1.002426664055E-01
 -1.016364918965E-01 -1.030478495540E-01 -1.044769599053E-01 -1.059240462519E-01
 -1.073893347041E-01 -1.088730542160E-01 -1.103754366219E-01 -1.118967166720E-01
 -1.134371320696E-01 -1.149969235076E-01 -1.165763347066E-01 -1.181756124529E-01
 -1.197950066368E-01 -1.214347702919E-01 -1.230951596347E-01 -1.247764341044E-01
 -1.264788564036E-01 -1.282026925391E-01 -1.299482118640E-01 -1.317156871190E-01
 -1.335053944760E-01 -1.353176135802E-01 -1.371526275945E-01 -1.390107232437E-01
 -1.408921908591E-01 -1.427973244236E-01 -1.447264216183E-01 -1.466797838687E-01
 -1.486577163914E-01 -1.506605282425E-01 -1.526885323655E-01 -1.547420456400E-01
 -1.568140322967E-01 -1.589194317364E-01 -1.610513138410E-01 -1.632100117212E-01
 -1.653958626782E-01 -1.676092082555E-01 -1.698503942929E-01 -1.721197709803E-01
 -1.744176929123E-01 -1.767445191440E-01 -1.791006132467E-01 -1.814863433649E-01
 -1.839020822738E-01 -1.863482074375E-01 -1.888251010680E-01 -1.913331501850E-01
 -1.938727466763E-01 -1.964442873590E-01 -1.990481740416E-01 -2.016848135866E-01
 -2.043546179744E-01 -2.070580043673E-01 -2.097953951749E-01 -2.125672181201E-01
 -2.153739063059E-01 -2.182158982831E-01 -2.210832659269E-01 -2.239970665717E-01
 -2.269475183166E-01 -2.299350821758E-01 -2.329602249623E-01 -2.360234193607E-01
 -2.391251440013E-01 -2.422658835351E-01 -2.454461287089E-01 -2.486663764425E-01
 -2.519271299062E-01 -2.552288985993E-01 -2.585721984299E-01 -2.619575517955E-01
 -2.653854876642E-01 -2.688439281681E-01 -2.723584777526E-01 -2.759172349287E-01
 -2.795207557595E-01 -2.831696033025E-01 -2.868643476974E-01 -2.906055662557E-01
 -2.943938435504E-01 -2.982297715074E-01 -3.021139494983E-01 -3.060326254686E-01
 -3.100149450442E-01 -3.140473560336E-01 -3.181304885092E-01 -3.222649804687E-01
 -3.264514779351E-01 -3.306906350569E-01 -3.349831142112E-01 -3.393136648572E-01
 -3.437146021382E-01 -3.481708963954E-01 -3.526832439341E-01 -3.572523498176E-01
 -3.618789279781E-01 -3.665465014543E-01 -3.712899794150E-01 -3.760931229833E-01
 -3.809566826602E-01 -3.858814183869E-01 -3.908497585201E-01 -3.958989275863E-01
 -4.010116073809E-01 -4.061885967705E-01 -4.114113977390E-01 -4.167191941519E-01
 -4.220937544248E-01 -4.275359183436E-01 -4.330262140211E-01 -4.386058851174E-01
 -4.442557398362E-01 -4.499766609788E-01 -4.557481528533E-01 -4.616136245203E-01
 -4.675528747384E-01 -4.735446056473E-01 -4.796339228977E-01 -4.857770332488E-01
 -4.920202092612E-01 -4.983419147604E-01 -5.047194462264E-01 -5.112008822267E-01
 -5.177395410580E-01 -5.243847434544E-01 -5.310886008110E-01 -5.379017074728E-01
 -5.447749373792E-01 -5.517601907266E-01 -5.588070726708E-01 -5.659688223162E-01
 -5.731937439146E-01 -5.805364493712E-01 -5.879439091002E-01 -5.954441834952E-01
 -6.030667525563E-01 -6.107565223321E-01 -6.185426442903E-01 -6.264263257763E-01
 -6.344087892637E-01 -6.425214477872E-01 -6.507055899563E-01 -6.589922790790E-01
 -6.673828001234E-01 -6.758784541589E-01 -6.844805585576E-01 -6.931904471987E-01
 -7.020094706753E-01 -7.109389965042E-01 -7.199465820300E-01 -7.291008521388E-01
 -7.383698253933E-01 -7.477198002227E-01 -7.572220614177E-01 -7.668433862425E-01
 -7.765487660950E-01 -7.863752814142E-01 -7.963618812848E-01 -8.064356995143E-01
 -8.166352520306E-01 -8.269621082219E-01 -8.374572390176E-01 -8.480041073657E-01
 -8.587224880137E-01 -8.695746482262E-01 -8.805622578046E-01 -8.916450535471E-01
 -9.029081209355E-01 -9.142687380059E-01 -9.258141688668E-01 -9.374595719102E-01
 -9.492497534050E-01 -9.611865132581E-01 -9.732716737500E-01 -9.854606615056E-01
 -9.978475908985E-01 -1.010340911447E+00 -1.022988933499E+00 -1.035793572520E+00
 -1.048756767683E+00 -1.061880482166E+00 -1.075115995213E+00 -1.088566091308E+00
 -1.102130730699E+00 -1.115862659213E+00 -1.129710606037E+00 -1.143782649249E+00
 -1.157973541554E+00 -1.172338730519E+00 -1.186824262727E+00 -1.201543779431E+00
 -1.216386556937E+00 -1.231410881188E+00 -1.246559976705E+00 -1.261893588109E+00
 -1.277413961023E+00 -1.293062100327E+00 -1.308900020835E+00 -1.324930021751E+00
 -1.341090801931E+00 -1.357446731548E+00 -1.373934912357E+00 -1.390621323376E+00
 -1.407441427740E+00 -1.424462852937E+00 -1.441619380884E+00 -1.458980328130E+00
 -1.476477751655E+00 -1.494182698658E+00 -1.511953290160E+00 -1.530005764961E+00
 -1.548123325127E+00 -1.566452739238E+00 -1.584920580084E+00 -1.603526458045E+00
 -1.622269939793E+00 -1.641229357634E+00 -1.660247563705E+00 -1.679482630020E+00
 -1.698855163838E+00 -1.718281657026E+00 -1.737926132129E+00 -1.757621026776E+00
 -1.777534452758E+00 -1.797494491192E+00 -1.817496936299E+00 -1.837716181629E+00
 -1.857973518070E+00 -1.878356038151E+00 -1.898769713176E+00 -1.919303710188E+00
 -1.939861462452E+00 -1.960534259312E+00 -1.981125339368E+00 -2.001823283215E+00
 -2.022626262994E+00 -2.043329701251E+00 -2.064026542325E+00 -2.084710729445E+00
 -2.105376022044E+00 -2.126015991680E+00 -2.146624017884E+00 -2.167084017350E+00
 -2.187495478064E+00 -2.207739080420E+00 -2.227916553738E+00 -2.247790356543E+00
 -2.267576498013E+00 -2.287266669815E+00 -2.306613724673E+00 -2.325720654398E+00
 -2.344573748476E+00 -2.363035050864E+00 -2.381210867117E+00 -2.399086311588E+00
 -2.416517475820E+00 -2.433614073736E+00 -2.450228064263E+00 -2.466337898225E+00
 -2.481921477218E+00 -2.496956142145E+00 -2.511279970427E+00 -2.525144777805E+00
 -2.538246975146E+00 -2.550700165835E+00 -2.562478639724E+00 -2.573408383531E+00
 -2.583456812553E+00 -2.592741958496E+00 -2.601082018649E+00 -2.608442023810E+00
 -2.614786153295E+00 -2.620236925008E+00 -2.624440356546E+00 -2.627678441305E+00
 -2.629752644481E+00 -2.630622698190E+00 -2.630247374904E+00 -2.628584468032E+00
 -2.625590772139E+00 -2.621398066439E+00 -2.615789523567E+00 -2.608718903003E+00
 -2.600321632004E+00 -2.590371149735E+00 -2.579192770325E+00 -2.566370568640E+00
 -2.552237237088E+00 -2.536365399969E+00 -2.519292306170E+00 -2.500586264047E+00
 -2.480602841702E+00 -2.459103196785E+00 -2.436251738669E+00 -2.412012633193E+00
 -2.386349293051E+00 -2.359654525848E+00 -2.331688672468E+00 -2.302641780834E+00
 -2.272714419543E+00 -2.241643135594E+00 -2.209884488501E+00 -2.177408733918E+00
 -2.144396289147E+00 -2.110965712649E+00 -2.077289883768E+00 -2.043526096034E+00
 -2.009839482046E+00 -1.976428254059E+00 -1.943500217082E+00 -1.911221802655E+00
 -1.879870865343E+00 -1.849633205344E+00 -1.820729405130E+00 -1.793389801340E+00
 -1.767882062738E+00 -1.744402683195E+00 -1.723184024254E+00 -1.704467971627E+00
 -1.688448832869E+00 -1.675328104863E+00 -1.665285255160E+00 -1.658476071034E+00
 -1.655000781092E+00 -1.654961456291E+00 -1.658431106547E+00 -1.665357806337E+00
 -1.675715334902E+00 -1.689344395557E+00 -1.706139436076E+00 -1.725756032171E+00
 -1.747896131007E+00 -1.772109024200E+00 -1.797919001144E+00 -1.824755308320E+00
 -1.851911907069E+00 -1.878717354811E+00 -1.904430303280E+00 -1.928199773493E+00
 -1.949354228782E+00 -1.967190310536E+00 -1.981198571251E+00 -1.991153270817E+00
 -1.997053496847E+00 -1.999647606822E+00 -2.000003627733E+00 -2.000010821147E+00
 -1.999985708989E+00 -2.000013571936E+00 -2.000016908595E+00 -1.999998792757E+00
 -2.000005248674E+00 -1.999997863912E+00 -1.999980124977E+00 -2.000000117547E+00
 -2.000018266012E+00 -1.999992914383E+00 -2.000018745814E+00 -2.000008229682E+00
 -2.000011322709E+00 -1.999984625850E+00 -1.999979553163E+00 -2.000000943239E+00
 -2.000004045474E+00 -1.999992167178E+00 -2.000019771204E+00 -1.999989032928E+00
 -2.000006373003E+00 -2.000024655247E+00 -1.999994272865E+00 -2.000026017500E+00
 -2.000016256355E+00 -2.000023104636E+00 -1.999994806207E+00 -1.999991138859E+00
 -2.000017051081E+00 -2.000019115877E+00 -2.000000424346E+00 -2.000024229183E+00
 -1.999974568770E+00 -1.999975770027E+00 -1.999971450745E+00 -2.000028518752E+00
 -2.000025479143E+00 -2.000028750153E+00 -1.999977045524E+00 -2.000004994743E+00
 -1.999985255764E+00 -1.999988049164E+00 -2.000018236002E+00 -2.000011092598E+00
 -1.999969195161E+00 -1.999966759221E+00 -2.000009294622E+00 -2.000029163802E+00
 -2.000029489855E+00 -2.000013524441E+00 -1.999984651110E+00 -2.000023487635E+00
 -1.999980464140E+00 -2.000014573199E+00 -1.999972651811E+00 -2.000017919442E+00
 -1.999993536476E+00 -1.999983956299E+00 -1.999993746509E+00 -2.000027639867E+00
 -2.000004253206E+00 -2.000012775244E+00 -1.999969947396E+00 -1.999967407062E+00
 -2.000010691568E+00 -2.000013674567E+00 -1.999978809250E+00 -2.000002840328E+00
 -1.999996638034E+00 -1.999963044330E+00 -2.000002803243E+00 -2.000023683579E+00
 -2.000028947969E+00 -2.000021991100E+00 -2.000006343121E+00 -1.999985673105E+00
 -1.999963792598E+00 -2.000051385560E+00 -2.000040449824E+00 -2.000040646504E+00
 -1.999945587735E+00 -1.999980071938E+00 -2.000039414792E+00 -2.000013488318E+00
 -2.000019527761E+00 -1.999944788466E+00 -2.000029090929E+00 -2.000040579888E+00
 -1.999980458191E+00 -1.999974015063E+00 -2.000027297055E+00 -2.000019406379E+00
 -1.999951999621E+00 -1.999957191760E+00 -2.000041746412E+00 -1.999945311109E+00
 -1.999935704584E+00 -2.000020241022E+00 -2.000067691177E+00 -1.999940080922E+00
 -2.000061646769E+00 -2.000013597117E+00 -1.999939357104E+00 -1.999989682410E+00
 -2.000023709726E+00 -2.000044789388E+00 -2.000056405932E+00 -2.000062181533E+00
 -2.000065879520E+00 -2.000071407966E+00 -1.999921578362E+00 -1.999941060476E+00
 -1.999974977231E+00 -2.000027852771E+00 -1.999934860347E+00 -2.000037752474E+00
 -2.000000341121E+00 -1.999997263779E+00 -2.000033822449E+00 -1.999935052080E+00
 -2.000065257412E+00 -2.000067075987E+00 -1.999939587601E+00 -2.000061308774E+00
 -2.000061510352E+00 -1.999939535148E+00 -2.000088671154E+00 -1.999924894604E+00
 -2.000005752141E+00 -1.999996919677E+00 -2.000002488800E+00 -2.000006028110E+00
 -1.999990215286E+00 -2.000001299188E+00 -2.000000754214E+00 -1.999992122826E+00
 -2.000001405366E+00 -2.000010669077E+00 -2.000001011427E+00 -1.999998871946E+00
 -2.000008525284E+00 -2.000010645305E+00 -2.000008929218E+00 -2.000007217304E+00
 -2.000009496540E+00 -1.999994927475E+00 -1.999992150047E+00 -2.000005602015E+00
 -1.999988020059E+00 -1.999994727467E+00 -2.000004046890E+00 -1.999993136689E+00
 -1.999992475579E+00 -2.000006440946E+00 -2.000011618967E+00 -2.000011656589E+00
 -2.000010342545E+00 -2.000011610950E+00 -1.999990160155E+00 -2.000008626134E+00
 -2.000012252900E+00 -2.000004456496E+00 -1.999988788921E+00 -2.000000221912E+00
 -2.000012096621E+00 -1.999996336633E+00 -1.999988353730E+00 -1.999992433488E+00
 -2.000013019450E+00 -1.999987283197E+00 -1.999985733295E+00 -2.000013279148E+00
 -2.000004992831E+00 -1.999998939036E+00 -1.999999190176E+00 -2.000009971233E+00
 -1.999998863046E+00 -2.000006281930E+00 -1.999999184124E+00 -1.999981002196E+00
 -1.999993992716E+00 -2.000004150345E+00 -2.000015345784E+00 -1.999991431021E+00
 -2.000016402235E+00 -2.000013733351E+00 -1.999986353004E+00 -1.999979539225E+00
 -1.999998064781E+00 -2.000003577894E+00 -1.999999562123E+00 -1.999989638670E+00
 -1.999977569897E+00 -2.000012777746E+00 -2.000008860643E+00 -2.000014975730E+00
 -1.999988232514E+00 -1.999979219953E+00 -1.999992603089E+00 -1.999984154411E+00
 -2.000006703975E+00 -2.000015106501E+00 -2.000012800385E+00 -2.000003360517E+00
 -1.999990501764E+00 -1.999978082538E+00 -2.000023655159E+00 -2.000024956272E+00
 -1.999984276276E+00 -2.000015199164E+00 -2.000011844515E+00 -1.999976886765E+00
 -2.000028552687E+00 -1.999998779802E+00 -2.000006810402E+00 -1.999998144701E+00
 -1.999976131379E+00 -2.000005693733E+00 -2.000030557908E+00 -1.999991519191E+00
 -2.000017713235E+00 -1.999986421453E+00 -2.000030250824E+00 -2.000023581676E+00
 -1.999968469818E+00 -2.000002877856E+00 -1.999996679104E+00 -2.000021928708E+00
 -2.000013301206E+00 -1.999973488388E+00 -1.999977581986E+00 -2.000031240055E+00
 -1.999992088804E+00 -2.000010671407E+00 -2.000017178889E+00 -2.000015128817E+00
 -2.000008177254E+00 -2.000000122284E+00 -1.999994907626E+00 -1.999996626313E+00
 -2.000009524453E+00 -2.000038005069E+00 -2.000002651221E+00 -1.999990059577E+00
 -2.000005087886E+00 -1.999965576260E+00 -1.999961728041E+00 -1.999998889684E+00
 -1.999992070418E+00 -2.000035235245E+00 -2.000041441795E+00 -2.000013256615E+00
 -1.999953360722E+00 -1.999960913064E+00 -2.000042469123E+00 -2.000007199729E+00
 -1.999954681840E+00 -1.999989564226E+00 -2.000016576239E+00 -2.000039385842E+00
 -1.999956630899E+00 -1.999981289051E+00 -2.000013599805E+00 -1.999948630367E+00
 -2.000007805557E+00 -1.999975911296E+00 -1.999966828157E+00 -1.999985413610E+00
 -2.000036697524E+00 -2.000008190407E+00 -2.000020014759E+00 -1.999957011985E+00
 -1.999942527752E+00 -1.999982404348E+00 -1.999957394295E+00 -1.999995874347E+00
 -1.999975774770E+00 -2.000028922672E+00 -2.000030362120E+00 -1.999982097847E+00
 -2.000021280201E+00 -2.000018469347E+00 -1.999976043244E+00 -2.000036695454E+00
 -2.000066347742E+00 -2.000067782675E+00 -2.000043902654E+00 -1.999997733046E+00
 -1.999932425394E+00 -2.000002386762E+00 -2.000063706857E+00 -1.999965055447E+00
 -2.000018149986E+00 -2.000073870227E+00 -1.999975397938E+00 -2.000046662701E+00
 -1.999968206146E+00 -2.000072366856E+00 -2.000031811434E+00 -2.000016259313E+00
 -2.000030654499E+00 -2.000080115606E+00 -1.999992147268E+00 -1.999945550322E+00
 -1.999945908929E+00 -1.999998998150E+00 -1.999923879811E+00 -1.999908931382E+00
 -1.999960440109E+00 -2.000084901774E+00 -2.000092533654E+00 -1.999982848835E+00
 -1.999997157396E+00 -2.000001371177E+00 -1.999999083357E+00 -1.999994027520E+00
 -1.999990081227E+00 -1.999991269665E+00 -2.000001769372E+00 -2.000003923099E+00
 -2.000001391794E+00 -1.999997978531E+00 -1.999997632115E+00 -2.000004450773E+00
 -1.999999278775E+00
 Pseudopotential follows (l on next line)
 1
 -9.537614539045E-05 -1.919394250218E-04 -2.897046917816E-04 -3.886869843847E-04
 -4.889015296982E-04 -5.903637450951E-04 -6.930892408380E-04 -7.971459610207E-04
 -9.024525234925E-04 -1.009070465404E-03 -1.117016194102E-03 -1.226386551605E-03
 -1.337045144519E-03 -1.449176889739E-03 -1.562616839946E-03 -1.677469931520E-03
 -1.793871221881E-03 -1.911611571136E-03 -2.030818866695E-03 -2.151652267968E-03
 -2.273856753709E-03 -2.397740959494E-03 -2.523018306952E-03 -2.649856900831E-03
 -2.778458134701E-03 -2.908486589598E-03 -3.040334748701E-03 -3.173633600565E-03
 -3.308810662724E-03 -3.445462480817E-03 -3.583817858414E-03 -3.724141931837E-03
 -3.865977939830E-03 -4.009844914392E-03 -4.155249429862E-03 -4.302748756070E-03
 -4.451811874753E-03 -4.602733838228E-03 -4.755849353836E-03 -4.910569221685E-03
 -5.067550593974E-03 -5.226164253572E-03 -5.387109086903E-03 -5.549714846518E-03
 -5.714348890856E-03 -5.881421859444E-03 -6.050200002693E-03 -6.221491222443E-03
 -6.394518092429E-03 -6.570134064813E-03 -6.747516930927E-03 -6.927112966557E-03
 -7.109415686211E-03 -7.293533572022E-03 -7.480439059732E-03 -7.669192960716E-03
 -7.860302300419E-03 -8.054324389568E-03 -8.250246260063E-03 -8.449167004639E-03
 -8.650022909786E-03 -8.853385668249E-03 -9.059880501097E-03 -9.268365156746E-03
 -9.480073553208E-03 -9.693809420529E-03 -9.910213289036E-03 -1.012998266958E-02
 -1.035183768861E-02 -1.057715578449E-02 -1.080459958125E-02 -1.103488288601E-02
 -1.126878016126E-02 -1.150486503520E-02 -1.174389752972E-02 -1.198670063976E-02
 -1.223175559680E-02 -1.247987040327E-02 -1.273191844089E-02 -1.298628501357E-02
 -1.324469672706E-02 -1.350547290641E-02 -1.376950563082E-02 -1.403775657534E-02
 -1.430844295036E-02 -1.458250986124E-02 -1.485999960294E-02 -1.514194856572E-02
 -1.542643171039E-02 -1.571446800781E-02 -1.600715238847E-02 -1.630244836036E-02
 -1.660143276877E-02 -1.690526132116E-02 -1.721178181360E-02 -1.752213117711E-02
 -1.783752821826E-02 -1.815570059942E-02 -1.847784763309E-02 -1.880401904721E-02
 -1.913552154550E-02 -1.946991543954E-02 -1.980848693924E-02 -2.015128831170E-02
 -2.049971866382E-02 -2.085116237565E-02 -2.120699700927E-02 -2.156727750059E-02
 -2.193350009678E-02 -2.230286422559E-02 -2.267684348446E-02 -2.305549561435E-02
 -2.344041898266E-02 -2.382861858150E-02 -2.422166896695E-02 -2.461963082827E-02
 -2.502256561399E-02 -2.543220673387E-02 -2.584530205549E-02 -2.626355964119E-02
 -2.668704407709E-02 -2.711582075735E-02 -2.754995589426E-02 -2.799135649144E-02
 -2.843643988203E-02 -2.888708574749E-02 -2.934336368096E-02 -2.980534414621E-02
 -3.027309848861E-02 -3.074669894607E-02 -3.122827220618E-02 -3.171381730012E-02
 -3.220543109419E-02 -3.270318951480E-02 -3.320716943830E-02 -3.371744870281E-02
 -3.423410612025E-02 -3.475722148856E-02 -3.528687560399E-02 -3.582315027365E-02
 -3.636612832809E-02 -3.691589363413E-02 -3.747499721717E-02 -3.803863009260E-02
 -3.860930863684E-02 -3.918712099899E-02 -3.977215643094E-02 -4.036450530120E-02
 -4.096425910885E-02 -4.157151049771E-02 -4.218635327062E-02 -4.280888240397E-02
 -4.343919406235E-02 -4.407738561348E-02 -4.472355564319E-02 -4.537780397069E-02
 -4.604023166400E-02 -4.670786412117E-02 -4.738691388486E-02 -4.807445330322E-02
 -4.877058859059E-02 -4.947542729012E-02 -5.018907829040E-02 -5.091165184227E-02
 -5.164325957592E-02 -5.238401451806E-02 -5.313403110947E-02 -5.389342522264E-02
 -5.465871062548E-02 -5.543716165346E-02 -5.622534594271E-02 -5.702338526585E-02
 -5.783140291895E-02 -5.864952374057E-02 -5.947395130600E-02 -6.031260366833E-02
 -6.116174246505E-02 -6.202149889138E-02 -6.289200578387E-02 -6.376918984218E-02
 -6.466154368149E-02 -6.556505580700E-02 -6.647986581914E-02 -6.740166610993E-02
 -6.833943550759E-02 -6.928893137732E-02 -7.025030042781E-02 -7.121898872783E-02
 -7.220448624483E-02 -7.320230735074E-02 -7.420770511452E-02 -7.523056997957E-02
 -7.626622592695E-02 -7.730972564935E-02 -7.837137536748E-02 -7.944630139473E-02
 -8.052934838906E-02 -8.163125423452E-02 -8.274147131920E-02 -8.387103442322E-02
 -8.501472347896E-02 -8.616701859715E-02 -8.733941405804E-02 -8.852061795569E-02
 -8.972244061243E-02 -9.093327912894E-02 -9.216526786937E-02 -9.340648506725E-02
 -9.466939733071E-02 -9.594175595302E-02 -9.723636819609E-02 -9.854065013540E-02
 -9.986775830934E-02 -1.012047650885E-01 -1.025651851287E-01 -1.039357383936E-01
 -1.053233330515E-01 -1.067352487460E-01 -1.081576600234E-01 -1.096050169873E-01
 -1.110631190459E-01 -1.125393517574E-01 -1.140414961116E-01 -1.155547709184E-01
 -1.170868628173E-01 -1.186458689889E-01 -1.202164054559E-01 -1.218064714410E-01
 -1.234244923949E-01 -1.250544585161E-01 -1.267046935523E-01 -1.283754496742E-01
 -1.300669821899E-01 -1.317882917583E-01 -1.335222719271E-01 -1.352778150891E-01
 -1.370551895133E-01 -1.388546668061E-01 -1.406765219524E-01 -1.425304950210E-01
 -1.443980698034E-01 -1.462888696646E-01 -1.482031835496E-01 -1.501413039978E-01
 -1.521035271875E-01 -1.540901529817E-01 -1.561014849731E-01 -1.581378305311E-01
 -1.601995008488E-01 -1.622868109900E-01 -1.644000799382E-01 -1.665396306443E-01
 -1.687057900770E-01 -1.708988892721E-01 -1.731192633831E-01 -1.753672517328E-01
 -1.776431978649E-01 -1.799354754517E-01 -1.822682280746E-01 -1.846299929919E-01
 -1.870211311379E-01 -1.894420079364E-01 -1.918929933570E-01 -1.943615166191E-01
 -1.968736785898E-01 -1.994170848067E-01 -2.019921239675E-01 -2.045855551125E-01
 -2.072248679171E-01 -2.098970067740E-01 -2.125882056195E-01 -2.153270422525E-01
 -2.180999430391E-01 -2.208925967390E-01 -2.237347108461E-01 -2.265970533151E-01
 -2.295101086369E-01 -2.324438795002E-01 -2.354296470590E-01 -2.384366293591E-01
 -2.414969243814E-01 -2.445789456614E-01 -2.477156286810E-01 -2.508745620951E-01
 -2.540895400837E-01 -2.573273055351E-01 -2.606051106044E-01 -2.639410983688E-01
 -2.673007027272E-01 -2.707018537320E-01 -2.741634063988E-01 -2.776494356066E-01
 -2.811785751987E-01 -2.847513583836E-01 -2.883683249627E-01 -2.920495774304E-01
 -2.957568092035E-01 -2.995098873262E-01 -3.033093788373E-01 -3.071558577868E-01
 -3.110499053227E-01 -3.149921097785E-01 -3.189830667621E-01 -3.230233792461E-01
 -3.271136576583E-01 -3.312545199741E-01 -3.354465918097E-01 -3.396905065168E-01
 -3.439869052779E-01 -3.483364372031E-01 -3.527397594285E-01 -3.571735416797E-01
 -3.616861404509E-01 -3.662545462075E-01 -3.708794491439E-01 -3.755362967578E-01
 -3.802759750195E-01 -3.850742685950E-01 -3.899056673255E-01 -3.948230390045E-01
 -3.997743117447E-01 -4.048137164215E-01 -4.098878374645E-01 -4.150523033284E-01
 -4.202523207348E-01 -4.255449510877E-01 -4.308739885139E-01 -4.362979636324E-01
 -4.417592222051E-01 -4.472876260062E-01 -4.528840004491E-01 -4.585801327713E-01
 -4.643153609877E-01 -4.701211024090E-01 -4.759982238297E-01 -4.819476026937E-01
 -4.879701272250E-01 -4.940666965605E-01 -5.002382208834E-01 -5.064856215591E-01
 -5.128098312726E-01 -5.192117941675E-01 -5.256924659865E-01 -5.322528142139E-01
 -5.388573176903E-01 -5.455795035206E-01 -5.523843342590E-01 -5.592349115109E-01
 -5.662076089168E-01 -5.732271436706E-01 -5.803718472327E-01 -5.875645052070E-01
 -5.948854564189E-01 -6.022555059664E-01 -6.097156243116E-01 -6.172669116284E-01
 -6.249104815171E-01 -6.326904896291E-01 -6.405225674561E-01 -6.484503577484E-01
 -6.564303379479E-01 -6.645525062000E-01 -6.727739298908E-01 -6.810958213034E-01
 -6.894723991006E-01 -6.979983246303E-01 -7.065802257112E-01 -7.153151841147E-01
 -7.241074377784E-01 -7.330064779754E-01 -7.420643087417E-01 -7.511814691787E-01
 -7.604093589524E-01 -7.696966568057E-01 -7.791493836083E-01 -7.887169111291E-01
 -7.983459360693E-01 -8.081465664197E-01 -8.180101249338E-01 -8.280495306716E-01
 -8.381533286629E-01 -8.483790643738E-01 -8.586692125386E-01 -8.691425016478E-01
 -8.797421808866E-01 -8.904085052858E-01 -9.012647754385E-01 -9.121892187502E-01
 -9.232446522761E-01 -9.343682087713E-01 -9.456895272034E-01 -9.571465844189E-01
 -9.686740887160E-01 -9.803389036414E-01 -9.921426603590E-01 -1.004017517543E+00
 -1.016103248470E+00 -1.028261656839E+00 -1.040563910592E+00 -1.053011705547E+00
 -1.065532751813E+00 -1.078200916631E+00 -1.091017920862E+00 -1.103985505383E+00
 -1.117027605942E+00 -1.130221859199E+00 -1.143570030300E+00 -1.156993086539E+00
 -1.170571606531E+00 -1.184307378522E+00 -1.198118285796E+00 -1.212087959184E+00
 -1.226132146240E+00 -1.240336562358E+00 -1.254703017547E+00 -1.269143971955E+00
 -1.283657885061E+00 -1.298334796667E+00 -1.313176512289E+00 -1.328090879517E+00
 -1.343076178355E+00 -1.358226988338E+00 -1.373447516194E+00 -1.388834695281E+00
 -1.404290240876E+00 -1.419812162479E+00 -1.435398392863E+00 -1.451150699666E+00
 -1.466965569938E+00 -1.482840744798E+00 -1.498881785082E+00 -1.514871820528E+00
 -1.530914892994E+00 -1.547120443688E+00 -1.563376563147E+00 -1.579565621640E+00
 -1.595913125872E+00 -1.612184872244E+00 -1.628611976596E+00 -1.644954154604E+00
 -1.661325932914E+00 -1.677600034537E+00 -1.694019152331E+00 -1.710330302828E+00
 -1.726653575957E+00 -1.742854804185E+00 -1.759056926411E+00 -1.775122159080E+00
 -1.791176355466E+00 -1.807078017632E+00 -1.822955980079E+00 -1.838664929423E+00
 -1.854194535072E+00 -1.869534188848E+00 -1.884818826453E+00 -1.899747452466E+00
 -1.914602131616E+00 -1.929073909434E+00 -1.943451696909E+00 -1.957573633107E+00
 -1.971269844869E+00 -1.984680611687E+00 -1.997953764892E+00 -2.010591928623E+00
 -2.023064675834E+00 -2.035028962259E+00 -2.046633163923E+00 -2.057862033906E+00
 -2.068526133935E+00 -2.078778874897E+00 -2.088425539085E+00 -2.097622954660E+00
 -2.106170975391E+00 -2.114229917540E+00 -2.121781439871E+00 -2.128617008429E+00
 -2.134902351975E+00 -2.140423117909E+00 -2.145348707428E+00 -2.149458784813E+00
 -2.152926499228E+00 -2.155729929933E+00 -2.157846642439E+00 -2.159253678241E+00
 -2.159927544373E+00 -2.159629121689E+00 -2.158848383801E+00 -2.157240791838E+00
 -2.154913804793E+00 -2.151867961343E+00 -2.148104445914E+00 -2.143671489143E+00
 -2.138549920707E+00 -2.132815258646E+00 -2.126451094915E+00 -2.119538197048E+00
 -2.112087847064E+00 -2.104162307181E+00 -2.095827381084E+00 -2.087101266893E+00
 -2.078107168438E+00 -2.068843347088E+00 -2.059441169224E+00 -2.049957911490E+00
 -2.040481028700E+00 -2.031102332198E+00 -2.021890146274E+00 -2.012972679711E+00
 -2.004398250009E+00 -1.996275302756E+00 -1.988717298057E+00 -1.981783288876E+00
 -1.975594972859E+00 -1.970157304461E+00 -1.965629304767E+00 -1.961989291945E+00
 -1.959308663063E+00 -1.957629368468E+00 -1.956961962565E+00 -1.957250655126E+00
 -1.958502495276E+00 -1.960622641344E+00 -1.963510506668E+00 -1.967094183931E+00
 -1.971157171631E+00 -1.975613341712E+00 -1.980192047780E+00 -1.984681400590E+00
 -1.988895555249E+00 -1.992639375216E+00 -1.995670355295E+00 -1.997925510569E+00
 -1.999378084784E+00 -1.999922224414E+00 -2.000003627733E+00 -2.000010821147E+00
 -1.999985708989E+00 -2.000013571936E+00 -2.000016908595E+00 -1.999998792757E+00
 -2.000005248674E+00 -1.999997863912E+00 -1.999980124977E+00 -2.000000117547E+00
 -2.000018266012E+00 -1.999992914383E+00 -2.000018745814E+00 -2.000008229682E+00
 -2.000011322709E+00 -1.999984625850E+00 -1.999979553163E+00 -2.000000943239E+00
 -2.000004045474E+00 -1.999992167178E+00 -2.000019771204E+00 -1.999989032928E+00
 -2.000006373003E+00 -2.000024655247E+00 -1.999994272865E+00 -2.000026017500E+00
 -2.000016256355E+00 -2.000023104636E+00 -1.999994806207E+00 -1.999991138859E+00
 -2.000017051081E+00 -2.000019115877E+00 -2.000000424346E+00 -2.000024229183E+00
 -1.999974568770E+00 -1.999975770027E+00 -1.999971450745E+00 -2.000028518752E+00
 -2.000025479143E+00 -2.000028750153E+00 -1.999977045524E+00 -2.000004994743E+00
 -1.999985255764E+00 -1.999988049164E+00 -2.000018236002E+00 -2.000011092598E+00
 -1.999969195161E+00 -1.999966759221E+00 -2.000009294622E+00 -2.000029163802E+00
 -2.000029489855E+00 -2.000013524441E+00 -1.999984651110E+00 -2.000023487635E+00
 -1.999980464140E+00 -2.000014573199E+00 -1.999972651811E+00 -2.000017919442E+00
 -1.999993536476E+00 -1.999983956299E+00 -1.999993746509E+00 -2.000027639867E+00
 -2.000004253206E+00 -2.000012775244E+00 -1.999969947396E+00 -1.999967407062E+00
 -2.000010691568E+00 -2.000013674567E+00 -1.999978809250E+00 -2.000002840328E+00
 -1.999996638034E+00 -1.999963044330E+00 -2.000002803243E+00 -2.000023683579E+00
 -2.000028947969E+00 -2.000021991100E+00 -2.000006343121E+00 -1.999985673105E+00
 -1.999963792598E+00 -2.000051385560E+00 -2.000040449824E+00 -2.000040646504E+00
 -1.999945587735E+00 -1.999980071938E+00 -2.000039414792E+00 -2.000013488318E+00
 -2.000019527761E+00 -1.999944788466E+00 -2.000029090929E+00 -2.000040579888E+00
 -1.999980458191E+00 -1.999974015063E+00 -2.000027297055E+00 -2.000019406379E+00
 -1.999951999621E+00 -1.999957191760E+00 -2.000041746412E+00 -1.999945311109E+00
 -1.999935704584E+00 -2.000020241022E+00 -2.000067691177E+00 -1.999940080922E+00
 -2.000061646769E+00 -2.000013597117E+00 -1.999939357104E+00 -1.999989682410E+00
 -2.000023709726E+00 -2.000044789388E+00 -2.000056405932E+00 -2.000062181533E+00
 -2.000065879520E+00 -2.000071407966E+00 -1.999921578362E+00 -1.999941060476E+00
 -1.999974977231E+00 -2.000027852771E+00 -1.999934860347E+00 -2.000037752474E+00
 -2.000000341121E+00 -1.999997263779E+00 -2.000033822449E+00 -1.999935052080E+00
 -2.000065257412E+00 -2.000067075987E+00 -1.999939587601E+00 -2.000061308774E+00
 -2.000061510352E+00 -1.999939535148E+00 -2.000088671154E+00 -1.999924894604E+00
 -2.000005752141E+00 -1.999996919677E+00 -2.000002488800E+00 -2.000006028110E+00
 -1.999990215286E+00 -2.000001299188E+00 -2.000000754214E+00 -1.999992122826E+00
 -2.000001405366E+00 -2.000010669077E+00 -2.000001011427E+00 -1.999998871946E+00
 -2.000008525284E+00 -2.000010645305E+00 -2.000008929218E+00 -2.000007217304E+00
 -2.000009496540E+00 -1.999994927475E+00 -1.999992150047E+00 -2.000005602015E+00
 -1.999988020059E+00 -1.999994727467E+00 -2.000004046890E+00 -1.999993136689E+00
 -1.999992475579E+00 -2.000006440946E+00 -2.000011618967E+00 -2.000011656589E+00
 -2.000010342545E+00 -2.000011610950E+00 -1.999990160155E+00 -2.000008626134E+00
 -2.000012252900E+00 -2.000004456496E+00 -1.999988788921E+00 -2.000000221912E+00
 -2.000012096621E+00 -1.999996336633E+00 -1.999988353730E+00 -1.999992433488E+00
 -2.000013019450E+00 -1.999987283197E+00 -1.999985733295E+00 -2.000013279148E+00
 -2.000004992831E+00 -1.999998939036E+00 -1.999999190176E+00 -2.000009971233E+00
 -1.999998863046E+00 -2.000006281930E+00 -1.999999184124E+00 -1.999981002196E+00
 -1.999993992716E+00 -2.000004150345E+00 -2.000015345784E+00 -1.999991431021E+00
 -2.000016402235E+00 -2.000013733351E+00 -1.999986353004E+00 -1.999979539225E+00
 -1.999998064781E+00 -2.000003577894E+00 -1.999999562123E+00 -1.999989638670E+00
 -1.999977569897E+00 -2.000012777746E+00 -2.000008860643E+00 -2.000014975730E+00
 -1.999988232514E+00 -1.999979219953E+00 -1.999992603089E+00 -1.999984154411E+00
 -2.000006703975E+00 -2.000015106501E+00 -2.000012800385E+00 -2.000003360517E+00
 -1.999990501764E+00 -1.999978082538E+00 -2.000023655159E+00 -2.000024956272E+00
 -1.999984276276E+00 -2.000015199164E+00 -2.000011844515E+00 -1.999976886765E+00
 -2.000028552687E+00 -1.999998779802E+00 -2.000006810402E+00 -1.999998144701E+00
 -1.999976131379E+00 -2.000005693733E+00 -2.000030557908E+00 -1.999991519191E+00
 -2.000017713235E+00 -1.999986421453E+00 -2.000030250824E+00 -2.000023581676E+00
 -1.999968469818E+00 -2.000002877856E+00 -1.999996679104E+00 -2.000021928708E+00
 -2.000013301206E+00 -1.999973488388E+00 -1.999977581986E+00 -2.000031240055E+00
 -1.999992088804E+00 -2.000010671407E+00 -2.000017178889E+00 -2.000015128817E+00
 -2.000008177254E+00 -2.000000122284E+00 -1.999994907626E+00 -1.999996626313E+00
 -2.000009524453E+00 -2.000038005069E+00 -2.000002651221E+00 -1.999990059577E+00
 -2.000005087886E+00 -1.999965576260E+00 -1.999961728041E+00 -1.999998889684E+00
 -1.999992070418E+00 -2.000035235245E+00 -2.000041441795E+00 -2.000013256615E+00
 -1.999953360722E+00 -1.999960913064E+00 -2.000042469123E+00 -2.000007199729E+00
 -1.999954681840E+00 -1.999989564226E+00 -2.000016576239E+00 -2.000039385842E+00
 -1.999956630899E+00 -1.999981289051E+00 -2.000013599805E+00 -1.999948630367E+00
 -2.000007805557E+00 -1.999975911296E+00 -1.999966828157E+00 -1.999985413610E+00
 -2.000036697524E+00 -2.000008190407E+00 -2.000020014759E+00 -1.999957011985E+00
 -1.999942527752E+00 -1.999982404348E+00 -1.999957394295E+00 -1.999995874347E+00
 -1.999975774770E+00 -2.000028922672E+00 -2.000030362120E+00 -1.999982097847E+00
 -2.000021280201E+00 -2.000018469347E+00 -1.999976043244E+00 -2.000036695454E+00
 -2.000066347742E+00 -2.000067782675E+00 -2.000043902654E+00 -1.999997733046E+00
 -1.999932425394E+00 -2.000002386762E+00 -2.000063706857E+00 -1.999965055447E+00
 -2.000018149986E+00 -2.000073870227E+00 -1.999975397938E+00 -2.000046662701E+00
 -1.999968206146E+00 -2.000072366856E+00 -2.000031811434E+00 -2.000016259313E+00
 -2.000030654499E+00 -2.000080115606E+00 -1.999992147268E+00 -1.999945550322E+00
 -1.999945908929E+00 -1.999998998150E+00 -1.999923879811E+00 -1.999908931382E+00
 -1.999960440109E+00 -2.000084901774E+00 -2.000092533654E+00 -1.999982848835E+00
 -1.999997157396E+00 -2.000001371177E+00 -1.999999083357E+00 -1.999994027520E+00
 -1.999990081227E+00 -1.999991269665E+00 -2.000001769372E+00 -2.000003923099E+00
 -2.000001391794E+00 -1.999997978531E+00 -1.999997632115E+00 -2.000004450773E+00
 -1.999999278775E+00
 Core charge follows
  0.000000000000E+00  0.000000000000E+00  0.000000000000E+00  0.000000000000E+00
  0.000000000000E+00  0.000000000000E+00  0.000000000000E+00  0.000000000000E+00
  0.000000000000E+00  0.000000000000E+00  0.000000000000E+00  0.000000000000E+00
  0.000000000000E+00  0.000000000000E+00  0.000000000000E+00  0.000000000000E+00
  0.000000000000E+00  0.000000000000E+00  0.000000000000E+00  0.000000000000E+00
  0.000000000000E+00  0.000000000000E+00  0.000000000000E+00  0.000000000000E+00
  0.000000000000E+00  0.000000000000E+00  0.000000000000E+00  0.000000000000E+00
  0.000000000000E+00  0.000000000000E+00  0.000000000000E+00  0.000000000000E+00
  0.000000000000E+00  0.000000000000E+00  0.000000000000E+00  0.000000000000E+00
  0.000000000000E+00  0.000000000000E+00  0.000000000000E+00  0.000000000000E+00
  0.000000000000E+00  0.000000000000E+00  0.000000000000E+00  0.000000000000E+00
  0.000000000000E+00  0.000000000000E+00  0.000000000000E+00  0.000000000000E+00
  0.000000000000E+00  0.000000000000E+00  0.000000000000E+00  0.000000000000E+00
  0.000000000000E+00  0.000000000000E+00  0.000000000000E+00  0.000000000000E+00
  0.000000000000E+00  0.000000000000E+00  0.000000000000E+00  0.000000000000E+00
  0.000000000000E+00  0.000000000000E+00  0.000000000000E+00  0.000000000000E+00
  0.000000000000E+00  0.000000000000E+00  0.000000000000E+00  0.000000000000E+00
  0.000000000000E+00  0.000000000000E+00  0.000000000000E+00  0.000000000000E+00
  0.000000000000E+00  0.000000000000E+00  0.000000000000E+00  0.000000000000E+00
  0.000000000000E+00  0.000000000000E+00  0.000000000000E+00  0.000000000000E+00
  0.000000000000E+00  0.000000000000E+00  0.000000000000E+00  0.000000000000E+00
  0.000000000000E+00  0.000000000000E+00  0.000000000000E+00  0.000000000000E+00
  0.000000000000E+00  0.000000000000E+00  0.000000000000E+00  0.000000000000E+00
  0.000000000000E+00  0.000000000000E+00  0.000000000000E+00  0.000000000000E+00
  0.000000000000E+00  0.000000000000E+00  0.000000000000E+00  0.000000000000E+00
  0.000000000000E+00  0.000000000000E+00  0.000000000000E+00  0.000000000000E+00
  0.000000000000E+00  0.000000000000E+00  0.000000000000E+00  0.000000000000E+00
  0.000000000000E+00  0.000000000000E+00  0.000000000000E+00  0.000000000000E+00
  0.000000000000E+00  0.000000000000E+00  0.000000000000E+00  0.000000000000E+00
  0.000000000000E+00  0.000000000000E+00  0.000000000000E+00  0.000000000000E+00
  0.000000000000E+00  0.000000000000E+00  0.000000000000E+00  0.000000000000E+00
  0.000000000000E+00  0.000000000000E+00  0.000000000000E+00  0.000000000000E+00
  0.000000000000E+00  0.000000000000E+00  0.000000000000E+00  0.000000000000E+00
  0.000000000000E+00  0.000000000000E+00  0.000000000000E+00  0.000000000000E+00
  0.000000000000E+00  0.000000000000E+00  0.000000000000E+00  0.000000000000E+00
  0.000000000000E+00  0.000000000000E+00  0.000000000000E+00  0.000000000000E+00
  0.000000000000E+00  0.000000000000E+00  0.000000000000E+00  0.000000000000E+00
  0.000000000000E+00  0.000000000000E+00  0.000000000000E+00  0.000000000000E+00
  0.000000000000E+00  0.000000000000E+00  0.000000000000E+00  0.000000000000E+00
  0.000000000000E+00  0.000000000000E+00  0.000000000000E+00  0.000000000000E+00
  0.000000000000E+00  0.000000000000E+00  0.000000000000E+00  0.000000000000E+00
  0.000000000000E+00  0.000000000000E+00  0.000000000000E+00  0.000000000000E+00
  0.000000000000E+00  0.000000000000E+00  0.000000000000E+00  0.000000000000E+00
  0.000000000000E+00  0.000000000000E+00  0.000000000000E+00  0.000000000000E+00
  0.000000000000E+00  0.000000000000E+00  0.000000000000E+00  0.000000000000E+00
  0.000000000000E+00  0.000000000000E+00  0.000000000000E+00  0.000000000000E+00
  0.000000000000E+00  0.000000000000E+00  0.000000000000E+00  0.000000000000E+00
  0.000000000000E+00  0.000000000000E+00  0.000000000000E+00  0.000000000000E+00
  0.000000000000E+00  0.000000000000E+00  0.000000000000E+00  0.000000000000E+00
  0.000000000000E+00  0.000000000000E+00  0.000000000000E+00  0.000000000000E+00
  0.000000000000E+00  0.000000000000E+00  0.000000000000E+00  0.000000000000E+00
  0.000000000000E+00  0.000000000000E+00  0.000000000000E+00  0.000000000000E+00
  0.000000000000E+00  0.000000000000E+00  0.000000000000E+00  0.000000000000E+00
  0.000000000000E+00  0.000000000000E+00  0.000000000000E+00  0.000000000000E+00
  0.000000000000E+00  0.000000000000E+00  0.000000000000E+00  0.000000000000E+00
  0.000000000000E+00  0.000000000000E+00  0.000000000000E+00  0.000000000000E+00
  0.000000000000E+00  0.000000000000E+00  0.000000000000E+00  0.000000000000E+00
  0.000000000000E+00  0.000000000000E+00  0.000000000000E+00  0.000000000000E+00
  0.000000000000E+00  0.000000000000E+00  0.000000000000E+00  0.000000000000E+00
  0.000000000000E+00  0.000000000000E+00  0.000000000000E+00  0.000000000000E+00
  0.000000000000E+00  0.000000000000E+00  0.000000000000E+00  0.000000000000E+00
  0.000000000000E+00  0.000000000000E+00  0.000000000000E+00  0.000000000000E+00
  0.000000000000E+00  0.000000000000E+00  0.000000000000E+00  0.000000000000E+00
  0.000000000000E+00  0.000000000000E+00  0.000000000000E+00  0.000000000000E+00
  0.000000000000E+00  0.000000000000E+00  0.000000000000E+00  0.000000000000E+00
  0.000000000000E+00  0.000000000000E+00  0.000000000000E+00  0.000000000000E+00
  0.000000000000E+00  0.000000000000E+00  0.000000000000E+00  0.000000000000E+00
  0.000000000000E+00  0.000000000000E+00  0.000000000000E+00  0.000000000000E+00
  0.000000000000E+00  0.000000000000E+00  0.000000000000E+00  0.000000000000E+00
  0.000000000000E+00  0.000000000000E+00  0.000000000000E+00  0.000000000000E+00
  0.000000000000E+00  0.000000000000E+00  0.000000000000E+00  0.000000000000E+00
  0.000000000000E+00  0.000000000000E+00  0.000000000000E+00  0.000000000000E+00
  0.000000000000E+00  0.000000000000E+00  0.000000000000E+00  0.000000000000E+00
  0.000000000000E+00  0.000000000000E+00  0.000000000000E+00  0.000000000000E+00
  0.000000000000E+00  0.000000000000E+00  0.000000000000E+00  0.000000000000E+00
  0.000000000000E+00  0.000000000000E+00  0.000000000000E+00  0.000000000000E+00
  0.000000000000E+00  0.000000000000E+00  0.000000000000E+00  0.000000000000E+00
  0.000000000000E+00  0.000000000000E+00  0.000000000000E+00  0.000000000000E+00
  0.000000000000E+00  0.000000000000E+00  0.000000000000E+00  0.000000000000E+00
  0.000000000000E+00  0.000000000000E+00  0.000000000000E+00  0.000000000000E+00
  0.000000000000E+00  0.000000000000E+00  0.000000000000E+00  0.000000000000E+00
  0.000000000000E+00  0.000000000000E+00  0.000000000000E+00  0.000000000000E+00
  0.000000000000E+00  0.000000000000E+00  0.000000000000E+00  0.000000000000E+00
  0.000000000000E+00  0.000000000000E+00  0.000000000000E+00  0.000000000000E+00
  0.000000000000E+00  0.000000000000E+00  0.000000000000E+00  0.000000000000E+00
  0.000000000000E+00  0.000000000000E+00  0.000000000000E+00  0.000000000000E+00
  0.000000000000E+00  0.000000000000E+00  0.000000000000E+00  0.000000000000E+00
  0.000000000000E+00  0.000000000000E+00  0.000000000000E+00  0.000000000000E+00
  0.000000000000E+00  0.000000000000E+00  0.000000000000E+00  0.000000000000E+00
  0.000000000000E+00  0.000000000000E+00  0.000000000000E+00  0.000000000000E+00
  0.000000000000E+00  0.000000000000E+00  0.000000000000E+00  0.000000000000E+00
  0.000000000000E+00  0.000000000000E+00  0.000000000000E+00  0.000000000000E+00
  0.000000000000E+00  0.000000000000E+00  0.000000000000E+00  0.000000000000E+00
  0.000000000000E+00  0.000000000000E+00  0.000000000000E+00  0.000000000000E+00
  0.000000000000E+00  0.000000000000E+00  0.000000000000E+00  0.000000000000E+00
  0.000000000000E+00  0.000000000000E+00  0.000000000000E+00  0.000000000000E+00
  0.000000000000E+00  0.000000000000E+00  0.000000000000E+00  0.000000000000E+00
  0.000000000000E+00  0.000000000000E+00  0.000000000000E+00  0.000000000000E+00
  0.000000000000E+00  0.000000000000E+00  0.000000000000E+00  0.000000000000E+00
  0.000000000000E+00  0.000000000000E+00  0.000000000000E+00  0.000000000000E+00
  0.000000000000E+00  0.000000000000E+00  0.000000000000E+00  0.000000000000E+00
  0.000000000000E+00  0.000000000000E+00  0.000000000000E+00  0.000000000000E+00
  0.000000000000E+00  0.000000000000E+00  0.000000000000E+00  0.000000000000E+00
  0.000000000000E+00  0.000000000000E+00  0.000000000000E+00  0.000000000000E+00
  0.000000000000E+00  0.000000000000E+00  0.000000000000E+00  0.000000000000E+00
  0.000000000000E+00  0.000000000000E+00  0.000000000000E+00  0.000000000000E+00
  0.000000000000E+00  0.000000000000E+00  0.000000000000E+00  0.000000000000E+00
  0.000000000000E+00  0.000000000000E+00  0.000000000000E+00  0.000000000000E+00
  0.000000000000E+00  0.000000000000E+00  0.000000000000E+00  0.000000000000E+00
  0.000000000000E+00  0.000000000000E+00  0.000000000000E+00  0.000000000000E+00
  0.000000000000E+00  0.000000000000E+00  0.000000000000E+00  0.000000000000E+00
  0.000000000000E+00  0.000000000000E+00  0.000000000000E+00  0.000000000000E+00
  0.000000000000E+00  0.000000000000E+00  0.000000000000E+00  0.000000000000E+00
  0.000000000000E+00  0.000000000000E+00  0.000000000000E+00  0.000000000000E+00
  0.000000000000E+00  0.000000000000E+00  0.000000000000E+00  0.000000000000E+00
  0.000000000000E+00  0.000000000000E+00  0.000000000000E+00  0.000000000000E+00
  0.000000000000E+00  0.000000000000E+00  0.000000000000E+00  0.000000000000E+00
  0.000000000000E+00  0.000000000000E+00  0.000000000000E+00  0.000000000000E+00
  0.000000000000E+00  0.000000000000E+00  0.000000000000E+00  0.000000000000E+00
  0.000000000000E+00  0.000000000000E+00  0.000000000000E+00  0.000000000000E+00
  0.000000000000E+00  0.000000000000E+00  0.000000000000E+00  0.000000000000E+00
  0.000000000000E+00  0.000000000000E+00  0.000000000000E+00  0.000000000000E+00
  0.000000000000E+00  0.000000000000E+00  0.000000000000E+00  0.000000000000E+00
  0.000000000000E+00  0.000000000000E+00  0.000000000000E+00  0.000000000000E+00
  0.000000000000E+00  0.000000000000E+00  0.000000000000E+00  0.000000000000E+00
  0.000000000000E+00  0.000000000000E+00  0.000000000000E+00  0.000000000000E+00
  0.000000000000E+00  0.000000000000E+00  0.000000000000E+00  0.000000000000E+00
  0.000000000000E+00  0.000000000000E+00  0.000000000000E+00  0.000000000000E+00
  0.000000000000E+00  0.000000000000E+00  0.000000000000E+00  0.000000000000E+00
  0.000000000000E+00  0.000000000000E+00  0.000000000000E+00  0.000000000000E+00
  0.000000000000E+00  0.000000000000E+00  0.000000000000E+00  0.000000000000E+00
  0.000000000000E+00  0.000000000000E+00  0.000000000000E+00  0.000000000000E+00
  0.000000000000E+00  0.000000000000E+00  0.000000000000E+00  0.000000000000E+00
  0.000000000000E+00  0.000000000000E+00  0.000000000000E+00  0.000000000000E+00
  0.000000000000E+00  0.000000000000E+00  0.000000000000E+00  0.000000000000E+00
  0.000000000000E+00  0.000000000000E+00  0.000000000000E+00  0.000000000000E+00
  0.000000000000E+00  0.000000000000E+00  0.000000000000E+00  0.000000000000E+00
  0.000000000000E+00  0.000000000000E+00  0.000000000000E+00  0.000000000000E+00
  0.000000000000E+00  0.000000000000E+00  0.000000000000E+00  0.000000000000E+00
  0.000000000000E+00  0.000000000000E+00  0.000000000000E+00  0.000000000000E+00
  0.000000000000E+00  0.000000000000E+00  0.000000000000E+00  0.000000000000E+00
  0.000000000000E+00  0.000000000000E+00  0.000000000000E+00  0.000000000000E+00
  0.000000000000E+00  0.000000000000E+00  0.000000000000E+00  0.000000000000E+00
  0.000000000000E+00  0.000000000000E+00  0.000000000000E+00  0.000000000000E+00
  0.000000000000E+00  0.000000000000E+00  0.000000000000E+00  0.000000000000E+00
  0.000000000000E+00  0.000000000000E+00  0.000000000000E+00  0.000000000000E+00
  0.000000000000E+00  0.000000000000E+00  0.000000000000E+00  0.000000000000E+00
  0.000000000000E+00  0.000000000000E+00  0.000000000000E+00  0.000000000000E+00
  0.000000000000E+00  0.000000000000E+00  0.000000000000E+00  0.000000000000E+00
  0.000000000000E+00  0.000000000000E+00  0.000000000000E+00  0.000000000000E+00
  0.000000000000E+00  0.000000000000E+00  0.000000000000E+00  0.000000000000E+00
  0.000000000000E+00  0.000000000000E+00  0.000000000000E+00  0.000000000000E+00
  0.000000000000E+00  0.000000000000E+00  0.000000000000E+00  0.000000000000E+00
  0.000000000000E+00  0.000000000000E+00  0.000000000000E+00  0.000000000000E+00
  0.000000000000E+00  0.000000000000E+00  0.000000000000E+00  0.000000000000E+00
  0.000000000000E+00  0.000000000000E+00  0.000000000000E+00  0.000000000000E+00
  0.000000000000E+00  0.000000000000E+00  0.000000000000E+00  0.000000000000E+00
  0.000000000000E+00  0.000000000000E+00  0.000000000000E+00  0.000000000000E+00
  0.000000000000E+00  0.000000000000E+00  0.000000000000E+00  0.000000000000E+00
  0.000000000000E+00  0.000000000000E+00  0.000000000000E+00  0.000000000000E+00
  0.000000000000E+00  0.000000000000E+00  0.000000000000E+00  0.000000000000E+00
  0.000000000000E+00  0.000000000000E+00  0.000000000000E+00  0.000000000000E+00
  0.000000000000E+00  0.000000000000E+00  0.000000000000E+00  0.000000000000E+00
  0.000000000000E+00  0.000000000000E+00  0.000000000000E+00  0.000000000000E+00
  0.000000000000E+00  0.000000000000E+00  0.000000000000E+00  0.000000000000E+00
  0.000000000000E+00  0.000000000000E+00  0.000000000000E+00  0.000000000000E+00
  0.000000000000E+00  0.000000000000E+00  0.000000000000E+00  0.000000000000E+00
  0.000000000000E+00  0.000000000000E+00  0.000000000000E+00  0.000000000000E+00
  0.000000000000E+00  0.000000000000E+00  0.000000000000E+00  0.000000000000E+00
  0.000000000000E+00  0.000000000000E+00  0.000000000000E+00  0.000000000000E+00
  0.000000000000E+00  0.000000000000E+00  0.000000000000E+00  0.000000000000E+00
  0.000000000000E+00  0.000000000000E+00  0.000000000000E+00  0.000000000000E+00
  0.000000000000E+00  0.000000000000E+00  0.000000000000E+00  0.000000000000E+00
  0.000000000000E+00  0.000000000000E+00  0.000000000000E+00  0.000000000000E+00
  0.000000000000E+00  0.000000000000E+00  0.000000000000E+00  0.000000000000E+00
  0.000000000000E+00  0.000000000000E+00  0.000000000000E+00  0.000000000000E+00
  0.000000000000E+00  0.000000000000E+00  0.000000000000E+00  0.000000000000E+00
  0.000000000000E+00  0.000000000000E+00  0.000000000000E+00  0.000000000000E+00
  0.000000000000E+00  0.000000000000E+00  0.000000000000E+00  0.000000000000E+00
  0.000000000000E+00  0.000000000000E+00  0.000000000000E+00  0.000000000000E+00
  0.000000000000E+00  0.000000000000E+00  0.000000000000E+00  0.000000000000E+00
  0.000000000000E+00  0.000000000000E+00  0.000000000000E+00  0.000000000000E+00
  0.000000000000E+00  0.000000000000E+00  0.000000000000E+00  0.000000000000E+00
  0.000000000000E+00  0.000000000000E+00  0.000000000000E+00  0.000000000000E+00
  0.000000000000E+00  0.000000000000E+00  0.000000000000E+00  0.000000000000E+00
  0.000000000000E+00  0.000000000000E+00  0.000000000000E+00  0.000000000000E+00
  0.000000000000E+00  0.000000000000E+00  0.000000000000E+00  0.000000000000E+00
  0.000000000000E+00  0.000000000000E+00  0.000000000000E+00  0.000000000000E+00
  0.000000000000E+00  0.000000000000E+00  0.000000000000E+00  0.000000000000E+00
  0.000000000000E+00  0.000000000000E+00  0.000000000000E+00  0.000000000000E+00
  0.000000000000E+00  0.000000000000E+00  0.000000000000E+00  0.000000000000E+00
  0.000000000000E+00  0.000000000000E+00  0.000000000000E+00  0.000000000000E+00
  0.000000000000E+00  0.000000000000E+00  0.000000000000E+00  0.000000000000E+00
  0.000000000000E+00  0.000000000000E+00  0.000000000000E+00  0.000000000000E+00
  0.000000000000E+00  0.000000000000E+00  0.000000000000E+00  0.000000000000E+00
  0.000000000000E+00  0.000000000000E+00  0.000000000000E+00  0.000000000000E+00
  0.000000000000E+00  0.000000000000E+00  0.000000000000E+00  0.000000000000E+00
  0.000000000000E+00  0.000000000000E+00  0.000000000000E+00  0.000000000000E+00
  0.000000000000E+00  0.000000000000E+00  0.000000000000E+00  0.000000000000E+00
  0.000000000000E+00  0.000000000000E+00  0.000000000000E+00  0.000000000000E+00
  0.000000000000E+00  0.000000000000E+00  0.000000000000E+00  0.000000000000E+00
  0.000000000000E+00  0.000000000000E+00  0.000000000000E+00  0.000000000000E+00
  0.000000000000E+00  0.000000000000E+00  0.000000000000E+00  0.000000000000E+00
  0.000000000000E+00  0.000000000000E+00  0.000000000000E+00  0.000000000000E+00
  0.000000000000E+00  0.000000000000E+00  0.000000000000E+00  0.000000000000E+00
  0.000000000000E+00  0.000000000000E+00  0.000000000000E+00  0.000000000000E+00
  0.000000000000E+00  0.000000000000E+00  0.000000000000E+00  0.000000000000E+00
  0.000000000000E+00  0.000000000000E+00  0.000000000000E+00  0.000000000000E+00
  0.000000000000E+00  0.000000000000E+00  0.000000000000E+00  0.000000000000E+00
  0.000000000000E+00  0.000000000000E+00  0.000000000000E+00  0.000000000000E+00
  0.000000000000E+00  0.000000000000E+00  0.000000000000E+00  0.000000000000E+00
  0.000000000000E+00  0.000000000000E+00  0.000000000000E+00  0.000000000000E+00
  0.000000000000E+00  0.000000000000E+00  0.000000000000E+00  0.000000000000E+00
  0.000000000000E+00  0.000000000000E+00  0.000000000000E+00  0.000000000000E+00
  0.000000000000E+00  0.000000000000E+00  0.000000000000E+00  0.000000000000E+00
  0.000000000000E+00
 Valence charge follows
  1.428338221007E-09  5.785444004436E-09  1.318184399635E-08  2.373132049939E-08
  3.755099964676E-08  5.476144188081E-08  7.548673479533E-08  9.985458840255E-08
  1.279964328868E-07  1.600475189092E-07  1.961470205284E-07  2.364381408049E-07
  2.810682201580E-07  3.301888475455E-07  3.839559745392E-07  4.425300323702E-07
  5.060760520202E-07  5.747637874374E-07  6.487678419564E-07  7.282677980048E-07
  8.134483501811E-07  9.044994417892E-07  1.001616404919E-06  1.105000104166E-06
  1.214857084074E-06  1.331399720417E-06  1.454846375385E-06  1.585421556817E-06
  1.723356081540E-06  1.868887242955E-06  2.022258982959E-06  2.183722068319E-06
  2.353534271615E-06  2.531960556862E-06  2.719273269943E-06  2.915752333959E-06
  3.121685449634E-06  3.337368300908E-06  3.563104765833E-06  3.799207132928E-06
  4.045996323115E-06  4.303802117396E-06  4.572963390399E-06  4.853828349962E-06
  5.146754782891E-06  5.452110307068E-06  5.770272630052E-06  6.101629814360E-06
  6.446580549577E-06  6.805534431488E-06  7.178912248396E-06  7.567146274826E-06
  7.970680572786E-06  8.389971300794E-06  8.825487030849E-06  9.277709073579E-06
  9.747131811745E-06  1.023426304233E-05  1.073962432741E-05  1.126375135412E-05
  1.180719430375E-05  1.237051823047E-05  1.295430344968E-05  1.355914593642E-05
  1.418565773395E-05  1.483446737288E-05  1.550622030105E-05  1.620157932441E-05
  1.692122505930E-05  1.766585639626E-05  1.843619097581E-05  1.923296567636E-05
  2.005693711476E-05  2.090888215954E-05  2.178959845746E-05  2.269990497346E-05
  2.364064254449E-05  2.461267444757E-05  2.561688698235E-05  2.665419006863E-05
  2.772551785922E-05  2.883182936846E-05  2.997410911683E-05  3.115336779215E-05
  3.237064292758E-05  3.362699959715E-05  3.492353112893E-05  3.626135983655E-05
  3.764163776945E-05  3.906554748229E-05  4.053430282404E-05  4.204914974728E-05
  4.361136713825E-05  4.522226766801E-05  4.688000781281E-05  4.859223561863E-05
  5.035729253200E-05  5.217663522036E-05  5.405175872735E-05  5.598419746322E-05
  5.797552622048E-05  6.002736121558E-05  6.214136115710E-05  6.431922834132E-05
  6.656270977575E-05  6.887359833130E-05  7.125373392397E-05  7.370500472662E-05
  7.622934841175E-05  7.882875342593E-05  8.150526029688E-05  8.426096297377E-05
  8.709801020183E-05  9.001860693202E-05  9.302501576660E-05  9.611955844166E-05
  9.930461734747E-05  1.025826370875E-04  1.059561260775E-04  1.094276581847E-04
  1.129998744099E-04  1.166754846112E-04  1.204572692727E-04  1.243480813178E-04
  1.283508479686E-04  1.324685726531E-04  1.367043369609E-04  1.410517014162E-04
  1.455328074392E-04  1.501416784374E-04  1.548817289856E-04  1.597564623659E-04
  1.647694728410E-04  1.699244479871E-04  1.752251710847E-04  1.806755235712E-04
  1.862794875558E-04  1.920411483983E-04  1.979646973536E-04  2.040544342837E-04
  2.103147704384E-04  2.167502313071E-04  2.233654595431E-04  2.301652179624E-04
  2.371382497834E-04  2.443213641412E-04  2.517040356653E-04  2.592915390062E-04
  2.670892851456E-04  2.751028248835E-04  2.833378524126E-04  2.918002089850E-04
  3.004958866714E-04  3.094310322163E-04  3.186119509907E-04  3.280451110466E-04
  3.377141563165E-04  3.476711968447E-04  3.579008824300E-04  3.684103739967E-04
  3.792070170050E-04  3.902983461639E-04  4.016920902630E-04  4.133961771278E-04
  4.254187387013E-04  4.377383138086E-04  4.504221997261E-04  4.634502102232E-04
  4.768313465430E-04  4.905748414397E-04  5.046901650857E-04  5.191870311278E-04
  5.340390415555E-04  5.493280974476E-04  5.650293323590E-04  5.811534968072E-04
  5.977116174371E-04  6.147150040613E-04  6.321322136940E-04  6.500600099528E-04
  6.684687410136E-04  6.873709225550E-04  7.067793913781E-04  7.266578305905E-04
  7.471173167678E-04  7.681235730046E-04  7.896908035595E-04  8.117782936502E-04
  8.345100034115E-04  8.578474812199E-04  8.818064434456E-04  9.063412818615E-04
  9.315902633099E-04  9.575102898048E-04  9.841187497326E-04  1.011364592049E-03
  1.039401966617E-03  1.068182606161E-03  1.097650981074E-03  1.127974288874E-03
  1.159100007886E-03  1.190967760044E-03  1.223758850141E-03  1.257416149944E-03
  1.291874033416E-03  1.327329056425E-03  1.363719103797E-03  1.400972870055E-03
  1.439303396743E-03  1.478542432168E-03  1.518914741677E-03  1.560348968820E-03
  1.602763288077E-03  1.646401229509E-03  1.691070045054E-03  1.737026607347E-03
  1.784067439887E-03  1.832463465198E-03  1.881999905214E-03  1.932962476508E-03
  1.985124496352E-03  2.038787258285E-03  2.093711540292E-03  2.150068474285E-03
  2.208045317991E-03  2.267382776265E-03  2.328424781660E-03  2.390897764296E-03
  2.454996926513E-03  2.520935812378E-03  2.588418004217E-03  2.657654699250E-03
  2.728690826304E-03  2.801763520450E-03  2.876543008568E-03  2.953263817810E-03
  3.031975625664E-03  3.112729372084E-03  3.195577291452E-03  3.280796753052E-03
  3.368001028492E-03  3.457464433592E-03  3.549244720677E-03  3.643401109025E-03
  3.739994322014E-03  3.839086625202E-03  3.940741865380E-03  4.045025510603E-03
  4.151721277947E-03  4.261457317866E-03  4.374028115695E-03  4.489506040538E-03
  4.607965298511E-03  4.729159015435E-03  4.853802604938E-03  4.981661418129E-03
  5.112468244263E-03  5.246996448320E-03  5.384624108420E-03  5.526165756374E-03
  5.670966055505E-03  5.819882854603E-03  5.972225648202E-03  6.128897863430E-03
  6.289171981061E-03  6.453558115929E-03  6.622160741937E-03  6.795551723255E-03
  6.972923582911E-03  7.154841788980E-03  7.341421797336E-03  7.532781982723E-03
  7.729043712382E-03  7.930331421531E-03  8.136215682770E-03  8.347926745293E-03
  8.565055909492E-03  8.787740666544E-03  9.015504397390E-03  9.249710669427E-03
  9.489255533013E-03  9.735574452943E-03  9.987504816867E-03  1.024585523106E-02
  1.051078802983E-02  1.078246963655E-02  1.106107066649E-02  1.134676603218E-02
  1.163973505149E-02  1.194016155831E-02  1.224823401615E-02  1.256414563446E-02
  1.288720919503E-02  1.321937534055E-02  1.355905747477E-02  1.390735249205E-02
  1.426545822116E-02  1.463166064563E-02  1.500714381500E-02  1.539214140551E-02
  1.578580623042E-02  1.619052912871E-02  1.660550253494E-02  1.702981104456E-02
  1.746603559127E-02  1.791206851844E-02  1.836935877723E-02  1.883818879323E-02
  1.931884805632E-02  1.981163329700E-02  2.031544547311E-02  2.083336646179E-02
  2.136287130464E-02  2.190568788875E-02  2.246214900125E-02  2.303259572492E-02
  2.361737764465E-02  2.421517564322E-02  2.482966849974E-02  2.545783227033E-02
  2.610172673068E-02  2.676174373928E-02  2.743828488891E-02  2.813176174804E-02
  2.884059147967E-02  2.956710769763E-02  3.031174945037E-02  3.107496665498E-02
  3.185500112366E-02  3.265670668625E-02  3.347606898256E-02  3.431579891404E-02
  3.517640026761E-02  3.605586945280E-02  3.695712563537E-02  3.788070584715E-02
  3.882716031875E-02  3.979705280331E-02  4.078810019135E-02  4.180360802612E-02
  4.284116746351E-02  4.390733578178E-02  4.499664312335E-02  4.611273892594E-02
  4.725294794753E-02  4.842451762831E-02  4.961788070137E-02  5.084398360358E-02
  5.209643906461E-02  5.337947611868E-02  5.469383750884E-02  5.603630720599E-02
  5.741143721396E-02  5.881583451171E-02  6.025427714548E-02  6.172758564632E-02
  6.323208720258E-02  6.477292404682E-02  6.635096837046E-02  6.796224449635E-02
  6.960729284753E-02  7.129177781478E-02  7.301663835058E-02  7.477744898602E-02
  7.658030463981E-02  7.842053618857E-02  8.030453974699E-02  8.222738907511E-02
  8.419579608023E-02  8.620456319634E-02  8.826073341337E-02  9.035882284061E-02
  9.250622156624E-02  9.469714354309E-02  9.693223157163E-02  9.921942135450E-02
  1.015524350273E-01  1.039319281125E-01  1.063664211592E-01  1.088491024235E-01
  1.113889105587E-01  1.139786579964E-01  1.166190206443E-01  1.193106710012E-01
  1.220634282783E-01  1.248598877068E-01  1.277288780316E-01  1.306429153613E-01
  1.336120466091E-01  1.366473059760E-01  1.397394892166E-01  1.428892523816E-01
  1.460972412259E-01  1.493755699223E-01  1.527021933148E-01  1.560889138591E-01
  1.595487051718E-01  1.630703945106E-01  1.666415447571E-01  1.702884280512E-01
  1.739988921479E-01  1.777594183596E-01  1.815982299566E-01  1.854873428674E-01
  1.894563592427E-01  1.934757703455E-01  1.975606998604E-01  2.017278008314E-01
  2.059451193484E-01  2.102116573790E-01  2.145615295815E-01  2.189781568681E-01
  2.234431423117E-01  2.279741312415E-01  2.325711077696E-01  2.372140329513E-01
  2.419422034126E-01  2.467149580218E-01  2.515304358585E-01  2.564307847022E-01
  2.613719248460E-01  2.663516087248E-01  2.713912276296E-01  2.764900045256E-01
  2.816470690662E-01  2.868357807486E-01  2.920794346007E-01  2.973498071794E-01
  3.026711771019E-01  3.080136432673E-01  3.134025046773E-01  3.188359301378E-01
  3.242813400075E-01  3.297342788244E-01  3.352222014243E-01  3.407425491080E-01
  3.462587494703E-01  3.518000103499E-01  3.573275822264E-01  3.628682253233E-01
  3.684030536488E-01  3.739267731639E-01  3.794377231952E-01  3.849262611834E-01
  3.903944329217E-01  3.958320595645E-01  4.012325582064E-01  4.065934537739E-01
  4.119032107350E-01  4.171635329428E-01  4.223622536452E-01  4.274912709886E-01
  4.325521843307E-01  4.375316385732E-01  4.424206620814E-01  4.472207437314E-01
  4.519172503358E-01  4.565060083598E-01  4.609829515841E-01  4.653381125526E-01
  4.695610565071E-01  4.736535367640E-01  4.775985967458E-01  4.813981332060E-01
  4.850343829352E-01  4.885164240202E-01  4.918190222288E-01  4.949518425633E-01
  4.979035939655E-01  5.006702524746E-01  5.032401451148E-01  5.056092589531E-01
  5.077822573921E-01  5.097393298989E-01  5.114856935221E-01  5.130188601254E-01
  5.143275902912E-01  5.154191575601E-01  5.162829202218E-01  5.169178179219E-01
  5.173336232038E-01  5.175104409865E-01  5.174592119608E-01  5.171817229582E-01
  5.166806192428E-01  5.159479047021E-01  5.149872601047E-01  5.138033861828E-01
  5.124145457215E-01  5.107903027183E-01  5.089631743249E-01  5.069292586335E-01
  5.046985034770E-01  5.022682005948E-01  4.996502719771E-01  4.968434049036E-01
  4.938617432175E-01  4.907055936899E-01  4.873915945511E-01  4.839383437005E-01
  4.803160024568E-01  4.765608904025E-01  4.726778251115E-01  4.686721868151E-01
  4.645499497131E-01  4.603177146603E-01  4.559827432794E-01  4.515730607958E-01
  4.470577331196E-01  4.424657952078E-01  4.377858907981E-01  4.330496871387E-01
  4.282464286645E-01  4.233639959658E-01  4.184366313857E-01  4.134773432476E-01
  4.084247151594E-01  4.033396140307E-01  3.982096487441E-01  3.930207946099E-01
  3.877850638324E-01  3.824869183279E-01  3.771381356938E-01  3.717514232454E-01
  3.663097497410E-01  3.607939948571E-01  3.552150951705E-01  3.496179830767E-01
  3.439160772684E-01  3.381841466315E-01  3.323866447011E-01  3.265352564213E-01
  3.206313296748E-01  3.146798856630E-01  3.086821921471E-01  3.026433530033E-01
  2.965727941782E-01  2.904762810350E-01  2.843510422352E-01  2.782114886611E-01
  2.720547440115E-01  2.658912775885E-01  2.597225281255E-01  2.535594730988E-01
  2.474035737955E-01  2.412559050440E-01  2.351277680622E-01  2.290201466180E-01
  2.229391461947E-01  2.168909124484E-01  2.108816156493E-01  2.049113963205E-01
  1.989859628566E-01  1.931109699800E-01  1.872919963624E-01  1.815345205413E-01
  1.758370528645E-01  1.702042719380E-01  1.646478397781E-01  1.591577778287E-01
  1.537526119089E-01  1.484287948508E-01  1.431896174498E-01  1.380298204338E-01
  1.329679504931E-01  1.279980142921E-01  1.231302132836E-01  1.183480112824E-01
  1.136786159654E-01  1.091039301021E-01  1.046323627467E-01  1.002624986050E-01
  9.600939509753E-02  9.185959270703E-02  8.781788630362E-02  8.388663890685E-02
  8.006434095820E-02  7.635323182623E-02  7.275387935398E-02  6.926376401394E-02
  6.588439510162E-02  6.261546923471E-02  5.945596841486E-02  5.640544201245E-02
  5.346411084656E-02  5.062873975625E-02  4.789947010101E-02  4.527583470067E-02
  4.275518005346E-02  4.033554070870E-02  3.801576679802E-02  3.579566262209E-02
  3.367108481486E-02  3.164037217818E-02  2.970293761560E-02  2.785580474753E-02
  2.609519039006E-02  2.442025805167E-02  2.282962088623E-02  2.131928922404E-02
  1.988730485894E-02  1.853129933258E-02  1.724847114344E-02  1.603644918501E-02
  1.489247131378E-02  1.381453055531E-02  1.279959061287E-02  1.184544277650E-02
  1.094933575403E-02  1.010896436200E-02  9.321763264165E-03  8.585442093155E-03
  7.897214579712E-03  7.255184755416E-03  6.657027699526E-03  6.100256188142E-03
  5.582837980640E-03  5.102648480276E-03  4.657802810920E-03  4.245714810787E-03
  3.865062996691E-03  3.513539209942E-03  3.189842682927E-03  2.891817165269E-03
  2.617931267319E-03  2.366607826627E-03  2.136311647192E-03  1.925650333517E-03
  1.733199285979E-03  1.557637983950E-03  1.397775993489E-03  1.252402653752E-03
  1.120432711153E-03  1.000838977466E-03  8.925730470064E-04  7.947691614493E-04
  7.065232686043E-04  6.271034241995E-04  5.556600326252E-04  4.915556901267E-04
  4.341138152536E-04  3.827396993461E-04  3.368659837623E-04  2.959792480672E-04
  2.596006732626E-04  2.272947197839E-04  1.986460870618E-04  1.732992124984E-04
  1.509077381616E-04  1.311736519563E-04  1.137987574384E-04  9.854602189256E-05
  8.517419001165E-05  7.347094313839E-05  6.325372831870E-05  5.435080487485E-05
  4.660742237477E-05  3.988677207518E-05  3.406558886873E-05  2.903335190033E-05
  2.469394872470E-05  2.095796443433E-05  1.775010525832E-05  1.499975085355E-05
  1.264927275537E-05  1.064263636123E-05  8.934520711158E-06  7.483752975496E-06
  6.254185085806E-06  5.214491345452E-06  4.337634703463E-06  3.599584839785E-06
  2.980030173084E-06  2.461116138056E-06  2.027518141191E-06  1.666225993598E-06
  1.365934368190E-06  1.116891331143E-06  9.109052441777E-07  7.409775827184E-07
  6.011808268284E-07  4.864565420336E-07  3.925618206320E-07  3.159314836829E-07
  2.535600986734E-07  2.029269602472E-07  1.619577835546E-07  1.288860370377E-07
  1.022719398611E-07  8.091586182467E-08  6.382901024184E-08  5.020084050661E-08
  3.936110996750E-08  3.076778350046E-08  2.397635085114E-08  1.862470033829E-08
  1.442159769571E-08  1.113106726787E-08  8.563132561331E-09  6.565939456205E-09
  5.017661253145E-09  3.821625788296E-09  2.900623220001E-09  2.193983948004E-09
  1.653630836747E-09  1.241931610458E-09  9.293738365861E-10  6.929345252692E-10
  5.147540056481E-10  3.809438668211E-10  2.808710092397E-10  2.062851565357E-10
  1.509175362770E-10  1.099780593540E-10  7.982467353187E-11  5.770839803187E-11
  4.154548655604E-11  2.978898794449E-11  2.126911009573E-11  1.512202265172E-11
  1.070533124729E-11  7.545698711770E-12  5.295207858509E-12  3.699572402335E-12
  2.573082308293E-12  1.781421156563E-12  1.227611965898E-12  8.420678440654E-13
  5.748170212255E-13  3.905483888953E-13  2.640510949311E-13  1.776451779511E-13
  1.189220112051E-13  7.921085140090E-14  5.249040864478E-14  3.460391066123E-14
  2.269355411431E-14  1.480358099532E-14  9.605013237698E-15  6.198260968815E-15
  3.977846557623E-15  2.538619443536E-15  1.611036968372E-15  1.016524260852E-15
  6.377070190053E-16  3.977197951533E-16  2.465747128848E-16  1.519503254191E-16
  9.307695818824E-17  5.665889437346E-17  3.427622839241E-17  2.060577712221E-17
  1.230793639910E-17  7.304176285457E-18  4.306397920473E-18  2.522064587360E-18
  1.467159696471E-18  8.477315313720E-19  4.864357331150E-19  2.771873618295E-19
  1.568298520561E-19  8.810243440695E-20  4.913519074991E-20  2.720236278936E-20
  1.494819765768E-20  8.152636060931E-21  4.412671019144E-21  2.369935622572E-21
  1.262986685765E-21  6.677477404987E-22  3.502227780314E-22  1.822014419548E-22
  9.401109337240E-23  4.810532589880E-23  2.440952529042E-23  1.228032061104E-23
  6.124954041786E-24  3.028316959124E-24  1.484079981127E-24  7.208005460700E-25
  3.469197352504E-25  1.654351391811E-25  7.816195581072E-26  3.658091136601E-26
  1.695856177545E-26  7.785830848253E-27  3.539861829100E-27  1.593442048899E-27
  7.101314765275E-28  3.132639632237E-28  1.367820494108E-28  5.910300790060E-29
  2.526909290934E-29  1.068959889166E-29  4.473049488437E-30  1.851426658811E-30
  7.578314661788E-31  3.067239406200E-31  1.227460851376E-31  4.855539648561E-32
  1.898539781433E-32  7.336191065218E-33  2.800959457877E-33  1.056543484634E-33
  3.936907027130E-34  1.448747949499E-34  5.264711123701E-35  1.889024675820E-35
  6.691077178134E-36  2.339257444715E-36  8.070534540526E-37  2.747446293948E-37
  9.226911653794E-38  3.056411020530E-38  9.984507397261E-39  3.216146392247E-39
  1.021285446355E-39  3.196536207850E-40  9.859364615533E-41  2.996470098378E-41
  8.971141642605E-42  2.645402476586E-42  7.681456112253E-43  2.196089509150E-43
  6.180246196088E-44  1.711618389478E-44  4.664488373087E-45  1.250506683991E-45
  3.297328350780E-46  8.549817734742E-47  2.179434714592E-47  5.460910930213E-48
  1.344644249364E-48  3.253080360385E-49  7.730435010904E-50  1.804074274579E-50
  4.133757883219E-51  9.297504926933E-52  2.052220315123E-52  4.444458816626E-53
  9.441772202180E-54  1.966824758191E-54  4.017250307127E-55  8.042416595624E-56
  1.577752737410E-56  3.032330452028E-57  5.708165943939E-58  1.052111359445E-58
  1.898435285499E-59  3.352188146030E-60  5.791463389089E-61  9.786656906608E-62
  1.617115252381E-62  2.612296924359E-63  4.123924865160E-64  6.360619131033E-65
  9.582303296593E-66  1.409527702766E-66  2.024363601608E-67  2.842694342688E-68
  3.894567444052E-69
 Pseudo-wave-function follows (l, zelect, rc)
 0   1.00000000000   2.00000000000
  3.779314837319E-05  7.606167603176E-05  1.148115625110E-04  1.540488625595E-04
  1.937797070853E-04  2.340103041136E-04  2.747469397571E-04  3.159959791980E-04
  3.577638676826E-04  4.000571315284E-04  4.428823791440E-04  4.862463020614E-04
  5.301556759819E-04  5.746173618344E-04  6.196383068479E-04  6.652255456365E-04
  7.113862012990E-04  7.581274865319E-04  8.054567047561E-04  8.533812512581E-04
  9.019086143459E-04  9.510463765188E-04  1.000802215652E-03  1.051183906196E-03
  1.102199320394E-03  1.153856429507E-03  1.206163305063E-03  1.259128120119E-03
  1.312759150535E-03  1.367064776268E-03  1.422053482682E-03  1.477733861875E-03
  1.534114614020E-03  1.591204548724E-03  1.649012586404E-03  1.707547759685E-03
  1.766819214807E-03  1.826836213055E-03  1.887608132206E-03  1.949144467998E-03
  2.011454835608E-03  2.074548971157E-03  2.138436733233E-03  2.203128104427E-03
  2.268633192900E-03  2.334962233954E-03  2.402125591636E-03  2.470133760358E-03
  2.538997366535E-03  2.608727170244E-03  2.679334066911E-03  2.750829089006E-03
  2.823223407772E-03  2.896528334968E-03  2.970755324639E-03  3.045915974902E-03
  3.122022029763E-03  3.199085380946E-03  3.277118069758E-03  3.356132288964E-03
  3.436140384698E-03  3.517154858387E-03  3.599188368707E-03  3.682253733562E-03
  3.766363932083E-03  3.851532106660E-03  3.937771564994E-03  4.025095782176E-03
  4.113518402792E-03  4.203053243056E-03  4.293714292970E-03  4.385515718506E-03
  4.478471863825E-03  4.572597253514E-03  4.667906594855E-03  4.764414780128E-03
  4.862136888932E-03  4.961088190547E-03  5.061284146314E-03  5.162740412055E-03
  5.265472840518E-03  5.369497483854E-03  5.474830596125E-03  5.581488635845E-03
  5.689488268549E-03  5.798846369399E-03  5.909580025821E-03  6.021706540175E-03
  6.135142202508E-03  6.250105316193E-03  6.366514487832E-03  6.484387906596E-03
  6.603743990446E-03  6.724601389012E-03  6.846978986510E-03  6.970895904688E-03
  7.096371505815E-03  7.223425395712E-03  7.352077426805E-03  7.482347701237E-03
  7.614256574003E-03  7.747824656133E-03  7.883072817911E-03  8.020022192138E-03
  8.158694177433E-03  8.299110441575E-03  8.441292924890E-03  8.585263843682E-03
  8.731045693699E-03  8.878661253653E-03  9.028133588773E-03  9.179334592747E-03
  9.332588309315E-03  9.487769720331E-03  9.644903073206E-03  9.804012920345E-03
  9.965124122986E-03  1.012826185508E-02  1.029345160724E-02  1.046071919068E-02
  1.063009074132E-02  1.080159272380E-02  1.097525193566E-02  1.115109551150E-02
  1.132915092723E-02  1.150925609520E-02  1.169181599290E-02  1.187667221143E-02
  1.206385363495E-02  1.225338951093E-02  1.244530945475E-02  1.263964345427E-02
  1.283642187459E-02  1.303567546274E-02  1.323743535249E-02  1.344151127310E-02
  1.364837532534E-02  1.385784140705E-02  1.406994224771E-02  1.428471098851E-02
  1.450218118752E-02  1.472238682488E-02  1.494511569725E-02  1.517089214131E-02
  1.539950850342E-02  1.563100050537E-02  1.586540431824E-02  1.610275656812E-02
  1.634309434177E-02  1.658618149761E-02  1.683259938473E-02  1.708211682730E-02
  1.733477281294E-02  1.759060681964E-02  1.784936427804E-02  1.811167042497E-02
  1.837727597707E-02  1.864622243572E-02  1.891855182438E-02  1.919398995732E-02
  1.947320878962E-02  1.975593976248E-02  2.004222705318E-02  2.033177987570E-02
  2.062530971977E-02  2.092253171477E-02  2.122349230223E-02  2.152788324467E-02
  2.183645759344E-02  2.214891332970E-02  2.246492854243E-02  2.278528884649E-02
  2.310967878710E-02  2.343776225720E-02  2.377035867942E-02  2.410713864962E-02
  2.444775132217E-02  2.479305121932E-02  2.514269445449E-02  2.549631488029E-02
  2.585480345976E-02  2.621736858350E-02  2.658492627847E-02  2.695710728008E-02
  2.733351862724E-02  2.771511513786E-02  2.810104775151E-02  2.849229796645E-02
  2.888799271717E-02  2.928914085765E-02  2.969484470959E-02  3.010614117518E-02
  3.052210734022E-02  3.094380886515E-02  3.137029696098E-02  3.180214185662E-02
  3.223994298653E-02  3.268271151562E-02  3.313158822474E-02  3.358555673516E-02
  3.404522724618E-02  3.451124104623E-02  3.498253912761E-02  3.545975689847E-02
  3.594296872014E-02  3.643285129863E-02  3.692828624241E-02  3.742994407567E-02
  3.793790296841E-02  3.845224207261E-02  3.897304153451E-02  3.950103461916E-02
  4.003500810107E-02  4.057568858181E-02  4.112316031263E-02  4.167750860311E-02
  4.223881983445E-02  4.280718147297E-02  4.338268208369E-02  4.396468543503E-02
  4.455472439490E-02  4.515217463057E-02  4.575712924018E-02  4.636968249132E-02
  4.698992983577E-02  4.761718161727E-02  4.825309780069E-02  4.889700155508E-02
  4.954817497003E-02  5.020834522296E-02  5.087596750188E-02  5.155281521273E-02
  5.223730192116E-02  5.293124843178E-02  5.363302563409E-02  5.434360532770E-02
  5.506400745580E-02  5.579253685830E-02  5.653020435415E-02  5.727712457909E-02
  5.803341360697E-02  5.879918896772E-02  5.957456966567E-02  6.035967619804E-02
  6.115463057362E-02  6.195955633180E-02  6.277457856172E-02  6.359982392173E-02
  6.443435592759E-02  6.528041988210E-02  6.613709637880E-02  6.700341123863E-02
  6.788057747168E-02  6.876986762042E-02  6.966916105629E-02  7.057971901664E-02
  7.150168262166E-02  7.243639217390E-02  7.338161320772E-02  7.433744515811E-02
  7.530647823543E-02  7.628764952395E-02  7.728111108905E-02  7.828572236595E-02
  7.930421141754E-02  8.033412969359E-02  8.137827680951E-02  8.243413970077E-02
  8.350321012330E-02  8.458565331314E-02  8.568163657348E-02  8.679132930054E-02
  8.791344842831E-02  8.905105786087E-02  9.020289753248E-02  9.136763341530E-02
  9.254691853946E-02  9.374093467648E-02  9.494986586877E-02  9.617389845797E-02
  9.741322111368E-02  9.866802486252E-02  9.993684826005E-02  1.012214991150E-01
  1.025238728997E-01  1.038407955155E-01  1.051741456869E-01  1.065223635835E-01
  1.078891634615E-01  1.092712024560E-01  1.106722913133E-01  1.120889999859E-01
  1.135233563513E-01  1.149736741839E-01  1.164439636794E-01  1.179306128121E-01
  1.194357549242E-01  1.209596200906E-01  1.225024412483E-01  1.240623958227E-01
  1.256438128860E-01  1.272427901756E-01  1.288616298336E-01  1.304984121321E-01
  1.321576919979E-01  1.338353608076E-01  1.355338400543E-01  1.372511077982E-01
  1.389919563219E-01  1.407520599803E-01  1.425339656558E-01  1.443355438735E-01
  1.461594059977E-01  1.480058276754E-01  1.498750879624E-01  1.517649442425E-01
  1.536781428674E-01  1.556149721520E-01  1.575731004636E-01  1.595553795420E-01
  1.615621072453E-01  1.635908594526E-01  1.656445972469E-01  1.677236283218E-01
  1.698254324603E-01  1.719502162516E-01  1.741039967070E-01  1.762813220602E-01
  1.784824051136E-01  1.807104773570E-01  1.829658696463E-01  1.852458217222E-01
  1.875505539285E-01  1.898834625546E-01  1.922448919399E-01  1.946319342257E-01
  1.970448174595E-01  1.994904510463E-01  2.019591729875E-01  2.044579403047E-01
  2.069836488119E-01  2.095400494708E-01  2.121239562690E-01  2.147356102633E-01
  2.173789037123E-01  2.200505229729E-01  2.227544579651E-01  2.254873077443E-01
  2.282493225583E-01  2.310407537755E-01  2.338657920612E-01  2.367208530922E-01
  2.396061933747E-01  2.425220704866E-01  2.454687430559E-01  2.484506661227E-01
  2.514640117527E-01  2.545047407548E-01  2.575816687183E-01  2.606908124627E-01
  2.638324385241E-01  2.670113403478E-01  2.702187918162E-01  2.734595312794E-01
  2.767338287493E-01  2.800419550292E-01  2.833841816819E-01  2.867558986322E-01
  2.901670815532E-01  2.936081757568E-01  2.970894063179E-01  3.006009684257E-01
  3.041429417930E-01  3.077259346823E-01  3.113397523275E-01  3.149898668565E-01
  3.186710806198E-01  3.223889966095E-01  3.261382752788E-01  3.299246535049E-01
  3.337483985521E-01  3.376039520606E-01  3.414913594490E-01  3.454106604019E-01
  3.493679387764E-01  3.533634524349E-01  3.573850497730E-01  3.614450819522E-01
  3.655374364480E-01  3.696621208000E-01  3.738191356100E-01  3.780084743408E-01
  3.822301231110E-01  3.864840604844E-01  3.907702572565E-01  3.950886762348E-01
  3.994322348027E-01  4.038148644033E-01  4.082223367117E-01  4.126543060962E-01
  4.171252119962E-01  4.216202500087E-01  4.261390322365E-01  4.306888388943E-01
  4.352617567415E-01  4.398652299526E-01  4.444831409557E-01  4.491308801217E-01
  4.538082610792E-01  4.584985101608E-01  4.632091800781E-01  4.679482198893E-01
  4.726981689635E-01  4.774668276094E-01  4.822535815633E-01  4.870488570074E-01
  4.918697550273E-01  4.966976022429E-01  5.015313433014E-01  5.063792871569E-01
  5.112311507208E-01  5.160954174361E-01  5.209615049348E-01  5.258281922292E-01
  5.307042282077E-01  5.355684290856E-01  5.404396036497E-01  5.452959836426E-01
  5.501462874075E-01  5.549890582931E-01  5.598227973050E-01  5.646459621871E-01
  5.694459017632E-01  5.742317695469E-01  5.789905364497E-01  5.837315316629E-01
  5.884413367882E-01  5.931176777506E-01  5.977701493469E-01  6.023847242721E-01
  6.069589457703E-01  6.114902917204E-01  6.159887178322E-01  6.204266363669E-01
  6.248137088950E-01  6.291471378337E-01  6.334240530901E-01  6.376415105516E-01
  6.417964905475E-01  6.458858962825E-01  6.498926831294E-01  6.538271141864E-01
  6.576858449833E-01  6.614654472512E-01  6.651478244656E-01  6.687435902047E-01
  6.722490474153E-01  6.756604080593E-01  6.789584583104E-01  6.821541685482E-01
  6.852434592340E-01  6.882221521098E-01  6.910859682049E-01  6.938305258072E-01
  6.964513383958E-01  6.989438125373E-01  7.013032457428E-01  7.035248242864E-01
  7.056210020954E-01  7.075873940180E-01  7.094016910544E-01  7.110586286982E-01
  7.125893695742E-01  7.139527741673E-01  7.151806979963E-01  7.162498325654E-01
  7.171742443298E-01  7.179299393484E-01  7.185312458436E-01  7.189734145822E-01
  7.192515919302E-01  7.193812745874E-01  7.193581679175E-01  7.191569104186E-01
  7.188147109518E-01  7.182847739061E-01  7.176269545845E-01  7.167940155220E-01
  7.158257640173E-01  7.146963179337E-01  7.134243909700E-01  7.119833938586E-01
  7.104159433349E-01  7.087193869483E-01  7.068669542128E-01  7.048793741812E-01
  7.027538520813E-01  7.005125449523E-01  6.981282004550E-01  6.956491604309E-01
  6.930484422036E-01  6.903503181059E-01  6.875271377221E-01  6.846038061494E-01
  6.815792764564E-01  6.784801350482E-01  6.752784052961E-01  6.719730614692E-01
  6.686204590824E-01  6.651636486395E-01  6.616604766618E-01  6.580526125450E-01
  6.543994340546E-01  6.506717392837E-01  6.468697789150E-01  6.430251577255E-01
  6.390759635954E-01  6.350856007474E-01  6.310231749492E-01  6.269220759050E-01
  6.227173772091E-01  6.184759072495E-01  6.141311719122E-01  6.097171583184E-01
  6.052345629589E-01  6.006486396785E-01  5.959947860743E-01  5.912738372675E-01
  5.864498316918E-01  5.815223225349E-01  5.765286708779E-01  5.714316423521E-01
  5.662308783692E-01  5.609652769212E-01  5.555962884335E-01  5.501236522528E-01
  5.445878684585E-01  5.389490285722E-01  5.332487447574E-01  5.274461842017E-01
  5.215841026219E-01  5.156640851124E-01  5.096438848407E-01  5.035680441798E-01
  4.973933415024E-01  4.911655457949E-01  4.848866017179E-01  4.785585401054E-01
  4.721645474101E-01  4.657157039322E-01  4.592187946104E-01  4.526711064069E-01
  4.460797239563E-01  4.394470343547E-01  4.327755223686E-01  4.260677729005E-01
  4.193264735068E-01  4.125597143442E-01  4.057652320528E-01  3.989460403003E-01
  3.921107660442E-01  3.852628600730E-01  3.784002579909E-01  3.715264489392E-01
  3.646508291925E-01  3.577715040712E-01  3.508923493060E-01  3.440233782180E-01
  3.371568070143E-01  3.303028525428E-01  3.234659469813E-01  3.166506699936E-01
  3.098553613382E-01  3.030846648334E-01  2.963433763861E-01  2.896298122903E-01
  2.829555516554E-01  2.763190618662E-01  2.697255235402E-01  2.631802814744E-01
  2.566817849225E-01  2.502282993754E-01  2.438396267657E-01  2.374997963836E-01
  2.312216174418E-01  2.250109207661E-01  2.188584871189E-01  2.127776423875E-01
  2.067744655056E-01  2.008394080897E-01  1.949783224047E-01  1.891972371858E-01
  1.834941541981E-01  1.778751573516E-01  1.723465115228E-01  1.668976241082E-01
  1.615431193258E-01  1.562720217466E-01  1.510992069874E-01  1.460132979516E-01
  1.410203474742E-01  1.361265851799E-01  1.313291205256E-01  1.266341975469E-01
  1.220387038762E-01  1.175392312085E-01  1.131320643078E-01  1.088329719302E-01
  1.046383384127E-01  1.005432099774E-01  9.654944272457E-02  9.265677353863E-02
  8.886690234999E-02  8.517828232739E-02  8.159131891785E-02  7.810521482970E-02
  7.471900430615E-02  7.143379032818E-02  6.824719816323E-02  6.516005980923E-02
  6.216963258028E-02  5.927645264215E-02  5.647857604878E-02  5.377505249051E-02
  5.116599322957E-02  4.864768143039E-02  4.621986738905E-02  4.388218040200E-02
  4.163154877027E-02  3.946724726115E-02  3.738709150675E-02  3.539002276228E-02
  3.347347719956E-02  3.163603592374E-02  2.987611522042E-02  2.819196030316E-02
  2.658021596588E-02  2.504159377415E-02  2.357238123193E-02  2.217155056405E-02
  2.083495155502E-02  1.956420667959E-02  1.835327833848E-02  1.720351668337E-02
  1.611155443913E-02  1.507617520296E-02  1.409426310111E-02  1.316444181762E-02
  1.228454498704E-02  1.145307654804E-02  1.066773187799E-02  9.927066887795E-03
  9.228818815753E-03  8.571441986785E-03  7.953266458352E-03  7.372313141995E-03
  6.827008789759E-03  6.315660466126E-03  5.836638680294E-03  5.388384844390E-03
  4.969226969968E-03  4.577959239374E-03  4.213086830592E-03  3.873009718110E-03
  3.556624861842E-03  3.262338161534E-03  2.989071137187E-03  2.735667420201E-03
  2.500890042680E-03  2.283633625830E-03  2.082695604728E-03  1.897257179534E-03
  1.726262497901E-03  1.568789584119E-03  1.423923464324E-03  1.290851065418E-03
  1.168728585792E-03  1.056823671903E-03  9.544037317608E-04  8.608103948487E-04
  7.753668941842E-04  6.974530853314E-04  6.265608508613E-04  5.620718203391E-04
  5.035366461830E-04  4.504767033981E-04  4.024362720179E-04  3.590117850735E-04
  3.198014248271E-04  2.844611868929E-04  2.526449627598E-04  2.240531568534E-04
  1.983961195268E-04  1.754098315760E-04  1.548433508997E-04  1.364720169693E-04
  1.200905190991E-04  1.055023172423E-04  9.253910006011E-05  8.103163337707E-05
  7.083534544665E-05  6.181935147870E-05  5.385783134947E-05  4.684044825237E-05
  4.066355719486E-05  3.524093781542E-05  3.048595528659E-05  2.632413377941E-05
  2.268847334430E-05  1.951827973522E-05  1.675932060120E-05  1.436252186098E-05
  1.228475574479E-05  1.048706528401E-05  8.934625163830E-06  7.596687858989E-06
  6.445740465924E-06  5.457761942769E-06  4.612094094690E-06  3.888682553659E-06
  3.271892618416E-06  2.746991929041E-06  2.301193638821E-06  1.923382062573E-06
  1.604111668300E-06  1.334692289194E-06  1.107998266875E-06  9.176052253062E-07
  7.582060873156E-07  6.249186527344E-07  5.139206103104E-07  4.214978944114E-07
  3.448992087580E-07  2.813981002091E-07  2.290986948257E-07  1.860015680866E-07
  1.506015977092E-07  1.217011204393E-07  9.799889542966E-08  7.869939470351E-08
  6.309767401898E-08  5.039976496892E-08  4.010007000817E-08  3.189998326710E-08
  2.530011952876E-08  1.990008452003E-08  1.569994380464E-08  1.230014000613E-08
  9.600160139918E-09  7.500068478769E-09  5.900008254926E-09  4.499995825578E-09
  3.499973399174E-09  2.699995398474E-09  2.100007200515E-09  1.600031012849E-09
  1.199985112629E-09  9.000068077939E-10  7.000105877885E-10  4.999992728245E-10
  4.000003998664E-10  3.000004316783E-10  1.999996679104E-10  2.000021928708E-10
  1.000006650603E-10  1.000022436336E-10  1.000024932118E-10  0.000000000000E+00
  0.000000000000E+00  0.000000000000E+00  0.000000000000E+00  0.000000000000E+00
  0.000000000000E+00  0.000000000000E+00  0.000000000000E+00  0.000000000000E+00
  0.000000000000E+00  0.000000000000E+00  0.000000000000E+00  0.000000000000E+00
  0.000000000000E+00  0.000000000000E+00  0.000000000000E+00  0.000000000000E+00
  0.000000000000E+00  0.000000000000E+00  0.000000000000E+00  0.000000000000E+00
  0.000000000000E+00  0.000000000000E+00  0.000000000000E+00  0.000000000000E+00
  0.000000000000E+00  0.000000000000E+00  0.000000000000E+00  0.000000000000E+00
  0.000000000000E+00  0.000000000000E+00  0.000000000000E+00  0.000000000000E+00
  0.000000000000E+00  0.000000000000E+00  0.000000000000E+00  0.000000000000E+00
  0.000000000000E+00  0.000000000000E+00  0.000000000000E+00  0.000000000000E+00
  0.000000000000E+00  0.000000000000E+00  0.000000000000E+00  0.000000000000E+00
  0.000000000000E+00  0.000000000000E+00  0.000000000000E+00  0.000000000000E+00
  0.000000000000E+00  0.000000000000E+00  0.000000000000E+00  0.000000000000E+00
  0.000000000000E+00  0.000000000000E+00  0.000000000000E+00  0.000000000000E+00
  0.000000000000E+00  0.000000000000E+00  0.000000000000E+00  0.000000000000E+00
  0.000000000000E+00  0.000000000000E+00  0.000000000000E+00  0.000000000000E+00
  0.000000000000E+00  0.000000000000E+00  0.000000000000E+00  0.000000000000E+00
  0.000000000000E+00  0.000000000000E+00  0.000000000000E+00  0.000000000000E+00
  0.000000000000E+00  0.000000000000E+00  0.000000000000E+00  0.000000000000E+00
  0.000000000000E+00  0.000000000000E+00  0.000000000000E+00  0.000000000000E+00
  0.000000000000E+00  0.000000000000E+00  0.000000000000E+00  0.000000000000E+00
  0.000000000000E+00  0.000000000000E+00  0.000000000000E+00  0.000000000000E+00
  0.000000000000E+00  0.000000000000E+00  0.000000000000E+00  0.000000000000E+00
  0.000000000000E+00
 Pseudo-wave-function follows (l, zelect, rc)
 1   0.00000000000   2.00000000000
  1.000003004414E-10  5.999995863029E-10  1.299992055423E-09  2.300011447575E-09
  3.600069871058E-09  5.200144260234E-09  7.200192114607E-09  9.499812996367E-09
  1.219981824816E-08  1.519968748616E-08  1.869999615555E-08  2.249974725481E-08
  2.679984161538E-08  3.150013583713E-08  3.660048415523E-08  4.220007226060E-08
  4.819971534985E-08  5.479980235765E-08  6.180038207053E-08  6.939963184823E-08
  7.750033418226E-08  8.619969399457E-08  9.540033160301E-08  1.053003786724E-07
  1.158002738412E-07  1.269008061776E-07  1.386002626721E-07  1.511005663964E-07
  1.641994458180E-07  1.780990393658E-07  1.926990399959E-07  2.081012200920E-07
  2.242004458317E-07  2.412002672515E-07  2.591010700924E-07  2.778012079368E-07
  2.973990574945E-07  3.179857610107E-07  3.394958885633E-07  3.620163926483E-07
  3.855102511410E-07  4.101077029015E-07  4.356996794058E-07  4.624951746493E-07
  4.903809905997E-07  5.195028425744E-07  5.498177952237E-07  5.813996511540E-07
  6.141988981496E-07  6.484216333701E-07  6.840221714644E-07  7.209925669093E-07
  7.595114474634E-07  7.993817479144E-07  8.408839401262E-07  8.840158502871E-07
  9.287184867835E-07  9.750854537992E-07  1.023327072352E-06  1.073217230998E-06
  1.125026174757E-06  1.178690446302E-06  1.234318972551E-06  1.291902908446E-06
  1.351619597713E-06  1.413528826546E-06  1.477492154732E-06  1.543694520338E-06
  1.612333755411E-06  1.683195176678E-06  1.756621033424E-06  1.832535096610E-06
  1.911076926926E-06  1.992162107564E-06  2.076088855846E-06  2.162934819636E-06
  2.252532964220E-06  2.345116670154E-06  2.440763222393E-06  2.539638641506E-06
  2.641739669008E-06  2.747057774835E-06  2.856041171596E-06  2.968320264365E-06
  3.084259629315E-06  3.203953740800E-06  3.327598773395E-06  3.454993732238E-06
  3.586538299982E-06  3.722235063061E-06  3.862188454591E-06  4.006505011527E-06
  4.155293413557E-06  4.308778066940E-06  4.467078255223E-06  4.630197978473E-06
  4.798374869733E-06  4.971857493436E-06  5.150409101824E-06  5.334653689709E-06
  5.524353246178E-06  5.719769016612E-06  5.921307066685E-06  6.128853091976E-06
  6.342552774768E-06  6.562834963946E-06  6.789580553095E-06  7.023089249785E-06
  7.263673680912E-06  7.511359927855E-06  7.766472419689E-06  8.029039258528E-06
  8.299239474601E-06  8.577576073316E-06  8.864088353178E-06  9.158974511301E-06
  9.462436720724E-06  9.774681203747E-06  1.009626592024E-05  1.042706909986E-05
  1.076748926979E-05  1.111757612596E-05  1.147792825042E-05  1.184860763580E-05
  1.223005189172E-05  1.262232704682E-05  1.302608430486E-05  1.344120277273E-05
  1.386815305289E-05  1.430721694279E-05  1.475910216568E-05  1.522348130483E-05
  1.570129390566E-05  1.619242502658E-05  1.669740960446E-05  1.721680255459E-05
  1.775094885483E-05  1.829996642071E-05  1.886444107047E-05  1.944449763858E-05
  2.004123311807E-05  2.065430471600E-05  2.128459443393E-05  2.193276605420E-05
  2.259872686026E-05  2.328315331077E-05  2.398674587710E-05  2.470968586801E-05
  2.545269938835E-05  2.621653793181E-05  2.700112634102E-05  2.780751947951E-05
  2.863623036227E-05  2.948748524150E-05  3.036150333868E-05  3.126033155211E-05
  3.218425469217E-05  3.313386633646E-05  3.410977200671E-05  3.510934812784E-05
  3.613966014882E-05  3.719481990362E-05  3.828210690115E-05  3.939546789196E-05
  4.054240216582E-05  4.172022073380E-05  4.292963293212E-05  4.417136217327E-05
  4.544614620404E-05  4.675473736792E-05  4.810169668045E-05  4.948027296874E-05
  5.089890706605E-05  5.235857884065E-05  5.385225966245E-05  5.538877127053E-05
  5.696915087826E-05  5.859026983507E-05  6.025303110405E-05  6.196266119613E-05
  6.371591371699E-05  6.551817546152E-05  6.736612037950E-05  6.926530008746E-05
  7.121692373200E-05  7.321754410273E-05  7.527297005949E-05  7.738448307729E-05
  7.955339045065E-05  8.177607893977E-05  8.405871854341E-05  8.640269432814E-05
  8.880941909975E-05  9.128033391498E-05  9.381690860204E-05  9.642064229026E-05
  9.909306394885E-05  1.018357329351E-04  1.046502395520E-04  1.075438786588E-04
  1.105070358146E-04  1.135528233845E-04  1.166832003606E-04  1.198881857996E-04
  1.231814721673E-04  1.265651342275E-04  1.300288124325E-04  1.335931264847E-04
  1.372477131460E-04  1.409945559384E-04  1.448422610812E-04  1.487931577087E-04
  1.528496217575E-04  1.570072218187E-04  1.612820474648E-04  1.656628153296E-04
  1.701589488398E-04  1.747730676318E-04  1.795078435077E-04  1.843660013936E-04
  1.893503203152E-04  1.944712637058E-04  1.997242971604E-04  2.051123718876E-04
  2.106384973334E-04  2.163137887349E-04  2.221335439200E-04  2.281092205939E-04
  2.342360337073E-04  2.405257936345E-04  2.469736319057E-04  2.535917220706E-04
  2.603927690673E-04  2.673542406283E-04  2.745066553988E-04  2.818452976976E-04
  2.893743623404E-04  2.970981274730E-04  3.050209561015E-04  3.131472976467E-04
  3.214915000709E-04  3.300486394226E-04  3.388335106125E-04  3.478309193897E-04
  3.570763960558E-04  3.665548145449E-04  3.762819047542E-04  3.862525482092E-04
  3.964938593849E-04  4.069900476431E-04  4.177690252751E-04  4.288146632910E-04
  4.401556947175E-04  4.517756464103E-04  4.637040957124E-04  4.759480962550E-04
  4.885027484121E-04  5.013749162610E-04  5.145840128620E-04  5.281376623631E-04
  5.420309000756E-04  5.562969729422E-04  5.709183173019E-04  5.859159179922E-04
  6.013116027543E-04  6.170872801534E-04  6.332787142078E-04  6.498814078302E-04
  6.669185947712E-04  6.844001061649E-04  7.023214645327E-04  7.206923310649E-04
  7.395523267117E-04  7.588824993604E-04  7.787236533380E-04  7.990719614855E-04
  8.199387007911E-04  8.413353712820E-04  8.632737001049E-04  8.857982309574E-04
  9.088894177434E-04  9.325597101160E-04  9.568556713569E-04  9.817572527988E-04
  1.007312419656E-03  1.033518391731E-03  1.060389603523E-03  1.087940774749E-03
  1.116205208616E-03  1.145198920461E-03  1.174919475630E-03  1.205401817354E-03
  1.236662926483E-03  1.268739626175E-03  1.301610817523E-03  1.335333779416E-03
  1.369927651473E-03  1.405391423218E-03  1.441765006782E-03  1.479047633395E-03
  1.517301858533E-03  1.556527994376E-03  1.596747567113E-03  1.637982528303E-03
  1.680277718156E-03  1.723656828951E-03  1.768120987075E-03  1.813740612744E-03
  1.860494459852E-03  1.908455118775E-03  1.957625391279E-03  2.008031927757E-03
  2.059751644727E-03  2.112763788158E-03  2.167122149679E-03  2.222856544588E-03
  2.279997377721E-03  2.338602161494E-03  2.398676684726E-03  2.460280390298E-03
  2.523447209211E-03  2.588211744348E-03  2.654637532326E-03  2.722704419568E-03
  2.792534946723E-03  2.864080709531E-03  2.937467932441E-03  3.012828124164E-03
  3.089779917082E-03  3.168816527156E-03  3.249986276787E-03  3.333021735036E-03
  3.418281850743E-03  3.505817799416E-03  3.595352759671E-03  3.686927392550E-03
  3.781258101374E-03  3.877729330025E-03  3.976730544849E-03  4.077968525253E-03
  4.181843419524E-03  4.288414746022E-03  4.397743215550E-03  4.509890753369E-03
  4.624547001930E-03  4.742140378441E-03  4.862736407790E-03  4.986401918267E-03
  5.113205065511E-03  5.243215356870E-03  5.376100670144E-03  5.512734169985E-03
  5.652378295087E-03  5.795929621320E-03  5.943056654379E-03  6.093408221109E-03
  6.247917193446E-03  6.405800568696E-03  6.568016226524E-03  6.734213835424E-03
  6.904479501980E-03  7.078901011838E-03  7.258036907373E-03  7.441046293412E-03
  7.628966385689E-03  7.821423176348E-03  8.018513545137E-03  8.220336245370E-03
  8.427497911389E-03  8.639608028167E-03  8.857290328100E-03  9.079620417955E-03
  9.307751766338E-03  9.541815626840E-03  9.781400113577E-03  1.002662101576E-02
  1.027815605572E-02  1.053557997396E-02  1.079958960225E-02  1.106975064015E-02
  1.134677957017E-02  1.163023288045E-02  1.192084726106E-02  1.221816981573E-02
  1.252295801473E-02  1.283537637413E-02  1.315495773902E-02  1.348249200986E-02
  1.381815333264E-02  1.416145990330E-02  1.451323544854E-02  1.487298807270E-02
  1.524224952010E-02  1.561985020434E-02  1.600666133843E-02  1.640217061737E-02
  1.680727385285E-02  1.722217735407E-02  1.764709144417E-02  1.808223053297E-02
  1.852705587169E-02  1.898329531506E-02  1.944965151214E-02  1.992711292403E-02
  2.041591515561E-02  2.091549186588E-02  2.142769059847E-02  2.195113739143E-02
  2.248689261830E-02  2.303521503563E-02  2.359636835960E-02  2.416975165778E-02
  2.475736722461E-02  2.535774352015E-02  2.597203427958E-02  2.660052895329E-02
  2.724259638554E-02  2.790037765952E-02  2.857231481101E-02  2.925964558903E-02
  2.996268753200E-02  3.068077801614E-02  3.141520793975E-02  3.216631272028E-02
  3.293443410211E-02  3.371888327499E-02  3.451997565246E-02  3.534015907493E-02
  3.617661060967E-02  3.703289445544E-02  3.790611992566E-02  3.879882783501E-02
  3.971141261551E-02  4.064312948143E-02  4.159434427806E-02  4.256542939001E-02
  4.355676385243E-02  4.456993909971E-02  4.560295176652E-02  4.665862840852E-02
  4.773491885892E-02  4.883472571785E-02  4.995595095763E-02  5.109897541375E-02
  5.226681900794E-02  5.345730926325E-02  5.467084776573E-02  5.590784283193E-02
  5.717009371349E-02  5.845667336591E-02  5.976801161394E-02  6.110454546793E-02
  6.246671923937E-02  6.385498465825E-02  6.526830870176E-02  6.670710179282E-02
  6.817331091100E-02  6.966741722874E-02  7.118677180378E-02  7.273334201643E-02
  7.430757181197E-02  7.590991199798E-02  7.754082034673E-02  7.919909111412E-02
  8.088513308342E-02  8.259936072810E-02  8.434219428694E-02  8.611405984017E-02
  8.791538938643E-02  8.974481982873E-02  9.160455089228E-02  9.349318513042E-02
  9.541110825232E-02  9.735871051301E-02  9.933446917957E-02  1.013425947126E-01
  1.033776650779E-01  1.054439224924E-01  1.075397626050E-01  1.096655257450E-01
  1.118215551653E-01  1.140061036595E-01  1.162215609521E-01  1.184682781170E-01
  1.207422620072E-01  1.230481071129E-01  1.253839425315E-01  1.277477878853E-01
  1.301421203509E-01  1.325672168625E-01  1.350233550514E-01  1.375084404026E-01
  1.400226620761E-01  1.425662075341E-01  1.451417261059E-01  1.477445052939E-01
  1.503796860357E-01  1.530449855362E-01  1.557379922407E-01  1.584614074844E-01
  1.612154040184E-01  1.640001520535E-01  1.668158191432E-01  1.696598124428E-01
  1.725321895755E-01  1.754386576304E-01  1.783737501513E-01  1.813375099439E-01
  1.843329094420E-01  1.873571170998E-01  1.904131682623E-01  1.934981468884E-01
  1.966120658008E-01  1.997549306745E-01  2.029299046639E-01  2.061338933881E-01
  2.093636361611E-01  2.126255586676E-01  2.159130969305E-01  2.192294540930E-01
  2.225711676931E-01  2.259380490327E-01  2.293298968757E-01  2.327464971158E-01
  2.361876224357E-01  2.396493998631E-01  2.431314373602E-01  2.466333251620E-01
  2.501508642539E-01  2.536872841660E-01  2.572382507973E-01  2.608031310401E-01
  2.643773033634E-01  2.679679660672E-01  2.715623673803E-01  2.751677013818E-01
  2.787790384196E-01  2.823954328364E-01  2.860159076405E-01  2.896394537841E-01
  2.932606472357E-01  2.968782470576E-01  3.004954670955E-01  3.041066085074E-01
  3.077103144533E-01  3.113098521486E-01  3.148945101056E-01  3.184626292060E-01
  3.220221891872E-01  3.255619899051E-01  3.290802285645E-01  3.325800797138E-01
  3.360598263105E-01  3.395073896394E-01  3.429310064541E-01  3.463235174813E-01
  3.496827983294E-01  3.530066660474E-01  3.562928778611E-01  3.595335715781E-01
  3.627374275279E-01  3.658965264341E-01  3.690083730967E-01  3.720645622566E-01
  3.750740778076E-01  3.780224582331E-01  3.809127744324E-01  3.837483247909E-01
  3.865139808879E-01  3.892128153807E-01  3.918417568494E-01  3.944041138726E-01
  3.968838200753E-01  3.992905637687E-01  4.016211990296E-01  4.038657107564E-01
  4.060205367253E-01  4.080889879076E-01  4.100675853930E-01  4.119527643016E-01
  4.137408720195E-01  4.154281664011E-01  4.170108139382E-01  4.184998973063E-01
  4.198691639115E-01  4.211372994613E-01  4.222928790895E-01  4.233318890298E-01
  4.242582090671E-01  4.250598445886E-01  4.257488761729E-01  4.263132243413E-01
  4.267487031727E-01  4.270595339780E-01  4.272416552386E-01  4.272909122173E-01
  4.272118849141E-01  4.270005599948E-01  4.266437802311E-01  4.261645099812E-01
  4.255405816726E-01  4.247770134110E-01  4.238696809789E-01  4.228240072505E-01
  4.216458079421E-01  4.203116597582E-01  4.188470979465E-01  4.172385431018E-01
  4.154820945177E-01  4.135841584186E-01  4.115410612705E-01  4.093490545796E-01
  4.070258852394E-01  4.045575435220E-01  4.019515293566E-01  3.991934329264E-01
  3.963135764527E-01  3.932865129646E-01  3.901204770773E-01  3.868242247740E-01
  3.833951299679E-01  3.798305229731E-01  3.761521351522E-01  3.723333775560E-01
  3.683965217226E-01  3.643396748959E-01  3.601609213378E-01  3.558583221241E-01
  3.514562649373E-01  3.469404177933E-01  3.423227957574E-01  3.376024040589E-01
  3.327921004466E-01  3.278773918278E-01  3.228856993531E-01  3.178027360183E-01
  3.126280824527E-01  3.073908255869E-01  3.020767650603E-01  2.967012315246E-01
  2.912650425760E-01  2.857690652400E-01  2.802142173266E-01  2.746332550706E-01
  2.689962156757E-01  2.633204884155E-01  2.576243394675E-01  2.518935227224E-01
  2.461637978601E-01  2.404041797990E-01  2.346341114745E-01  2.288739907190E-01
  2.231096274251E-01  2.173440657516E-01  2.115986918013E-01  2.058774513982E-01
  2.001844181757E-01  1.945237965672E-01  1.888807530376E-01  1.832862174325E-01
  1.777372262160E-01  1.722365421117E-01  1.667910052589E-01  1.614056644245E-01
  1.560815886604E-01  1.508260735000E-01  1.456424385617E-01  1.405340588856E-01
  1.355043652504E-01  1.305568444787E-01  1.256972672592E-01  1.209270618881E-01
  1.162476021482E-01  1.116625167021E-01  1.071754894333E-01  1.027878883963E-01
  9.850101787091E-02  9.431611475168E-02  9.023680667869E-02  8.626427740827E-02
  8.239963412948E-02  7.864134748873E-02  7.499285096267E-02  7.145237548965E-02
  6.802058030308E-02  6.470071116804E-02  6.148788138417E-02  5.838233298306E-02
  5.538698005085E-02  5.249910456666E-02  4.971572076881E-02  4.703935788841E-02
  4.446668323643E-02  4.199407126425E-02  3.962360697167E-02  3.735127384130E-02
  3.517890172356E-02  3.309893354669E-02  3.111469832735E-02  2.922030370039E-02
  2.741463843196E-02  2.569577699039E-02  2.406126446696E-02  2.250808834019E-02
  2.103469373800E-02  1.963763145563E-02  1.831493684413E-02  1.706410782095E-02
  1.588207588701E-02  1.476698975861E-02  1.371572735908E-02  1.272567990333E-02
  1.179479061323E-02  1.092006967561E-02  1.009947078733E-02  9.330392614106E-03
  8.610440158261E-03  7.937443046272E-03  7.308662732879E-03  6.721994368184E-03
  6.175595818720E-03  5.667065617263E-03  5.194265094285E-03  4.755339586729E-03
  4.348696757441E-03  3.971919189852E-03  3.623420505982E-03  3.301502782296E-03
  3.004490685353E-03  2.730829344931E-03  2.479000832007E-03  2.247577236494E-03
  2.035132522030E-03  1.840441233169E-03  1.662196322629E-03  1.499257389096E-03
  1.350460264247E-03  1.214823577585E-03  1.091353931858E-03  9.790470023347E-04
  8.771024738954E-04  7.846681468521E-04  7.010025656369E-04  6.253725836762E-04
  5.570664985361E-04  4.955048381795E-04  4.400944402401E-04  3.902986597187E-04
  3.456124736373E-04  3.055774110415E-04  2.697611754555E-04  2.377662569883E-04
  2.092391120467E-04  1.838359227998E-04  1.612556813092E-04  1.412177132868E-04
  1.234634992391E-04  1.077651813200E-04  9.390118294422E-05  8.167734372287E-05
  7.092217538719E-05  6.147334655201E-05  5.318911856273E-05  4.593852909358E-05
  3.960376447010E-05  3.407975733086E-05  2.927075830509E-05  2.509260548833E-05
  2.146982967771E-05  1.833404538784E-05  1.562608421533E-05  1.329118262292E-05
  1.128255196880E-05  9.557939044711E-06  8.079911403874E-06  6.816317002836E-06
  5.738083112580E-06  4.820060108946E-06  4.040201466915E-06  3.379019394902E-06
  2.819695867689E-06  2.347659682326E-06  1.950214771813E-06  1.616317382323E-06
  1.336423995765E-06  1.102417111681E-06  9.071984702876E-07  7.446997998082E-07
  6.098039665924E-07  4.980996557088E-07  4.058047342250E-07  3.298032641406E-07
  2.673048363279E-07  2.160984373650E-07  1.742997314596E-07  1.400990337018E-07
  1.124042109957E-07  8.990042636295E-08  7.170011859467E-08  5.700000134142E-08
  4.519988745068E-08  3.570029050316E-08  2.820047200008E-08  2.210035960326E-08
  1.740050107054E-08  1.360025011224E-08  1.059997071134E-08  8.200021664522E-09
  6.299965130366E-09  4.899947025710E-09  3.800004281552E-09  2.899971436448E-09
  2.200037040112E-09  1.699934232702E-09  1.299998454952E-09  9.999933324180E-10
  7.000016105687E-10  4.999975969195E-10  4.000023113791E-10  2.999948225442E-10
  1.999940770264E-10  1.999942225992E-10  1.000007276836E-10  1.000006787660E-10
  1.000000781720E-10  0.000000000000E+00  0.000000000000E+00  0.000000000000E+00
  0.000000000000E+00  0.000000000000E+00  0.000000000000E+00  0.000000000000E+00
  0.000000000000E+00  0.000000000000E+00  0.000000000000E+00  0.000000000000E+00
  0.000000000000E+00  0.000000000000E+00  0.000000000000E+00  0.000000000000E+00
  0.000000000000E+00  0.000000000000E+00  0.000000000000E+00  0.000000000000E+00
  0.000000000000E+00  0.000000000000E+00  0.000000000000E+00  0.000000000000E+00
  0.000000000000E+00  0.000000000000E+00  0.000000000000E+00  0.000000000000E+00
  0.000000000000E+00  0.000000000000E+00  0.000000000000E+00  0.000000000000E+00
  0.000000000000E+00  0.000000000000E+00  0.000000000000E+00  0.000000000000E+00
  0.000000000000E+00
