
 =================================================================

  PARSEC-PYTHON - Modular real-space DFT program
  PARSEC-like report; Python real-space implementation

 starting run on 01-Sep-2026 00:31:45 -0700
 input file: C:\Users\zigze\Desktop\parsec_python\src\accelerated_architecture\benchmarks\0_CH4_CF4\python_pbe\CF4\FS_1s\parsec.in

 =================================================================

 Initial Run - starting from atomic potentials
 ignoresym= F

 Grid data:
 ~~------~~

 Confined system (cluster) with zero boundary condition!
  Spherical domain shape:
 --- Radius is  11.970929 bohrs
 Grid spacing is  0.132281 bohrs
 Order of double grid is    1
 Grid points are shifted from origin!
 shift vector =   0.5000   0.5000   0.5000   [units of grid spacing]
 WAVEFUNCTIONS ARE REAL!
 The Finite-difference expansion is of order  8
 Python constructs the full active grid; the selected execution backend reports any exact symmetry reduction.

 Eigenvalue data:
 ----------------
 Number of states:           65
 Net cluster charge =    1.000      [e]
 Fermi temperature =   1160.45 [K]

 Self-consistency data:
 ----------------------
 Maximum number of iterations is          100
 Performing Chebyshev subspace filtering
 Polynomial degree for First-filter is     24
 The matvec operations use block size     16
 Polynomial degree for Chebyshev filtering is     12
 Change in polynomial degree (dpm) for Chebyshev filtering is      3
 Self-consistency convergence criterion is    5.0000000000000002E-05  Ry
 Diagonalization tolerance is    1.0000000000000001E-05
 Buffer size in subspace is      6

 Mixer data:
 -----------
 solver lpole is :            9
 Anderson mixer
 Initial Jacobian:  0.300  Mixing memory is  4
 Mixing restarted after           20 iterations

 Correlation data:
 -----------------
 Exchange-Correlation functional is pbe
 GGA, Perdew-Burke-Ernzerhof parametrization

 Other input data:
 -----------------
 output level [1 - 6] =  1
 No spin effects!
 No minimization!


 Atom data:
 --~--~---

 Tot. # of atom types is     2

 Chemical element : C-1s
 Physical element : C
 martins_new
  pseudopotential format : new Martins
  pseudopotential file   : C:\Users\zigze\Desktop\parsec_python\src\accelerated_architecture\benchmarks\0_CH4_CF4\python_pbe\CF4\FS_1s\C-1s_POTRE.DAT
  radial points/channels : 921 / 2
  selected local channel : l=1
 There are      1 C-1s  atoms
 and their initial coordinates are:

    x [bohr]          y [bohr]          z [bohr]
     -0.000171799      0.000185967      0.000059371

 Chemical element : F
 Physical element : F
 martins_new
  pseudopotential format : new Martins
  pseudopotential file   : C:\Users\zigze\Desktop\parsec_python\src\accelerated_architecture\benchmarks\0_CH4_CF4\python_pbe\CF4\FS_1s\F_POTRE.DAT
  radial points/channels : 953 / 2
  selected local channel : l=1
 There are      4 F  atoms
 and their initial coordinates are:

    x [bohr]          y [bohr]          z [bohr]
     -2.508994223     -0.263446477      0.142454738
      1.001268824     -0.189410041      2.311752242
      0.554150829      2.264361461     -0.974531535
      0.953675076     -1.811706501     -1.479769935

 Tot. number of atoms =       5

 Real-space setup:
 -----------------
 Full active grid points =      3103688
 Hamiltonian dimension   =      3103688
 Sparse Laplacian nonzeros =    76051400
 Nonlocal projector columns =        5
 Number of electrons =    32.00000000
 Initial density integral =    32.00000000

 Setup timings [sec]
 --------------------------------------------------
 Pseudopotential loading       :     0.020581
 Grid-domain construction      :     0.272529
 Finite-difference construction:     3.025504
 Local ionic potential setup   :     0.064498
 Nonlocal ionic projector setup:     0.046147
 Initial valence-density setup :     0.075499
 Core-density setup            :     0.000053
 Ion-ion energy setup           :     0.000095
 Preparation wall time          :     3.504976
 --------------------------------------------------

 Acceleration backend:
 ---------------------
 Requested backend = auto
 Selected backend  = cupy
 Numeric dtype     = float64
 Device            = CUDA:0 (NVIDIA GeForce RTX 5070 Laptop GPU)
 Implementation    = CuPy float64 device-resident stencil-major/compact-CSR Hamiltonian with fused Chebyshev recurrence, CHEBFF/CHEBDAV/SUBSPACE eigensolver, and fused orbital-density construction
 laplacian_nnz = 76051400
 projector_columns = 5
 cupy_version = 14.0.1
 gpu_finite_difference_storage = stencil_major_int32_neighbors_uint8_coefficient_palette
 gpu_finite_difference_palette_size = 5
 gpu_finite_difference_fallback = none
 gpu_chebyshev_recurrence = fused_hamiltonian_recurrence
 gpu_later_subspace_filter_precision = float32 stencil/projectors/recurrence; float64 Ritz and SCF
 gpu_nonlocal_application = B.T projection plus KB scatter fused into CUDA stencil
 gpu_projector_reduction = parallel
 gpu_subspace_residuals = disabled_diagnostics_only
 cuda_initialization_overlap = cuda_probe_with_cpu_reference_setup
 backend_resolution_seconds = 2.968849
 reference_preparation_seconds = 3.512195
 backend_reference_overlapped_seconds = 2.968303
 symmetry_mode = auto
 symmetry_detection = identity only; no nontrivial supported symmetry detected
 detected_symmetry_group_order = 1
 orbital_symmetry = full grid (no nontrivial supported symmetry)
 finite_difference_builder = C++17 compressed-grid CSR builder (exact stencil parity)
 ionic_setup_implementation = cached-grid C++/OpenMP radial interpolation and KB sampling
 hartree_backend = native
 hartree_implementation = cached C++/OpenMP multipole boundary/RHS plus cached C++/OpenMP CG
 xc_implementation = vectorized NumPy discrete-variational PBE
 finite_difference_full_grid_materialization = performed
 finite_difference_provenance_key = 92ab353788646c58719d979006350fde5674577928fe5393f2713c3a9896288d
 finite_difference_provenance_hash_seconds = 0.047986
 finite_difference_nnz_count_seconds = 2.977505
 finite_difference_nnz_cache = miss-written
 finite_difference_nnz_cache_path = C:\Users\zigze\Desktop\parsec_python\src\accelerated_architecture\benchmarks\0_CH4_CF4\python_pbe\CF4\FS_1s\.parsec_cache\symmetry\negative-laplacian-nnz-v1-92ab353788646c58719d979006350fde5674577928fe5393f2713c3a9896288d.json
 finite_difference_materialization_seconds = 1.132410
 reference_static_cache = disabled
 reference_static_cache_lookup_seconds = 0.000000
 symmetry_geometry_cache = miss-written
 symmetry_geometry_cache_key = 8af7896c578569dcba56c08d2669e25609d932d503af2af77337d99b028847af
 symmetry_geometry_cache_path = C:\Users\zigze\Desktop\parsec_python\src\accelerated_architecture\benchmarks\0_CH4_CF4\python_pbe\CF4\FS_1s\.parsec_cache\symmetry\reflection-reduction-v2-8af7896c578569dcba56c08d2669e25609d932d503af2af77337d99b028847af.npz
 symmetry_geometry_hash_seconds = 0.092378
 symmetry_geometry_cache_load_seconds = 0.000000
 symmetry_geometry_build_seconds = 1.585068
 symmetry_geometry_cache_write_seconds = 0.055397
 gpu_initial_random_basis = bit-exact 2048-lane skip-ahead DLARNV generator
 gpu_chebdav_ritz_scalar_source = reuse values already returned by host LAPACK
 gpu_chebdav_appended_orthogonalization = not used by the selected first eigensolver
 gpu_chebdav_prefix_projection = full C-order coefficient GEMM plus fused active-prefix CUDA update for blocks up to six
 gpu_chebdav_ritz_projection = full contiguous C-order Davidson workspace GEMM; use only the active row interval
 gpu_subspace_orthogonalization = audited generalized Cholesky-whitened Rayleigh--Ritz selected for 3103688x71 filtered basis; Householder QR stability fallback
 hartree_boundary_setup = overlapped with GPU orbital setup
 hartree_boundary_setup_seconds = 0.110072
 hartree_boundary_setup_wait_seconds = 0.000022
 hartree_boundary_setup_overlapped_seconds = 0.110050
 hartree_cg_storage = int32_columns_uint8_coefficient_palette
 hartree_cg_openmp_workers = 28
 hartree_initial_guess = two-step chronological RHS predictor with previous-potential fallback
 hartree_cg_coefficient_palette_size = 5
 hartree_symmetry = full grid
 native_openmp_detected_processors = 32
 native_openmp_reserved_threads = 4
 native_openmp_max_threads = 28
 native_openmp_thread_source = detected_processors_minus_4
 Backend initialization [sec] =     3.531176

 SCF iter #   1

 Diagonalization time [sec] :      38.45,      tdiag_sum =       38.45

 Fermi level at     3.4636 [Ry]

   State   Eigenvalue [Ry]      Eigenvalue [eV]    Occup.     Repr.

    1         2.1209989073        28.8578869329    1.0000        1
    2         2.3927136941        32.5547839792    1.0000        1
    3         2.6375722928        35.8862811013    1.0000        1
    4         2.7046269786        36.7986137459    1.0000        1
    5         2.7844771256        37.8850388751    1.0000        1
    6         2.9195562062        39.7228978308    1.0000        1
    7         2.9739310820        40.4627115155    1.0000        1
    8         3.0541509272        41.5541666850    1.0000        1
    9         3.1633214614        43.0395191393    1.0000        1
   10         3.2135205133        43.7225173992    1.0000        1
   11         3.2548399730        44.2847017046    1.0000        1
   12         3.3143547027        45.0944472139    1.0000        1
   13         3.3402136438        45.4462787945    1.0000        1
   14         3.3704461324        45.8576159882    1.0000        1
   15         3.4117295893        46.4193104465    0.9991        1
   16         3.4533068880        46.9850028564    0.8021        1
   17         3.4744821018        47.2731085806    0.1852        1
   18         3.4951307295        47.5540496789    0.0135        1
   19         3.5455288546        48.2397564896    0.0000        1
   20         3.5912402370        48.8616964166    0.0000        1
   21         3.6273741445        49.3533271358    0.0000        1
   22         3.6746466712        49.9965076785    0.0000        1
   23         3.6983649307        50.3192135742    0.0000        1
   24         3.7186767468        50.5955720816    0.0000        1
   25         3.7650400312        51.2263816562    0.0000        1
   26         3.7774774531        51.3956027320    0.0000        1
   27         3.7868665274        51.5233485983    0.0000        1
   28         3.8225322893        52.0086098222    0.0000        1
   29         3.8543552606        52.4415868047    0.0000        1
   30         3.8961197281        53.0098257968    0.0000        1
   31         3.9053579154        53.1355187260    0.0000        1
   32         3.9332558334        53.5150922179    0.0000        1
   33         3.9619320484        53.9052550639    0.0000        1
   34         3.9738923738        54.0679848591    0.0000        1
   35         4.0225140818        54.7295220948    0.0000        1
   36         4.0411964229        54.9837102909    0.0000        1
   37         4.0859643285        55.5928134611    0.0000        1
   38         4.0984025289        55.7620451282    0.0000        1
   39         4.1143884149        55.9795458956    0.0000        1
   40         4.1450224720        56.3963467491    0.0000        1
   41         4.1654664259        56.6745030970    0.0000        1
   42         4.1895346488        57.0019705248    0.0000        1
   43         4.2338948767        57.6055269130    0.0000        1
   44         4.2611158449        57.9758899622    0.0000        1
   45         4.2655702438        58.0364956225    0.0000        1
   46         4.2781774961        58.2080273763    0.0000        1
   47         4.2923154520        58.4003855762    0.0000        1
   48         4.3074157411        58.6058370897    0.0000        1
   49         4.3260463691        58.8593216893    0.0000        1
   50         4.3910223289        59.7433716020    0.0000        1
   51         4.4063893045        59.9524515998    0.0000        1
   52         4.4441717955        60.4665126147    0.0000        1
   53         4.4558722787        60.6257070495    0.0000        1
   54         4.5033996032        61.2723543212    0.0000        1
   55         4.5225807780        61.5333295486    0.0000        1
   56         4.5617866744        62.0667571339    0.0000        1
   57         4.5741662418        62.2351910523    0.0000        1
   58         4.5962158797        62.5351940164    0.0000        1
   59         4.6030133567        62.6276791292    0.0000        1
   60         4.6117102172        62.7460068729    0.0000        1
   61         4.6508390319        63.2783856999    0.0000        1
   62         4.6642587588        63.4609718202    0.0000        1
   63         4.7431101155        64.5338076099    0.0000        1
   64         4.7693155287        64.8903532208    0.0000        1
   65         4.8119050352        65.4698175282    0.0000        1

 Max and min values of charge density [e/bohr^3]:   3.3613E-01   5.2237E-06

 Hartree potential time [sec]:      10.64

   Eigenvalue Energy             =          96.22856823 [Ry]
   Hartree Energy                =         119.95388729 [Ry]
   Integral_{Vxc*rho}            =         -15.58321460 [Ry]
   Exc = Integral{eps_xc*rho}    =         -12.12536664 [Ry]
   Electron-Ion energy           =        -374.61233790 [Ry]
   Ion-Ion Energy                =         253.34367371 [Ry]

   Total Energy =           125.01411539 [Ry]
   Energy/atom  =           340.18341022 [eV]

  0-  1    SRE of pot. & charge weighted pot = 220.6435374478   5.9547557307

 SCF iter #   2

 Diagonalization time [sec] :       2.16,      tdiag_sum =       40.61

 Fermi level at    -1.3305 [Ry]

   State   Eigenvalue [Ry]      Eigenvalue [eV]    Occup.     Repr.

    1        -5.1954085781       -70.6876900320    1.0000        1
    2        -4.6904509538       -63.8173375867    1.0000        1
    3        -4.1879496026       -56.9804047025    1.0000        1
    4        -3.9916865322       -54.3100886202    1.0000        1
    5        -3.3068194865       -44.9919245695    1.0000        1
    6        -3.0974156078       -42.1428172769    1.0000        1
    7        -3.0468394949       -41.4546888000    1.0000        1
    8        -2.8975305404       -39.4232210272    1.0000        1
    9        -2.5665270627       -34.9196539097    1.0000        1
   10        -2.4259205171       -33.0065893721    1.0000        1
   11        -2.2830216282       -31.0623356691    1.0000        1
   12        -2.0539010170       -27.9449664575    1.0000        1
   13        -1.8913747485       -25.7336665532    1.0000        1
   14        -1.8047282473       -24.5547715871    1.0000        1
   15        -1.5994409136       -21.7616731819    1.0000        1
   16        -1.4562496107       -19.8134409539    1.0000        1
   17        -1.2046642204       -16.3904204497    0.0000        1
   18        -0.9401305684       -12.7912284875    0.0000        1
   19        -0.6731363386        -9.1585583957    0.0000        1
   20        -0.3844745031        -5.2310831938    0.0000        1
   21        -0.0551723800        -0.7506643678    0.0000        1
   22         0.1746943000         2.3768557064    0.0000        1
   23         0.3290970087         4.4776280804    0.0000        1
   24         0.4232765104         5.7590155445    0.0000        1
   25         0.5083425755         6.9164074138    0.0000        1
   26         0.5356361735         7.2877586500    0.0000        1
   27         0.6023331332         8.1952241436    0.0000        1
   28         0.6715892191         9.1375085972    0.0000        1
   29         0.7090312868         9.6469378816    0.0000        1
   30         0.7492934161        10.1947363601    0.0000        1
   31         0.7855332866        10.6878087903    0.0000        1
   32         0.8452333451        11.5000758472    0.0000        1
   33         0.8998976600        12.2438275823    0.0000        1
   34         0.9843268472        13.3925542173    0.0000        1
   35         0.9863960286        13.4207070854    0.0000        1
   36         1.0398942610        14.1485933368    0.0000        1
   37         1.0620756168        14.4503884276    0.0000        1
   38         1.1020854496        14.9947542096    0.0000        1
   39         1.1356270542        15.4511145737    0.0000        1
   40         1.1627386233        15.8199891612    0.0000        1
   41         1.1744929272        15.9799158685    0.0000        1
   42         1.2161591806        16.5468185792    0.0000        1
   43         1.2372191908        16.8333568667    0.0000        1
   44         1.2687178629        17.2619214992    0.0000        1
   45         1.3053240796        17.7599783620    0.0000        1
   46         1.3120499005        17.8514885358    0.0000        1
   47         1.3607557703        18.5141708592    0.0000        1
   48         1.3657820772        18.5825577862    0.0000        1
   49         1.3897937751        18.9092561450    0.0000        1
   50         1.4040245910        19.1028777805    0.0000        1
   51         1.4428128244        19.6306227257    0.0000        1
   52         1.4650392613        19.9330311809    0.0000        1
   53         1.4828524356        20.1753936680    0.0000        1
   54         1.5030521786        20.4502273318    0.0000        1
   55         1.5387204638        20.9355228866    0.0000        1
   56         1.5569076851        21.1829745814    0.0000        1
   57         1.6162682972        21.9906231980    0.0000        1
   58         1.6454847188        22.3881359867    0.0000        1
   59         1.6480019218        22.4223845481    0.0000        1
   60         1.6662449758        22.6705958911    0.0000        1
   61         1.6792446620        22.8474670229    0.0000        1
   62         1.7225709451        23.4369557642    0.0000        1
   63         1.7507171964        23.8199080302    0.0000        1
   64         1.7771202594        24.1791428255    0.0000        1
   65         1.8035973081        24.5393842545    0.0000        1

 Max and min values of charge density [e/bohr^3]:   1.5334E+00   1.3224E-06

 Hartree potential time [sec]:      10.92

   Eigenvalue Energy             =         -92.99052906 [Ry]
   Hartree Energy                =         241.74060717 [Ry]
   Integral_{Vxc*rho}            =         -33.23579095 [Ry]
   Exc = Integral{eps_xc*rho}    =         -25.72203050 [Ry]
   Electron-Ion energy           =        -744.30237741 [Ry]
   Ion-Ion Energy                =         253.34367371 [Ry]
   (E(new)-E(old))/atom  =          -647.71889953 [eV]

   Total Energy =          -113.01631999 [Ry]
   Energy/atom  =          -307.53548931 [eV]

  0-  2    SRE of pot. & charge weighted pot =  33.4238718287   1.4930939350

 SCF iter #   3

 Diagonalization time [sec] :       2.09,      tdiag_sum =       42.70

 Fermi level at    -4.1340 [Ry]

   State   Eigenvalue [Ry]      Eigenvalue [eV]    Occup.     Repr.

    1        -7.9018165387      -107.5105354624    1.0000        1
    2        -7.5969528438      -103.3626210028    1.0000        1
    3        -7.3456935205       -99.9440369007    1.0000        1
    4        -7.2188979282       -98.2188814314    1.0000        1
    5        -5.9485112838       -80.9342548245    1.0000        1
    6        -5.8180229031       -79.1588560148    1.0000        1
    7        -5.7153673066       -77.7621444998    1.0000        1
    8        -5.5967130220       -76.1477580341    1.0000        1
    9        -5.4684550068       -74.4027051320    1.0000        1
   10        -5.1664416880       -70.2935723185    1.0000        1
   11        -5.0460077885       -68.6549727694    1.0000        1
   12        -4.9912671695       -67.9101828544    1.0000        1
   13        -4.9581931726       -67.4601846680    1.0000        1
   14        -4.6462493258       -63.2159390773    1.0000        1
   15        -4.5118836621       -61.3877867293    1.0000        1
   16        -4.1820488566       -56.9001203333    0.9986        1
   17        -4.0859624217       -55.5927875169    0.0014        1
   18        -3.9553900608       -53.8162460894    0.0000        1
   19        -3.5623873555       -48.4691298819    0.0000        1
   20        -3.1911445806       -43.4180749353    0.0000        1
   21        -1.6450729116       -22.3825330206    0.0000        1
   22        -1.3384090047       -18.2101252367    0.0000        1
   23        -1.2424075730       -16.9039489570    0.0000        1
   24        -1.0405878988       -14.1580308339    0.0000        1
   25        -0.9703169216       -13.2019379715    0.0000        1
   26        -0.9553773584       -12.9986732627    0.0000        1
   27        -0.7936468495       -10.7982003049    0.0000        1
   28        -0.7160058393        -9.7418322486    0.0000        1
   29        -0.6262374048        -8.5204608826    0.0000        1
   30        -0.6166351827        -8.3898149683    0.0000        1
   31        -0.5256401163        -7.1517542945    0.0000        1
   32        -0.4582177785        -6.2344194501    0.0000        1
   33        -0.4284715772        -5.8296985854    0.0000        1
   34        -0.4245762574        -5.7766996426    0.0000        1
   35        -0.3797842186        -5.1672681216    0.0000        1
   36        -0.2915117660        -3.9662507853    0.0000        1
   37        -0.2517371560        -3.4250853972    0.0000        1
   38        -0.2423888167        -3.2978937623    0.0000        1
   39        -0.1779869103        -2.4216543045    0.0000        1
   40        -0.1414190796        -1.9241197126    0.0000        1
   41        -0.1203536846        -1.6375081615    0.0000        1
   42        -0.0528818089        -0.7194993151    0.0000        1
   43        -0.0323276691        -0.4398438005    0.0000        1
   44         0.0472603691         0.6430151293    0.0000        1
   45         0.0635964694         0.8652808431    0.0000        1
   46         0.1015247073         1.3813248626    0.0000        1
   47         0.1449351565         1.9719587521    0.0000        1
   48         0.1784321380         2.4277119833    0.0000        1
   49         0.2032881966         2.7658985446    0.0000        1
   50         0.2448903300         3.3319288513    0.0000        1
   51         0.2880450280         3.9190830419    0.0000        1
   52         0.3098404548         4.2156272602    0.0000        1
   53         0.3560852292         4.8448244117    0.0000        1
   54         0.3913744742         5.3249628212    0.0000        1
   55         0.4482682754         6.0990485013    0.0000        1
   56         0.4586246834         6.2399557177    0.0000        1
   57         0.4732217937         6.4385610811    0.0000        1
   58         0.5425239026         7.3814717138    0.0000        1
   59         0.5945939136         8.0899258695    0.0000        1
   60         0.5958685439         8.1072682346    0.0000        1
   61         0.6469331558         8.8020431311    0.0000        1
   62         0.6758324441         9.1952410680    0.0000        1
   63         0.6988656564         9.5086263475    0.0000        1
   64         0.7188259924         9.7802026878    0.0000        1
   65         0.7618798100        10.3659843182    0.0000        1

 Max and min values of charge density [e/bohr^3]:   2.2360E+00   2.9939E-07

 Hartree potential time [sec]:      10.74

   Eigenvalue Energy             =        -184.22476600 [Ry]
   Hartree Energy                =         362.28813958 [Ry]
   Integral_{Vxc*rho}            =         -48.67144183 [Ry]
   Exc = Integral{eps_xc*rho}    =         -37.55324500 [Ry]
   Electron-Ion energy           =        -955.60692702 [Ry]
   Ion-Ion Energy                =         253.34367371 [Ry]
   (E(new)-E(old))/atom  =          -183.98841078 [eV]

   Total Energy =          -180.63028271 [Ry]
   Energy/atom  =          -491.52390009 [eV]

  0-  3    SRE of pot. & charge weighted pot =  47.0960172912   3.5242228962

 SCF iter #   4

 Diagonalization time [sec] :       2.09,      tdiag_sum =       44.79

 Fermi level at    -4.2994 [Ry]

   State   Eigenvalue [Ry]      Eigenvalue [eV]    Occup.     Repr.

    1        -7.2022949357       -97.9929844358    1.0000        1
    2        -6.9977378588       -95.2098217589    1.0000        1
    3        -6.9049097484       -93.9468210552    1.0000        1
    4        -6.8376686518       -93.0319521422    1.0000        1
    5        -5.6332156548       -76.6444055561    1.0000        1
    6        -5.4584211199       -74.2661860727    1.0000        1
    7        -5.2976666360       -72.0789927158    1.0000        1
    8        -5.2829333016       -71.8785339153    1.0000        1
    9        -5.2230714518       -71.0640655595    1.0000        1
   10        -5.0810113557       -69.1312243031    1.0000        1
   11        -5.0177079571       -68.2699309230    1.0000        1
   12        -4.9785208017       -67.7367583244    1.0000        1
   13        -4.8885670052       -66.5128649594    1.0000        1
   14        -4.7129442150       -64.1233764007    1.0000        1
   15        -4.7015901922       -63.9688958370    1.0000        1
   16        -4.4933454969       -61.1355601621    1.0000        1
   17        -4.1051777005       -55.8542267575    0.0000        1
   18        -4.0660750398       -55.3222037766    0.0000        1
   19        -3.8735560731       -52.7028292194    0.0000        1
   20        -3.6939436222       -50.2590581354    0.0000        1
   21        -1.7263462819       -23.4883222424    0.0000        1
   22        -1.4533395592       -19.7738473743    0.0000        1
   23        -1.3945637869       -18.9741559718    0.0000        1
   24        -1.2507964868       -17.0180868406    0.0000        1
   25        -1.2344519214       -16.7957059527    0.0000        1
   26        -1.1150553337       -15.1712198593    0.0000        1
   27        -0.9776056449       -13.3011068837    0.0000        1
   28        -0.9435955281       -12.8383720361    0.0000        1
   29        -0.9204089682       -12.5229003401    0.0000        1
   30        -0.7888173750       -10.7324914402    0.0000        1
   31        -0.7335648007        -9.9807359649    0.0000        1
   32        -0.6995770745        -9.5183057598    0.0000        1
   33        -0.6729240854        -9.1556705205    0.0000        1
   34        -0.6461578624        -8.7914946441    0.0000        1
   35        -0.6219365954        -8.4619449302    0.0000        1
   36        -0.6082802167        -8.2761389718    0.0000        1
   37        -0.5715484129        -7.7763733963    0.0000        1
   38        -0.5391592339        -7.3356927043    0.0000        1
   39        -0.4953609358        -6.7397818198    0.0000        1
   40        -0.4330725114        -5.8922979759    0.0000        1
   41        -0.3582927370        -4.8748593217    0.0000        1
   42        -0.3555333499        -4.8373156519    0.0000        1
   43        -0.3313867046        -4.5087812256    0.0000        1
   44        -0.2245017591        -3.0545260337    0.0000        1
   45        -0.2022018595        -2.7511180604    0.0000        1
   46        -0.1683178213        -2.2900986124    0.0000        1
   47        -0.0991747275        -1.3493515080    0.0000        1
   48        -0.0633778483        -0.8623063284    0.0000        1
   49        -0.0323513498        -0.4401659954    0.0000        1
   50         0.0016959156         0.0230742879    0.0000        1
   51         0.0459007002         0.6245157472    0.0000        1
   52         0.0760595627         1.0348511982    0.0000        1
   53         0.0924772195         1.2582265533    0.0000        1
   54         0.1540994730         2.0966466103    0.0000        1
   55         0.2079071977         2.8287437508    0.0000        1
   56         0.2257779404         3.0718895022    0.0000        1
   57         0.2601435999         3.5394617915    0.0000        1
   58         0.2858380476         3.8890553074    0.0000        1
   59         0.3261842161         4.4379972080    0.0000        1
   60         0.3541306941         4.8182313976    0.0000        1
   61         0.4002209769         5.4453265675    0.0000        1
   62         0.4141346031         5.6346325824    0.0000        1
   63         0.4605924980         6.2667294097    0.0000        1
   64         0.4720210365         6.4222238186    0.0000        1
   65         0.4904274907         6.6726583534    0.0000        1

 Max and min values of charge density [e/bohr^3]:   2.3861E+00   1.0578E-07

 Hartree potential time [sec]:      11.00

   Eigenvalue Energy             =        -177.42321277 [Ry]
   Hartree Energy                =         406.84559809 [Ry]
   Integral_{Vxc*rho}            =         -55.48304941 [Ry]
   Exc = Integral{eps_xc*rho}    =         -42.76139890 [Ry]
   Electron-Ion energy           =       -1024.32029283 [Ry]
   Ion-Ion Energy                =         253.34367371 [Ry]
   (E(new)-E(old))/atom  =           -50.75767616 [eV]

   Total Energy =          -199.28323812 [Ry]
   Energy/atom  =          -542.28157624 [eV]

  0-  4    SRE of pot. & charge weighted pot =  50.9929408821   3.9112844576

 SCF iter #   5

 Diagonalization time [sec] :       1.98,      tdiag_sum =       46.77

 Fermi level at    -4.1780 [Ry]

   State   Eigenvalue [Ry]      Eigenvalue [eV]    Occup.     Repr.

    1        -6.7133338663       -91.3402779185    1.0000        1
    2        -6.4683806221       -88.0074930688    1.0000        1
    3        -6.4305945444       -87.4933832527    1.0000        1
    4        -6.3921768382       -86.9706796255    1.0000        1
    5        -5.2621069688       -71.5951749961    1.0000        1
    6        -5.1017957949       -69.4140132260    1.0000        1
    7        -5.0051825104       -68.0995121995    1.0000        1
    8        -4.9548205019       -67.4142967850    1.0000        1
    9        -4.7417587785       -64.5154215885    1.0000        1
   10        -4.7048914400       -64.0138119545    1.0000        1
   11        -4.6874681572       -63.7767542534    1.0000        1
   12        -4.6322910414       -63.0260254509    1.0000        1
   13        -4.6146953664       -62.7866222157    1.0000        1
   14        -4.5285281768       -61.6142486676    1.0000        1
   15        -4.4864837041       -61.0421999809    1.0000        1
   16        -4.4044622609       -59.9262326292    1.0000        1
   17        -3.9273983092       -53.4353959150    0.0000        1
   18        -3.8727994077       -52.6925341814    0.0000        1
   19        -3.8172861405       -51.9372317702    0.0000        1
   20        -3.7383477848       -50.8632122901    0.0000        1
   21        -1.7383546526       -23.6517057329    0.0000        1
   22        -1.5123137236       -20.5762380604    0.0000        1
   23        -1.4787820213       -20.1200124248    0.0000        1
   24        -1.3908871823       -18.9241328243    0.0000        1
   25        -1.3529637431       -18.4081540956    0.0000        1
   26        -1.2094731607       -16.4558499303    0.0000        1
   27        -1.0801572473       -14.6964034750    0.0000        1
   28        -1.0340618130       -14.0692382146    0.0000        1
   29        -0.9471128495       -12.8862280077    0.0000        1
   30        -0.8784549519       -11.9520823847    0.0000        1
   31        -0.8347773938       -11.3578142651    0.0000        1
   32        -0.8002415233       -10.8879261176    0.0000        1
   33        -0.7741821821       -10.5333679331    0.0000        1
   34        -0.7394880014       -10.0613258492    0.0000        1
   35        -0.7268495504        -9.8893696127    0.0000        1
   36        -0.7088792950        -9.6448699120    0.0000        1
   37        -0.6846177912        -9.3147727440    0.0000        1
   38        -0.6509055584        -8.8560908467    0.0000        1
   39        -0.6009648022        -8.1766069055    0.0000        1
   40        -0.5245987358        -7.1375854797    0.0000        1
   41        -0.4909191274        -6.6793474641    0.0000        1
   42        -0.4341716650        -5.9072528390    0.0000        1
   43        -0.4161596858        -5.6621854535    0.0000        1
   44        -0.3679606499        -5.0063990101    0.0000        1
   45        -0.3097402055        -4.2142632879    0.0000        1
   46        -0.2667973451        -3.6299913175    0.0000        1
   47        -0.1931361083        -2.6277712625    0.0000        1
   48        -0.1669712824        -2.2717778740    0.0000        1
   49        -0.0793229387        -1.0792520393    0.0000        1
   50        -0.0695809338        -0.9467042689    0.0000        1
   51        -0.0596423859        -0.8114823745    0.0000        1
   52        -0.0262360992        -0.3569631185    0.0000        1
   53         0.0152492481         0.2074782198    0.0000        1
   54         0.0410638302         0.5587062610    0.0000        1
   55         0.0794121809         1.0804662511    0.0000        1
   56         0.1041193275         1.4166267457    0.0000        1
   57         0.1416859568         1.9277507904    0.0000        1
   58         0.1758013471         2.3919179677    0.0000        1
   59         0.2198894912         2.9917724395    0.0000        1
   60         0.2570165418         3.4969156649    0.0000        1
   61         0.2738370975         3.7257727810    0.0000        1
   62         0.3190232926         4.3405671141    0.0000        1
   63         0.3386962934         4.6082340286    0.0000        1
   64         0.3602792045         4.9018868011    0.0000        1
   65         0.3828883607         5.2095024574    0.0000        1

 Max and min values of charge density [e/bohr^3]:   2.3307E+00   3.6255E-08

 Hartree potential time [sec]:      11.22

   Eigenvalue Energy             =        -166.25794114 [Ry]
   Hartree Energy                =         427.00024596 [Ry]
   Integral_{Vxc*rho}            =         -57.37879019 [Ry]
   Exc = Integral{eps_xc*rho}    =         -44.20107824 [Ry]
   Electron-Ion energy           =       -1048.23750262 [Ry]
   Ion-Ion Energy                =         253.34367371 [Ry]
   (E(new)-E(old))/atom  =           -15.62503054 [eV]

   Total Energy =          -205.02528583 [Ry]
   Energy/atom  =          -557.90660678 [eV]

  0-  5    SRE of pot. & charge weighted pot =  52.1717902415   3.9175092793

 SCF iter #   6

 Diagonalization time [sec] :       2.08,      tdiag_sum =       48.85

 Fermi level at    -3.5021 [Ry]

   State   Eigenvalue [Ry]      Eigenvalue [eV]    Occup.     Repr.

    1        -5.9256310316       -80.6229506900    1.0000        1
    2        -5.6450375106       -76.8052513612    1.0000        1
    3        -5.6328330833       -76.6392003644    1.0000        1
    4        -5.5988909663       -76.1773907091    1.0000        1
    5        -4.5552097757       -61.9772731665    1.0000        1
    6        -4.3991599729       -59.8540907587    1.0000        1
    7        -4.3579177904       -59.2929578722    1.0000        1
    8        -4.3264854971       -58.8652963760    1.0000        1
    9        -3.9655676685       -53.9547205839    1.0000        1
   10        -3.9591214811       -53.8670150477    1.0000        1
   11        -3.9306366128       -53.4794556265    1.0000        1
   12        -3.9138777932       -53.2514384792    1.0000        1
   13        -3.8679580687       -52.6266638909    1.0000        1
   14        -3.8553420193       -52.4550124460    1.0000        1
   15        -3.8047639938       -51.7668579474    1.0000        1
   16        -3.7748276880       -51.3595505576    1.0000        1
   17        -3.2604929623       -44.3616151465    0.0000        1
   18        -3.2176305023       -43.7784370878    0.0000        1
   19        -3.1992131674       -43.5278545136    0.0000        1
   20        -3.1656818563       -43.0716342003    0.0000        1
   21        -1.4156476482       -19.2610187722    0.0000        1
   22        -1.2973091380       -17.6509286697    0.0000        1
   23        -1.2441108121       -16.9271228867    0.0000        1
   24        -1.1487701039       -15.6299362801    0.0000        1
   25        -1.1001255841       -14.9680886727    0.0000        1
   26        -0.9941544440       -13.5262665337    0.0000        1
   27        -0.9017586445       -12.2691477647    0.0000        1
   28        -0.8466271929       -11.5190402610    0.0000        1
   29        -0.7625609952       -10.3752523889    0.0000        1
   30        -0.6709364023        -9.1286265027    0.0000        1
   31        -0.6562778515        -8.9291851914    0.0000        1
   32        -0.6466920380        -8.7987625304    0.0000        1
   33        -0.6204987617        -8.4423820514    0.0000        1
   34        -0.6104829429        -8.3061088244    0.0000        1
   35        -0.5884030148        -8.0056937388    0.0000        1
   36        -0.5802920611        -7.8953377250    0.0000        1
   37        -0.5306326232        -7.2196813446    0.0000        1
   38        -0.4990970621        -6.7906148081    0.0000        1
   39        -0.4327144178        -5.8874258263    0.0000        1
   40        -0.4229385659        -5.7544175406    0.0000        1
   41        -0.3777047050        -5.1389746752    0.0000        1
   42        -0.3137441138        -4.2687396629    0.0000        1
   43        -0.2463107587        -3.3512549208    0.0000        1
   44        -0.2170255583        -2.9528063414    0.0000        1
   45        -0.1768540318        -2.4062405861    0.0000        1
   46        -0.1442583232        -1.9627498943    0.0000        1
   47        -0.1063111991        -1.4464489128    0.0000        1
   48        -0.0688395866        -0.9366176471    0.0000        1
   49        -0.0015702891        -0.0213650393    0.0000        1
   50         0.0037458785         0.0509656732    0.0000        1
   51         0.0199610748         0.2715863921    0.0000        1
   52         0.0262170869         0.3567044405    0.0000        1
   53         0.0822639855         1.1192673334    0.0000        1
   54         0.1018021818         1.3851001255    0.0000        1
   55         0.1526108863         2.0763931971    0.0000        1
   56         0.1600748385         2.1779462377    0.0000        1
   57         0.1960253368         2.6670815278    0.0000        1
   58         0.2339106648         3.1825417237    0.0000        1
   59         0.2521056034         3.4300984190    0.0000        1
   60         0.2837569143         3.8607398251    0.0000        1
   61         0.3019808364         4.1086908639    0.0000        1
   62         0.3473872385         4.7264812901    0.0000        1
   63         0.3745176172         5.0956117965    0.0000        1
   64         0.3906522846         5.3151368537    0.0000        1
   65         0.4267076502         5.8056989474    0.0000        1

 Max and min values of charge density [e/bohr^3]:   2.2075E+00   1.2519E-08

 Hartree potential time [sec]:      10.81

   Eigenvalue Energy             =        -143.02652191 [Ry]
   Hartree Energy                =         431.50980752 [Ry]
   Integral_{Vxc*rho}            =         -57.20099524 [Ry]
   Exc = Integral{eps_xc*rho}    =         -44.05572087 [Ry]
   Electron-Ion energy           =       -1049.33923342 [Ry]
   Ion-Ion Energy                =         253.34367371 [Ry]
   (E(new)-E(old))/atom  =            -6.93702798 [eV]

   Total Energy =          -207.57457656 [Ry]
   Energy/atom  =          -564.84363476 [eV]

  0-  6    SRE of pot. & charge weighted pot =  44.1857256214   3.2134134070

 SCF iter #   7

 Diagonalization time [sec] :       2.05,      tdiag_sum =       50.90

 Fermi level at    -3.1844 [Ry]

   State   Eigenvalue [Ry]      Eigenvalue [eV]    Occup.     Repr.

    1        -5.5736643158       -75.8341619474    1.0000        1
    2        -5.2626671493       -71.6027967002    1.0000        1
    3        -5.2533745240       -71.4763630986    1.0000        1
    4        -5.2412766161       -71.3117613839    1.0000        1
    5        -4.2121255311       -57.3093375515    1.0000        1
    6        -4.0667991973       -55.3320565187    1.0000        1
    7        -4.0542216353       -55.1609287253    1.0000        1
    8        -4.0358881094       -54.9114864387    1.0000        1
    9        -3.5907651531       -48.8552325204    1.0000        1
   10        -3.5848288881       -48.7744648851    1.0000        1
   11        -3.5523165273       -48.3321082068    1.0000        1
   12        -3.5496110997       -48.2952987003    1.0000        1
   13        -3.5261227931       -47.9757214982    1.0000        1
   14        -3.4768256493       -47.3049944189    1.0000        1
   15        -3.4546554159       -47.0033506581    1.0000        1
   16        -3.4441533558       -46.8604617288    1.0000        1
   17        -2.9576599351       -40.2413295447    0.0000        1
   18        -2.9344764301       -39.9258994128    0.0000        1
   19        -2.9142620754       -39.6508669458    0.0000        1
   20        -2.8760591841       -39.1310860472    0.0000        1
   21        -1.2774799365       -17.3811365197    0.0000        1
   22        -1.2267717672       -16.6912113105    0.0000        1
   23        -1.1384456156       -15.4894633573    0.0000        1
   24        -1.0700396770       -14.5587458377    0.0000        1
   25        -0.9642874603       -13.1199023269    0.0000        1
   26        -0.8885666096       -12.0896595769    0.0000        1
   27        -0.8234561129       -11.2037791810    0.0000        1
   28        -0.7678469212       -10.4471716402    0.0000        1
   29        -0.7013049844        -9.5418153571    0.0000        1
   30        -0.5856199238        -7.9678275586    0.0000        1
   31        -0.5732868843        -7.8000266907    0.0000        1
   32        -0.5662419793        -7.7041751216    0.0000        1
   33        -0.5574085417        -7.5839891367    0.0000        1
   34        -0.5494563584        -7.4757933211    0.0000        1
   35        -0.5263974651        -7.1620586313    0.0000        1
   36        -0.5153045330        -7.0111304154    0.0000        1
   37        -0.4844949497        -6.5919413872    0.0000        1
   38        -0.4478018148        -6.0927019318    0.0000        1
   39        -0.3874617923        -5.2717276539    0.0000        1
   40        -0.3730978348        -5.0762945203    0.0000        1
   41        -0.3494828334        -4.7549935351    0.0000        1
   42        -0.2433645002        -3.3111687172    0.0000        1
   43        -0.1744850708        -2.3740089763    0.0000        1
   44        -0.1577264522        -2.1459945632    0.0000        1
   45        -0.1255771358        -1.7085773946    0.0000        1
   46        -0.0781883612        -1.0638152046    0.0000        1
   47        -0.0597780918        -0.8133287616    0.0000        1
   48        -0.0282782240        -0.3847478600    0.0000        1
   49        -0.0113181813        -0.1539929112    0.0000        1
   50         0.0227561249         0.3096152835    0.0000        1
   51         0.0492769645         0.6704525242    0.0000        1
   52         0.0644443524         0.8768169693    0.0000        1
   53         0.0968286361         1.3174310571    0.0000        1
   54         0.1264052174         1.7198441064    0.0000        1
   55         0.1599413893         2.1761305539    0.0000        1
   56         0.1775368666         2.4155311000    0.0000        1
   57         0.2211277910         3.0086204989    0.0000        1
   58         0.2279507415         3.1014521986    0.0000        1
   59         0.2669700015         3.6323404460    0.0000        1
   60         0.2895918059         3.9401281926    0.0000        1
   61         0.2973489588         4.0456704639    0.0000        1
   62         0.3229260298         4.3936669762    0.0000        1
   63         0.3675436913         5.0007259545    0.0000        1
   64         0.3967464736         5.3980531708    0.0000        1
   65         0.4297335614         5.8468688903    0.0000        1

 Max and min values of charge density [e/bohr^3]:   2.1317E+00   5.5494E-09

 Hartree potential time [sec]:      10.86

   Eigenvalue Energy             =        -131.75859192 [Ry]
   Hartree Energy                =         433.26252330 [Ry]
   Integral_{Vxc*rho}            =         -56.76656926 [Ry]
   Exc = Integral{eps_xc*rho}    =         -43.71682295 [Ry]
   Electron-Ion energy           =       -1047.74716387 [Ry]
   Ion-Ion Energy                =         253.34367371 [Ry]
   (E(new)-E(old))/atom  =            -2.33699310 [eV]

   Total Energy =          -208.43339894 [Ry]
   Energy/atom  =          -567.18062786 [eV]

  0-  7    SRE of pot. & charge weighted pot =  40.2728297618   2.8989901935

 SCF iter #   8

 Diagonalization time [sec] :       2.09,      tdiag_sum =       52.98

 Fermi level at     0.0536 [Ry]

   State   Eigenvalue [Ry]      Eigenvalue [eV]    Occup.     Repr.

    1        -1.8246955953       -24.8264433303    1.0000        1
    2        -1.5652914591       -21.2970425342    1.0000        1
    3        -1.5364592160       -20.9047568006    1.0000        1
    4        -1.5211578138       -20.6965689827    1.0000        1
    5        -0.7793102407       -10.6031392726    1.0000        1
    6        -0.5760724590        -7.8379266628    1.0000        1
    7        -0.5627223695        -7.6562880149    1.0000        1
    8        -0.5416480360        -7.3695548477    1.0000        1
    9        -0.2011587461        -2.7369256671    1.0000        1
   10        -0.1855099573        -2.5240113770    1.0000        1
   11        -0.1603579538        -2.1817982484    1.0000        1
   12        -0.1465275264        -1.9936242192    1.0000        1
   13        -0.1309468981        -1.7816373056    1.0000        1
   14        -0.0206965331        -0.2815928905    1.0000        1
   15        -0.0030597566        -0.0416304362    0.9996        1
   16         0.0115782939         0.1575319514    0.9967        1
   17         0.0945592229         1.2865538754    0.0038        1
   18         0.2256160859         3.0696873411    0.0000        1
   19         0.2461957460         3.3496900815    0.0000        1
   20         0.2534409228         3.4482665076    0.0000        1
   21         0.2895573271         3.9396590809    0.0000        1
   22         0.3296357558         4.4849581659    0.0000        1
   23         0.3424654136         4.6595159247    0.0000        1
   24         0.3952936481         5.3782863179    0.0000        1
   25         0.4457274394         6.0644783948    0.0000        1
   26         0.4799187096         6.5296779794    0.0000        1
   27         0.4856454731         6.6075951781    0.0000        1
   28         0.5133802039         6.9849483780    0.0000        1
   29         0.5406332762         7.3557482288    0.0000        1
   30         0.5898588279         8.0255012400    0.0000        1
   31         0.6049466887         8.2307836565    0.0000        1
   32         0.6258644687         8.5153867887    0.0000        1
   33         0.6616828349         9.0027243154    0.0000        1
   34         0.6861693531         9.3358829843    0.0000        1
   35         0.6904587140         9.3942431708    0.0000        1
   36         0.7004360422         9.5299927036    0.0000        1
   37         0.7325288229         9.9666406583    0.0000        1
   38         0.7588527049        10.3247981322    0.0000        1
   39         0.7961384461        10.8321004702    0.0000        1
   40         0.8052588534        10.9561909074    0.0000        1
   41         0.8335975671        11.3417617789    0.0000        1
   42         0.8543977777        11.6247652843    0.0000        1
   43         0.8732131535        11.8807635245    0.0000        1
   44         0.8856832286        12.0504288712    0.0000        1
   45         0.9171650708        12.4787645206    0.0000        1
   46         0.9400884877        12.7906559458    0.0000        1
   47         0.9968754501        13.5632879992    0.0000        1
   48         1.0136781051        13.7919015623    0.0000        1
   49         1.0414999070        14.1704394342    0.0000        1
   50         1.0646060015        14.4848163357    0.0000        1
   51         1.0834812296        14.7416289144    0.0000        1
   52         1.1217033907        15.2616719933    0.0000        1
   53         1.1409973111        15.5241812148    0.0000        1
   54         1.1720662852        15.9468994629    0.0000        1
   55         1.1837842764        16.1063321073    0.0000        1
   56         1.2269320841        16.6933925502    0.0000        1
   57         1.2732312790        17.3233301355    0.0000        1
   58         1.2896021814        17.5460693591    0.0000        1
   59         1.3418431496        18.2568495243    0.0000        1
   60         1.3464311863        18.3192734343    0.0000        1
   61         1.3850235291        18.8443531320    0.0000        1
   62         1.4372341263        19.5547200752    0.0000        1
   63         1.4914025569        20.2917249093    0.0000        1
   64         1.5518764614        21.1145207580    0.0000        1
   65         1.5860369983        21.5793021921    0.0000        1

 Max and min values of charge density [e/bohr^3]:   1.4476E+00   1.5350E-08

 Hartree potential time [sec]:      10.55

   Eigenvalue Energy             =         -19.48743023 [Ry]
   Hartree Energy                =         363.13478581 [Ry]
   Integral_{Vxc*rho}            =         -45.11667412 [Ry]
   Exc = Integral{eps_xc*rho}    =         -34.75081074 [Ry]
   Electron-Ion energy           =        -924.50294625 [Ry]
   Ion-Ion Energy                =         253.34367371 [Ry]
   (E(new)-E(old))/atom  =            10.99016143 [eV]

   Total Energy =          -204.39462083 [Ry]
   Energy/atom  =          -556.19046643 [eV]

  0-  8    SRE of pot. & charge weighted pot =  38.2540131553   2.8958753909

 SCF iter #   9

 Diagonalization time [sec] :       1.99,      tdiag_sum =       54.98

 Fermi level at    -1.4995 [Ry]

   State   Eigenvalue [Ry]      Eigenvalue [eV]    Occup.     Repr.

    1        -3.6748671600       -49.9995076055    1.0000        1
    2        -3.4111538911       -46.4114776109    1.0000        1
    3        -3.3957419597       -46.2017859559    1.0000        1
    4        -3.3914962174       -46.1440192345    1.0000        1
    5        -2.4883674802       -33.8562302626    1.0000        1
    6        -2.2992161570       -31.2826751889    1.0000        1
    7        -2.2939254725       -31.2106911935    1.0000        1
    8        -2.2866872153       -31.1122089138    1.0000        1
    9        -1.8895083511       -25.7082727230    1.0000        1
   10        -1.8883529089       -25.6925520081    1.0000        1
   11        -1.8575555871       -25.2735298066    1.0000        1
   12        -1.8537369488       -25.2215741783    1.0000        1
   13        -1.8478085580       -25.1409136790    1.0000        1
   14        -1.7664495537       -24.0339593377    1.0000        1
   15        -1.7641936484       -24.0032659412    1.0000        1
   16        -1.7485757673       -23.7907721752    1.0000        1
   17        -1.0761495215       -14.6418751593    0.0000        1
   18        -1.0712606518       -14.5753581757    0.0000        1
   19        -1.0656592470       -14.4991465826    0.0000        1
   20        -1.0184373856       -13.8566553805    0.0000        1
   21        -0.4503749423        -6.1277113906    0.0000        1
   22        -0.3074404922        -4.1829738486    0.0000        1
   23        -0.3044292025        -4.1420028439    0.0000        1
   24        -0.2562782621        -3.4868707786    0.0000        1
   25        -0.1690420852        -2.2999528029    0.0000        1
   26        -0.1511076282        -2.0559401672    0.0000        1
   27        -0.1154349573        -1.5705849421    0.0000        1
   28        -0.0875859513        -1.1916769361    0.0000        1
   29        -0.0622251154        -0.8466224749    0.0000        1
   30        -0.0433633067        -0.5899924784    0.0000        1
   31         0.0067606640         0.0919842421    0.0000        1
   32         0.0333158519         0.4532888179    0.0000        1
   33         0.0374428402         0.5094397954    0.0000        1
   34         0.0630109035         0.8573137504    0.0000        1
   35         0.0806831415         1.0977586871    0.0000        1
   36         0.0921644770         1.2539714405    0.0000        1
   37         0.1237152997         1.6832456253    0.0000        1
   38         0.1671674561         2.2744469744    0.0000        1
   39         0.1718703430         2.3384335132    0.0000        1
   40         0.2071419968         2.8183325804    0.0000        1
   41         0.2438407969         3.3176491145    0.0000        1
   42         0.2492502554         3.3912491248    0.0000        1
   43         0.2728934431         3.7129336083    0.0000        1
   44         0.2909524150         3.9586403682    0.0000        1
   45         0.3156893454         4.2952060952    0.0000        1
   46         0.3383610931         4.6036733608    0.0000        1
   47         0.3423703516         4.6582225298    0.0000        1
   48         0.3698852961         5.0325853623    0.0000        1
   49         0.3909217022         5.3188024953    0.0000        1
   50         0.4000757146         5.4433501579    0.0000        1
   51         0.4142822550         5.6366415057    0.0000        1
   52         0.4480667530         6.0963066284    0.0000        1
   53         0.4655561028         6.3342632237    0.0000        1
   54         0.4788232909         6.5147739312    0.0000        1
   55         0.5013122529         6.8207542504    0.0000        1
   56         0.5130326642         6.9802198227    0.0000        1
   57         0.5294923033         7.2041663808    0.0000        1
   58         0.5430487548         7.3886127477    0.0000        1
   59         0.5609758613         7.6325253731    0.0000        1
   60         0.5794176517         7.8834406856    0.0000        1
   61         0.6043409670         8.2225423287    0.0000        1
   62         0.6275513417         8.5383380446    0.0000        1
   63         0.6612268221         8.9965198967    0.0000        1
   64         0.6748155298         9.1814051351    0.0000        1
   65         0.6758306316         9.1952164068    0.0000        1

 Max and min values of charge density [e/bohr^3]:   1.8571E+00   2.4677E-09

 Hartree potential time [sec]:      11.03

   Eigenvalue Energy             =         -75.71527375 [Ry]
   Hartree Energy                =         415.71352053 [Ry]
   Integral_{Vxc*rho}            =         -53.89317799 [Ry]
   Exc = Integral{eps_xc*rho}    =         -41.49903925 [Ry]
   Electron-Ion energy           =       -1014.83366980 [Ry]
   Ion-Ion Energy                =         253.34367371 [Ry]
   (E(new)-E(old))/atom  =           -17.40754596 [eV]

   Total Energy =          -210.79172573 [Ry]
   Energy/atom  =          -573.59801239 [eV]

  0-  9    SRE of pot. & charge weighted pot =   8.8097750626   0.4697083688

 SCF iter #  10

 Diagonalization time [sec] :       2.04,      tdiag_sum =       57.01

 Fermi level at    -1.0619 [Ry]

   State   Eigenvalue [Ry]      Eigenvalue [eV]    Occup.     Repr.

    1        -3.4059871482       -46.3411799413    1.0000        1
    2        -3.1395129105       -42.7155847578    1.0000        1
    3        -3.1296847530       -42.5818648130    1.0000        1
    4        -3.1242776003       -42.5082961739    1.0000        1
    5        -2.2339161343       -30.3942161397    1.0000        1
    6        -2.0437976241       -27.8075017135    1.0000        1
    7        -2.0397593336       -27.7525575411    1.0000        1
    8        -2.0363933978       -27.7067612924    1.0000        1
    9        -1.6369725944       -22.2723217248    1.0000        1
   10        -1.6361472587       -22.2610923726    1.0000        1
   11        -1.6049163384       -21.8361707168    1.0000        1
   12        -1.6018577878       -21.7945566888    1.0000        1
   13        -1.5985607903       -21.7496984007    1.0000        1
   14        -1.5102962779       -20.5487890984    1.0000        1
   15        -1.5089854061       -20.5309536388    1.0000        1
   16        -1.4971693899       -20.3701872857    1.0000        1
   17        -0.8165694983       -11.1100812795    0.0000        1
   18        -0.8133580152       -11.0663864831    0.0000        1
   19        -0.8075592785       -10.9874900308    0.0000        1
   20        -0.7608350647       -10.3517697229    0.0000        1
   21        -0.3624053997        -4.9308153873    0.0000        1
   22        -0.2333638140        -3.1751013805    0.0000        1
   23        -0.2196239785        -2.9881599271    0.0000        1
   24        -0.1672772406        -2.2759406801    0.0000        1
   25        -0.1112910476        -1.5142037348    0.0000        1
   26        -0.0934318812        -1.2712154895    0.0000        1
   27        -0.0486789635        -0.6623162416    0.0000        1
   28        -0.0217369073        -0.2957480140    0.0000        1
   29         0.0005211237         0.0070903053    0.0000        1
   30         0.0282075482         0.3837862592    0.0000        1
   31         0.0664505726         0.9041132008    0.0000        1
   32         0.0818775477         1.1140095388    0.0000        1
   33         0.0905521061         1.2320338448    0.0000        1
   34         0.1151655217         1.5669190555    0.0000        1
   35         0.1239725999         1.6867463993    0.0000        1
   36         0.1269008044         1.7265869645    0.0000        1
   37         0.1587648944         2.1601233999    0.0000        1
   38         0.1908984750         2.5973264715    0.0000        1
   39         0.1969003446         2.6789867082    0.0000        1
   40         0.2489961443         3.3877917397    0.0000        1
   41         0.2662307218         3.6222819549    0.0000        1
   42         0.2761415856         3.7571271859    0.0000        1
   43         0.2979679602         4.0540924725    0.0000        1
   44         0.3167621090         4.3098019033    0.0000        1
   45         0.3294275413         4.4821252416    0.0000        1
   46         0.3665539935         4.9872603251    0.0000        1
   47         0.3682223985         5.0099603098    0.0000        1
   48         0.3973387554         5.4061116385    0.0000        1
   49         0.4059410852         5.5231532168    0.0000        1
   50         0.4208430010         5.7259057030    0.0000        1
   51         0.4351101040         5.9200210528    0.0000        1
   52         0.4665333017         6.3475587956    0.0000        1
   53         0.4798762224         6.5290999074    0.0000        1
   54         0.5011890230         6.8190776086    0.0000        1
   55         0.5172085719         7.0370363871    0.0000        1
   56         0.5318728413         7.2365555036    0.0000        1
   57         0.5452926387         7.4191425836    0.0000        1
   58         0.5725160004         7.7895381982    0.0000        1
   59         0.5797789391         7.8883562901    0.0000        1
   60         0.5902228588         8.0304541724    0.0000        1
   61         0.6169721063         8.3943990845    0.0000        1
   62         0.6488543070         8.8281819296    0.0000        1
   63         0.6730464037         9.1573347599    0.0000        1
   64         0.6831284445         9.2945089905    0.0000        1
   65         0.7023957772         9.5566564658    0.0000        1

 Max and min values of charge density [e/bohr^3]:   1.8116E+00   1.3798E-09

 Hartree potential time [sec]:      11.10

   Eigenvalue Energy             =         -67.49646949 [Ry]
   Hartree Energy                =         413.21707222 [Ry]
   Integral_{Vxc*rho}            =         -53.36418359 [Ry]
   Exc = Integral{eps_xc*rho}    =         -41.09228437 [Ry]
   Electron-Ion energy           =       -1009.85794407 [Ry]
   Ion-Ion Energy                =         253.34367371 [Ry]
   (E(new)-E(old))/atom  =            -0.41499613 [eV]

   Total Energy =          -210.94423280 [Ry]
   Energy/atom  =          -574.01300852 [eV]

  0- 10    SRE of pot. & charge weighted pot =   4.6069239685   0.1384553217

 SCF iter #  11

 Diagonalization time [sec] :       1.99,      tdiag_sum =       59.01

 Fermi level at    -1.1198 [Ry]

   State   Eigenvalue [Ry]      Eigenvalue [eV]    Occup.     Repr.

    1        -3.4558276527       -47.0192998767    1.0000        1
    2        -3.1903695058       -43.4075294217    1.0000        1
    3        -3.1793026235       -43.2569556350    1.0000        1
    4        -3.1768473709       -43.2235499594    1.0000        1
    5        -2.2771006066       -30.9817754336    1.0000        1
    6        -2.0884620047       -28.4151963433    1.0000        1
    7        -2.0867469131       -28.3918611502    1.0000        1
    8        -2.0821034555       -28.3286831945    1.0000        1
    9        -1.6847560905       -22.9224544155    1.0000        1
   10        -1.6841744332       -22.9145405033    1.0000        1
   11        -1.6533301639       -22.4948795446    1.0000        1
   12        -1.6513257502       -22.4676078918    1.0000        1
   13        -1.6485413298       -22.4297236244    1.0000        1
   14        -1.5598218032       -21.2226234898    1.0000        1
   15        -1.5597458119       -21.2215895674    1.0000        1
   16        -1.5499445501       -21.0882355593    1.0000        1
   17        -0.8679970373       -11.8097940902    0.0000        1
   18        -0.8647726410       -11.7659235988    0.0000        1
   19        -0.8622486904       -11.7315832318    0.0000        1
   20        -0.8160651394       -11.1032190734    0.0000        1
   21        -0.3920605001        -5.3342967524    0.0000        1
   22        -0.2619536368        -3.5640887915    0.0000        1
   23        -0.2482469566        -3.3775984419    0.0000        1
   24        -0.1997542708        -2.7178166581    0.0000        1
   25        -0.1350167778        -1.8370112757    0.0000        1
   26        -0.1201442331        -1.6346584074    0.0000        1
   27        -0.0787789471        -1.0718505980    0.0000        1
   28        -0.0526597929        -0.7164786099    0.0000        1
   29        -0.0387382793        -0.5270652807    0.0000        1
   30        -0.0065412806        -0.0889993561    0.0000        1
   31         0.0429238864         0.5840138143    0.0000        1
   32         0.0502688037         0.6839472898    0.0000        1
   33         0.0581431827         0.7910845148    0.0000        1
   34         0.0747814089         1.0174608932    0.0000        1
   35         0.0800546027         1.0892069130    0.0000        1
   36         0.0881898896         1.1998939996    0.0000        1
   37         0.1180904414         1.6067149279    0.0000        1
   38         0.1450253828         1.9731863534    0.0000        1
   39         0.1533394193         2.0863054707    0.0000        1
   40         0.2035198455         2.7690503142    0.0000        1
   41         0.2206475180         3.0020859999    0.0000        1
   42         0.2398400487         3.2632157347    0.0000        1
   43         0.2498055941         3.3988049526    0.0000        1
   44         0.2658360895         3.6169126663    0.0000        1
   45         0.2869255375         3.9038514785    0.0000        1
   46         0.3175738126         4.3208457800    0.0000        1
   47         0.3200499753         4.3545359534    0.0000        1
   48         0.3491132807         4.7499654748    0.0000        1
   49         0.3546732285         4.8256130122    0.0000        1
   50         0.3649193632         4.9650198725    0.0000        1
   51         0.3816146599         5.1921727403    0.0000        1
   52         0.4130663297         5.6200978693    0.0000        1
   53         0.4254042019         5.7879644903    0.0000        1
   54         0.4368298501         5.9434195749    0.0000        1
   55         0.4645350020         6.3203703303    0.0000        1
   56         0.4754324744         6.4686391605    0.0000        1
   57         0.4940771508         6.7223148977    0.0000        1
   58         0.5049973407         6.8708928183    0.0000        1
   59         0.5156172351         7.0153849777    0.0000        1
   60         0.5330196088         7.2521581935    0.0000        1
   61         0.5486012611         7.4641590383    0.0000        1
   62         0.5747667971         7.8201620884    0.0000        1
   63         0.6030638252         8.2051657926    0.0000        1
   64         0.6154251311         8.3733512492    0.0000        1
   65         0.6383150212         8.6847865150    0.0000        1

 Max and min values of charge density [e/bohr^3]:   1.8122E+00   8.1903E-10

 Hartree potential time [sec]:      10.98

   Eigenvalue Energy             =         -69.05680013 [Ry]
   Hartree Energy                =         414.01071739 [Ry]
   Integral_{Vxc*rho}            =         -53.48830449 [Ry]
   Exc = Integral{eps_xc*rho}    =         -41.18756280 [Ry]
   Electron-Ion energy           =       -1011.23123167 [Ry]
   Ion-Ion Energy                =         253.34367371 [Ry]
   (E(new)-E(old))/atom  =            -0.22032808 [eV]

   Total Energy =          -211.02520124 [Ry]
   Energy/atom  =          -574.23333660 [eV]

  0- 11    SRE of pot. & charge weighted pot =   5.0868948121   0.2021777102

 SCF iter #  12

 Diagonalization time [sec] :       1.92,      tdiag_sum =       60.92

 Fermi level at    -1.0999 [Ry]

   State   Eigenvalue [Ry]      Eigenvalue [eV]    Occup.     Repr.

    1        -3.3847459137       -46.0521759524    1.0000        1
    2        -3.1190520403       -42.4371982493    1.0000        1
    3        -3.1108990993       -42.3262709659    1.0000        1
    4        -3.1073947392       -42.2785913427    1.0000        1
    5        -2.2074134625       -30.0336260877    1.0000        1
    6        -2.0189734269       -27.4697486514    1.0000        1
    7        -2.0174602913       -27.4491612318    1.0000        1
    8        -2.0139606005       -27.4015451380    1.0000        1
    9        -1.6178074093       -22.0115640494    1.0000        1
   10        -1.6174764551       -22.0070611525    1.0000        1
   11        -1.5867809261       -21.5894239249    1.0000        1
   12        -1.5859719610       -21.5784173074    1.0000        1
   13        -1.5833064022       -21.5421502466    1.0000        1
   14        -1.4935671021       -20.3211752778    1.0000        1
   15        -1.4927342136       -20.3098431629    1.0000        1
   16        -1.4853172681       -20.2089296863    1.0000        1
   17        -0.7998606526       -10.8827440677    0.0000        1
   18        -0.7977470283       -10.8539865174    0.0000        1
   19        -0.7949327459       -10.8156959544    0.0000        1
   20        -0.7507613202       -10.2147083709    0.0000        1
   21        -0.3698351681        -5.0319033308    0.0000        1
   22        -0.2464009154        -3.3524815745    0.0000        1
   23        -0.2299883334        -3.1291752672    0.0000        1
   24        -0.1832994344        -2.4939354441    0.0000        1
   25        -0.1227897132        -1.6706522801    0.0000        1
   26        -0.1079053218        -1.4681382270    0.0000        1
   27        -0.0689838061        -0.9385798690    0.0000        1
   28        -0.0436645189        -0.5940907119    0.0000        1
   29        -0.0323891759        -0.4406806492    0.0000        1
   30         0.0032729973         0.0445317468    0.0000        1
   31         0.0533115714         0.7253465777    0.0000        1
   32         0.0552804701         0.7521350202    0.0000        1
   33         0.0622416619         0.8468476037    0.0000        1
   34         0.0776030987         1.0558522405    0.0000        1
   35         0.0816616240         1.1110717242    0.0000        1
   36         0.0926122227         1.2600633801    0.0000        1
   37         0.1143752361         1.5561665873    0.0000        1
   38         0.1398296455         1.9024941907    0.0000        1
   39         0.1536281888         2.0902344111    0.0000        1
   40         0.1966846404         2.6760518799    0.0000        1
   41         0.2168065643         2.9498267532    0.0000        1
   42         0.2371081055         3.2260454613    0.0000        1
   43         0.2412749990         3.2827393817    0.0000        1
   44         0.2577263681         3.5065734197    0.0000        1
   45         0.2790383247         3.7965396383    0.0000        1
   46         0.3066690877         4.1724782730    0.0000        1
   47         0.3146855415         4.2815485399    0.0000        1
   48         0.3386856736         4.6080895381    0.0000        1
   49         0.3442704650         4.6840750932    0.0000        1
   50         0.3507849281         4.7727095742    0.0000        1
   51         0.3728542035         5.0729797224    0.0000        1
   52         0.3990492830         5.4293847343    0.0000        1
   53         0.4153138347         5.6506769719    0.0000        1
   54         0.4251391410         5.7843581241    0.0000        1
   55         0.4509462041         6.1354838636    0.0000        1
   56         0.4636008699         6.3076607152    0.0000        1
   57         0.4800809305         6.5318851242    0.0000        1
   58         0.4898303135         6.6645332798    0.0000        1
   59         0.4990459855         6.7899198690    0.0000        1
   60         0.5145824986         7.0013065590    0.0000        1
   61         0.5318405216         7.2361157692    0.0000        1
   62         0.5545928886         7.5456799233    0.0000        1
   63         0.5856570645         7.9683328877    0.0000        1
   64         0.5956982752         8.1049515926    0.0000        1
   65         0.6183840139         8.4136092158    0.0000        1

 Max and min values of charge density [e/bohr^3]:   1.8023E+00   5.3504E-10

 Hartree potential time [sec]:      10.94

   Eigenvalue Energy             =         -66.88572262 [Ry]
   Hartree Energy                =         413.50055166 [Ry]
   Integral_{Vxc*rho}            =         -53.38749476 [Ry]
   Exc = Integral{eps_xc*rho}    =         -41.11022004 [Ry]
   Electron-Ion energy           =       -1010.29705278 [Ry]
   Ion-Ion Energy                =         253.34367371 [Ry]
   (E(new)-E(old))/atom  =            -0.13472395 [eV]

   Total Energy =          -211.07471099 [Ry]
   Energy/atom  =          -574.36806055 [eV]

  0- 12    SRE of pot. & charge weighted pot =   3.7489900941   0.1183641304

 SCF iter #  13

 Diagonalization time [sec] :       2.01,      tdiag_sum =       62.94

 Fermi level at    -1.0716 [Ry]

   State   Eigenvalue [Ry]      Eigenvalue [eV]    Occup.     Repr.

    1        -3.3072506029       -44.9977902526    1.0000        1
    2        -3.0399405019       -41.3608224803    1.0000        1
    3        -3.0342185608       -41.2829708948    1.0000        1
    4        -3.0313053395       -41.2433341875    1.0000        1
    5        -2.1312576317       -28.9974650852    1.0000        1
    6        -1.9429813237       -26.4358152943    1.0000        1
    7        -1.9417507737       -26.4190726769    1.0000        1
    8        -1.9394312727       -26.3875140099    1.0000        1
    9        -1.5432755310       -20.9974982192    1.0000        1
   10        -1.5430319021       -20.9941834536    1.0000        1
   11        -1.5124306964       -20.5778295690    1.0000        1
   12        -1.5119651759       -20.5714957897    1.0000        1
   13        -1.5099158337       -20.5436128496    1.0000        1
   14        -1.4186360725       -19.3016786751    1.0000        1
   15        -1.4176688293       -19.2885185573    1.0000        1
   16        -1.4122767109       -19.2151544733    1.0000        1
   17        -0.7260288741        -9.8782036556    0.0000        1
   18        -0.7245184210        -9.8576527323    0.0000        1
   19        -0.7220659212        -9.8242845111    0.0000        1
   20        -0.6790197476        -9.2386068825    0.0000        1
   21        -0.3433771747        -4.6719211637    0.0000        1
   22        -0.2275311142        -3.0957428340    0.0000        1
   23        -0.2095574246        -2.8511964076    0.0000        1
   24        -0.1644850232        -2.2379503281    0.0000        1
   25        -0.1080808616        -1.4705265873    0.0000        1
   26        -0.0928780657        -1.2636803859    0.0000        1
   27        -0.0569889441        -0.7753801763    0.0000        1
   28        -0.0339739722        -0.4622430703    0.0000        1
   29        -0.0221207865        -0.3009709976    0.0000        1
   30         0.0152990539         0.2081558679    0.0000        1
   31         0.0637633890         0.8675519186    0.0000        1
   32         0.0641850080         0.8732883824    0.0000        1
   33         0.0690133361         0.9389816480    0.0000        1
   34         0.0848340990         1.1542357846    0.0000        1
   35         0.0883092920         1.2015185653    0.0000        1
   36         0.1001807421         1.3630391410    0.0000        1
   37         0.1153441384         1.5693492789    0.0000        1
   38         0.1411364136         1.9202738161    0.0000        1
   39         0.1606655179         2.1859829035    0.0000        1
   40         0.1942049511         2.6423137242    0.0000        1
   41         0.2170276499         2.9528347986    0.0000        1
   42         0.2365059164         3.2178521979    0.0000        1
   43         0.2400965750         3.2667059804    0.0000        1
   44         0.2569420319         3.4959018982    0.0000        1
   45         0.2763307829         3.7597013655    0.0000        1
   46         0.2988901999         4.0666402817    0.0000        1
   47         0.3132335909         4.2617935906    0.0000        1
   48         0.3322847931         4.5210004381    0.0000        1
   49         0.3398430140         4.6238360792    0.0000        1
   50         0.3451456393         4.6959825391    0.0000        1
   51         0.3686871875         5.0162841352    0.0000        1
   52         0.3890376777         5.2931688359    0.0000        1
   53         0.4093920655         5.5701065644    0.0000        1
   54         0.4277262773         5.8195581837    0.0000        1
   55         0.4419863525         6.0135779153    0.0000        1
   56         0.4539356412         6.1761575474    0.0000        1
   57         0.4695639368         6.3887930112    0.0000        1
   58         0.4825690896         6.5657385199    0.0000        1
   59         0.4938091968         6.7186691702    0.0000        1
   60         0.4999411172         6.8020988524    0.0000        1
   61         0.5234053435         7.1213484232    0.0000        1
   62         0.5443426350         7.4062170232    0.0000        1
   63         0.5705366488         7.7626075363    0.0000        1
   64         0.5889299221         8.0128627347    0.0000        1
   65         0.6083652121         8.2772954030    0.0000        1

 Max and min values of charge density [e/bohr^3]:   1.7921E+00   3.9432E-10

 Hartree potential time [sec]:      10.95

   Eigenvalue Energy             =         -64.47467352 [Ry]
   Hartree Energy                =         412.87612732 [Ry]
   Integral_{Vxc*rho}            =         -53.25522979 [Ry]
   Exc = Integral{eps_xc*rho}    =         -41.00869101 [Ry]
   Electron-Ion energy           =       -1009.14211640 [Ry]
   Ion-Ion Energy                =         253.34367371 [Ry]
   (E(new)-E(old))/atom  =            -0.08027265 [eV]

   Total Energy =          -211.10421041 [Ry]
   Energy/atom  =          -574.44833320 [eV]

  0- 13    SRE of pot. & charge weighted pot =   2.5258803665   0.0361662624

 SCF iter #  14

 Diagonalization time [sec] :       2.02,      tdiag_sum =       64.96

 Fermi level at    -1.0623 [Ry]

   State   Eigenvalue [Ry]      Eigenvalue [eV]    Occup.     Repr.

    1        -3.2671893549       -44.4527249245    1.0000        1
    2        -2.9983528679       -40.7949894494    1.0000        1
    3        -2.9949928302       -40.7492734490    1.0000        1
    4        -2.9930634857       -40.7230231736    1.0000        1
    5        -2.0901621829       -28.4383286280    1.0000        1
    6        -1.9019168754       -25.8771006233    1.0000        1
    7        -1.9013601110       -25.8695253981    1.0000        1
    8        -1.8999251526       -25.8500016407    1.0000        1
    9        -1.5041356923       -20.4649694029    1.0000        1
   10        -1.5039587876       -20.4625624719    1.0000        1
   11        -1.4734880979       -20.0479843628    1.0000        1
   12        -1.4731111665       -20.0428559092    1.0000        1
   13        -1.4718210052       -20.0253022319    1.0000        1
   14        -1.3795968348       -18.7705186151    1.0000        1
   15        -1.3787549156       -18.7590636307    1.0000        1
   16        -1.3752317882       -18.7111286635    1.0000        1
   17        -0.6881783053        -9.3632163857    0.0000        1
   18        -0.6873352893        -9.3517464789    0.0000        1
   19        -0.6853745453        -9.3250689888    0.0000        1
   20        -0.6433912575        -8.7538527718    0.0000        1
   21        -0.3289633349        -4.4758093419    0.0000        1
   22        -0.2183473842        -2.9707908404    0.0000        1
   23        -0.2005816573        -2.7290739136    0.0000        1
   24        -0.1583747777        -2.1548155509    0.0000        1
   25        -0.1009252063        -1.3731681715    0.0000        1
   26        -0.0856769370        -1.1657032692    0.0000        1
   27        -0.0533306677        -0.7256063991    0.0000        1
   28        -0.0337659561        -0.4594128449    0.0000        1
   29        -0.0204754215        -0.2785844893    0.0000        1
   30         0.0183417699         0.2495544530    0.0000        1
   31         0.0653880021         0.8896560794    0.0000        1
   32         0.0679158941         0.9240500725    0.0000        1
   33         0.0700045030         0.9524672676    0.0000        1
   34         0.0845645747         1.1505686907    0.0000        1
   35         0.0879470539         1.1965900262    0.0000        1
   36         0.0993637546         1.3519233721    0.0000        1
   37         0.1125641382         1.5315251510    0.0000        1
   38         0.1376827605         1.8732841024    0.0000        1
   39         0.1616654507         2.1995877891    0.0000        1
   40         0.1864322203         2.5365595023    0.0000        1
   41         0.2133784929         2.9031850990    0.0000        1
   42         0.2311829463         3.1454289311    0.0000        1
   43         0.2363921872         3.2163048201    0.0000        1
   44         0.2506382217         3.4101335166    0.0000        1
   45         0.2697638173         3.6703525449    0.0000        1
   46         0.2887355425         3.9284780448    0.0000        1
   47         0.3050812749         4.1508748098    0.0000        1
   48         0.3233659667         4.3996526693    0.0000        1
   49         0.3263968174         4.4408898181    0.0000        1
   50         0.3385475802         4.6062106671    0.0000        1
   51         0.3605284111         4.9052774556    0.0000        1
   52         0.3722676436         5.0649991047    0.0000        1
   53         0.4003472571         5.4470447106    0.0000        1
   54         0.4243345464         5.7734109709    0.0000        1
   55         0.4296697833         5.8460011370    0.0000        1
   56         0.4385691502         5.9670841435    0.0000        1
   57         0.4557617625         6.2010033884    0.0000        1
   58         0.4689299522         6.3801671437    0.0000        1
   59         0.4771007487         6.4913373671    0.0000        1
   60         0.4881983885         6.6423296349    0.0000        1
   61         0.5112108870         6.9554330859    0.0000        1
   62         0.5304127101         7.2166892510    0.0000        1
   63         0.5498938894         7.4817462809    0.0000        1
   64         0.5752416048         7.8266222263    0.0000        1
   65         0.5938515188         8.0798249946    0.0000        1

 Max and min values of charge density [e/bohr^3]:   1.7880E+00   2.5290E-10

 Hartree potential time [sec]:      10.92

   Eigenvalue Energy             =         -63.21412230 [Ry]
   Hartree Energy                =         412.66733317 [Ry]
   Integral_{Vxc*rho}            =         -53.20834260 [Ry]
   Exc = Integral{eps_xc*rho}    =         -40.97281516 [Ry]
   Electron-Ion energy           =       -1008.78425219 [Ry]
   Ion-Ion Energy                =         253.34367371 [Ry]
   (E(new)-E(old))/atom  =            -0.05073093 [eV]

   Total Energy =          -211.12285354 [Ry]
   Energy/atom  =          -574.49906413 [eV]

  0- 14    SRE of pot. & charge weighted pot =   1.8640713650   0.0368893218

 SCF iter #  15

 Diagonalization time [sec] :       1.98,      tdiag_sum =       66.94

 Fermi level at    -1.0777 [Ry]

   State   Eigenvalue [Ry]      Eigenvalue [eV]    Occup.     Repr.

    1        -3.2693533707       -44.4821680917    1.0000        1
    2        -3.0000936861       -40.8186746742    1.0000        1
    3        -2.9975238766       -40.7837103606    1.0000        1
    4        -2.9960563842       -40.7637439523    1.0000        1
    5        -2.0906571726       -28.4450633586    1.0000        1
    6        -1.9026541801       -25.8871322439    1.0000        1
    7        -1.9023272172       -25.8826836522    1.0000        1
    8        -1.9012866051       -25.8685252920    1.0000        1
    9        -1.5057379591       -20.4867695245    1.0000        1
   10        -1.5055923209       -20.4847879997    1.0000        1
   11        -1.4752747470       -20.0722931521    1.0000        1
   12        -1.4749474056       -20.0678394106    1.0000        1
   13        -1.4740033709       -20.0549950639    1.0000        1
   14        -1.3817405769       -18.7996859410    1.0000        1
   15        -1.3808948114       -18.7881786244    1.0000        1
   16        -1.3783668645       -18.7537838847    1.0000        1
   17        -0.6911725298        -9.4039552062    0.0000        1
   18        -0.6906456570        -9.3967866805    0.0000        1
   19        -0.6891700599        -9.3767100013    0.0000        1
   20        -0.6474042901        -8.8084532904    0.0000        1
   21        -0.3322926388        -4.5211071846    0.0000        1
   22        -0.2231187271        -3.0357087770    0.0000        1
   23        -0.2068501260        -2.8143614447    0.0000        1
   24        -0.1689513187        -2.2987178516    0.0000        1
   25        -0.1052512891        -1.4320279896    0.0000        1
   26        -0.0904570666        -1.2307407567    0.0000        1
   27        -0.0616973582        -0.8394419164    0.0000        1
   28        -0.0459756852        -0.6255359776    0.0000        1
   29        -0.0314104887        -0.4273648274    0.0000        1
   30         0.0088904376         0.1209615158    0.0000        1
   31         0.0573610055         0.7804423688    0.0000        1
   32         0.0600142701         0.8165421563    0.0000        1
   33         0.0631597969         0.8593395644    0.0000        1
   34         0.0736153296         1.0015954509    0.0000        1
   35         0.0759542037         1.0334177051    0.0000        1
   36         0.0879279900         1.1963306469    0.0000        1
   37         0.1015345914         1.3814593435    0.0000        1
   38         0.1241411037         1.6890390285    0.0000        1
   39         0.1506704200         2.0499916002    0.0000        1
   40         0.1693127165         2.3036349578    0.0000        1
   41         0.2028218271         2.7595532146    0.0000        1
   42         0.2186116246         2.9743860414    0.0000        1
   43         0.2246074744         3.0559643751    0.0000        1
   44         0.2355749327         3.2051854191    0.0000        1
   45         0.2542578389         3.4593813043    0.0000        1
   46         0.2729990119         3.7143699560    0.0000        1
   47         0.2874399937         3.9108510661    0.0000        1
   48         0.3028291743         4.1202331802    0.0000        1
   49         0.3083763392         4.1957067965    0.0000        1
   50         0.3227204134         4.3908694004    0.0000        1
   51         0.3429882473         4.6666294956    0.0000        1
   52         0.3467215992         4.7174247345    0.0000        1
   53         0.3809302406         5.1828606674    0.0000        1
   54         0.4086912707         5.5605716915    0.0000        1
   55         0.4106497925         5.5872189467    0.0000        1
   56         0.4145873440         5.6407924849    0.0000        1
   57         0.4354578406         5.9247522874    0.0000        1
   58         0.4423786371         6.0189152607    0.0000        1
   59         0.4553013315         6.1947388557    0.0000        1
   60         0.4693160713         6.3854206025    0.0000        1
   61         0.4909216449         6.6793817167    0.0000        1
   62         0.5061568177         6.8866684308    0.0000        1
   63         0.5210641209         7.0894942164    0.0000        1
   64         0.5495346624         7.4768587097    0.0000        1
   65         0.5681334252         7.7299097565    0.0000        1

 Max and min values of charge density [e/bohr^3]:   1.7882E+00   1.7482E-10

 Hartree potential time [sec]:      10.85

   Eigenvalue Energy             =         -63.27302110 [Ry]
   Hartree Energy                =         412.77039336 [Ry]
   Integral_{Vxc*rho}            =         -53.22481093 [Ry]
   Exc = Integral{eps_xc*rho}    =         -40.98562722 [Ry]
   Electron-Ion energy           =       -1009.00111174 [Ry]
   Ion-Ion Energy                =         253.34367371 [Ry]
   (E(new)-E(old))/atom  =            -0.03491049 [eV]

   Total Energy =          -211.13568280 [Ry]
   Energy/atom  =          -574.53397461 [eV]

  0- 15    SRE of pot. & charge weighted pot =   1.6608212621   0.0285964061

 SCF iter #  16

 Diagonalization time [sec] :       1.94,      tdiag_sum =       68.88

 Fermi level at    -1.0895 [Ry]

   State   Eigenvalue [Ry]      Eigenvalue [eV]    Occup.     Repr.

    1        -3.2705339055       -44.4982302114    1.0000        1
    2        -3.0007576135       -40.8277079375    1.0000        1
    3        -2.9990294007       -40.8041942204    1.0000        1
    4        -2.9980947854       -40.7914780306    1.0000        1
    5        -2.0902000864       -28.4388443353    1.0000        1
    6        -1.9025837890       -25.8861745170    1.0000        1
    7        -1.9020602190       -25.8790509275    1.0000        1
    8        -1.9015474871       -25.8720747993    1.0000        1
    9        -1.5062331312       -20.4935067367    1.0000        1
   10        -1.5061147213       -20.4918956745    1.0000        1
   11        -1.4759198779       -20.0810706744    1.0000        1
   12        -1.4756287309       -20.0771093871    1.0000        1
   13        -1.4749825629       -20.0683177537    1.0000        1
   14        -1.3826166504       -18.8116056222    1.0000        1
   15        -1.3819138889       -18.8020439899    1.0000        1
   16        -1.3802215461       -18.7790183116    1.0000        1
   17        -0.6930129810        -9.4289960172    0.0000        1
   18        -0.6927084236        -9.4248522705    0.0000        1
   19        -0.6916074426        -9.4098725429    0.0000        1
   20        -0.6500595843        -8.8445806918    0.0000        1
   21        -0.3337771729        -4.5413054585    0.0000        1
   22        -0.2259302110        -3.0739612645    0.0000        1
   23        -0.2111708563        -2.8731484372    0.0000        1
   24        -0.1773101240        -2.4124460851    0.0000        1
   25        -0.1077327635        -1.4657904338    0.0000        1
   26        -0.0934568186        -1.2715547823    0.0000        1
   27        -0.0678846484        -0.9236249498    0.0000        1
   28        -0.0556493035        -0.7571532930    0.0000        1
   29        -0.0399657732        -0.5437663174    0.0000        1
   30         0.0019635715         0.0267159616    0.0000        1
   31         0.0533516031         0.7258912415    0.0000        1
   32         0.0547473003         0.7448808180    0.0000        1
   33         0.0567463721         0.7720797897    0.0000        1
   34         0.0655220421         0.8914797999    0.0000        1
   35         0.0670891482         0.9128015323    0.0000        1
   36         0.0803806141         1.0936425592    0.0000        1
   37         0.0936688113         1.2744391126    0.0000        1
   38         0.1131410093         1.5393739440    0.0000        1
   39         0.1418773399         1.9303547115    0.0000        1
   40         0.1553475616         2.1136278541    0.0000        1
   41         0.1964433188         2.6727685067    0.0000        1
   42         0.2096302444         2.8521871794    0.0000        1
   43         0.2164261237         2.9446505536    0.0000        1
   44         0.2249210249         3.0602304800    0.0000        1
   45         0.2421774062         3.2950173534    0.0000        1
   46         0.2616675578         3.5601964583    0.0000        1
   47         0.2729063392         3.7131090692    0.0000        1
   48         0.2858717596         3.8895139870    0.0000        1
   49         0.2951713499         4.0160423531    0.0000        1
   50         0.3100043863         4.2178576794    0.0000        1
   51         0.3237708978         4.4051620814    0.0000        1
   52         0.3304293485         4.4957556294    0.0000        1
   53         0.3633682489         4.9439157206    0.0000        1
   54         0.3913872460         5.3251365911    0.0000        1
   55         0.3969407865         5.4006969530    0.0000        1
   56         0.3990441788         5.4293152878    0.0000        1
   57         0.4181012005         5.6886013144    0.0000        1
   58         0.4250634680         5.7833285326    0.0000        1
   59         0.4407844025         5.9972244233    0.0000        1
   60         0.4547532345         6.1872815584    0.0000        1
   61         0.4744248165         6.4549291682    0.0000        1
   62         0.4870860034         6.6271947448    0.0000        1
   63         0.4982831724         6.7795411866    0.0000        1
   64         0.5272097143         7.1731099309    0.0000        1
   65         0.5480992193         7.4573283574    0.0000        1

 Max and min values of charge density [e/bohr^3]:   1.7895E+00   1.2660E-10

 Hartree potential time [sec]:      10.88

   Eigenvalue Energy             =         -63.29687679 [Ry]
   Hartree Energy                =         412.89451575 [Ry]
   Integral_{Vxc*rho}            =         -53.24779422 [Ry]
   Exc = Integral{eps_xc*rho}    =         -41.00349137 [Ry]
   Electron-Ion energy           =       -1009.27767496 [Ry]
   Ion-Ion Energy                =         253.34367371 [Ry]
   (E(new)-E(old))/atom  =            -0.02282769 [eV]

   Total Energy =          -211.14407176 [Ry]
   Energy/atom  =          -574.55680231 [eV]

  0- 16    SRE of pot. & charge weighted pot =   1.4945369634   0.0208148823

 SCF iter #  17

 Diagonalization time [sec] :       2.08,      tdiag_sum =       70.96

 Fermi level at    -1.1010 [Ry]

   State   Eigenvalue [Ry]      Eigenvalue [eV]    Occup.     Repr.

    1        -3.2725612824       -44.5258142961    1.0000        1
    2        -3.0025706198       -40.8523753392    1.0000        1
    3        -3.0011656412       -40.8332594808    1.0000        1
    4        -3.0004415323       -40.8234073998    1.0000        1
    5        -2.0915830421       -28.4576605543    1.0000        1
    6        -1.9041635741       -25.9076687563    1.0000        1
    7        -1.9035238325       -25.8989645597    1.0000        1
    8        -1.9032384083       -25.8950811351    1.0000        1
    9        -1.5080237804       -20.5178699514    1.0000        1
   10        -1.5079062227       -20.5162704853    1.0000        1
   11        -1.4777649270       -20.1061740440    1.0000        1
   12        -1.4774834529       -20.1023443637    1.0000        1
   13        -1.4769867941       -20.0955869229    1.0000        1
   14        -1.3845929556       -18.8384948348    1.0000        1
   15        -1.3839111827       -18.8292187693    1.0000        1
   16        -1.3826834424       -18.8125143806    1.0000        1
   17        -0.6955195738        -9.4631002177    0.0000        1
   18        -0.6952946905        -9.4600405007    0.0000        1
   19        -0.6944551309        -9.4486176202    0.0000        1
   20        -0.6529080157        -8.8833358805    0.0000        1
   21        -0.3371674465        -4.5874328439    0.0000        1
   22        -0.2302869667        -3.1332384112    0.0000        1
   23        -0.2169592120        -2.9519036469    0.0000        1
   24        -0.1869850993        -2.5440818638    0.0000        1
   25        -0.1117146380        -1.5199670222    0.0000        1
   26        -0.0980312245        -1.3337932339    0.0000        1
   27        -0.0752665273        -1.0240613173    0.0000        1
   28        -0.0660764422        -0.8990228576    0.0000        1
   29        -0.0496245136        -0.6751812078    0.0000        1
   30        -0.0059957898        -0.0815775166    0.0000        1
   31         0.0459084199         0.6246207796    0.0000        1
   32         0.0493766994         0.6718094966    0.0000        1
   33         0.0507011187         0.6898292811    0.0000        1
   34         0.0563859787         0.7671763486    0.0000        1
   35         0.0583331350         0.7936689686    0.0000        1
   36         0.0727734145         0.9901405230    0.0000        1
   37         0.0854462488         1.1625645715    0.0000        1
   38         0.1015885888         1.3821940216    0.0000        1
   39         0.1313805580         1.7875375956    0.0000        1
   40         0.1415276526         1.9255969363    0.0000        1
   41         0.1902532138         2.5885471766    0.0000        1
   42         0.2009926501         2.7346657984    0.0000        1
   43         0.2081254509         2.8317132595    0.0000        1
   44         0.2150482233         2.9259031164    0.0000        1
   45         0.2303096325         3.1335467982    0.0000        1
   46         0.2504057303         3.4069702850    0.0000        1
   47         0.2587739141         3.5208261200    0.0000        1
   48         0.2693135432         3.6642262064    0.0000        1
   49         0.2816521894         3.8321033585    0.0000        1
   50         0.2968839701         4.0393439198    0.0000        1
   51         0.3047059173         4.1457677698    0.0000        1
   52         0.3148952941         4.2844023921    0.0000        1
   53         0.3446056443         4.6886354755    0.0000        1
   54         0.3718723645         5.0596210175    0.0000        1
   55         0.3830023170         5.2110529242    0.0000        1
   56         0.3875853286         5.2734084636    0.0000        1
   57         0.4025408978         5.4768909470    0.0000        1
   58         0.4114162053         5.5976466064    0.0000        1
   59         0.4268779090         5.8080154544    0.0000        1
   60         0.4404163147         5.9922162951    0.0000        1
   61         0.4580193009         6.2317190044    0.0000        1
   62         0.4690752420         6.3821439277    0.0000        1
   63         0.4778293241         6.5012502177    0.0000        1
   64         0.5049966491         6.8708834086    0.0000        1
   65         0.5291964127         7.2001405520    0.0000        1

 Max and min values of charge density [e/bohr^3]:   1.7899E+00   9.1611E-11

 Hartree potential time [sec]:      10.88

   Eigenvalue Energy             =         -63.35720138 [Ry]
   Hartree Energy                =         412.94486661 [Ry]
   Integral_{Vxc*rho}            =         -53.25713884 [Ry]
   Exc = Integral{eps_xc*rho}    =         -41.01083547 [Ry]
   Electron-Ion energy           =       -1009.40038516 [Ry]
   Ion-Ion Energy                =         253.34367371 [Ry]
   (E(new)-E(old))/atom  =            -0.01443152 [eV]

   Total Energy =          -211.14937520 [Ry]
   Energy/atom  =          -574.57123383 [eV]

  0- 17    SRE of pot. & charge weighted pot =   1.4540752027   0.0164099005

 SCF iter #  18

 Diagonalization time [sec] :       2.08,      tdiag_sum =       73.04

 Fermi level at    -1.1118 [Ry]

   State   Eigenvalue [Ry]      Eigenvalue [eV]    Occup.     Repr.

    1        -3.2745240042       -44.5525186964    1.0000        1
    2        -3.0044177240       -40.8775066687    1.0000        1
    3        -3.0031656875       -40.8604717112    1.0000        1
    4        -3.0025545931       -40.8521572831    1.0000        1
    5        -2.0932647381       -28.4805413732    1.0000        1
    6        -1.9059158338       -25.9315096511    1.0000        1
    7        -1.9052901171       -25.9229962748    1.0000        1
    8        -1.9050598350       -25.9198631032    1.0000        1
    9        -1.5099046634       -20.5434608688    1.0000        1
   10        -1.5097704121       -20.5416342732    1.0000        1
   11        -1.4796712510       -20.1321111062    1.0000        1
   12        -1.4793962820       -20.1283699342    1.0000        1
   13        -1.4789721495       -20.1225992711    1.0000        1
   14        -1.3865518751       -18.8651475025    1.0000        1
   15        -1.3858827506       -18.8560435278    1.0000        1
   16        -1.3849326593       -18.8431167761    1.0000        1
   17        -0.6978561309        -9.4948909453    0.0000        1
   18        -0.6976132205        -9.4915859560    0.0000        1
   19        -0.6969547467        -9.4826268924    0.0000        1
   20        -0.6554105880        -8.9173853785    0.0000        1
   21        -0.3408481995        -4.6375124333    0.0000        1
   22        -0.2348042086        -3.1946991017    0.0000        1
   23        -0.2227681891        -3.0309394267    0.0000        1
   24        -0.1963927348        -2.6720802710    0.0000        1
   25        -0.1159117130        -1.5770715845    0.0000        1
   26        -0.1028745018        -1.3996898963    0.0000        1
   27        -0.0825678945        -1.1234022585    0.0000        1
   28        -0.0759646160        -1.0335593719    0.0000        1
   29        -0.0590817361        -0.8038542851    0.0000        1
   30        -0.0137415948        -0.1869653906    0.0000        1
   31         0.0408502465         0.5558002838    0.0000        1
   32         0.0417683856         0.5682923008    0.0000        1
   33         0.0452432180         0.6155701748    0.0000        1
   34         0.0476925092         0.6488947415    0.0000        1
   35         0.0505832410         0.6882254600    0.0000        1
   36         0.0656605150         0.8933638346    0.0000        1
   37         0.0778296944         1.0589352560    0.0000        1
   38         0.0908785358         1.2364751824    0.0000        1
   39         0.1203531794         1.6375012881    0.0000        1
   40         0.1290863434         1.7563229705    0.0000        1
   41         0.1848368698         2.5148534837    0.0000        1
   42         0.1934552987         2.6321141035    0.0000        1
   43         0.2004749601         2.7276222122    0.0000        1
   44         0.2066884152         2.8121612391    0.0000        1
   45         0.2196141064         2.9880256095    0.0000        1
   46         0.2397948756         3.2626011187    0.0000        1
   47         0.2462136353         3.3499334795    0.0000        1
   48         0.2540688632         3.4568101389    0.0000        1
   49         0.2685333715         3.6536113454    0.0000        1
   50         0.2844143854         3.8696852445    0.0000        1
   51         0.2883565266         3.9233212290    0.0000        1
   52         0.2994397570         4.0741174463    0.0000        1
   53         0.3268898052         4.4475973118    0.0000        1
   54         0.3534948702         4.8095805054    0.0000        1
   55         0.3714852841         5.0543544785    0.0000        1
   56         0.3773898211         5.1346904279    0.0000        1
   57         0.3897569931         5.3029556964    0.0000        1
   58         0.3996862428         5.4380510827    0.0000        1
   59         0.4141048179         5.6342273309    0.0000        1
   60         0.4271613117         5.8118713744    0.0000        1
   61         0.4427424809         6.0238656472    0.0000        1
   62         0.4528716979         6.1616817469    0.0000        1
   63         0.4604196841         6.2643781378    0.0000        1
   64         0.4846097862         6.5935038284    0.0000        1
   65         0.5114811191         6.9591098102    0.0000        1

 Max and min values of charge density [e/bohr^3]:   1.7898E+00   6.0144E-11

 Hartree potential time [sec]:      10.92

   Eigenvalue Energy             =         -63.41854915 [Ry]
   Hartree Energy                =         412.96015562 [Ry]
   Integral_{Vxc*rho}            =         -53.26006611 [Ry]
   Exc = Integral{eps_xc*rho}    =         -41.01319764 [Ry]
   Electron-Ion energy           =       -1009.44779693 [Ry]
   Ion-Ion Energy                =         253.34367371 [Ry]
   (E(new)-E(old))/atom  =            -0.00937100 [eV]

   Total Energy =          -211.15281896 [Ry]
   Energy/atom  =          -574.58060483 [eV]

  0- 18    SRE of pot. & charge weighted pot =   1.4780763876   0.0138033156

 SCF iter #  19

 Diagonalization time [sec] :       2.08,      tdiag_sum =       75.12

 Fermi level at    -1.1228 [Ry]

   State   Eigenvalue [Ry]      Eigenvalue [eV]    Occup.     Repr.

    1        -3.2770721144       -44.5871877739    1.0000        1
    2        -3.0069431546       -40.9118671735    1.0000        1
    3        -3.0056885755       -40.8947976212    1.0000        1
    4        -3.0051062154       -40.8868741457    1.0000        1
    5        -2.0957631019       -28.5145336114    1.0000        1
    6        -1.9084205647       -25.9655885190    1.0000        1
    7        -1.9078420961       -25.9577179917    1.0000        1
    8        -1.9076129289       -25.9545999876    1.0000        1
    9        -1.5124410166       -20.5779699833    1.0000        1
   10        -1.5122765115       -20.5757317597    1.0000        1
   11        -1.4822282310       -20.1669008652    1.0000        1
   12        -1.4819460931       -20.1630621533    1.0000        1
   13        -1.4815331455       -20.1574436716    1.0000        1
   14        -1.3891119759       -18.8999797214    1.0000        1
   15        -1.3884332654       -18.8907453225    1.0000        1
   16        -1.3876072737       -18.8795070447    1.0000        1
   17        -0.7006869607        -9.5334066493    0.0000        1
   18        -0.7003616309        -9.5289802781    0.0000        1
   19        -0.6998184296        -9.5215895894    0.0000        1
   20        -0.6582818074        -8.9564506157    0.0000        1
   21        -0.3450173465        -4.6942370136    0.0000        1
   22        -0.2396757310        -3.2609800613    0.0000        1
   23        -0.2287888284        -3.1128550415    0.0000        1
   24        -0.2057116610        -2.7988717172    0.0000        1
   25        -0.1205053923        -1.6395722659    0.0000        1
   26        -0.1081519230        -1.4714934341    0.0000        1
   27        -0.0900111631        -1.2246738835    0.0000        1
   28        -0.0855515483        -1.1639972554    0.0000        1
   29        -0.0685218025        -0.9322939411    0.0000        1
   30        -0.0215631779        -0.2933842863    0.0000        1
   31         0.0349661107         0.4757419088    0.0000        1
   32         0.0368233529         0.5010111743    0.0000        1
   33         0.0374723849         0.5098417751    0.0000        1
   34         0.0395067022         0.5375202883    0.0000        1
   35         0.0431767246         0.5874538790    0.0000        1
   36         0.0582655901         0.7927499653    0.0000        1
   37         0.0705397075         0.9597491521    0.0000        1
   38         0.0808619860         1.1001920093    0.0000        1
   39         0.1088332162         1.4807629736    0.0000        1
   40         0.1175104126         1.5988231712    0.0000        1
   41         0.1795968132         2.4435583205    0.0000        1
   42         0.1864629166         2.5369771509    0.0000        1
   43         0.1929996874         2.6259151467    0.0000        1
   44         0.1991800648         2.7100041259    0.0000        1
   45         0.2096711961         2.8527443594    0.0000        1
   46         0.2292848006         3.1196031406    0.0000        1
   47         0.2346045682         3.1919828343    0.0000        1
   48         0.2401382166         3.2672725471    0.0000        1
   49         0.2555395507         3.4768200190    0.0000        1
   50         0.2720414150         3.7013410837    0.0000        1
   51         0.2737698676         3.7248580642    0.0000        1
   52         0.2841544477         3.8661485848    0.0000        1
   53         0.3105408884         4.2251572193    0.0000        1
   54         0.3362006885         4.5742793279    0.0000        1
   55         0.3611013203         4.9130723431    0.0000        1
   56         0.3678908453         5.0054492633    0.0000        1
   57         0.3783929477         5.1483387674    0.0000        1
   58         0.3888591379         5.2907396585    0.0000        1
   59         0.4020271106         5.4699004614    0.0000        1
   60         0.4144053138         5.6383158182    0.0000        1
   61         0.4283646385         5.8282435982    0.0000        1
   62         0.4379656778         5.9588734187    0.0000        1
   63         0.4450483255         6.0552385069    0.0000        1
   64         0.4659773660         6.3399948466    0.0000        1
   65         0.4939350889         6.7203820327    0.0000        1

 Max and min values of charge density [e/bohr^3]:   1.7895E+00   4.0228E-11

 Hartree potential time [sec]:      10.77

   Eigenvalue Energy             =         -63.50005253 [Ry]
   Hartree Energy                =         412.95266973 [Ry]
   Integral_{Vxc*rho}            =         -53.25855487 [Ry]
   Exc = Integral{eps_xc*rho}    =         -41.01210217 [Ry]
   Electron-Ion energy           =       -1009.44133545 [Ry]
   Ion-Ion Energy                =         253.34367371 [Ry]
   (E(new)-E(old))/atom  =            -0.00613957 [eV]

   Total Energy =          -211.15507519 [Ry]
   Energy/atom  =          -574.58674440 [eV]

  0- 19    SRE of pot. & charge weighted pot =   1.5702581114   0.0119661833

 SCF iter #  20

 Diagonalization time [sec] :       1.95,      tdiag_sum =       77.07

 Fermi level at    -1.1316 [Ry]

   State   Eigenvalue [Ry]      Eigenvalue [eV]    Occup.     Repr.

    1        -3.2772906170       -44.5901606763    1.0000        1
    2        -3.0070930478       -40.9139065895    1.0000        1
    3        -3.0059472680       -40.8983173384    1.0000        1
    4        -3.0054319288       -40.8913057374    1.0000        1
    5        -2.0957963562       -28.5149860638    1.0000        1
    6        -1.9084989847       -25.9666554866    1.0000        1
    7        -1.9079235094       -25.9588256836    1.0000        1
    8        -1.9077133211       -25.9559659035    1.0000        1
    9        -1.5126118806       -20.5802947251    1.0000        1
   10        -1.5124403578       -20.5779610206    1.0000        1
   11        -1.4824184182       -20.1694885145    1.0000        1
   12        -1.4821344318       -20.1656246525    1.0000        1
   13        -1.4817635469       -20.1605784667    1.0000        1
   14        -1.3893340405       -18.9030010878    1.0000        1
   15        -1.3886642426       -18.8938879515    1.0000        1
   16        -1.3879802538       -18.8845817374    1.0000        1
   17        -0.7011956509        -9.5403277866    0.0000        1
   18        -0.7008155136        -9.5351557144    0.0000        1
   19        -0.7003690227        -9.5290808484    0.0000        1
   20        -0.6589034870        -8.9649090633    0.0000        1
   21        -0.3471058513        -4.7226527916    0.0000        1
   22        -0.2426356911        -3.3012526859    0.0000        1
   23        -0.2328074089        -3.1675310440    0.0000        1
   24        -0.2125676312        -2.8921526771    0.0000        1
   25        -0.1233586484        -1.6783930990    0.0000        1
   26        -0.1117318029        -1.5202005635    0.0000        1
   27        -0.0954887855        -1.2992013180    0.0000        1
   28        -0.0927469861        -1.2618969441    0.0000        1
   29        -0.0758137456        -1.0315066599    0.0000        1
   30        -0.0272044711        -0.3701385923    0.0000        1
   31         0.0309907050         0.4216533341    0.0000        1
   32         0.0314737144         0.4282250631    0.0000        1
   33         0.0335505368         0.4564818937    0.0000        1
   34         0.0340573469         0.4633774502    0.0000        1
   35         0.0379517993         0.5163645903    0.0000        1
   36         0.0523788872         0.7126566631    0.0000        1
   37         0.0656273977         0.8929132474    0.0000        1
   38         0.0735694106         1.0009706866    0.0000        1
   39         0.0994489714         1.3530828155    0.0000        1
   40         0.1086257495         1.4779402229    0.0000        1
   41         0.1762993409         2.3986935728    0.0000        1
   42         0.1816968454         2.4721309396    0.0000        1
   43         0.1876526919         2.5531649952    0.0000        1
   44         0.1941846613         2.6420376644    0.0000        1
   45         0.2022199343         2.7513639823    0.0000        1
   46         0.2209394309         3.0060577088    0.0000        1
   47         0.2252269657         3.0643930495    0.0000        1
   48         0.2298664877         3.1275174586    0.0000        1
   49         0.2448106048         3.3308441274    0.0000        1
   50         0.2612317059         3.5542663445    0.0000        1
   51         0.2623826607         3.5699260045    0.0000        1
   52         0.2716691642         3.6962763138    0.0000        1
   53         0.2975314777         4.0481537787    0.0000        1
   54         0.3217660820         4.3778849590    0.0000        1
   55         0.3533915419         4.8081746414    0.0000        1
   56         0.3609152111         4.9105401789    0.0000        1
   57         0.3699219026         5.0330834227    0.0000        1
   58         0.3805773381         5.1780591473    0.0000        1
   59         0.3925523916         5.3409893295    0.0000        1
   60         0.4040273935         5.4971159108    0.0000        1
   61         0.4167260609         5.6698914398    0.0000        1
   62         0.4263276871         5.8005292445    0.0000        1
   63         0.4330116568         5.8914699998    0.0000        1
   64         0.4512016312         6.1389591533    0.0000        1
   65         0.4785566139         6.5111455777    0.0000        1

 Max and min values of charge density [e/bohr^3]:   1.7895E+00   2.7393E-11

 Hartree potential time [sec]:      10.83

   Eigenvalue Energy             =         -63.50608441 [Ry]
   Hartree Energy                =         412.95355752 [Ry]
   Integral_{Vxc*rho}            =         -53.25900944 [Ry]
   Exc = Integral{eps_xc*rho}    =         -41.01251082 [Ry]
   Electron-Ion energy           =       -1009.45543894 [Ry]
   Ion-Ion Energy                =         253.34367371 [Ry]
   (E(new)-E(old))/atom  =            -0.00415906 [eV]

   Total Energy =          -211.15660360 [Ry]
   Energy/atom  =          -574.59090346 [eV]

  0- 20    SRE of pot. & charge weighted pot =   1.6268870547   0.0114057765

 SCF iter #  21

 Diagonalization time [sec] :       1.93,      tdiag_sum =       78.99

 Fermi level at    -1.1396 [Ry]

   State   Eigenvalue [Ry]      Eigenvalue [eV]    Occup.     Repr.

    1        -3.2773635512       -44.5911530048    1.0000        1
    2        -3.0071015256       -40.9140219370    1.0000        1
    3        -3.0060477605       -40.8996846204    1.0000        1
    4        -3.0055934829       -40.8935038103    1.0000        1
    5        -2.0957055812       -28.5137509969    1.0000        1
    6        -1.9084359029       -25.9657972083    1.0000        1
    7        -1.9078821358       -25.9582627635    1.0000        1
    8        -1.9076753888       -25.9554498052    1.0000        1
    9        -1.5126259354       -20.5804859523    1.0000        1
   10        -1.5124504372       -20.5780981587    1.0000        1
   11        -1.4824438011       -20.1698338691    1.0000        1
   12        -1.4821648639       -20.1660387053    1.0000        1
   13        -1.4818252286       -20.1614176950    1.0000        1
   14        -1.3893828716       -18.9036654744    1.0000        1
   15        -1.3887315037       -18.8948030924    1.0000        1
   16        -1.3881548135       -18.8869567611    1.0000        1
   17        -0.7015066962        -9.5445598071    0.0000        1
   18        -0.7010757990        -9.5386971059    0.0000        1
   19        -0.7006971810        -9.5335457057    0.0000        1
   20        -0.6592992079        -8.9702931632    0.0000        1
   21        -0.3487264038        -4.7447017046    0.0000        1
   22        -0.2450238971        -3.3337461391    0.0000        1
   23        -0.2361854995        -3.2134926690    0.0000        1
   24        -0.2184549046        -2.9722537414    0.0000        1
   25        -0.1256629573        -1.7097450646    0.0000        1
   26        -0.1147920530        -1.5618377151    0.0000        1
   27        -0.1002473234        -1.3639450325    0.0000        1
   28        -0.0988320690        -1.3446893650    0.0000        1
   29        -0.0822314365        -1.1188244786    0.0000        1
   30        -0.0319832635        -0.4351578861    0.0000        1
   31         0.0276582990         0.3763132845    0.0000        1
   32         0.0281048891         0.3823894997    0.0000        1
   33         0.0291347962         0.3964022099    0.0000        1
   34         0.0295850035         0.4025276410    0.0000        1
   35         0.0336670916         0.4580677143    0.0000        1
   36         0.0468504431         0.6374377582    0.0000        1
   37         0.0619326282         0.8426429532    0.0000        1
   38         0.0677196634         0.9213801963    0.0000        1
   39         0.0912827990         1.2419755060    0.0000        1
   40         0.1009873415         1.3740135703    0.0000        1
   41         0.1738003213         2.3646924110    0.0000        1
   42         0.1779817458         2.4215840364    0.0000        1
   43         0.1833526218         2.4946591016    0.0000        1
   44         0.1903229067         2.5894954046    0.0000        1
   45         0.1961591704         2.6689024412    0.0000        1
   46         0.2135109974         2.9049879280    0.0000        1
   47         0.2170138992         2.9526477093    0.0000        1
   48         0.2220856271         3.0216526246    0.0000        1
   49         0.2352806370         3.2011812903    0.0000        1
   50         0.2509327900         3.4141413544    0.0000        1
   51         0.2522655215         3.4322742319    0.0000        1
   52         0.2613567589         3.5559677901    0.0000        1
   53         0.2865778452         3.8991208462    0.0000        1
   54         0.3087389216         4.2006400189    0.0000        1
   55         0.3467984543         4.7184704097    0.0000        1
   56         0.3551865081         4.8325965914    0.0000        1
   57         0.3628320680         4.9366205506    0.0000        1
   58         0.3736775362         5.0841818221    0.0000        1
   59         0.3846158722         5.2330066346    0.0000        1
   60         0.3948102014         5.3717086387    0.0000        1
   61         0.4067894003         5.5346952228    0.0000        1
   62         0.4167447150         5.6701452438    0.0000        1
   63         0.4224458741         5.7477140734    0.0000        1
   64         0.4388963247         5.9715356145    0.0000        1
   65         0.4643555965         6.3179293751    0.0000        1

 Max and min values of charge density [e/bohr^3]:   1.7896E+00   1.7327E-11

 Hartree potential time [sec]:      10.93

   Eigenvalue Energy             =         -63.50716957 [Ry]
   Hartree Energy                =         412.95569383 [Ry]
   Integral_{Vxc*rho}            =         -53.25972542 [Ry]
   Exc = Integral{eps_xc*rho}    =         -41.01311116 [Ry]
   Electron-Ion energy           =       -1009.46999739 [Ry]
   Ion-Ion Energy                =         253.34367371 [Ry]
   (E(new)-E(old))/atom  =            -0.00281358 [eV]

   Total Energy =          -211.15763757 [Ry]
   Energy/atom  =          -574.59371704 [eV]

  0- 21    SRE of pot. & charge weighted pot =   1.6595494017   0.0110057742

 SCF iter #  22

 Diagonalization time [sec] :       2.01,      tdiag_sum =       81.01

 Fermi level at    -1.1463 [Ry]

   State   Eigenvalue [Ry]      Eigenvalue [eV]    Occup.     Repr.

    1        -3.2803263650       -44.6314644568    1.0000        1
    2        -3.0096779344       -40.9490760392    1.0000        1
    3        -3.0090625257       -40.9407029128    1.0000        1
    4        -3.0089482670       -40.9391483317    1.0000        1
    5        -2.0980765318       -28.5460096766    1.0000        1
    6        -1.9106799626       -25.9963294349    1.0000        1
    7        -1.9104005205       -25.9925274024    1.0000        1
    8        -1.9103460083       -25.9917857194    1.0000        1
    9        -1.5151959538       -20.6154531082    1.0000        1
   10        -1.5150340714       -20.6132505691    1.0000        1
   11        -1.4849470996       -20.2038932476    1.0000        1
   12        -1.4847782118       -20.2015953936    1.0000        1
   13        -1.4845451217       -20.1984240166    1.0000        1
   14        -1.3918859840       -18.9377223209    1.0000        1
   15        -1.3915164596       -18.9326946458    1.0000        1
   16        -1.3912760627       -18.9294238536    1.0000        1
   17        -0.7045150410        -9.5854907449    0.0000        1
   18        -0.7041570334        -9.5806197650    0.0000        1
   19        -0.7038623496        -9.5766103561    0.0000        1
   20        -0.6624114304        -9.0126374399    0.0000        1
   21        -0.3493679121        -4.7534299387    0.0000        1
   22        -0.2454690641        -3.3398029922    0.0000        1
   23        -0.2378753858        -3.2364849241    0.0000        1
   24        -0.2223385891        -3.0250943752    0.0000        1
   25        -0.1255306843        -1.7079453848    0.0000        1
   26        -0.1155952592        -1.5727659773    0.0000        1
   27        -0.1026549049        -1.3967021055    0.0000        1
   28        -0.1020497891        -1.3884690209    0.0000        1
   29        -0.0860846070        -1.1712499454    0.0000        1
   30        -0.0337328971        -0.4589630519    0.0000        1
   31         0.0275505963         0.3748479038    0.0000        1
   32         0.0276290377         0.3759151608    0.0000        1
   33         0.0285109695         0.3879145491    0.0000        1
   34         0.0290063410         0.3946544742    0.0000        1
   35         0.0326890764         0.4447610353    0.0000        1
   36         0.0443435829         0.6033299209    0.0000        1
   37         0.0620016750         0.8435823891    0.0000        1
   38         0.0659760475         0.8976569069    0.0000        1
   39         0.0870223127         1.1840081816    0.0000        1
   40         0.0970153844         1.3199719166    0.0000        1
   41         0.1751619106         2.3832179238    0.0000        1
   42         0.1781355652         2.4236768726    0.0000        1
   43         0.1830198955         2.4901320948    0.0000        1
   44         0.1904237818         2.5908678908    0.0000        1
   45         0.1945865081         2.6475051115    0.0000        1
   46         0.2096975448         2.8531028544    0.0000        1
   47         0.2134946402         2.9047653757    0.0000        1
   48         0.2191621999         2.9818770591    0.0000        1
   49         0.2299295244         3.1283751226    0.0000        1
   50         0.2441023008         3.3212070845    0.0000        1
   51         0.2459043091         3.3457248492    0.0000        1
   52         0.2558801638         3.4814543326    0.0000        1
   53         0.2804321786         3.8155041359    0.0000        1
   54         0.2996987432         4.0776411601    0.0000        1
   55         0.3432441780         4.6701116373    0.0000        1
   56         0.3531352649         4.8046877866    0.0000        1
   57         0.3594567645         4.8906968465    0.0000        1
   58         0.3712618285         5.0513141858    0.0000        1
   59         0.3808257907         5.1814395436    0.0000        1
   60         0.3897813157         5.3032866248    0.0000        1
   61         0.4019055615         5.4682466885    0.0000        1
   62         0.4119006230         5.6042374961    0.0000        1
   63         0.4157943834         5.6572152220    0.0000        1
   64         0.4311054405         5.8655344020    0.0000        1
   65         0.4546788962         6.1862701254    0.0000        1

 Max and min values of charge density [e/bohr^3]:   1.7906E+00   1.0440E-11

 Hartree potential time [sec]:      10.78

   Eigenvalue Energy             =         -63.59339416 [Ry]
   Hartree Energy                =         413.02234839 [Ry]
   Integral_{Vxc*rho}            =         -53.27258734 [Ry]
   Exc = Integral{eps_xc*rho}    =         -41.02305877 [Ry]
   Electron-Ion energy           =       -1009.60845987 [Ry]
   Ion-Ion Energy                =         253.34367371 [Ry]
   (E(new)-E(old))/atom  =            -0.00210911 [eV]

   Total Energy =          -211.15841265 [Ry]
   Energy/atom  =          -574.59582615 [eV]

  0- 22    SRE of pot. & charge weighted pot =   1.2782616567   0.0055354969

 SCF iter #  23

 Diagonalization time [sec] :       2.00,      tdiag_sum =       83.01

 Fermi level at    -1.1505 [Ry]

   State   Eigenvalue [Ry]      Eigenvalue [eV]    Occup.     Repr.

    1        -3.2833557156       -44.6726811953    1.0000        1
    2        -3.0125690139       -40.9884114887    1.0000        1
    3        -3.0122182744       -40.9836393976    1.0000        1
    4        -3.0120707474       -40.9816321744    1.0000        1
    5        -2.1004531741       -28.5783457961    1.0000        1
    6        -1.9130700028       -26.0288478437    1.0000        1
    7        -1.9129563197       -26.0273010940    1.0000        1
    8        -1.9128483125       -26.0258315709    1.0000        1
    9        -1.5178252906       -20.6512273386    1.0000        1
   10        -1.5176727934       -20.6491524919    1.0000        1
   11        -1.4874895030       -20.2384846795    1.0000        1
   12        -1.4874193255       -20.2375298589    1.0000        1
   13        -1.4872817236       -20.2356576750    1.0000        1
   14        -1.3945746258       -18.9743034431    1.0000        1
   15        -1.3944285766       -18.9723163273    1.0000        1
   16        -1.3943063626       -18.9706535081    1.0000        1
   17        -0.7075616380        -9.6269421344    0.0000        1
   18        -0.7072360392        -9.6225121026    0.0000        1
   19        -0.7070283576        -9.6196864279    0.0000        1
   20        -0.6654884364        -9.0545025680    0.0000        1
   21        -0.3486874133        -4.7441712085    0.0000        1
   22        -0.2440024509        -3.3198485460    0.0000        1
   23        -0.2377502897        -3.2347828917    0.0000        1
   24        -0.2241177217        -3.0493008978    0.0000        1
   25        -0.1231892458        -1.6760882409    0.0000        1
   26        -0.1142478088        -1.5544328376    0.0000        1
   27        -0.1033552799        -1.4062312673    0.0000        1
   28        -0.1020479691        -1.3884442575    0.0000        1
   29        -0.0875093623        -1.1906348812    0.0000        1
   30        -0.0326087320        -0.4436678859    0.0000        1
   31         0.0294606541         0.4008357670    0.0000        1
   32         0.0303536362         0.4129855041    0.0000        1
   33         0.0312505455         0.4251886725    0.0000        1
   34         0.0315776938         0.4296397857    0.0000        1
   35         0.0347075431         0.4722238894    0.0000        1
   36         0.0447023071         0.6082106503    0.0000        1
   37         0.0654680800         0.8907456033    0.0000        1
   38         0.0679782166         0.9248980201    0.0000        1
   39         0.0865354919         1.1773845959    0.0000        1
   40         0.0965736081         1.3139611970    0.0000        1
   41         0.1798073715         2.4464231350    0.0000        1
   42         0.1816367345         2.4713130817    0.0000        1
   43         0.1862426641         2.5339804398    0.0000        1
   44         0.1940347215         2.6399976144    0.0000        1
   45         0.1970845979         2.6814936223    0.0000        1
   46         0.2096254322         2.8521217059    0.0000        1
   47         0.2142000408         2.9143629147    0.0000        1
   48         0.2201510755         2.9953315036    0.0000        1
   49         0.2287475518         3.1122934399    0.0000        1
   50         0.2408304438         3.2766908519    0.0000        1
   51         0.2432676309         3.3098507320    0.0000        1
   52         0.2543868591         3.4611367273    0.0000        1
   53         0.2784348712         3.7883291705    0.0000        1
   54         0.2945354763         4.0073907833    0.0000        1
   55         0.3426647058         4.6622274548    0.0000        1
   56         0.3542459507         4.8197995557    0.0000        1
   57         0.3598002065         4.8953696497    0.0000        1
   58         0.3728173508         5.0724783121    0.0000        1
   59         0.3806787039         5.1794383093    0.0000        1
   60         0.3888173423         5.2901709964    0.0000        1
   61         0.4014811282         5.4624719344    0.0000        1
   62         0.4112743988         5.5957172153    0.0000        1
   63         0.4131427705         5.6211379070    0.0000        1
   64         0.4275264065         5.8168387822    0.0000        1
   65         0.4496750960         6.1181894208    0.0000        1

 Max and min values of charge density [e/bohr^3]:   1.7922E+00   6.4342E-12

 Hartree potential time [sec]:      10.68

   Eigenvalue Energy             =         -63.68107952 [Ry]
   Hartree Energy                =         413.11333019 [Ry]
   Integral_{Vxc*rho}            =         -53.29040973 [Ry]
   Exc = Integral{eps_xc*rho}    =         -41.03683660 [Ry]
   Electron-Ion energy           =       -1009.79674188 [Ry]
   Ion-Ion Energy                =         253.34367371 [Ry]
   (E(new)-E(old))/atom  =            -0.00140643 [eV]

   Total Energy =          -211.15892949 [Ry]
   Energy/atom  =          -574.59723258 [eV]

  0- 23    SRE of pot. & charge weighted pot =   0.6089097504   0.0013224150

 SCF iter #  24

 Diagonalization time [sec] :       2.05,      tdiag_sum =       85.06

 Fermi level at    -1.1535 [Ry]

   State   Eigenvalue [Ry]      Eigenvalue [eV]    Occup.     Repr.

    1        -3.2838151240       -44.6789318140    1.0000        1
    2        -3.0130542348       -40.9950133085    1.0000        1
    3        -3.0126459652       -40.9894584728    1.0000        1
    4        -3.0125481620       -40.9881277831    1.0000        1
    5        -2.1007507037       -28.5823939247    1.0000        1
    6        -1.9134229967       -26.0336506085    1.0000        1
    7        -1.9133079966       -26.0320859395    1.0000        1
    8        -1.9131129659       -26.0294323913    1.0000        1
    9        -1.5182180240       -20.6565707913    1.0000        1
   10        -1.5180551927       -20.6543553403    1.0000        1
   11        -1.4878404863       -20.2432600880    1.0000        1
   12        -1.4878002114       -20.2427121160    1.0000        1
   13        -1.4876759592       -20.2410215651    1.0000        1
   14        -1.3950126539       -18.9802631666    1.0000        1
   15        -1.3949346001       -18.9792011815    1.0000        1
   16        -1.3947615258       -18.9768463674    1.0000        1
   17        -0.7080847877        -9.6340600051    0.0000        1
   18        -0.7077540154        -9.6295595831    0.0000        1
   19        -0.7075588354        -9.6269040033    0.0000        1
   20        -0.6659914624        -9.0613466390    0.0000        1
   21        -0.3482796100        -4.7386227171    0.0000        1
   22        -0.2432990088        -3.3102776537    0.0000        1
   23        -0.2379214793        -3.2371120630    0.0000        1
   24        -0.2257096456        -3.0709602963    0.0000        1
   25        -0.1220134272        -1.6600902884    0.0000        1
   26        -0.1137800397        -1.5480684637    0.0000        1
   27        -0.1044465660        -1.4210790881    0.0000        1
   28        -0.1024764641        -1.3942742750    0.0000        1
   29        -0.0891265167        -1.2126375608    0.0000        1
   30        -0.0323545240        -0.4402091821    0.0000        1
   31         0.0309074374         0.4205204118    0.0000        1
   32         0.0314193916         0.4274859580    0.0000        1
   33         0.0318130292         0.4328417127    0.0000        1
   34         0.0326087206         0.4436677301    0.0000        1
   35         0.0353267029         0.4806480544    0.0000        1
   36         0.0437942663         0.5958560286    0.0000        1
   37         0.0672127759         0.9144835865    0.0000        1
   38         0.0686848384         0.9345121746    0.0000        1
   39         0.0852797469         1.1602991809    0.0000        1
   40         0.0952031691         1.2953152776    0.0000        1
   41         0.1821612039         2.4784489082    0.0000        1
   42         0.1833835983         2.4950805617    0.0000        1
   43         0.1877803801         2.5549022960    0.0000        1
   44         0.1956903919         2.6625243337    0.0000        1
   45         0.1980073028         2.6940477600    0.0000        1
   46         0.2086538844         2.8389030201    0.0000        1
   47         0.2137094302         2.9076877648    0.0000        1
   48         0.2196701129         2.9887876221    0.0000        1
   49         0.2267238670         3.0847595896    0.0000        1
   50         0.2369970292         3.2245341793    0.0000        1
   51         0.2398824245         3.2637922912    0.0000        1
   52         0.2517332612         3.4250324059    0.0000        1
   53         0.2755860724         3.7495689843    0.0000        1
   54         0.2888803374         3.9304480948    0.0000        1
   55         0.3412742070         4.6433086053    0.0000        1
   56         0.3540141213         4.8166453311    0.0000        1
   57         0.3592861563         4.8883755847    0.0000        1
   58         0.3728753961         5.0732680646    0.0000        1
   59         0.3795527223         5.1641184286    0.0000        1
   60         0.3869928818         5.2653477516    0.0000        1
   61         0.3997707326         5.4392006335    0.0000        1
   62         0.4094496672         5.5708902816    0.0000        1
   63         0.4100131524         5.5785569490    0.0000        1
   64         0.4238809388         5.7672392777    0.0000        1
   65         0.4445481609         6.0484333671    0.0000        1

 Max and min values of charge density [e/bohr^3]:   1.7928E+00   4.4030E-12

 Hartree potential time [sec]:      10.74

   Eigenvalue Energy             =         -63.69391360 [Ry]
   Hartree Energy                =         413.14777376 [Ry]
   Integral_{Vxc*rho}            =         -53.29750439 [Ry]
   Exc = Integral{eps_xc*rho}    =         -41.04234527 [Ry]
   Electron-Ion energy           =       -1009.87260610 [Ry]
   Ion-Ion Energy                =         253.34367371 [Ry]
   (E(new)-E(old))/atom  =            -0.00075795 [eV]

   Total Energy =          -211.15920803 [Ry]
   Energy/atom  =          -574.59799053 [eV]

  0- 24    SRE of pot. & charge weighted pot =   0.3086020695   0.0028833091

 SCF iter #  25

 Diagonalization time [sec] :       2.02,      tdiag_sum =       87.08

 Fermi level at    -1.1573 [Ry]

   State   Eigenvalue [Ry]      Eigenvalue [eV]    Occup.     Repr.

    1        -3.2831693397       -44.6701454023    1.0000        1
    2        -3.0124128318       -40.9862865071    1.0000        1
    3        -3.0119766757       -40.9803522544    1.0000        1
    4        -3.0118912744       -40.9791903019    1.0000        1
    5        -2.1001930421       -28.5748064918    1.0000        1
    6        -1.9128606385       -26.0259992753    1.0000        1
    7        -1.9127367702       -26.0243139479    1.0000        1
    8        -1.9125398104       -26.0216341530    1.0000        1
    9        -1.5176489054       -20.6488274765    1.0000        1
   10        -1.5174821685       -20.6465588888    1.0000        1
   11        -1.4872629200       -20.2354018375    1.0000        1
   12        -1.4872173199       -20.2347814105    1.0000        1
   13        -1.4871001448       -20.2331871500    1.0000        1
   14        -1.3944250863       -18.9722688388    1.0000        1
   15        -1.3943477889       -18.9712171462    1.0000        1
   16        -1.3941700311       -18.9687986098    1.0000        1
   17        -0.7075319999        -9.6265388842    0.0000        1
   18        -0.7071709757        -9.6216268615    0.0000        1
   19        -0.7069734002        -9.6189386878    0.0000        1
   20        -0.6654296202        -9.0537023260    0.0000        1
   21        -0.3488421702        -4.7462767987    0.0000        1
   22        -0.2441730970        -3.3221703230    0.0000        1
   23        -0.2393690085        -3.2568068565    0.0000        1
   24        -0.2284455710        -3.1081847504    0.0000        1
   25        -0.1228193831        -1.6710559627    0.0000        1
   26        -0.1151555685        -1.5667836333    0.0000        1
   27        -0.1071221607        -1.4574826946    0.0000        1
   28        -0.1047248664        -1.4248655866    0.0000        1
   29        -0.0923916999        -1.2570629911    0.0000        1
   30        -0.0343180638        -0.4669247122    0.0000        1
   31         0.0286653250         0.3900146795    0.0000        1
   32         0.0300385400         0.4086983669    0.0000        1
   33         0.0307939576         0.4189764277    0.0000        1
   34         0.0311375421         0.4236511709    0.0000        1
   35         0.0336029879         0.4571955329    0.0000        1
   36         0.0406682065         0.5533234833    0.0000        1
   37         0.0658457760         0.8958844594    0.0000        1
   38         0.0671693405         0.9138926123    0.0000        1
   39         0.0818566939         1.1137258062    0.0000        1
   40         0.0915514958         1.2456313418    0.0000        1
   41         0.1813397180         2.4672719355    0.0000        1
   42         0.1824868733         2.4828799009    0.0000        1
   43         0.1865668116         2.5383907252    0.0000        1
   44         0.1943741326         2.6446155735    0.0000        1
   45         0.1960353594         2.6672178933    0.0000        1
   46         0.2053462636         2.7939001927    0.0000        1
   47         0.2106127645         2.8655551515    0.0000        1
   48         0.2164571060         2.9450720926    0.0000        1
   49         0.2221441979         3.0224495279    0.0000        1
   50         0.2310673378         3.1438559846    0.0000        1
   51         0.2342624286         3.1873277507    0.0000        1
   52         0.2463707818         3.3520715834    0.0000        1
   53         0.2703666253         3.6785542299    0.0000        1
   54         0.2808463047         3.8211386523    0.0000        1
   55         0.3378739530         4.5970454300    0.0000        1
   56         0.3514997181         4.7824348645    0.0000        1
   57         0.3564083112         4.8492202004    0.0000        1
   58         0.3702397766         5.0374083518    0.0000        1
   59         0.3761905957         5.1183740066    0.0000        1
   60         0.3828056263         5.2083767903    0.0000        1
   61         0.3952387227         5.3775390138    0.0000        1
   62         0.4041937453         5.4993792592    0.0000        1
   63         0.4051315795         5.5121392449    0.0000        1
   64         0.4183113919         5.6914611361    0.0000        1
   65         0.4373114281         5.9499718278    0.0000        1

 Max and min values of charge density [e/bohr^3]:   1.7929E+00   3.0590E-12

 Hartree potential time [sec]:      10.84

   Eigenvalue Energy             =         -63.67486950 [Ry]
   Hartree Energy                =         413.14575878 [Ry]
   Integral_{Vxc*rho}            =         -53.29759703 [Ry]
   Exc = Integral{eps_xc*rho}    =         -41.04245167 [Ry]
   Electron-Ion energy           =       -1009.87587981 [Ry]
   Ion-Ion Energy                =         253.34367371 [Ry]
   (E(new)-E(old))/atom  =            -0.00055285 [eV]

   Total Energy =          -211.15941120 [Ry]
   Energy/atom  =          -574.59854338 [eV]

  0- 25    SRE of pot. & charge weighted pot =   0.2762231537   0.0022007617

 SCF iter #  26

 Diagonalization time [sec] :       1.96,      tdiag_sum =       89.04

 Fermi level at    -1.1609 [Ry]

   State   Eigenvalue [Ry]      Eigenvalue [eV]    Occup.     Repr.

    1        -3.2828602206       -44.6659395888    1.0000        1
    2        -3.0120886697       -40.9818760219    1.0000        1
    3        -3.0116688322       -40.9761637967    1.0000        1
    4        -3.0115692301       -40.9748086305    1.0000        1
    5        -2.0999246257       -28.5711544719    1.0000        1
    6        -1.9125816072       -26.0222028316    1.0000        1
    7        -1.9124603977       -26.0205536789    1.0000        1
    8        -1.9122799992       -26.0180992125    1.0000        1
    9        -1.5173745118       -20.6450941327    1.0000        1
   10        -1.5172056697       -20.6427969005    1.0000        1
   11        -1.4869832195       -20.2315962873    1.0000        1
   12        -1.4869358987       -20.2309524503    1.0000        1
   13        -1.4868258845       -20.2294556193    1.0000        1
   14        -1.3941300123       -18.9682541212    1.0000        1
   15        -1.3940684641       -18.9674167092    1.0000        1
   16        -1.3938885214       -18.9649684445    1.0000        1
   17        -0.7072992039        -9.6233715085    0.0000        1
   18        -0.7069100288        -9.6180764697    0.0000        1
   19        -0.7067151402        -9.6154248548    0.0000        1
   20        -0.6651952175        -9.0505130906    0.0000        1
   21        -0.3495109142        -4.7553755965    0.0000        1
   22        -0.2451750701        -3.3358029684    0.0000        1
   23        -0.2408730953        -3.2772711599    0.0000        1
   24        -0.2311025175        -3.1443346321    0.0000        1
   25        -0.1237964199        -1.6843493293    0.0000        1
   26        -0.1166751386        -1.5874586006    0.0000        1
   27        -0.1097483979        -1.4932147519    0.0000        1
   28        -0.1070440419        -1.4564198254    0.0000        1
   29        -0.0956433267        -1.3013039741    0.0000        1
   30        -0.0363902091        -0.4951179075    0.0000        1
   31         0.0274141050         0.3729908295    0.0000        1
   32         0.0285253334         0.3881099814    0.0000        1
   33         0.0289406422         0.3937605890    0.0000        1
   34         0.0295943713         0.4026550972    0.0000        1
   35         0.0317830273         0.4324335123    0.0000        1
   36         0.0376140324         0.5117690023    0.0000        1
   37         0.0638690430         0.8689894248    0.0000        1
   38         0.0659895103         0.8978400789    0.0000        1
   39         0.0786145452         1.0696137785    0.0000        1
   40         0.0879856358         1.1971149632    0.0000        1
   41         0.1801549513         2.4511522364    0.0000        1
   42         0.1815039003         2.4695057669    0.0000        1
   43         0.1852371020         2.5202989620    0.0000        1
   44         0.1927751222         2.6228597576    0.0000        1
   45         0.1940300059         2.6399334549    0.0000        1
   46         0.2022028688         2.7511317927    0.0000        1
   47         0.2075908176         2.8244391455    0.0000        1
   48         0.2132092772         2.9008827842    0.0000        1
   49         0.2176952333         2.9619178049    0.0000        1
   50         0.2255066932         3.0681989663    0.0000        1
   51         0.2288403653         3.1135562428    0.0000        1
   52         0.2409782642         3.2787020669    0.0000        1
   53         0.2653353952         3.6101003197    0.0000        1
   54         0.2729845473         3.7141731543    0.0000        1
   55         0.3345093288         4.5512670260    0.0000        1
   56         0.3489591682         4.7478686513    0.0000        1
   57         0.3535754467         4.8106768121    0.0000        1
   58         0.3676515191         5.0021930390    0.0000        1
   59         0.3729325753         5.0740460336    0.0000        1
   60         0.3788297532         5.1542818565    0.0000        1
   61         0.3908141739         5.3173394872    0.0000        1
   62         0.3987909493         5.4258698983    0.0000        1
   63         0.4004772833         5.4488138207    0.0000        1
   64         0.4129897532         5.6190559845    0.0000        1
   65         0.4306634908         5.8595213226    0.0000        1

 Max and min values of charge density [e/bohr^3]:   1.7929E+00   2.1801E-12

 Hartree potential time [sec]:      11.03

   Eigenvalue Energy             =         -63.66569153 [Ry]
   Hartree Energy                =         413.14354879 [Ry]
   Integral_{Vxc*rho}            =         -53.29744462 [Ry]
   Exc = Integral{eps_xc*rho}    =         -41.04235544 [Ry]
   Electron-Ion energy           =       -1009.87542124 [Ry]
   Ion-Ion Energy                =         253.34367371 [Ry]
   (E(new)-E(old))/atom  =            -0.00039993 [eV]

   Total Energy =          -211.15955817 [Ry]
   Energy/atom  =          -574.59894331 [eV]

  0- 26    SRE of pot. & charge weighted pot =   0.2741831831   0.0018271872

 SCF iter #  27

 Diagonalization time [sec] :       1.98,      tdiag_sum =       91.02

 Fermi level at    -1.1641 [Ry]

   State   Eigenvalue [Ry]      Eigenvalue [eV]    Occup.     Repr.

    1        -3.2825594204       -44.6618469616    1.0000        1
    2        -3.0117820513       -40.9777042330    1.0000        1
    3        -3.0113648576       -40.9720279791    1.0000        1
    4        -3.0112562706       -40.9705505666    1.0000        1
    5        -2.0996700305       -28.5676905016    1.0000        1
    6        -1.9123184345       -26.0186221559    1.0000        1
    7        -1.9121952484       -26.0169461104    1.0000        1
    8        -1.9120294466       -26.0146902450    1.0000        1
    9        -1.5171097469       -20.6414917948    1.0000        1
   10        -1.5169397643       -20.6391790450    1.0000        1
   11        -1.4867160737       -20.2279615552    1.0000        1
   12        -1.4866666157       -20.2272886403    1.0000        1
   13        -1.4865602506       -20.2258414571    1.0000        1
   14        -1.3938495054       -18.9644376007    1.0000        1
   15        -1.3937899916       -18.9636278675    1.0000        1
   16        -1.3936120460       -18.9612067755    1.0000        1
   17        -0.7070633307        -9.6201622645    0.0000        1
   18        -0.7066487773        -9.6145219342    0.0000        1
   19        -0.7064549184        -9.6118843289    0.0000        1
   20        -0.6649605976        -9.0473208991    0.0000        1
   21        -0.3501706786        -4.7643522192    0.0000        1
   22        -0.2461803473        -3.3494805689    0.0000        1
   23        -0.2423203819        -3.2969626520    0.0000        1
   24        -0.2335788462        -3.1780270661    0.0000        1
   25        -0.1248140267        -1.6981946849    0.0000        1
   26        -0.1182058171        -1.6082847065    0.0000        1
   27        -0.1122147684        -1.5267716963    0.0000        1
   28        -0.1093057134        -1.4871916751    0.0000        1
   29        -0.0987661703        -1.3437927600    0.0000        1
   30        -0.0384237570        -0.5227859527    0.0000        1
   31         0.0260226842         0.3540594368    0.0000        1
   32         0.0264261987         0.3595495750    0.0000        1
   33         0.0275696538         0.3751071961    0.0000        1
   34         0.0280831649         0.3820939250    0.0000        1
   35         0.0299972491         0.4081365721    0.0000        1
   36         0.0347708335         0.4730850064    0.0000        1
   37         0.0617966345         0.8407926502    0.0000        1
   38         0.0649043481         0.8830755796    0.0000        1
   39         0.0756677872         1.0295207793    0.0000        1
   40         0.0846317135         1.1514821672    0.0000        1
   41         0.1788605480         2.4335408441    0.0000        1
   42         0.1804910924         2.4557257044    0.0000        1
   43         0.1839174800         2.5023444498    0.0000        1
   44         0.1910662281         2.5996088860    0.0000        1
   45         0.1920994045         2.6136660782    0.0000        1
   46         0.1993420790         2.7122084588    0.0000        1
   47         0.2047421281         2.7856804471    0.0000        1
   48         0.2100520771         2.8579265510    0.0000        1
   49         0.2134980332         2.9048115403    0.0000        1
   50         0.2204368121         2.9992191781    0.0000        1
   51         0.2237502236         3.0443007916    0.0000        1
   52         0.2357225652         3.2071940774    0.0000        1
   53         0.2605571142         3.5450879845    0.0000        1
   54         0.2654614116         3.6118148743    0.0000        1
   55         0.3313167264         4.5078291161    0.0000        1
   56         0.3465229001         4.7147212745    0.0000        1
   57         0.3509079428         4.7743832878    0.0000        1
   58         0.3652296590         4.9692416947    0.0000        1
   59         0.3698671246         5.0323381233    0.0000        1
   60         0.3751667834         5.1044442220    0.0000        1
   61         0.3866072665         5.2601011461    0.0000        1
   62         0.3937021745         5.3566330455    0.0000        1
   63         0.3958741244         5.3861841623    0.0000        1
   64         0.4079680744         5.5507320265    0.0000        1
   65         0.4247065067         5.7784717886    0.0000        1

 Max and min values of charge density [e/bohr^3]:   1.7929E+00   1.6031E-12

 Hartree potential time [sec]:      10.61

   Eigenvalue Energy             =         -63.65683951 [Ry]
   Hartree Energy                =         413.13821917 [Ry]
   Integral_{Vxc*rho}            =         -53.29661168 [Ry]
   Exc = Integral{eps_xc*rho}    =         -41.04172724 [Ry]
   Electron-Ion energy           =       -1009.86736489 [Ry]
   Ion-Ion Energy                =         253.34367371 [Ry]
   (E(new)-E(old))/atom  =            -0.00029218 [eV]

   Total Energy =          -211.15966554 [Ry]
   Energy/atom  =          -574.59923549 [eV]

  0- 27    SRE of pot. & charge weighted pot =   0.2755947010   0.0013545200

 SCF iter #  28

 Diagonalization time [sec] :       1.99,      tdiag_sum =       93.01

 Fermi level at    -1.1669 [Ry]

   State   Eigenvalue [Ry]      Eigenvalue [eV]    Occup.     Repr.

    1        -3.2824595199       -44.6604877365    1.0000        1
    2        -3.0116718833       -40.9762053099    1.0000        1
    3        -3.0112730788       -40.9707792549    1.0000        1
    4        -3.0111471775       -40.9690662677    1.0000        1
    5        -2.0995814924       -28.5664858699    1.0000        1
    6        -1.9122233422       -26.0173283493    1.0000        1
    7        -1.9121030311       -26.0156914211    1.0000        1
    8        -1.9119502699       -26.0136129817    1.0000        1
    9        -1.5170216665       -20.6402933897    1.0000        1
   10        -1.5168505520       -20.6379652405    1.0000        1
   11        -1.4866254775       -20.2267289217    1.0000        1
   12        -1.4865756153       -20.2260505067    1.0000        1
   13        -1.4864736131       -20.2246626849    1.0000        1
   14        -1.3937503869       -18.9630890139    1.0000        1
   15        -1.3937037132       -18.9624539810    1.0000        1
   16        -1.3935241092       -18.9600103249    1.0000        1
   17        -0.7070134721        -9.6194838986    0.0000        1
   18        -0.7065792802        -9.6135763708    0.0000        1
   19        -0.7063872221        -9.6109632660    0.0000        1
   20        -0.6649137534        -9.0466835458    0.0000        1
   21        -0.3507260819        -4.7719089248    0.0000        1
   22        -0.2470213240        -3.3609227302    0.0000        1
   23        -0.2435711104        -3.3139798133    0.0000        1
   24        -0.2357456544        -3.2075082249    0.0000        1
   25        -0.1256565647        -1.7096580877    0.0000        1
   26        -0.1195440959        -1.6264930601    0.0000        1
   27        -0.1143477711        -1.5557929036    0.0000        1
   28        -0.1113048779        -1.5143919083    0.0000        1
   29        -0.1015632487        -1.3818492489    0.0000        1
   30        -0.0401755163        -0.5466200400    0.0000        1
   31         0.0248621393         0.3382692951    0.0000        1
   32         0.0255152033         0.3471547530    0.0000        1
   33         0.0256918567         0.3495582644    0.0000        1
   34         0.0268661037         0.3655348344    0.0000        1
   35         0.0285071883         0.3878631025    0.0000        1
   36         0.0323988500         0.4408122736    0.0000        1
   37         0.0600370010         0.8168514283    0.0000        1
   38         0.0640922367         0.8720261541    0.0000        1
   39         0.0732480206         0.9965979185    0.0000        1
   40         0.0817444077         1.1121980621    0.0000        1
   41         0.1778072701         2.4192101549    0.0000        1
   42         0.1797188376         2.4452185600    0.0000        1
   43         0.1828992356         2.4884904191    0.0000        1
   44         0.1895893809         2.5795151987    0.0000        1
   45         0.1905229996         2.5922178285    0.0000        1
   46         0.1970333664         2.6807965767    0.0000        1
   47         0.2023482762         2.7531101764    0.0000        1
   48         0.2072854304         2.8202841092    0.0000        1
   49         0.2098608370         2.8553245757    0.0000        1
   50         0.2161150882         2.9404186668    0.0000        1
   51         0.2192697690         2.9833406228    0.0000        1
   52         0.2309458030         3.1422024061    0.0000        1
   53         0.2562466901         3.4864412168    0.0000        1
   54         0.2586196217         3.5187268490    0.0000        1
   55         0.3285268146         4.4698701335    0.0000        1
   56         0.3444296008         4.6862402626    0.0000        1
   57         0.3486752938         4.7440063127    0.0000        1
   58         0.3632498544         4.9423048695    0.0000        1
   59         0.3672283283         4.9964351897    0.0000        1
   60         0.3720798479         5.0624439951    0.0000        1
   61         0.3829221459         5.2099621321    0.0000        1
   62         0.3892539365         5.2961112086    0.0000        1
   63         0.3916539329         5.3287650808    0.0000        1
   64         0.4034666034         5.4894859121    0.0000        1
   65         0.4196686310         5.7099274595    0.0000        1

 Max and min values of charge density [e/bohr^3]:   1.7929E+00   1.2151E-12

 Hartree potential time [sec]:      11.34

   Eigenvalue Energy             =         -63.65386986 [Ry]
   Hartree Energy                =         413.13579964 [Ry]
   Integral_{Vxc*rho}            =         -53.29627071 [Ry]
   Exc = Integral{eps_xc*rho}    =         -41.04147306 [Ry]
   Electron-Ion energy           =       -1009.86408792 [Ry]
   Ion-Ion Energy                =         253.34367371 [Ry]
   (E(new)-E(old))/atom  =            -0.00021264 [eV]

   Total Energy =          -211.15974369 [Ry]
   Energy/atom  =          -574.59944813 [eV]

  0- 28    SRE of pot. & charge weighted pot =   0.2848246525   0.0011847612

 SCF iter #  29

 Diagonalization time [sec] :       2.04,      tdiag_sum =       95.05

 Fermi level at    -1.1697 [Ry]

   State   Eigenvalue [Ry]      Eigenvalue [eV]    Occup.     Repr.

    1        -3.2824691521       -44.6606187898    1.0000        1
    2        -3.0116825068       -40.9763498515    1.0000        1
    3        -3.0112836312       -40.9709228291    1.0000        1
    4        -3.0111568705       -40.9691981492    1.0000        1
    5        -2.0995968219       -28.5666944392    1.0000        1
    6        -1.9122376984       -26.0175236770    1.0000        1
    7        -1.9121167506       -26.0158780847    1.0000        1
    8        -1.9119674466       -26.0138466852    1.0000        1
    9        -1.5170348667       -20.6404729899    1.0000        1
   10        -1.5168642050       -20.6381510004    1.0000        1
   11        -1.4866422939       -20.2269577227    1.0000        1
   12        -1.4865922178       -20.2262763967    1.0000        1
   13        -1.4864885802       -20.2248663250    1.0000        1
   14        -1.3937661778       -18.9633038624    1.0000        1
   15        -1.3937136918       -18.9625897476    1.0000        1
   16        -1.3935351572       -18.9601606423    1.0000        1
   17        -0.7070686984        -9.6202352962    0.0000        1
   18        -0.7066141480        -9.6140507747    0.0000        1
   19        -0.7064237941        -9.6114608579    0.0000        1
   20        -0.6649777271        -9.0475539587    0.0000        1
   21        -0.3513820213        -4.7808335057    0.0000        1
   22        -0.2480239359        -3.3745640664    0.0000        1
   23        -0.2449208038        -3.3323434721    0.0000        1
   24        -0.2379102243        -3.2369589300    0.0000        1
   25        -0.1267234912        -1.7241744768    0.0000        1
   26        -0.1210797301        -1.6473865923    0.0000        1
   27        -0.1165381661        -1.5855949808    0.0000        1
   28        -0.1134529382        -1.5436179865    0.0000        1
   29        -0.1044275830        -1.4208208091    0.0000        1
   30        -0.0421542647        -0.5735424949    0.0000        1
   31         0.0233881077         0.3182139155    0.0000        1
   32         0.0236578468         0.3218839323    0.0000        1
   33         0.0242621277         0.3301056576    0.0000        1
   34         0.0253520916         0.3449354881    0.0000        1
   35         0.0267890954         0.3644870741    0.0000        1
   36         0.0299593837         0.4076213827    0.0000        1
   37         0.0579356950         0.7882614797    0.0000        1
   38         0.0628902764         0.8556725230    0.0000        1
   39         0.0706894774         0.9617868917    0.0000        1
   40         0.0786862451         1.0705893142    0.0000        1
   41         0.1763750499         2.3997236537    0.0000        1
   42         0.1785142275         2.4288288771    0.0000        1
   43         0.1815011348         2.4694681399    0.0000        1
   44         0.1876973411         2.5537724836    0.0000        1
   45         0.1885647455         2.5655742137    0.0000        1
   46         0.1945462543         2.6469574261    0.0000        1
   47         0.1996934269         2.7169888274    0.0000        1
   48         0.2042117384         2.7784640699    0.0000        1
   49         0.2060357099         2.8032806617    0.0000        1
   50         0.2118721791         2.8826904950    0.0000        1
   51         0.2147820371         2.9222814404    0.0000        1
   52         0.2259931878         3.0748181148    0.0000        1
   53         0.2512926720         3.4190378367    0.0000        1
   54         0.2522036059         3.4314318209    0.0000        1
   55         0.3255930962         4.4299545483    0.0000        1
   56         0.3421097979         4.6546774877    0.0000        1
   57         0.3461995154         4.7103213671    0.0000        1
   58         0.3610202281         4.9119690194    0.0000        1
   59         0.3643725208         4.9575796430    0.0000        1
   60         0.3688502483         5.0185027079    0.0000        1
   61         0.3789903678         5.1564671459    0.0000        1
   62         0.3847316064         5.2345812899    0.0000        1
   63         0.3870741210         5.2664530757    0.0000        1
   64         0.3988118871         5.4261547735    0.0000        1
   65         0.4147447150         5.6429336430    0.0000        1

 Max and min values of charge density [e/bohr^3]:   1.7929E+00   9.5178E-13

 Hartree potential time [sec]:      11.12

   Eigenvalue Energy             =         -63.65429614 [Ry]
   Hartree Energy                =         413.13361871 [Ry]
   Integral_{Vxc*rho}            =         -53.29599067 [Ry]
   Exc = Integral{eps_xc*rho}    =         -41.04126304 [Ry]
   Electron-Ion energy           =       -1009.86115050 [Ry]
   Ion-Ion Energy                =         253.34367371 [Ry]
   (E(new)-E(old))/atom  =            -0.00015568 [eV]

   Total Energy =          -211.15980090 [Ry]
   Energy/atom  =          -574.59960381 [eV]

  0- 29    SRE of pot. & charge weighted pot =   0.3395780894   0.0011331543

 SCF iter #  30

 Diagonalization time [sec] :       1.96,      tdiag_sum =       97.02

 Fermi level at    -1.1718 [Ry]

   State   Eigenvalue [Ry]      Eigenvalue [eV]    Occup.     Repr.

    1        -3.2823420412       -44.6588893446    1.0000        1
    2        -3.0115555816       -40.9746229324    1.0000        1
    3        -3.0111509504       -40.9691176006    1.0000        1
    4        -3.0110278820       -40.9674431573    1.0000        1
    5        -2.0994844480       -28.5651655032    1.0000        1
    6        -1.9121251804       -26.0159927788    1.0000        1
    7        -1.9120033991       -26.0143358476    1.0000        1
    8        -1.9118506645       -26.0122577709    1.0000        1
    9        -1.5169221770       -20.6389397561    1.0000        1
   10        -1.5167505015       -20.6366039737    1.0000        1
   11        -1.4865274782       -20.2253955635    1.0000        1
   12        -1.4864758127       -20.2246926128    1.0000        1
   13        -1.4863741618       -20.2233095702    1.0000        1
   14        -1.3936508070       -18.9617341496    1.0000        1
   15        -1.3935994408       -18.9610352716    1.0000        1
   16        -1.3934178881       -18.9585651015    1.0000        1
   17        -0.7069758399        -9.6189718820    0.0000        1
   18        -0.7065087958        -9.6126173742    0.0000        1
   19        -0.7063173261        -9.6100122754    0.0000        1
   20        -0.6648849627        -9.0462918250    0.0000        1
   21        -0.3517379929        -4.7856767842    0.0000        1
   22        -0.2485999196        -3.3824007861    0.0000        1
   23        -0.2458378212        -3.3448202273    0.0000        1
   24        -0.2395516762        -3.2592921964    0.0000        1
   25        -0.1273084959        -1.7321339333    0.0000        1
   26        -0.1221149922        -1.6614721610    0.0000        1
   27        -0.1181370481        -1.6073490484    0.0000        1
   28        -0.1150276465        -1.5650431532    0.0000        1
   29        -0.1066838191        -1.4515187056    0.0000        1
   30        -0.0434755987        -0.5915203007    0.0000        1
   31         0.0225143949         0.3063263542    0.0000        1
   32         0.0225438075         0.3067265361    0.0000        1
   33         0.0231531647         0.3150173285    0.0000        1
   34         0.0245043340         0.3334010673    0.0000        1
   35         0.0257503210         0.3503537180    0.0000        1
   36         0.0283308133         0.3854633798    0.0000        1
   37         0.0566362146         0.7705810091    0.0000        1
   38         0.0623901042         0.8488672798    0.0000        1
   39         0.0690376439         0.9393123756    0.0000        1
   40         0.0764948211         1.0407732373    0.0000        1
   41         0.1756530770         2.3899006355    0.0000        1
   42         0.1779949758         2.4217640416    0.0000        1
   43         0.1808469510         2.4605674460    0.0000        1
   44         0.1865743345         2.5384930803    0.0000        1
   45         0.1873698442         2.5493166256    0.0000        1
   46         0.1930168231         2.6261482921    0.0000        1
   47         0.1979208422         2.6928713943    0.0000        1
   48         0.2019412192         2.7475718403    0.0000        1
   49         0.2032855387         2.7658623819    0.0000        1
   50         0.2087034866         2.8395778978    0.0000        1
   51         0.2113083968         2.8750197850    0.0000        1
   52         0.2220203177         3.0207640386    0.0000        1
   53         0.2457901398         3.3441714835    0.0000        1
   54         0.2483315135         3.3787489065    0.0000        1
   55         0.3234299136         4.4005227178    0.0000        1
   56         0.3405204682         4.6330533868    0.0000        1
   57         0.3445620603         4.6880424802    0.0000        1
   58         0.3596280611         4.8930274736    0.0000        1
   59         0.3623110547         4.9295317479    0.0000        1
   60         0.3665825100         4.9876483144    0.0000        1
   61         0.3760280581         5.1161625531    0.0000        1
   62         0.3813073545         5.1879916038    0.0000        1
   63         0.3834688255         5.2174001465    0.0000        1
   64         0.3950677612         5.3752129448    0.0000        1
   65         0.4110259016         5.5923362117    0.0000        1

 Max and min values of charge density [e/bohr^3]:   1.7929E+00   7.6552E-13

 Hartree potential time [sec]:      10.85

   Eigenvalue Energy             =         -63.65051683 [Ry]
   Hartree Energy                =         413.13095127 [Ry]
   Integral_{Vxc*rho}            =         -53.29555998 [Ry]
   Exc = Integral{eps_xc*rho}    =         -41.04093643 [Ry]
   Electron-Ion energy           =       -1009.85683071 [Ry]
   Ion-Ion Energy                =         253.34367371 [Ry]
   (E(new)-E(old))/atom  =            -0.00011449 [eV]

   Total Energy =          -211.15984297 [Ry]
   Energy/atom  =          -574.59971829 [eV]

  0- 30    SRE of pot. & charge weighted pot =   0.3459587341   0.0009611300

 SCF iter #  31

 Diagonalization time [sec] :       2.06,      tdiag_sum =       99.08

 Fermi level at    -1.1735 [Ry]

   State   Eigenvalue [Ry]      Eigenvalue [eV]    Occup.     Repr.

    1        -3.2822361496       -44.6574486041    1.0000        1
    2        -3.0114368840       -40.9730079562    1.0000        1
    3        -3.0110567339       -40.9678357101    1.0000        1
    4        -3.0109100171       -40.9658395101    1.0000        1
    5        -2.0993900179       -28.5638807061    1.0000        1
    6        -1.9120219874       -26.0145887557    1.0000        1
    7        -1.9119039163       -26.0129823045    1.0000        1
    8        -1.9117680516       -26.0111337569    1.0000        1
    9        -1.5168263943       -20.6376365560    1.0000        1
   10        -1.5166538623       -20.6352891203    1.0000        1
   11        -1.4864277886       -20.2240392060    1.0000        1
   12        -1.4863766766       -20.2233437865    1.0000        1
   13        -1.4862793645       -20.2220197774    1.0000        1
   14        -1.3935400921       -18.9602277854    1.0000        1
   15        -1.3935034510       -18.9597292533    1.0000        1
   16        -1.3933223656       -18.9572654417    1.0000        1
   17        -0.7068966482        -9.6178944161    0.0000        1
   18        -0.7064192791        -9.6113994273    0.0000        1
   19        -0.7062289895        -9.6088103852    0.0000        1
   20        -0.6648070100        -9.0452312169    0.0000        1
   21        -0.3520776908        -4.7902986455    0.0000        1
   22        -0.2491387539        -3.3897320583    0.0000        1
   23        -0.2466798614        -3.3562768589    0.0000        1
   24        -0.2410463731        -3.2796287437    0.0000        1
   25        -0.1278608349        -1.7396489476    0.0000        1
   26        -0.1230853231        -1.6746742889    0.0000        1
   27        -0.1195829871        -1.6270222056    0.0000        1
   28        -0.1164866199        -1.5848936533    0.0000        1
   29        -0.1087848219        -1.4801045304    0.0000        1
   30        -0.0446757883        -0.6078498408    0.0000        1
   31         0.0216962895         0.2951953759    0.0000        1
   32         0.0218948250         0.2978966094    0.0000        1
   33         0.0219083903         0.2980811762    0.0000        1
   34         0.0237396312         0.3229966747    0.0000        1
   35         0.0248415952         0.3379897760    0.0000        1
   36         0.0269495733         0.3666705046    0.0000        1
   37         0.0555074043         0.7552226409    0.0000        1
   38         0.0619959386         0.8435043411    0.0000        1
   39         0.0676736737         0.9207544691    0.0000        1
   40         0.0745748328         1.0146502603    0.0000        1
   41         0.1750424450         2.3815924987    0.0000        1
   42         0.1775445988         2.4156363025    0.0000        1
   43         0.1803146721         2.4533253663    0.0000        1
   44         0.1855938216         2.5251524174    0.0000        1
   45         0.1862937289         2.5346752163    0.0000        1
   46         0.1917881198         2.6094308010    0.0000        1
   47         0.1963687113         2.6717534119    0.0000        1
   48         0.1997906634         2.7183118080    0.0000        1
   49         0.2009639824         2.7342757523    0.0000        1
   50         0.2059401248         2.8019801496    0.0000        1
   51         0.2082571427         2.8335050327    0.0000        1
   52         0.2183865770         2.9713240900    0.0000        1
   53         0.2405211046         3.2724820456    0.0000        1
   54         0.2449226394         3.3323684477    0.0000        1
   55         0.3215226432         4.3745727791    0.0000        1
   56         0.3391469346         4.6143653627    0.0000        1
   57         0.3431609542         4.6689793102    0.0000        1
   58         0.3584458308         4.8769422841    0.0000        1
   59         0.3604760970         4.9045656809    0.0000        1
   60         0.3646321604         4.9611122484    0.0000        1
   61         0.3733563288         5.0798115384    0.0000        1
   62         0.3783047235         5.1471384068    0.0000        1
   63         0.3801779576         5.1726252549    0.0000        1
   64         0.3916244545         5.3283640037    0.0000        1
   65         0.4077736894         5.5480872627    0.0000        1

 Max and min values of charge density [e/bohr^3]:   1.7928E+00   6.2721E-13

 Hartree potential time [sec]:      11.10

   Eigenvalue Energy             =         -63.64730751 [Ry]
   Hartree Energy                =         413.12772850 [Ry]
   Integral_{Vxc*rho}            =         -53.29497479 [Ry]
   Exc = Integral{eps_xc*rho}    =         -41.04048900 [Ry]
   Electron-Ion energy           =       -1009.85104708 [Ry]
   Ion-Ion Energy                =         253.34367371 [Ry]
   (E(new)-E(old))/atom  =            -0.00008461 [eV]

   Total Energy =          -211.15987406 [Ry]
   Energy/atom  =          -574.59980291 [eV]

  0- 31    SRE of pot. & charge weighted pot =   0.3408218358   0.0007652795

 SCF iter #  32

 Diagonalization time [sec] :       1.99,      tdiag_sum =      101.07

 Fermi level at    -1.1750 [Ry]

   State   Eigenvalue [Ry]      Eigenvalue [eV]    Occup.     Repr.

    1        -3.2821060630       -44.6556786726    1.0000        1
    2        -3.0112892232       -40.9709989129    1.0000        1
    3        -3.0109488992       -40.9663685328    1.0000        1
    4        -3.0107602675       -40.9638020479    1.0000        1
    5        -2.0992730907       -28.5622898177    1.0000        1
    6        -1.9118913255       -26.0128109966    1.0000        1
    7        -1.9117770462       -26.0112561357    1.0000        1
    8        -1.9116719605       -26.0098263605    1.0000        1
    9        -1.5167096548       -20.6360482216    1.0000        1
   10        -1.5165360359       -20.6336859978    1.0000        1
   11        -1.4863053757       -20.2223736809    1.0000        1
   12        -1.4862551184       -20.2216898898    1.0000        1
   13        -1.4861644607       -20.2204564194    1.0000        1
   14        -1.3934003563       -18.9583265681    1.0000        1
   15        -1.3933854206       -18.9581233554    1.0000        1
   16        -1.3932078027       -18.9557067218    1.0000        1
   17        -0.7067841599        -9.6163639232    0.0000        1
   18        -0.7062992236        -9.6097659771    0.0000        1
   19        -0.7061099181        -9.6071903234    0.0000        1
   20        -0.6646964061        -9.0437263622    0.0000        1
   21        -0.3523519648        -4.7940303630    0.0000        1
   22        -0.2495694954        -3.3955926407    0.0000        1
   23        -0.2473846754        -3.3658664166    0.0000        1
   24        -0.2423411034        -3.2972445847    0.0000        1
   25        -0.1282936399        -1.7455376053    0.0000        1
   26        -0.1239030067        -1.6857995287    0.0000        1
   27        -0.1208100215        -1.6437169903    0.0000        1
   28        -0.1177443366        -1.6020058944    0.0000        1
   29        -0.1106545012        -1.5055430118    0.0000        1
   30        -0.0456495161        -0.6210981867    0.0000        1
   31         0.0206319452         0.2807141206    0.0000        1
   32         0.0210457962         0.2863448934    0.0000        1
   33         0.0215449752         0.2931366242    0.0000        1
   34         0.0231776990         0.3153511371    0.0000        1
   35         0.0241722431         0.3288827048    0.0000        1
   36         0.0258968174         0.3523469184    0.0000        1
   37         0.0546931729         0.7441443721    0.0000        1
   38         0.0618445427         0.8414444797    0.0000        1
   39         0.0667043951         0.9075666590    0.0000        1
   40         0.0730430603         0.9938092695    0.0000        1
   41         0.1746751874         2.3765956652    0.0000        1
   42         0.1773033544         2.4123539792    0.0000        1
   43         0.1800402252         2.4495912967    0.0000        1
   44         0.1848774821         2.5154060458    0.0000        1
   45         0.1855107416         2.5240220482    0.0000        1
   46         0.1909715763         2.5983210728    0.0000        1
   47         0.1951685092         2.6554237022    0.0000        1
   48         0.1979152979         2.6927959604    0.0000        1
   49         0.1991937935         2.7101909151    0.0000        1
   50         0.2036530876         2.7708631789    0.0000        1
   51         0.2057606520         2.7995382789    0.0000        1
   52         0.2152353510         2.9284491382    0.0000        1
   53         0.2358263543         3.2086062113    0.0000        1
   54         0.2418875571         3.2910737238    0.0000        1
   55         0.3199753320         4.3535203715    0.0000        1
   56         0.3381064009         4.6002080695    0.0000        1
   57         0.3421123977         4.6547128605    0.0000        1
   58         0.3575954279         4.8653718726    0.0000        1
   59         0.3589802285         4.8842131936    0.0000        1
   60         0.3631154812         4.9404766138    0.0000        1
   61         0.3711175863         5.0493516558    0.0000        1
   62         0.3758448102         5.1136693183    0.0000        1
   63         0.3773900207         5.1346931438    0.0000        1
   64         0.3886131587         5.2873929141    0.0000        1
   65         0.4050629569         5.5112055789    0.0000        1

 Max and min values of charge density [e/bohr^3]:   1.7928E+00   5.1413E-13

 Hartree potential time [sec]:      10.78

   Eigenvalue Energy             =         -63.64336420 [Ry]
   Hartree Energy                =         413.12363134 [Ry]
   Integral_{Vxc*rho}            =         -53.29420173 [Ry]
   Exc = Integral{eps_xc*rho}    =         -41.03989592 [Ry]
   Electron-Ion energy           =       -1009.84323846 [Ry]
   Ion-Ion Energy                =         253.34367371 [Ry]
   (E(new)-E(old))/atom  =            -0.00006271 [eV]

   Total Energy =          -211.15989711 [Ry]
   Energy/atom  =          -574.59986562 [eV]

  0- 32    SRE of pot. & charge weighted pot =   0.3117114262   0.0005110642

 SCF iter #  33

 Diagonalization time [sec] :       2.05,      tdiag_sum =      103.12

 Fermi level at    -1.1757 [Ry]

   State   Eigenvalue [Ry]      Eigenvalue [eV]    Occup.     Repr.

    1        -3.2819073574       -44.6529751239    1.0000        1
    2        -3.0110554473       -40.9678182049    1.0000        1
    3        -3.0108048126       -40.9644081194    1.0000        1
    4        -3.0105134751       -40.9604442399    1.0000        1
    5        -2.0990848847       -28.5597291237    1.0000        1
    6        -1.9116753705       -26.0098727558    1.0000        1
    7        -1.9115674707       -26.0084046924    1.0000        1
    8        -1.9115334836       -26.0079422705    1.0000        1
    9        -1.5165321874       -20.6336336360    1.0000        1
   10        -1.5163557588       -20.6312331826    1.0000        1
   11        -1.4861159486       -20.2197963733    1.0000        1
   12        -1.4860642611       -20.2190931232    1.0000        1
   13        -1.4859912107       -20.2180992145    1.0000        1
   14        -1.3932112336       -18.9557534017    1.0000        1
   15        -1.3931668457       -18.9551494686    1.0000        1
   16        -1.3930383771       -18.9534015508    1.0000        1
   17        -0.7065815539        -9.6136073062    0.0000        1
   18        -0.7060946308        -9.6069823281    0.0000        1
   19        -0.7059036697        -9.6043841493    0.0000        1
   20        -0.6644963796        -9.0410048421    0.0000        1
   21        -0.3524730396        -4.7956776828    0.0000        1
   22        -0.2497031798        -3.3974115233    0.0000        1
   23        -0.2477775073        -3.3712112085    0.0000        1
   24        -0.2432917632        -3.3101790715    0.0000        1
   25        -0.1283439075        -1.7462215363    0.0000        1
   26        -0.1242817322        -1.6909523917    0.0000        1
   27        -0.1215848491        -1.6542591403    0.0000        1
   28        -0.1185090766        -1.6124107945    0.0000        1
   29        -0.1120632393        -1.5247100212    0.0000        1
   30        -0.0459774533        -0.6255600344    0.0000        1
   31         0.0206228471         0.2805903337    0.0000        1
   32         0.0209687452         0.2852965529    0.0000        1
   33         0.0211563689         0.2878493235    0.0000        1
   34         0.0233180940         0.3172613233    0.0000        1
   35         0.0241511281         0.3285954191    0.0000        1
   36         0.0255690768         0.3478877458    0.0000        1
   37         0.0548974979         0.7469243770    0.0000        1
   38         0.0626308560         0.8521429002    0.0000        1
   39         0.0667889313         0.9087168417    0.0000        1
   40         0.0725596910         0.9872326442    0.0000        1
   41         0.1751920842         2.3836284594    0.0000        1
   42         0.1779397826         2.4210130945    0.0000        1
   43         0.1807291975         2.4589653155    0.0000        1
   44         0.1850784192         2.5181399563    0.0000        1
   45         0.1857919296         2.5278478351    0.0000        1
   46         0.1913481069         2.6034440724    0.0000        1
   47         0.1950219089         2.6534290886    0.0000        1
   48         0.1971285405         2.6820914960    0.0000        1
   49         0.1985687867         2.7016871978    0.0000        1
   50         0.2024023872         2.7538463998    0.0000        1
   51         0.2044590550         2.7818290110    0.0000        1
   52         0.2132270831         2.9011250477    0.0000        1
   53         0.2323698907         3.1615782595    0.0000        1
   54         0.2398570512         3.2634470673    0.0000        1
   55         0.3193742590         4.3453422931    0.0000        1
   56         0.3380496659         4.5994361444    0.0000        1
   57         0.3421355546         4.6550279289    0.0000        1
   58         0.3577619657         4.8676377526    0.0000        1
   59         0.3584910389         4.8775573772    0.0000        1
   60         0.3627565401         4.9355929333    0.0000        1
   61         0.3700971390         5.0354676540    0.0000        1
   62         0.3746598859         5.0975474750    0.0000        1
   63         0.3760201385         5.1160547997    0.0000        1
   64         0.3867411462         5.2619226867    0.0000        1
   65         0.4035943745         5.4912243411    0.0000        1

 Max and min values of charge density [e/bohr^3]:   1.7927E+00   3.9467E-13

 Hartree potential time [sec]:      10.81

   Eigenvalue Energy             =         -63.63723625 [Ry]
   Hartree Energy                =         413.11726320 [Ry]
   Integral_{Vxc*rho}            =         -53.29293799 [Ry]
   Exc = Integral{eps_xc*rho}    =         -41.03892355 [Ry]
   Electron-Ion energy           =       -1009.83033983 [Ry]
   Ion-Ion Energy                =         253.34367371 [Ry]
   (E(new)-E(old))/atom  =            -0.00004671 [eV]

   Total Energy =          -211.15991427 [Ry]
   Energy/atom  =          -574.59991233 [eV]

  0- 33    SRE of pot. & charge weighted pot =   0.1851580325   0.0001768595

 SCF iter #  34

 Diagonalization time [sec] :       1.95,      tdiag_sum =      105.07

 Fermi level at    -1.1769 [Ry]

   State   Eigenvalue [Ry]      Eigenvalue [eV]    Occup.     Repr.

    1        -3.2819433124       -44.6534643196    1.0000        1
    2        -3.0110832307       -40.9681962198    1.0000        1
    3        -3.0108519831       -40.9650499119    1.0000        1
    4        -3.0105343315       -40.9607280080    1.0000        1
    5        -2.0991110339       -28.5600849044    1.0000        1
    6        -1.9116944488       -26.0101323321    1.0000        1
    7        -1.9115993901       -26.0088389817    1.0000        1
    8        -1.9115693788       -26.0084306540    1.0000        1
    9        -1.5165656736       -20.6340892422    1.0000        1
   10        -1.5163881782       -20.6316742752    1.0000        1
   11        -1.4861478173       -20.2202299720    1.0000        1
   12        -1.4860950705       -20.2195123099    1.0000        1
   13        -1.4860271202       -20.2185877922    1.0000        1
   14        -1.3932404478       -18.9561508845    1.0000        1
   15        -1.3931873500       -18.9554284463    1.0000        1
   16        -1.3930718929       -18.9538575611    1.0000        1
   17        -0.7066224940        -9.6141643291    0.0000        1
   18        -0.7061297275        -9.6074598463    0.0000        1
   19        -0.7059349072        -9.6048091602    0.0000        1
   20        -0.6645436436        -9.0416479059    0.0000        1
   21        -0.3527752691        -4.7997897563    0.0000        1
   22        -0.2501120094        -3.4029739770    0.0000        1
   23        -0.2483962057        -3.3796290957    0.0000        1
   24        -0.2444050806        -3.3253266457    0.0000        1
   25        -0.1287434006        -1.7516569595    0.0000        1
   26        -0.1249920512        -1.7006168506    0.0000        1
   27        -0.1226096677        -1.6682026169    0.0000        1
   28        -0.1195835503        -1.6270298684    0.0000        1
   29        -0.1137025031        -1.5470135166    0.0000        1
   30        -0.0467400615        -0.6359359291    0.0000        1
   31         0.0201590029         0.2742793613    0.0000        1
   32         0.0203028008         0.2762358469    0.0000        1
   33         0.0204382478         0.2780787115    0.0000        1
   34         0.0229222459         0.3118754928    0.0000        1
   35         0.0237153426         0.3226662078    0.0000        1
   36         0.0248732064         0.3384198721    0.0000        1
   37         0.0544871897         0.7413418055    0.0000        1
   38         0.0627467314         0.8537194783    0.0000        1
   39         0.0663197052         0.9023326450    0.0000        1
   40         0.0715656182         0.9737074883    0.0000        1
   41         0.1750783536         2.3820810628    0.0000        1
   42         0.1778894855         2.4203287616    0.0000        1
   43         0.1807349695         2.4590438474    0.0000        1
   44         0.1845542825         2.5110086566    0.0000        1
   45         0.1855108410         2.5240234004    0.0000        1
   46         0.1910323373         2.5991477754    0.0000        1
   47         0.1942768612         2.6432921177    0.0000        1
   48         0.1957275434         2.6630298093    0.0000        1
   49         0.1974190332         2.6860438818    0.0000        1
   50         0.2007005136         2.7306910485    0.0000        1
   51         0.2028619512         2.7600991356    0.0000        1
   52         0.2107907299         2.8679765124    0.0000        1
   53         0.2285570813         3.1097019368    0.0000        1
   54         0.2372903029         3.2285244032    0.0000        1
   55         0.3183290510         4.3311214022    0.0000        1
   56         0.3374829017         4.5917248640    0.0000        1
   57         0.3415474797         4.6470266998    0.0000        1
   58         0.3572483695         4.8606498660    0.0000        1
   59         0.3575235366         4.8643937344    0.0000        1
   60         0.3618339379         4.9230401922    0.0000        1
   61         0.3684875316         5.0135676569    0.0000        1
   62         0.3729444329         5.0742073657    0.0000        1
   63         0.3740425431         5.0891480331    0.0000        1
   64         0.3843669463         5.2296197981    0.0000        1
   65         0.4015836534         5.4638668720    0.0000        1

 Max and min values of charge density [e/bohr^3]:   1.7926E+00   2.9599E-13

 Hartree potential time [sec]:      10.89

   Eigenvalue Energy             =         -63.63822132 [Ry]
   Hartree Energy                =         413.11369529 [Ry]
   Integral_{Vxc*rho}            =         -53.29221835 [Ry]
   Exc = Integral{eps_xc*rho}    =         -41.03836825 [Ry]
   Electron-Ion energy           =       -1009.82288909 [Ry]
   Ion-Ion Energy                =         253.34367371 [Ry]
   (E(new)-E(old))/atom  =            -0.00003398 [eV]

   Total Energy =          -211.15992676 [Ry]
   Energy/atom  =          -574.59994631 [eV]

  0- 34    SRE of pot. & charge weighted pot =   0.1161806426   0.0001855536

 SCF iter #  35

 Diagonalization time [sec] :       1.91,      tdiag_sum =      106.98

 Fermi level at    -1.1780 [Ry]

   State   Eigenvalue [Ry]      Eigenvalue [eV]    Occup.     Repr.

    1        -3.2820527000       -44.6549526263    1.0000        1
    2        -3.0111825062       -40.9695469433    1.0000        1
    3        -3.0109809783       -40.9668049947    1.0000        1
    4        -3.0106280631       -40.9620033009    1.0000        1
    5        -2.0992049261       -28.5613623842    1.0000        1
    6        -1.9117820536       -26.0113242651    1.0000        1
    7        -1.9117124212       -26.0103768608    1.0000        1
    8        -1.9116603287       -26.0096681006    1.0000        1
    9        -1.5166650537       -20.6354413874    1.0000        1
   10        -1.5164869928       -20.6330187272    1.0000        1
   11        -1.4862469651       -20.2215789583    1.0000        1
   12        -1.4861942568       -20.2208618196    1.0000        1
   13        -1.4861305978       -20.2199956880    1.0000        1
   14        -1.3933413045       -18.9575231210    1.0000        1
   15        -1.3932748803       -18.9566193659    1.0000        1
   16        -1.3931769351       -18.9552867442    1.0000        1
   17        -0.7067377301        -9.6157322081    0.0000        1
   18        -0.7062397505        -9.6089567970    0.0000        1
   19        -0.7060417650        -9.6062630458    0.0000        1
   20        -0.6646654224        -9.0433048047    0.0000        1
   21        -0.3530777758        -4.8039056022    0.0000        1
   22        -0.2505206838        -3.4085343199    0.0000        1
   23        -0.2489877767        -3.3876778923    0.0000        1
   24        -0.2454412094        -3.3394240075    0.0000        1
   25        -0.1291537998        -1.7572407687    0.0000        1
   26        -0.1256912638        -1.7101301973    0.0000        1
   27        -0.1235771245        -1.6813656407    0.0000        1
   28        -0.1206151684        -1.6410658580    0.0000        1
   29        -0.1152538848        -1.5681213052    0.0000        1
   30        -0.0474908909        -0.6461515633    0.0000        1
   31         0.0191993144         0.2612220312    0.0000        1
   32         0.0196584075         0.2674683604    0.0000        1
   33         0.0199962398         0.2720648400    0.0000        1
   34         0.0225073655         0.3062307134    0.0000        1
   35         0.0232982356         0.3169911334    0.0000        1
   36         0.0242351680         0.3297388483    0.0000        1
   37         0.0540792123         0.7357909471    0.0000        1
   38         0.0627964700         0.8543962120    0.0000        1
   39         0.0658761158         0.8962972562    0.0000        1
   40         0.0706291511         0.9609661044    0.0000        1
   41         0.1749157447         2.3798686388    0.0000        1
   42         0.1777563050         2.4185167347    0.0000        1
   43         0.1806742685         2.4582179622    0.0000        1
   44         0.1840039207         2.5035205436    0.0000        1
   45         0.1852159332         2.5200109441    0.0000        1
   46         0.1906829263         2.5943937586    0.0000        1
   47         0.1935540867         2.6334581932    0.0000        1
   48         0.1943879912         2.6448041302    0.0000        1
   49         0.1963406480         2.6713715881    0.0000        1
   50         0.1991100683         2.7090517675    0.0000        1
   51         0.2014771549         2.7412578736    0.0000        1
   52         0.2085256083         2.8371577212    0.0000        1
   53         0.2249873337         3.0611326648    0.0000        1
   54         0.2347659753         3.1941789063    0.0000        1
   55         0.3173403038         4.3176687048    0.0000        1
   56         0.3369413591         4.5843567438    0.0000        1
   57         0.3409506174         4.6389059100    0.0000        1
   58         0.3563062150         4.8478310999    0.0000        1
   59         0.3569901595         4.8571367116    0.0000        1
   60         0.3609640544         4.9112047316    0.0000        1
   61         0.3669595012         4.9927775810    0.0000        1
   62         0.3713228528         5.0521444702    0.0000        1
   63         0.3722052362         5.0641500031    0.0000        1
   64         0.3820967423         5.1987318560    0.0000        1
   65         0.3996489713         5.4375439734    0.0000        1

 Max and min values of charge density [e/bohr^3]:   1.7926E+00   2.3159E-13

 Hartree potential time [sec]:      10.66

   Eigenvalue Energy             =         -63.64144193 [Ry]
   Hartree Energy                =         413.11171730 [Ry]
   Integral_{Vxc*rho}            =         -53.29181232 [Ry]
   Exc = Integral{eps_xc*rho}    =         -41.03805454 [Ry]
   Electron-Ion energy           =       -1009.81864305 [Ry]
   Ion-Ion Energy                =         253.34367371 [Ry]
   (E(new)-E(old))/atom  =            -0.00002499 [eV]

   Total Energy =          -211.15993594 [Ry]
   Energy/atom  =          -574.59997129 [eV]

  0- 35    SRE of pot. & charge weighted pot =   0.0608435187   0.0001408087

 SCF iter #  36

 Diagonalization time [sec] :       2.06,      tdiag_sum =      109.04

 Fermi level at    -1.1794 [Ry]

   State   Eigenvalue [Ry]      Eigenvalue [eV]    Occup.     Repr.

    1        -3.2821426289       -44.6561761798    1.0000        1
    2        -3.0112741031       -40.9707931923    1.0000        1
    3        -3.0110695066       -40.9680094922    1.0000        1
    4        -3.0107215748       -40.9632756023    1.0000        1
    5        -2.0992873767       -28.5624841903    1.0000        1
    6        -1.9118664857       -26.0124730317    1.0000        1
    7        -1.9117940287       -26.0114871958    1.0000        1
    8        -1.9117449526       -26.0108194756    1.0000        1
    9        -1.5167463463       -20.6365474379    1.0000        1
   10        -1.5165686477       -20.6341297066    1.0000        1
   11        -1.4863304400       -20.2227146999    1.0000        1
   12        -1.4862784495       -20.2220073287    1.0000        1
   13        -1.4862135241       -20.2211239669    1.0000        1
   14        -1.3934248672       -18.9586600584    1.0000        1
   15        -1.3933620657       -18.9578055934    1.0000        1
   16        -1.3932602598       -18.9564204430    1.0000        1
   17        -0.7068419295        -9.6171499244    0.0000        1
   18        -0.7063384063        -9.6102990890    0.0000        1
   19        -0.7061398610        -9.6075977205    0.0000        1
   20        -0.6647729860        -9.0447682925    0.0000        1
   21        -0.3533397419        -4.8074698597    0.0000        1
   22        -0.2509369251        -3.4141976162    0.0000        1
   23        -0.2495665804        -3.3955529798    0.0000        1
   24        -0.2463962018        -3.3524174428    0.0000        1
   25        -0.1296205153        -1.7635908070    0.0000        1
   26        -0.1264519575        -1.7204800431    0.0000        1
   27        -0.1245364643        -1.6944182265    0.0000        1
   28        -0.1216791750        -1.6555425196    0.0000        1
   29        -0.1167465921        -1.5884307822    0.0000        1
   30        -0.0483871193        -0.6583454682    0.0000        1
   31         0.0185397825         0.2522485721    0.0000        1
   32         0.0189507416         0.2578400001    0.0000        1
   33         0.0190416797         0.2590772854    0.0000        1
   34         0.0218958596         0.2979106860    0.0000        1
   35         0.0227302474         0.3092631999    0.0000        1
   36         0.0234873019         0.3195635319    0.0000        1
   37         0.0532945380         0.7251148247    0.0000        1
   38         0.0624095318         0.8491316079    0.0000        1
   39         0.0650769618         0.8854241275    0.0000        1
   40         0.0693791890         0.9439593700    0.0000        1
   41         0.1743787835         2.3725628522    0.0000        1
   42         0.1772069289         2.4110420330    0.0000        1
   43         0.1801694815         2.4513499318    0.0000        1
   44         0.1831220671         2.4915222212    0.0000        1
   45         0.1844449523         2.5095211320    0.0000        1
   46         0.1898351570         2.5828591793    0.0000        1
   47         0.1924655788         2.6186481718    0.0000        1
   48         0.1927526116         2.6225534833    0.0000        1
   49         0.1949888150         2.6529788187    0.0000        1
   50         0.1973212802         2.6847138742    0.0000        1
   51         0.1998839261         2.7195807222    0.0000        1
   52         0.2060922831         2.8040503852    0.0000        1
   53         0.2213235270         3.0112836442    0.0000        1
   54         0.2319397960         3.1557264761    0.0000        1
   55         0.3160596452         4.3002443201    0.0000        1
   56         0.3360329602         4.5719972504    0.0000        1
   57         0.3399109788         4.6247607949    0.0000        1
   58         0.3548706299         4.8282988159    0.0000        1
   59         0.3561656262         4.8459182766    0.0000        1
   60         0.3597113611         4.8941608369    0.0000        1
   61         0.3650642354         4.9669909745    0.0000        1
   62         0.3693301877         5.0250326683    0.0000        1
   63         0.3700019372         5.0341723575    0.0000        1
   64         0.3795298853         5.1638077135    0.0000        1
   65         0.3973420818         5.4061568968    0.0000        1

 Max and min values of charge density [e/bohr^3]:   1.7926E+00   1.8105E-13

 Hartree potential time [sec]:      10.96

   Eigenvalue Energy             =         -63.64417051 [Ry]
   Hartree Energy                =         413.11140285 [Ry]
   Integral_{Vxc*rho}            =         -53.29175459 [Ry]
   Exc = Integral{eps_xc*rho}    =         -41.03800979 [Ry]
   Electron-Ion energy           =       -1009.81807368 [Ry]
   Ion-Ion Energy                =         253.34367371 [Ry]
   (E(new)-E(old))/atom  =            -0.00001843 [eV]

   Total Energy =          -211.15994272 [Ry]
   Energy/atom  =          -574.59998972 [eV]

  0- 36    SRE of pot. & charge weighted pot =   0.0453885914   0.0000657877

 SCF iter #  37

 Diagonalization time [sec] :       2.03,      tdiag_sum =      111.07

 Fermi level at    -1.1804 [Ry]

   State   Eigenvalue [Ry]      Eigenvalue [eV]    Occup.     Repr.

    1        -3.2821833003       -44.6567295478    1.0000        1
    2        -3.0113103090       -40.9712858023    1.0000        1
    3        -3.0111220030       -40.9687237488    1.0000        1
    4        -3.0107556195       -40.9637388081    1.0000        1
    5        -2.0993240338       -28.5629829388    1.0000        1
    6        -1.9119004322       -26.0129349008    1.0000        1
    7        -1.9118386915       -26.0120948684    1.0000        1
    8        -1.9117779832       -26.0112688839    1.0000        1
    9        -1.5167838859       -20.6370581949    1.0000        1
   10        -1.5166061087       -20.6346393941    1.0000        1
   11        -1.4863679173       -20.2232246091    1.0000        1
   12        -1.4863157209       -20.2225144356    1.0000        1
   13        -1.4862531904       -20.2216636580    1.0000        1
   14        -1.3934664403       -18.9592256938    1.0000        1
   15        -1.3933944051       -18.9582455970    1.0000        1
   16        -1.3933027289       -18.9569982688    1.0000        1
   17        -0.7068906913        -9.6178133678    0.0000        1
   18        -0.7063838041        -9.6109167614    0.0000        1
   19        -0.7061844244        -9.6082040412    0.0000        1
   20        -0.6648240992        -9.0454637291    0.0000        1
   21        -0.3535172483        -4.8098849764    0.0000        1
   22        -0.2512174881        -3.4180148996    0.0000        1
   23        -0.2499960206        -3.4013958574    0.0000        1
   24        -0.2471687132        -3.3629280782    0.0000        1
   25        -0.1299260294        -1.7677475708    0.0000        1
   26        -0.1270220001        -1.7282359285    0.0000        1
   27        -0.1252912481        -1.7046876628    0.0000        1
   28        -0.1225197000        -1.6669785340    0.0000        1
   29        -0.1179999510        -1.6054837336    0.0000        1
   30        -0.0490309647        -0.6671054992    0.0000        1
   31         0.0180768256         0.2459496734    0.0000        1
   32         0.0181043801         0.2463245742    0.0000        1
   33         0.0186474138         0.2537129832    0.0000        1
   34         0.0215568702         0.2932984643    0.0000        1
   35         0.0223998130         0.3047673758    0.0000        1
   36         0.0230108607         0.3130811688    0.0000        1
   37         0.0528653836         0.7192758368    0.0000        1
   38         0.0623178312         0.8478839478    0.0000        1
   39         0.0646317486         0.8793666445    0.0000        1
   40         0.0685102718         0.9321370559    0.0000        1
   41         0.1741300105         2.3691780969    0.0000        1
   42         0.1769281422         2.4072489165    0.0000        1
   43         0.1799630300         2.4485409932    0.0000        1
   44         0.1825828151         2.4841852663    0.0000        1
   45         0.1840086906         2.5035854428    0.0000        1
   46         0.1893477876         2.5762281279    0.0000        1
   47         0.1915702254         2.6064661724    0.0000        1
   48         0.1917658881         2.6091283207    0.0000        1
   49         0.1940183106         2.6397743301    0.0000        1
   50         0.1959707315         2.6663385787    0.0000        1
   51         0.1987393116         2.7040073254    0.0000        1
   52         0.2041557980         2.7777029563    0.0000        1
   53         0.2182172361         2.9690200705    0.0000        1
   54         0.2294925074         3.1224291577    0.0000        1
   55         0.3151175986         4.2874270229    0.0000        1
   56         0.3354608077         4.5642126575    0.0000        1
   57         0.3392148613         4.6152895596    0.0000        1
   58         0.3537632018         4.8132313713    0.0000        1
   59         0.3556875933         4.8394142571    0.0000        1
   60         0.3588593873         4.8825690512    0.0000        1
   61         0.3636380990         4.9475872469    0.0000        1
   62         0.3677331470         5.0033036519    0.0000        1
   63         0.3684142825         5.0125710446    0.0000        1
   64         0.3774189603         5.1350868902    0.0000        1
   65         0.3954494951         5.3804067399    0.0000        1

 Max and min values of charge density [e/bohr^3]:   1.7926E+00   1.3670E-13

 Hartree potential time [sec]:      11.12

   Eigenvalue Energy             =         -63.64540554 [Ry]
   Hartree Energy                =         413.11084032 [Ry]
   Integral_{Vxc*rho}            =         -53.29165715 [Ry]
   Exc = Integral{eps_xc*rho}    =         -41.03793514 [Ry]
   Electron-Ion energy           =       -1009.81709614 [Ry]
   Ion-Ion Energy                =         253.34367371 [Ry]
   (E(new)-E(old))/atom  =            -0.00001362 [eV]

   Total Energy =          -211.15994772 [Ry]
   Energy/atom  =          -574.60000335 [eV]

  0- 37    SRE of pot. & charge weighted pot =   0.0260543638   0.0000421572

Self-consistency convergence achieved.

Time for self-consistent field [sec] :     615.37,    tdiag_sum =      111.07
Time spent on Hartree potential [sec] :      403.05

Atomic AE-minus-pseudo reference correction :        -641.56976000 [Ry]
Reference-corrected all-electron total      :        -852.72970772 [Ry]
Reference-corrected all-electron total      :      -11602.06985734 [eV]

 Initial Hamiltonian component timings [sec]
 --------------------------------------------------
 Finite-difference (-nabla^2) :     3.025504
 V_ion diagonal/local         :     0.064498
 V_ion nonlocal projectors    :     0.046147
 Initial V_xc (PBE)             :     1.452788
 Component subtotal             :     4.588937
 --------------------------------------------------

 SCF timing analysis [sec]
 --------------------------------------------------
 Initial Hartree potential      :     8.062206
 Initial exchange-correlation   :     1.452788
 Hamiltonian binding subtotal  :     1.096067
 Diagonalization subtotal       :   111.069846
 Occupation/density subtotal   :    22.657390
 Hartree potential subtotal     :   403.052205
 Exchange-correlation subtotal  :    60.506063
 Mixing/energy subtotal         :     6.295253
 SCF wall time                   :   614.889248
 --------------------------------------------------

Forces, dipoles, and MPI statistics
are not calculated by this Python single-point implementation.

 =================================================================

 Accelerated Hamiltonian statistics:
 -----------------------------------
 Backend = cupy
 H applications =         2664
 Orbital vectors applied =        36728
 Total H application time [sec] =     0.000000
 Average H application [sec] =     0.000000
 Local-potential updates =           37
 Local update time [sec] =     1.047653
 Per-H device timing = disabled (would synchronize every recurrence)
 GPU initial-eigensolver calls =            1
 GPU initial-eigensolver synchronized time [sec] =    38.451061
 GPU SUBSPACE calls =           36
 GPU SUBSPACE synchronized time [sec] =    72.610597
 Requested-eigenpair download [sec] =     0.004853
 GPU density builds =           37
 GPU density build/download [sec] =    22.622225
 Final wavefunction download [sec] =     0.458812
 Accelerated Hartree solves =           38
 Accelerated Hartree total [sec] =   411.058186
 Hartree boundary/RHS [sec] =     4.067403
 Hartree linear solve [sec] =   406.990559
 Host-to-device time [sec] =     0.000000
 Device kernel time [sec] =   111.061658
 Device-to-host time [sec] =     0.004853
 Pre-SCF setup/reporting wall time [sec] :   11.649170
 Post-SCF finalization/reporting [sec] :    0.000196
 Total accelerated Python wall time [sec] :      627.02
Text log: C:\Users\zigze\Desktop\parsec_python\src\accelerated_architecture\benchmarks\0_CH4_CF4\python_pbe\CF4\FS_1s\parsec.out
